sample_id,probe,target_field,subset,ground_truth,logp_0,logp_1,p_0,p_1,candidate_loglik_0,candidate_loglik_1,p_correct,prediction,correct,cue_styles,model_name,seed,empty_mode,scoring_mode
A_0006,A,STEP1,EMPTY,0,-0.6931471824645996,-0.6931471824645996,0.5,0.5,-0.7521441578865051,-0.7521441578865051,0.5,0,1,"{""A"": ""position"", ""B"": ""color"", ""C"": ""size"", ""D"": ""orientation""}",/mnt/tidalfs-hssh01/dataset/xiang/models/Qwen2.5-VL-7B-Instruct,42,text_only,next_token
A_0006,A,STEP1,A,0,-0.7575989961624146,-0.6325989961624146,0.4687906503677368,0.531209409236908,-0.7601996660232544,-0.6351996660232544,0.4687906503677368,1,0,"{""A"": ""position"", ""B"": ""color"", ""C"": ""size"", ""D"": ""orientation""}",/mnt/tidalfs-hssh01/dataset/xiang/models/Qwen2.5-VL-7B-Instruct,42,not_empty,next_token
A_0006,A,STEP1,B,0,-0.7575989961624146,-0.6325989961624146,0.4687906503677368,0.531209409236908,-0.7589655518531799,-0.6339655518531799,0.4687906503677368,1,0,"{""A"": ""position"", ""B"": ""color"", ""C"": ""size"", ""D"": ""orientation""}",/mnt/tidalfs-hssh01/dataset/xiang/models/Qwen2.5-VL-7B-Instruct,42,not_empty,next_token
A_0006,A,STEP1,C,0,-0.6931471824645996,-0.6931471824645996,0.5,0.5,-0.6965280771255493,-0.6965280771255493,0.5,0,1,"{""A"": ""position"", ""B"": ""color"", ""C"": ""size"", ""D"": ""orientation""}",/mnt/tidalfs-hssh01/dataset/xiang/models/Qwen2.5-VL-7B-Instruct,42,not_empty,next_token
A_0006,A,STEP1,D,0,-0.825939416885376,-0.575939416885376,0.43782350420951843,0.562176525592804,-0.8328023552894592,-0.5828023552894592,0.43782350420951843,1,0,"{""A"": ""position"", ""B"": ""color"", ""C"": ""size"", ""D"": ""orientation""}",/mnt/tidalfs-hssh01/dataset/xiang/models/Qwen2.5-VL-7B-Instruct,42,not_empty,next_token
A_0006,A,STEP1,AB,0,-0.6931471824645996,-0.6931471824645996,0.5,0.5,-0.6936166286468506,-0.6936166286468506,0.5,0,1,"{""A"": ""position"", ""B"": ""color"", ""C"": ""size"", ""D"": ""orientation""}",/mnt/tidalfs-hssh01/dataset/xiang/models/Qwen2.5-VL-7B-Instruct,42,not_empty,next_token
A_0006,A,STEP1,AC,0,-0.8981232643127441,-0.5231232643127441,0.4073334038257599,0.5926665663719177,-0.8984909057617188,-0.5234909057617188,0.4073334038257599,1,0,"{""A"": ""position"", ""B"": ""color"", ""C"": ""size"", ""D"": ""orientation""}",/mnt/tidalfs-hssh01/dataset/xiang/models/Qwen2.5-VL-7B-Instruct,42,not_empty,next_token
A_0006,A,STEP1,AD,0,-0.825939416885376,-0.575939416885376,0.43782350420951843,0.562176525592804,-0.8274189233779907,-0.5774189233779907,0.43782350420951843,1,0,"{""A"": ""position"", ""B"": ""color"", ""C"": ""size"", ""D"": ""orientation""}",/mnt/tidalfs-hssh01/dataset/xiang/models/Qwen2.5-VL-7B-Instruct,42,not_empty,next_token
A_0006,A,STEP1,BC,0,-0.8981232643127441,-0.5231232643127441,0.4073334038257599,0.5926665663719177,-0.8987282514572144,-0.5237282514572144,0.4073334038257599,1,0,"{""A"": ""position"", ""B"": ""color"", ""C"": ""size"", ""D"": ""orientation""}",/mnt/tidalfs-hssh01/dataset/xiang/models/Qwen2.5-VL-7B-Instruct,42,not_empty,next_token
A_0006,A,STEP1,BD,0,-0.825939416885376,-0.575939416885376,0.43782350420951843,0.562176525592804,-0.8274023532867432,-0.5774023532867432,0.43782350420951843,1,0,"{""A"": ""position"", ""B"": ""color"", ""C"": ""size"", ""D"": ""orientation""}",/mnt/tidalfs-hssh01/dataset/xiang/models/Qwen2.5-VL-7B-Instruct,42,not_empty,next_token
A_0006,A,STEP1,CD,0,-0.825939416885376,-0.575939416885376,0.43782350420951843,0.562176525592804,-0.8271618485450745,-0.5771618485450745,0.43782350420951843,1,0,"{""A"": ""position"", ""B"": ""color"", ""C"": ""size"", ""D"": ""orientation""}",/mnt/tidalfs-hssh01/dataset/xiang/models/Qwen2.5-VL-7B-Instruct,42,not_empty,next_token
A_0006,A,STEP1,ABC,0,-0.8981232643127441,-0.5231232643127441,0.4073334038257599,0.5926665663719177,-0.8984024524688721,-0.5234024524688721,0.4073334038257599,1,0,"{""A"": ""position"", ""B"": ""color"", ""C"": ""size"", ""D"": ""orientation""}",/mnt/tidalfs-hssh01/dataset/xiang/models/Qwen2.5-VL-7B-Instruct,42,not_empty,next_token
A_0006,A,STEP1,ABD,0,-0.9740769863128662,-0.4740769863128662,0.3775406777858734,0.622459352016449,-0.9744433164596558,-0.47444331645965576,0.3775406777858734,1,0,"{""A"": ""position"", ""B"": ""color"", ""C"": ""size"", ""D"": ""orientation""}",/mnt/tidalfs-hssh01/dataset/xiang/models/Qwen2.5-VL-7B-Instruct,42,not_empty,next_token
A_0006,A,STEP1,ACD,0,-1.0537006855010986,-0.42870065569877625,0.3486451208591461,0.6513548493385315,-1.0540413856506348,-0.42904138565063477,0.3486451208591461,1,0,"{""A"": ""position"", ""B"": ""color"", ""C"": ""size"", ""D"": ""orientation""}",/mnt/tidalfs-hssh01/dataset/xiang/models/Qwen2.5-VL-7B-Instruct,42,not_empty,next_token
A_0006,A,STEP1,BCD,0,-0.9740769863128662,-0.4740769863128662,0.3775406777858734,0.622459352016449,-0.9743934869766235,-0.47439348697662354,0.3775406777858734,1,0,"{""A"": ""position"", ""B"": ""color"", ""C"": ""size"", ""D"": ""orientation""}",/mnt/tidalfs-hssh01/dataset/xiang/models/Qwen2.5-VL-7B-Instruct,42,not_empty,next_token
A_0006,A,STEP1,ABCD,0,-0.9740769863128662,-0.4740769863128662,0.3775406777858734,0.622459352016449,-0.9742857813835144,-0.4742857813835144,0.3775406777858734,1,0,"{""A"": ""position"", ""B"": ""color"", ""C"": ""size"", ""D"": ""orientation""}",/mnt/tidalfs-hssh01/dataset/xiang/models/Qwen2.5-VL-7B-Instruct,42,not_empty,next_token
A_0006,A,STEP2,EMPTY,0,-1.1368709802627563,-0.38687101006507874,0.3208213150501251,0.6791786551475525,-1.1873528957366943,-0.4373529553413391,0.3208213150501251,1,0,"{""A"": ""position"", ""B"": ""color"", ""C"": ""size"", ""D"": ""orientation""}",/mnt/tidalfs-hssh01/dataset/xiang/models/Qwen2.5-VL-7B-Instruct,42,text_only,next_token
A_0006,A,STEP2,A,0,-1.0537006855010986,-0.42870065569877625,0.3486451208591461,0.6513548493385315,-1.0558043718338013,-0.43080440163612366,0.3486451208591461,1,0,"{""A"": ""position"", ""B"": ""color"", ""C"": ""size"", ""D"": ""orientation""}",/mnt/tidalfs-hssh01/dataset/xiang/models/Qwen2.5-VL-7B-Instruct,42,not_empty,next_token
A_0006,A,STEP2,B,0,-0.825939416885376,-0.575939416885376,0.43782350420951843,0.562176525592804,-0.8274880647659302,-0.5774880647659302,0.43782350420951843,1,0,"{""A"": ""position"", ""B"": ""color"", ""C"": ""size"", ""D"": ""orientation""}",/mnt/tidalfs-hssh01/dataset/xiang/models/Qwen2.5-VL-7B-Instruct,42,not_empty,next_token
A_0006,A,STEP2,C,0,-0.8981232643127441,-0.5231232643127441,0.4073334038257599,0.5926665663719177,-0.8998823761940002,-0.5248823761940002,0.4073334038257599,1,0,"{""A"": ""position"", ""B"": ""color"", ""C"": ""size"", ""D"": ""orientation""}",/mnt/tidalfs-hssh01/dataset/xiang/models/Qwen2.5-VL-7B-Instruct,42,not_empty,next_token
A_0006,A,STEP2,D,0,-1.2234445810317993,-0.3484445810317993,0.29421499371528625,0.7057850360870361,-1.2276611328125,-0.3526611626148224,0.29421499371528625,1,0,"{""A"": ""position"", ""B"": ""color"", ""C"": ""size"", ""D"": ""orientation""}",/mnt/tidalfs-hssh01/dataset/xiang/models/Qwen2.5-VL-7B-Instruct,42,not_empty,next_token
A_0006,A,STEP2,AB,0,-0.7575989961624146,-0.6325989961624146,0.4687906503677368,0.531209409236908,-0.7587367296218872,-0.6337367296218872,0.4687906503677368,1,0,"{""A"": ""position"", ""B"": ""color"", ""C"": ""size"", ""D"": ""orientation""}",/mnt/tidalfs-hssh01/dataset/xiang/models/Qwen2.5-VL-7B-Instruct,42,not_empty,next_token
A_0006,A,STEP2,AC,0,-0.825939416885376,-0.575939416885376,0.43782350420951843,0.562176525592804,-0.826461911201477,-0.576461911201477,0.43782350420951843,1,0,"{""A"": ""position"", ""B"": ""color"", ""C"": ""size"", ""D"": ""orientation""}",/mnt/tidalfs-hssh01/dataset/xiang/models/Qwen2.5-VL-7B-Instruct,42,not_empty,next_token
A_0006,A,STEP2,AD,0,-0.9740769863128662,-0.4740769863128662,0.3775406777858734,0.622459352016449,-0.9753524661064148,-0.4753524661064148,0.3775406777858734,1,0,"{""A"": ""position"", ""B"": ""color"", ""C"": ""size"", ""D"": ""orientation""}",/mnt/tidalfs-hssh01/dataset/xiang/models/Qwen2.5-VL-7B-Instruct,42,not_empty,next_token
A_0006,A,STEP2,BC,0,-0.7575989961624146,-0.6325989961624146,0.4687906503677368,0.531209409236908,-0.7587319612503052,-0.6337319612503052,0.4687906503677368,1,0,"{""A"": ""position"", ""B"": ""color"", ""C"": ""size"", ""D"": ""orientation""}",/mnt/tidalfs-hssh01/dataset/xiang/models/Qwen2.5-VL-7B-Instruct,42,not_empty,next_token
A_0006,A,STEP2,BD,0,-0.9740769863128662,-0.4740769863128662,0.3775406777858734,0.622459352016449,-0.9757934808731079,-0.4757934808731079,0.3775406777858734,1,0,"{""A"": ""position"", ""B"": ""color"", ""C"": ""size"", ""D"": ""orientation""}",/mnt/tidalfs-hssh01/dataset/xiang/models/Qwen2.5-VL-7B-Instruct,42,not_empty,next_token
A_0006,A,STEP2,CD,0,-0.825939416885376,-0.575939416885376,0.43782350420951843,0.562176525592804,-0.8271183967590332,-0.5771183967590332,0.43782350420951843,1,0,"{""A"": ""position"", ""B"": ""color"", ""C"": ""size"", ""D"": ""orientation""}",/mnt/tidalfs-hssh01/dataset/xiang/models/Qwen2.5-VL-7B-Instruct,42,not_empty,next_token
A_0006,A,STEP2,ABC,0,-0.5231232643127441,-0.8981232643127441,0.5926665663719177,0.4073334038257599,-0.5237650275230408,-0.8987650275230408,0.5926665663719177,0,1,"{""A"": ""position"", ""B"": ""color"", ""C"": ""size"", ""D"": ""orientation""}",/mnt/tidalfs-hssh01/dataset/xiang/models/Qwen2.5-VL-7B-Instruct,42,not_empty,next_token
A_0006,A,STEP2,ABD,0,-0.6325989961624146,-0.7575989961624146,0.531209409236908,0.4687906503677368,-0.6333395838737488,-0.7583395838737488,0.531209409236908,0,1,"{""A"": ""position"", ""B"": ""color"", ""C"": ""size"", ""D"": ""orientation""}",/mnt/tidalfs-hssh01/dataset/xiang/models/Qwen2.5-VL-7B-Instruct,42,not_empty,next_token
A_0006,A,STEP2,ACD,0,-0.825939416885376,-0.575939416885376,0.43782350420951843,0.562176525592804,-0.8263087868690491,-0.5763087868690491,0.43782350420951843,1,0,"{""A"": ""position"", ""B"": ""color"", ""C"": ""size"", ""D"": ""orientation""}",/mnt/tidalfs-hssh01/dataset/xiang/models/Qwen2.5-VL-7B-Instruct,42,not_empty,next_token
A_0006,A,STEP2,BCD,0,-0.825939416885376,-0.575939416885376,0.43782350420951843,0.562176525592804,-0.826637327671051,-0.576637327671051,0.43782350420951843,1,0,"{""A"": ""position"", ""B"": ""color"", ""C"": ""size"", ""D"": ""orientation""}",/mnt/tidalfs-hssh01/dataset/xiang/models/Qwen2.5-VL-7B-Instruct,42,not_empty,next_token
A_0006,A,STEP2,ABCD,0,-0.6325989961624146,-0.7575989961624146,0.531209409236908,0.4687906503677368,-0.633188009262085,-0.758188009262085,0.531209409236908,0,1,"{""A"": ""position"", ""B"": ""color"", ""C"": ""size"", ""D"": ""orientation""}",/mnt/tidalfs-hssh01/dataset/xiang/models/Qwen2.5-VL-7B-Instruct,42,not_empty,next_token
A_0006,A,FINAL,EMPTY,0,-0.825939416885376,-0.575939416885376,0.43782350420951843,0.562176525592804,-1.032974123954773,-0.782974123954773,0.43782350420951843,1,0,"{""A"": ""position"", ""B"": ""color"", ""C"": ""size"", ""D"": ""orientation""}",/mnt/tidalfs-hssh01/dataset/xiang/models/Qwen2.5-VL-7B-Instruct,42,text_only,next_token
A_0006,A,FINAL,A,0,-0.825939416885376,-0.575939416885376,0.43782350420951843,0.562176525592804,-0.8441141843795776,-0.5941141843795776,0.43782350420951843,1,0,"{""A"": ""position"", ""B"": ""color"", ""C"": ""size"", ""D"": ""orientation""}",/mnt/tidalfs-hssh01/dataset/xiang/models/Qwen2.5-VL-7B-Instruct,42,not_empty,next_token
A_0006,A,FINAL,B,0,-0.7575989961624146,-0.6325989961624146,0.4687906503677368,0.531209409236908,-0.7693278193473816,-0.6443278193473816,0.4687906503677368,1,0,"{""A"": ""position"", ""B"": ""color"", ""C"": ""size"", ""D"": ""orientation""}",/mnt/tidalfs-hssh01/dataset/xiang/models/Qwen2.5-VL-7B-Instruct,42,not_empty,next_token
A_0006,A,FINAL,C,0,-0.825939416885376,-0.575939416885376,0.43782350420951843,0.562176525592804,-0.8405668139457703,-0.5905668139457703,0.43782350420951843,1,0,"{""A"": ""position"", ""B"": ""color"", ""C"": ""size"", ""D"": ""orientation""}",/mnt/tidalfs-hssh01/dataset/xiang/models/Qwen2.5-VL-7B-Instruct,42,not_empty,next_token
A_0006,A,FINAL,D,0,-0.8981232643127441,-0.5231232643127441,0.4073334038257599,0.5926665663719177,-0.947605311870575,-0.572605311870575,0.4073334038257599,1,0,"{""A"": ""position"", ""B"": ""color"", ""C"": ""size"", ""D"": ""orientation""}",/mnt/tidalfs-hssh01/dataset/xiang/models/Qwen2.5-VL-7B-Instruct,42,not_empty,next_token
A_0006,A,FINAL,AB,0,-0.6931471824645996,-0.6931471824645996,0.5,0.5,-0.6951395869255066,-0.6951395869255066,0.5,0,1,"{""A"": ""position"", ""B"": ""color"", ""C"": ""size"", ""D"": ""orientation""}",/mnt/tidalfs-hssh01/dataset/xiang/models/Qwen2.5-VL-7B-Instruct,42,not_empty,next_token
A_0006,A,FINAL,AC,0,-0.825939416885376,-0.575939416885376,0.43782350420951843,0.562176525592804,-0.827228307723999,-0.577228307723999,0.43782350420951843,1,0,"{""A"": ""position"", ""B"": ""color"", ""C"": ""size"", ""D"": ""orientation""}",/mnt/tidalfs-hssh01/dataset/xiang/models/Qwen2.5-VL-7B-Instruct,42,not_empty,next_token
A_0006,A,FINAL,AD,0,-0.8981232643127441,-0.5231232643127441,0.4073334038257599,0.5926665663719177,-0.9032495021820068,-0.5282495021820068,0.4073334038257599,1,0,"{""A"": ""position"", ""B"": ""color"", ""C"": ""size"", ""D"": ""orientation""}",/mnt/tidalfs-hssh01/dataset/xiang/models/Qwen2.5-VL-7B-Instruct,42,not_empty,next_token
A_0006,A,FINAL,BC,0,-0.7575989961624146,-0.6325989961624146,0.4687906503677368,0.531209409236908,-0.761656641960144,-0.636656641960144,0.4687906503677368,1,0,"{""A"": ""position"", ""B"": ""color"", ""C"": ""size"", ""D"": ""orientation""}",/mnt/tidalfs-hssh01/dataset/xiang/models/Qwen2.5-VL-7B-Instruct,42,not_empty,next_token
A_0006,A,FINAL,BD,0,-0.825939416885376,-0.575939416885376,0.43782350420951843,0.562176525592804,-0.835913896560669,-0.585913896560669,0.43782350420951843,1,0,"{""A"": ""position"", ""B"": ""color"", ""C"": ""size"", ""D"": ""orientation""}",/mnt/tidalfs-hssh01/dataset/xiang/models/Qwen2.5-VL-7B-Instruct,42,not_empty,next_token
A_0006,A,FINAL,CD,0,-0.825939416885376,-0.575939416885376,0.43782350420951843,0.562176525592804,-0.8348593711853027,-0.5848593711853027,0.43782350420951843,1,0,"{""A"": ""position"", ""B"": ""color"", ""C"": ""size"", ""D"": ""orientation""}",/mnt/tidalfs-hssh01/dataset/xiang/models/Qwen2.5-VL-7B-Instruct,42,not_empty,next_token
A_0006,A,FINAL,ABC,0,-0.6931471824645996,-0.6931471824645996,0.5,0.5,-0.6947757005691528,-0.6947757005691528,0.5,0,1,"{""A"": ""position"", ""B"": ""color"", ""C"": ""size"", ""D"": ""orientation""}",/mnt/tidalfs-hssh01/dataset/xiang/models/Qwen2.5-VL-7B-Instruct,42,not_empty,next_token
A_0006,A,FINAL,ABD,0,-0.825939416885376,-0.575939416885376,0.43782350420951843,0.562176525592804,-0.8281193971633911,-0.5781193971633911,0.43782350420951843,1,0,"{""A"": ""position"", ""B"": ""color"", ""C"": ""size"", ""D"": ""orientation""}",/mnt/tidalfs-hssh01/dataset/xiang/models/Qwen2.5-VL-7B-Instruct,42,not_empty,next_token
A_0006,A,FINAL,ACD,0,-0.8981232643127441,-0.5231232643127441,0.4073334038257599,0.5926665663719177,-0.8993450403213501,-0.5243450403213501,0.4073334038257599,1,0,"{""A"": ""position"", ""B"": ""color"", ""C"": ""size"", ""D"": ""orientation""}",/mnt/tidalfs-hssh01/dataset/xiang/models/Qwen2.5-VL-7B-Instruct,42,not_empty,next_token
A_0006,A,FINAL,BCD,0,-0.8981232643127441,-0.5231232643127441,0.4073334038257599,0.5926665663719177,-0.9017210006713867,-0.5267210006713867,0.4073334038257599,1,0,"{""A"": ""position"", ""B"": ""color"", ""C"": ""size"", ""D"": ""orientation""}",/mnt/tidalfs-hssh01/dataset/xiang/models/Qwen2.5-VL-7B-Instruct,42,not_empty,next_token
A_0006,A,FINAL,ABCD,0,-0.8981232643127441,-0.5231232643127441,0.4073334038257599,0.5926665663719177,-0.8992853164672852,-0.5242853164672852,0.4073334038257599,1,0,"{""A"": ""position"", ""B"": ""color"", ""C"": ""size"", ""D"": ""orientation""}",/mnt/tidalfs-hssh01/dataset/xiang/models/Qwen2.5-VL-7B-Instruct,42,not_empty,next_token
A_0014,A,STEP1,EMPTY,0,-0.6931471824645996,-0.6931471824645996,0.5,0.5,-0.7521441578865051,-0.7521441578865051,0.5,0,1,"{""A"": ""position"", ""B"": ""color"", ""C"": ""size"", ""D"": ""orientation""}",/mnt/tidalfs-hssh01/dataset/xiang/models/Qwen2.5-VL-7B-Instruct,42,text_only,next_token
A_0014,A,STEP1,A,0,-0.6931471824645996,-0.6931471824645996,0.5,0.5,-0.695659339427948,-0.695659339427948,0.5,0,1,"{""A"": ""position"", ""B"": ""color"", ""C"": ""size"", ""D"": ""orientation""}",/mnt/tidalfs-hssh01/dataset/xiang/models/Qwen2.5-VL-7B-Instruct,42,not_empty,next_token
A_0014,A,STEP1,B,0,-0.6931471824645996,-0.6931471824645996,0.5,0.5,-0.6952781677246094,-0.6952781677246094,0.5,0,1,"{""A"": ""position"", ""B"": ""color"", ""C"": ""size"", ""D"": ""orientation""}",/mnt/tidalfs-hssh01/dataset/xiang/models/Qwen2.5-VL-7B-Instruct,42,not_empty,next_token
A_0014,A,STEP1,C,0,-0.6931471824645996,-0.6931471824645996,0.5,0.5,-0.6965280771255493,-0.6965280771255493,0.5,0,1,"{""A"": ""position"", ""B"": ""color"", ""C"": ""size"", ""D"": ""orientation""}",/mnt/tidalfs-hssh01/dataset/xiang/models/Qwen2.5-VL-7B-Instruct,42,not_empty,next_token
A_0014,A,STEP1,D,0,-0.825939416885376,-0.575939416885376,0.43782350420951843,0.562176525592804,-0.8328023552894592,-0.5828023552894592,0.43782350420951843,1,0,"{""A"": ""position"", ""B"": ""color"", ""C"": ""size"", ""D"": ""orientation""}",/mnt/tidalfs-hssh01/dataset/xiang/models/Qwen2.5-VL-7B-Instruct,42,not_empty,next_token
A_0014,A,STEP1,AB,0,-0.6931471824645996,-0.6931471824645996,0.5,0.5,-0.6935794353485107,-0.6935794353485107,0.5,0,1,"{""A"": ""position"", ""B"": ""color"", ""C"": ""size"", ""D"": ""orientation""}",/mnt/tidalfs-hssh01/dataset/xiang/models/Qwen2.5-VL-7B-Instruct,42,not_empty,next_token
A_0014,A,STEP1,AC,0,-0.825939416885376,-0.575939416885376,0.43782350420951843,0.562176525592804,-0.8264027833938599,-0.5764027833938599,0.43782350420951843,1,0,"{""A"": ""position"", ""B"": ""color"", ""C"": ""size"", ""D"": ""orientation""}",/mnt/tidalfs-hssh01/dataset/xiang/models/Qwen2.5-VL-7B-Instruct,42,not_empty,next_token
A_0014,A,STEP1,AD,0,-0.825939416885376,-0.575939416885376,0.43782350420951843,0.562176525592804,-0.8270623683929443,-0.5770623683929443,0.43782350420951843,1,0,"{""A"": ""position"", ""B"": ""color"", ""C"": ""size"", ""D"": ""orientation""}",/mnt/tidalfs-hssh01/dataset/xiang/models/Qwen2.5-VL-7B-Instruct,42,not_empty,next_token
A_0014,A,STEP1,BC,0,-0.825939416885376,-0.575939416885376,0.43782350420951843,0.562176525592804,-0.8266457319259644,-0.5766457319259644,0.43782350420951843,1,0,"{""A"": ""position"", ""B"": ""color"", ""C"": ""size"", ""D"": ""orientation""}",/mnt/tidalfs-hssh01/dataset/xiang/models/Qwen2.5-VL-7B-Instruct,42,not_empty,next_token
A_0014,A,STEP1,BD,0,-0.8981232643127441,-0.5231232643127441,0.4073334038257599,0.5926665663719177,-0.8990029692649841,-0.5240029692649841,0.4073334038257599,1,0,"{""A"": ""position"", ""B"": ""color"", ""C"": ""size"", ""D"": ""orientation""}",/mnt/tidalfs-hssh01/dataset/xiang/models/Qwen2.5-VL-7B-Instruct,42,not_empty,next_token
A_0014,A,STEP1,CD,0,-0.825939416885376,-0.575939416885376,0.43782350420951843,0.562176525592804,-0.8271618485450745,-0.5771618485450745,0.43782350420951843,1,0,"{""A"": ""position"", ""B"": ""color"", ""C"": ""size"", ""D"": ""orientation""}",/mnt/tidalfs-hssh01/dataset/xiang/models/Qwen2.5-VL-7B-Instruct,42,not_empty,next_token
A_0014,A,STEP1,ABC,0,-0.8981232643127441,-0.5231232643127441,0.4073334038257599,0.5926665663719177,-0.8983588218688965,-0.5233588218688965,0.4073334038257599,1,0,"{""A"": ""position"", ""B"": ""color"", ""C"": ""size"", ""D"": ""orientation""}",/mnt/tidalfs-hssh01/dataset/xiang/models/Qwen2.5-VL-7B-Instruct,42,not_empty,next_token
A_0014,A,STEP1,ABD,0,-0.825939416885376,-0.575939416885376,0.43782350420951843,0.562176525592804,-0.8262399435043335,-0.5762399435043335,0.43782350420951843,1,0,"{""A"": ""position"", ""B"": ""color"", ""C"": ""size"", ""D"": ""orientation""}",/mnt/tidalfs-hssh01/dataset/xiang/models/Qwen2.5-VL-7B-Instruct,42,not_empty,next_token
A_0014,A,STEP1,ACD,0,-0.9740769863128662,-0.4740769863128662,0.3775406777858734,0.622459352016449,-0.9743494987487793,-0.4743494987487793,0.3775406777858734,1,0,"{""A"": ""position"", ""B"": ""color"", ""C"": ""size"", ""D"": ""orientation""}",/mnt/tidalfs-hssh01/dataset/xiang/models/Qwen2.5-VL-7B-Instruct,42,not_empty,next_token
A_0014,A,STEP1,BCD,0,-0.8981232643127441,-0.5231232643127441,0.4073334038257599,0.5926665663719177,-0.898369312286377,-0.523369312286377,0.4073334038257599,1,0,"{""A"": ""position"", ""B"": ""color"", ""C"": ""size"", ""D"": ""orientation""}",/mnt/tidalfs-hssh01/dataset/xiang/models/Qwen2.5-VL-7B-Instruct,42,not_empty,next_token
A_0014,A,STEP1,ABCD,0,-0.9740769863128662,-0.4740769863128662,0.3775406777858734,0.622459352016449,-0.9742808938026428,-0.4742808938026428,0.3775406777858734,1,0,"{""A"": ""position"", ""B"": ""color"", ""C"": ""size"", ""D"": ""orientation""}",/mnt/tidalfs-hssh01/dataset/xiang/models/Qwen2.5-VL-7B-Instruct,42,not_empty,next_token
A_0014,A,STEP2,EMPTY,0,-1.1368709802627563,-0.38687101006507874,0.3208213150501251,0.6791786551475525,-1.1873528957366943,-0.4373529553413391,0.3208213150501251,1,0,"{""A"": ""position"", ""B"": ""color"", ""C"": ""size"", ""D"": ""orientation""}",/mnt/tidalfs-hssh01/dataset/xiang/models/Qwen2.5-VL-7B-Instruct,42,text_only,next_token
A_0014,A,STEP2,A,0,-0.9740769863128662,-0.4740769863128662,0.3775406777858734,0.622459352016449,-0.976046621799469,-0.476046621799469,0.3775406777858734,1,0,"{""A"": ""position"", ""B"": ""color"", ""C"": ""size"", ""D"": ""orientation""}",/mnt/tidalfs-hssh01/dataset/xiang/models/Qwen2.5-VL-7B-Instruct,42,not_empty,next_token
A_0014,A,STEP2,B,0,-0.8981232643127441,-0.5231232643127441,0.4073334038257599,0.5926665663719177,-0.9001257419586182,-0.5251257419586182,0.4073334038257599,1,0,"{""A"": ""position"", ""B"": ""color"", ""C"": ""size"", ""D"": ""orientation""}",/mnt/tidalfs-hssh01/dataset/xiang/models/Qwen2.5-VL-7B-Instruct,42,not_empty,next_token
A_0014,A,STEP2,C,0,-0.8981232643127441,-0.5231232643127441,0.4073334038257599,0.5926665663719177,-0.8998823761940002,-0.5248823761940002,0.4073334038257599,1,0,"{""A"": ""position"", ""B"": ""color"", ""C"": ""size"", ""D"": ""orientation""}",/mnt/tidalfs-hssh01/dataset/xiang/models/Qwen2.5-VL-7B-Instruct,42,not_empty,next_token
A_0014,A,STEP2,D,0,-1.2234445810317993,-0.3484445810317993,0.29421499371528625,0.7057850360870361,-1.2276611328125,-0.3526611626148224,0.29421499371528625,1,0,"{""A"": ""position"", ""B"": ""color"", ""C"": ""size"", ""D"": ""orientation""}",/mnt/tidalfs-hssh01/dataset/xiang/models/Qwen2.5-VL-7B-Instruct,42,not_empty,next_token
A_0014,A,STEP2,AB,0,-0.7575989961624146,-0.6325989961624146,0.4687906503677368,0.531209409236908,-0.7584482431411743,-0.6334482431411743,0.4687906503677368,1,0,"{""A"": ""position"", ""B"": ""color"", ""C"": ""size"", ""D"": ""orientation""}",/mnt/tidalfs-hssh01/dataset/xiang/models/Qwen2.5-VL-7B-Instruct,42,not_empty,next_token
A_0014,A,STEP2,AC,0,-0.8981232643127441,-0.5231232643127441,0.4073334038257599,0.5926665663719177,-0.8984832167625427,-0.5234832167625427,0.4073334038257599,1,0,"{""A"": ""position"", ""B"": ""color"", ""C"": ""size"", ""D"": ""orientation""}",/mnt/tidalfs-hssh01/dataset/xiang/models/Qwen2.5-VL-7B-Instruct,42,not_empty,next_token
A_0014,A,STEP2,AD,0,-0.9740769863128662,-0.4740769863128662,0.3775406777858734,0.622459352016449,-0.9756172299385071,-0.4756172299385071,0.3775406777858734,1,0,"{""A"": ""position"", ""B"": ""color"", ""C"": ""size"", ""D"": ""orientation""}",/mnt/tidalfs-hssh01/dataset/xiang/models/Qwen2.5-VL-7B-Instruct,42,not_empty,next_token
A_0014,A,STEP2,BC,0,-0.825939416885376,-0.575939416885376,0.43782350420951843,0.562176525592804,-0.8269189596176147,-0.5769189596176147,0.43782350420951843,1,0,"{""A"": ""position"", ""B"": ""color"", ""C"": ""size"", ""D"": ""orientation""}",/mnt/tidalfs-hssh01/dataset/xiang/models/Qwen2.5-VL-7B-Instruct,42,not_empty,next_token
A_0014,A,STEP2,BD,0,-0.8981232643127441,-0.5231232643127441,0.4073334038257599,0.5926665663719177,-0.9000710248947144,-0.5250710248947144,0.4073334038257599,1,0,"{""A"": ""position"", ""B"": ""color"", ""C"": ""size"", ""D"": ""orientation""}",/mnt/tidalfs-hssh01/dataset/xiang/models/Qwen2.5-VL-7B-Instruct,42,not_empty,next_token
A_0014,A,STEP2,CD,0,-0.825939416885376,-0.575939416885376,0.43782350420951843,0.562176525592804,-0.8271183967590332,-0.5771183967590332,0.43782350420951843,1,0,"{""A"": ""position"", ""B"": ""color"", ""C"": ""size"", ""D"": ""orientation""}",/mnt/tidalfs-hssh01/dataset/xiang/models/Qwen2.5-VL-7B-Instruct,42,not_empty,next_token
A_0014,A,STEP2,ABC,0,-0.6325989961624146,-0.7575989961624146,0.531209409236908,0.4687906503677368,-0.6331777572631836,-0.7581777572631836,0.531209409236908,0,1,"{""A"": ""position"", ""B"": ""color"", ""C"": ""size"", ""D"": ""orientation""}",/mnt/tidalfs-hssh01/dataset/xiang/models/Qwen2.5-VL-7B-Instruct,42,not_empty,next_token
A_0014,A,STEP2,ABD,0,-0.6325989961624146,-0.7575989961624146,0.531209409236908,0.4687906503677368,-0.6333204507827759,-0.7583204507827759,0.531209409236908,0,1,"{""A"": ""position"", ""B"": ""color"", ""C"": ""size"", ""D"": ""orientation""}",/mnt/tidalfs-hssh01/dataset/xiang/models/Qwen2.5-VL-7B-Instruct,42,not_empty,next_token
A_0014,A,STEP2,ACD,0,-0.825939416885376,-0.575939416885376,0.43782350420951843,0.562176525592804,-0.8262977600097656,-0.5762977600097656,0.43782350420951843,1,0,"{""A"": ""position"", ""B"": ""color"", ""C"": ""size"", ""D"": ""orientation""}",/mnt/tidalfs-hssh01/dataset/xiang/models/Qwen2.5-VL-7B-Instruct,42,not_empty,next_token
A_0014,A,STEP2,BCD,0,-0.825939416885376,-0.575939416885376,0.43782350420951843,0.562176525592804,-0.8265451788902283,-0.5765451788902283,0.43782350420951843,1,0,"{""A"": ""position"", ""B"": ""color"", ""C"": ""size"", ""D"": ""orientation""}",/mnt/tidalfs-hssh01/dataset/xiang/models/Qwen2.5-VL-7B-Instruct,42,not_empty,next_token
A_0014,A,STEP2,ABCD,0,-0.6325989961624146,-0.7575989961624146,0.531209409236908,0.4687906503677368,-0.6331418752670288,-0.7581418752670288,0.531209409236908,0,1,"{""A"": ""position"", ""B"": ""color"", ""C"": ""size"", ""D"": ""orientation""}",/mnt/tidalfs-hssh01/dataset/xiang/models/Qwen2.5-VL-7B-Instruct,42,not_empty,next_token
A_0014,A,FINAL,EMPTY,0,-0.825939416885376,-0.575939416885376,0.43782350420951843,0.562176525592804,-1.032974123954773,-0.782974123954773,0.43782350420951843,1,0,"{""A"": ""position"", ""B"": ""color"", ""C"": ""size"", ""D"": ""orientation""}",/mnt/tidalfs-hssh01/dataset/xiang/models/Qwen2.5-VL-7B-Instruct,42,text_only,next_token
A_0014,A,FINAL,A,0,-0.825939416885376,-0.575939416885376,0.43782350420951843,0.562176525592804,-0.8462235331535339,-0.5962235331535339,0.43782350420951843,1,0,"{""A"": ""position"", ""B"": ""color"", ""C"": ""size"", ""D"": ""orientation""}",/mnt/tidalfs-hssh01/dataset/xiang/models/Qwen2.5-VL-7B-Instruct,42,not_empty,next_token
A_0014,A,FINAL,B,0,-0.7575989961624146,-0.6325989961624146,0.4687906503677368,0.531209409236908,-0.7723475694656372,-0.6473475694656372,0.4687906503677368,1,0,"{""A"": ""position"", ""B"": ""color"", ""C"": ""size"", ""D"": ""orientation""}",/mnt/tidalfs-hssh01/dataset/xiang/models/Qwen2.5-VL-7B-Instruct,42,not_empty,next_token
A_0014,A,FINAL,C,0,-0.825939416885376,-0.575939416885376,0.43782350420951843,0.562176525592804,-0.8405668139457703,-0.5905668139457703,0.43782350420951843,1,0,"{""A"": ""position"", ""B"": ""color"", ""C"": ""size"", ""D"": ""orientation""}",/mnt/tidalfs-hssh01/dataset/xiang/models/Qwen2.5-VL-7B-Instruct,42,not_empty,next_token
A_0014,A,FINAL,D,0,-0.8981232643127441,-0.5231232643127441,0.4073334038257599,0.5926665663719177,-0.947605311870575,-0.572605311870575,0.4073334038257599,1,0,"{""A"": ""position"", ""B"": ""color"", ""C"": ""size"", ""D"": ""orientation""}",/mnt/tidalfs-hssh01/dataset/xiang/models/Qwen2.5-VL-7B-Instruct,42,not_empty,next_token
A_0014,A,FINAL,AB,0,-0.6931471824645996,-0.6931471824645996,0.5,0.5,-0.69500333070755,-0.69500333070755,0.5,0,1,"{""A"": ""position"", ""B"": ""color"", ""C"": ""size"", ""D"": ""orientation""}",/mnt/tidalfs-hssh01/dataset/xiang/models/Qwen2.5-VL-7B-Instruct,42,not_empty,next_token
A_0014,A,FINAL,AC,0,-0.7575989961624146,-0.6325989961624146,0.4687906503677368,0.531209409236908,-0.7587816715240479,-0.6337816715240479,0.4687906503677368,1,0,"{""A"": ""position"", ""B"": ""color"", ""C"": ""size"", ""D"": ""orientation""}",/mnt/tidalfs-hssh01/dataset/xiang/models/Qwen2.5-VL-7B-Instruct,42,not_empty,next_token
A_0014,A,FINAL,AD,0,-0.8981232643127441,-0.5231232643127441,0.4073334038257599,0.5926665663719177,-0.9026461839675903,-0.5276461839675903,0.4073334038257599,1,0,"{""A"": ""position"", ""B"": ""color"", ""C"": ""size"", ""D"": ""orientation""}",/mnt/tidalfs-hssh01/dataset/xiang/models/Qwen2.5-VL-7B-Instruct,42,not_empty,next_token
A_0014,A,FINAL,BC,0,-0.7575989961624146,-0.6325989961624146,0.4687906503677368,0.531209409236908,-0.7608028650283813,-0.6358028650283813,0.4687906503677368,1,0,"{""A"": ""position"", ""B"": ""color"", ""C"": ""size"", ""D"": ""orientation""}",/mnt/tidalfs-hssh01/dataset/xiang/models/Qwen2.5-VL-7B-Instruct,42,not_empty,next_token
A_0014,A,FINAL,BD,0,-0.8981232643127441,-0.5231232643127441,0.4073334038257599,0.5926665663719177,-0.9042872786521912,-0.5292872786521912,0.4073334038257599,1,0,"{""A"": ""position"", ""B"": ""color"", ""C"": ""size"", ""D"": ""orientation""}",/mnt/tidalfs-hssh01/dataset/xiang/models/Qwen2.5-VL-7B-Instruct,42,not_empty,next_token
A_0014,A,FINAL,CD,0,-0.825939416885376,-0.575939416885376,0.43782350420951843,0.562176525592804,-0.8348593711853027,-0.5848593711853027,0.43782350420951843,1,0,"{""A"": ""position"", ""B"": ""color"", ""C"": ""size"", ""D"": ""orientation""}",/mnt/tidalfs-hssh01/dataset/xiang/models/Qwen2.5-VL-7B-Instruct,42,not_empty,next_token
A_0014,A,FINAL,ABC,0,-0.6931471824645996,-0.6931471824645996,0.5,0.5,-0.69483482837677,-0.69483482837677,0.5,0,1,"{""A"": ""position"", ""B"": ""color"", ""C"": ""size"", ""D"": ""orientation""}",/mnt/tidalfs-hssh01/dataset/xiang/models/Qwen2.5-VL-7B-Instruct,42,not_empty,next_token
A_0014,A,FINAL,ABD,0,-0.8981232643127441,-0.5231232643127441,0.4073334038257599,0.5926665663719177,-0.8994264602661133,-0.5244264602661133,0.4073334038257599,1,0,"{""A"": ""position"", ""B"": ""color"", ""C"": ""size"", ""D"": ""orientation""}",/mnt/tidalfs-hssh01/dataset/xiang/models/Qwen2.5-VL-7B-Instruct,42,not_empty,next_token
A_0014,A,FINAL,ACD,0,-0.9740769863128662,-0.4740769863128662,0.3775406777858734,0.622459352016449,-0.9751153588294983,-0.4751153588294983,0.3775406777858734,1,0,"{""A"": ""position"", ""B"": ""color"", ""C"": ""size"", ""D"": ""orientation""}",/mnt/tidalfs-hssh01/dataset/xiang/models/Qwen2.5-VL-7B-Instruct,42,not_empty,next_token
A_0014,A,FINAL,BCD,0,-0.8981232643127441,-0.5231232643127441,0.4073334038257599,0.5926665663719177,-0.9023288488388062,-0.5273288488388062,0.4073334038257599,1,0,"{""A"": ""position"", ""B"": ""color"", ""C"": ""size"", ""D"": ""orientation""}",/mnt/tidalfs-hssh01/dataset/xiang/models/Qwen2.5-VL-7B-Instruct,42,not_empty,next_token
A_0014,A,FINAL,ABCD,0,-0.8981232643127441,-0.5231232643127441,0.4073334038257599,0.5926665663719177,-0.899193525314331,-0.524193525314331,0.4073334038257599,1,0,"{""A"": ""position"", ""B"": ""color"", ""C"": ""size"", ""D"": ""orientation""}",/mnt/tidalfs-hssh01/dataset/xiang/models/Qwen2.5-VL-7B-Instruct,42,not_empty,next_token
A_0022,A,STEP1,EMPTY,0,-0.825939416885376,-0.575939416885376,0.43782350420951843,0.562176525592804,-0.8866772651672363,-0.6366772651672363,0.43782350420951843,1,0,"{""A"": ""color"", ""B"": ""size"", ""C"": ""orientation"", ""D"": ""position""}",/mnt/tidalfs-hssh01/dataset/xiang/models/Qwen2.5-VL-7B-Instruct,42,text_only,next_token
A_0022,A,STEP1,A,0,-0.9740769863128662,-0.4740769863128662,0.3775406777858734,0.622459352016449,-0.9758946895599365,-0.4758947193622589,0.3775406777858734,1,0,"{""A"": ""color"", ""B"": ""size"", ""C"": ""orientation"", ""D"": ""position""}",/mnt/tidalfs-hssh01/dataset/xiang/models/Qwen2.5-VL-7B-Instruct,42,not_empty,next_token
A_0022,A,STEP1,B,0,-0.8981232643127441,-0.5231232643127441,0.4073334038257599,0.5926665663719177,-0.8994943499565125,-0.5244943499565125,0.4073334038257599,1,0,"{""A"": ""color"", ""B"": ""size"", ""C"": ""orientation"", ""D"": ""position""}",/mnt/tidalfs-hssh01/dataset/xiang/models/Qwen2.5-VL-7B-Instruct,42,not_empty,next_token
A_0022,A,STEP1,C,0,-1.3132617473602295,-0.3132617473602295,0.26894140243530273,0.7310584783554077,-1.3148443698883057,-0.31484439969062805,0.26894140243530273,1,0,"{""A"": ""color"", ""B"": ""size"", ""C"": ""orientation"", ""D"": ""position""}",/mnt/tidalfs-hssh01/dataset/xiang/models/Qwen2.5-VL-7B-Instruct,42,not_empty,next_token
A_0022,A,STEP1,D,0,-0.9740769863128662,-0.4740769863128662,0.3775406777858734,0.622459352016449,-0.9776468276977539,-0.4776468276977539,0.3775406777858734,1,0,"{""A"": ""color"", ""B"": ""size"", ""C"": ""orientation"", ""D"": ""position""}",/mnt/tidalfs-hssh01/dataset/xiang/models/Qwen2.5-VL-7B-Instruct,42,not_empty,next_token
A_0022,A,STEP1,AB,0,-0.9740769863128662,-0.4740769863128662,0.3775406777858734,0.622459352016449,-0.974403977394104,-0.4744039475917816,0.3775406777858734,1,0,"{""A"": ""color"", ""B"": ""size"", ""C"": ""orientation"", ""D"": ""position""}",/mnt/tidalfs-hssh01/dataset/xiang/models/Qwen2.5-VL-7B-Instruct,42,not_empty,next_token
A_0022,A,STEP1,AC,0,-0.9740769863128662,-0.4740769863128662,0.3775406777858734,0.622459352016449,-0.9745209813117981,-0.4745209813117981,0.3775406777858734,1,0,"{""A"": ""color"", ""B"": ""size"", ""C"": ""orientation"", ""D"": ""position""}",/mnt/tidalfs-hssh01/dataset/xiang/models/Qwen2.5-VL-7B-Instruct,42,not_empty,next_token
A_0022,A,STEP1,AD,0,-1.1368709802627563,-0.38687101006507874,0.3208213150501251,0.6791786551475525,-1.1374709606170654,-0.38747096061706543,0.3208213150501251,1,0,"{""A"": ""color"", ""B"": ""size"", ""C"": ""orientation"", ""D"": ""position""}",/mnt/tidalfs-hssh01/dataset/xiang/models/Qwen2.5-VL-7B-Instruct,42,not_empty,next_token
A_0022,A,STEP1,BC,0,-0.9740769863128662,-0.4740769863128662,0.3775406777858734,0.622459352016449,-0.9747657179832458,-0.47476571798324585,0.3775406777858734,1,0,"{""A"": ""color"", ""B"": ""size"", ""C"": ""orientation"", ""D"": ""position""}",/mnt/tidalfs-hssh01/dataset/xiang/models/Qwen2.5-VL-7B-Instruct,42,not_empty,next_token
A_0022,A,STEP1,BD,0,-1.1368709802627563,-0.38687101006507874,0.3208213150501251,0.6791786551475525,-1.137405276298523,-0.38740524649620056,0.3208213150501251,1,0,"{""A"": ""color"", ""B"": ""size"", ""C"": ""orientation"", ""D"": ""position""}",/mnt/tidalfs-hssh01/dataset/xiang/models/Qwen2.5-VL-7B-Instruct,42,not_empty,next_token
A_0022,A,STEP1,CD,0,-1.4061501026153564,-0.28115010261535645,0.24508503079414368,0.7549149990081787,-1.4069337844848633,-0.2819337248802185,0.24508503079414368,1,0,"{""A"": ""color"", ""B"": ""size"", ""C"": ""orientation"", ""D"": ""position""}",/mnt/tidalfs-hssh01/dataset/xiang/models/Qwen2.5-VL-7B-Instruct,42,not_empty,next_token
A_0022,A,STEP1,ABC,0,-1.1368709802627563,-0.38687101006507874,0.3208213150501251,0.6791786551475525,-1.1370108127593994,-0.3870108425617218,0.3208213150501251,1,0,"{""A"": ""color"", ""B"": ""size"", ""C"": ""orientation"", ""D"": ""position""}",/mnt/tidalfs-hssh01/dataset/xiang/models/Qwen2.5-VL-7B-Instruct,42,not_empty,next_token
A_0022,A,STEP1,ABD,0,-1.3132617473602295,-0.3132617473602295,0.26894140243530273,0.7310584783554077,-1.3134111166000366,-0.31341108679771423,0.26894140243530273,1,0,"{""A"": ""color"", ""B"": ""size"", ""C"": ""orientation"", ""D"": ""position""}",/mnt/tidalfs-hssh01/dataset/xiang/models/Qwen2.5-VL-7B-Instruct,42,not_empty,next_token
A_0022,A,STEP1,ACD,0,-1.1368709802627563,-0.38687101006507874,0.3208213150501251,0.6791786551475525,-1.137117862701416,-0.387117862701416,0.3208213150501251,1,0,"{""A"": ""color"", ""B"": ""size"", ""C"": ""orientation"", ""D"": ""position""}",/mnt/tidalfs-hssh01/dataset/xiang/models/Qwen2.5-VL-7B-Instruct,42,not_empty,next_token
A_0022,A,STEP1,BCD,0,-1.1368709802627563,-0.38687101006507874,0.3208213150501251,0.6791786551475525,-1.1371835470199585,-0.3871835768222809,0.3208213150501251,1,0,"{""A"": ""color"", ""B"": ""size"", ""C"": ""orientation"", ""D"": ""position""}",/mnt/tidalfs-hssh01/dataset/xiang/models/Qwen2.5-VL-7B-Instruct,42,not_empty,next_token
A_0022,A,STEP1,ABCD,0,-1.2234444618225098,-0.3484445810317993,0.29421502351760864,0.7057850360870361,-1.2235770225524902,-0.348577082157135,0.29421502351760864,1,0,"{""A"": ""color"", ""B"": ""size"", ""C"": ""orientation"", ""D"": ""position""}",/mnt/tidalfs-hssh01/dataset/xiang/models/Qwen2.5-VL-7B-Instruct,42,not_empty,next_token
A_0022,A,STEP2,EMPTY,0,-1.1368709802627563,-0.38687101006507874,0.3208213150501251,0.6791786551475525,-1.166052222251892,-0.4160521924495697,0.3208213150501251,1,0,"{""A"": ""color"", ""B"": ""size"", ""C"": ""orientation"", ""D"": ""position""}",/mnt/tidalfs-hssh01/dataset/xiang/models/Qwen2.5-VL-7B-Instruct,42,text_only,next_token
A_0022,A,STEP2,A,0,-1.1368709802627563,-0.38687101006507874,0.3208213150501251,0.6791786551475525,-1.1380829811096191,-0.3880830407142639,0.3208213150501251,1,0,"{""A"": ""color"", ""B"": ""size"", ""C"": ""orientation"", ""D"": ""position""}",/mnt/tidalfs-hssh01/dataset/xiang/models/Qwen2.5-VL-7B-Instruct,42,not_empty,next_token
A_0022,A,STEP2,B,0,-1.1368709802627563,-0.38687101006507874,0.3208213150501251,0.6791786551475525,-1.1385562419891357,-0.38855624198913574,0.3208213150501251,1,0,"{""A"": ""color"", ""B"": ""size"", ""C"": ""orientation"", ""D"": ""position""}",/mnt/tidalfs-hssh01/dataset/xiang/models/Qwen2.5-VL-7B-Instruct,42,not_empty,next_token
A_0022,A,STEP2,C,0,-1.7014133930206299,-0.2014133334159851,0.18242549896240234,0.8175744414329529,-1.7026395797729492,-0.20263953506946564,0.18242549896240234,1,0,"{""A"": ""color"", ""B"": ""size"", ""C"": ""orientation"", ""D"": ""position""}",/mnt/tidalfs-hssh01/dataset/xiang/models/Qwen2.5-VL-7B-Instruct,42,not_empty,next_token
A_0022,A,STEP2,D,0,-1.1368709802627563,-0.38687101006507874,0.3208213150501251,0.6791786551475525,-1.1389763355255127,-0.38897639513015747,0.3208213150501251,1,0,"{""A"": ""color"", ""B"": ""size"", ""C"": ""orientation"", ""D"": ""position""}",/mnt/tidalfs-hssh01/dataset/xiang/models/Qwen2.5-VL-7B-Instruct,42,not_empty,next_token
A_0022,A,STEP2,AB,0,-0.825939416885376,-0.575939416885376,0.43782350420951843,0.562176525592804,-0.8267413973808289,-0.5767413973808289,0.43782350420951843,1,0,"{""A"": ""color"", ""B"": ""size"", ""C"": ""orientation"", ""D"": ""position""}",/mnt/tidalfs-hssh01/dataset/xiang/models/Qwen2.5-VL-7B-Instruct,42,not_empty,next_token
A_0022,A,STEP2,AC,0,-1.1368709802627563,-0.38687101006507874,0.3208213150501251,0.6791786551475525,-1.1373521089553833,-0.3873520791530609,0.3208213150501251,1,0,"{""A"": ""color"", ""B"": ""size"", ""C"": ""orientation"", ""D"": ""position""}",/mnt/tidalfs-hssh01/dataset/xiang/models/Qwen2.5-VL-7B-Instruct,42,not_empty,next_token
A_0022,A,STEP2,AD,0,-1.1368709802627563,-0.38687101006507874,0.3208213150501251,0.6791786551475525,-1.137675404548645,-0.387675404548645,0.3208213150501251,1,0,"{""A"": ""color"", ""B"": ""size"", ""C"": ""orientation"", ""D"": ""position""}",/mnt/tidalfs-hssh01/dataset/xiang/models/Qwen2.5-VL-7B-Instruct,42,not_empty,next_token
A_0022,A,STEP2,BC,0,-1.1368709802627563,-0.38687101006507874,0.3208213150501251,0.6791786551475525,-1.13774836063385,-0.3877483606338501,0.3208213150501251,1,0,"{""A"": ""color"", ""B"": ""size"", ""C"": ""orientation"", ""D"": ""position""}",/mnt/tidalfs-hssh01/dataset/xiang/models/Qwen2.5-VL-7B-Instruct,42,not_empty,next_token
A_0022,A,STEP2,BD,0,-0.8981232643127441,-0.5231232643127441,0.4073334038257599,0.5926665663719177,-0.8992037773132324,-0.5242037773132324,0.4073334038257599,1,0,"{""A"": ""color"", ""B"": ""size"", ""C"": ""orientation"", ""D"": ""position""}",/mnt/tidalfs-hssh01/dataset/xiang/models/Qwen2.5-VL-7B-Instruct,42,not_empty,next_token
A_0022,A,STEP2,CD,0,-1.5019290447235107,-0.25192904472351074,0.22270016372203827,0.7772998809814453,-1.502645492553711,-0.25264543294906616,0.22270016372203827,1,0,"{""A"": ""color"", ""B"": ""size"", ""C"": ""orientation"", ""D"": ""position""}",/mnt/tidalfs-hssh01/dataset/xiang/models/Qwen2.5-VL-7B-Instruct,42,not_empty,next_token
A_0022,A,STEP2,ABC,0,-0.9740769863128662,-0.4740769863128662,0.3775406777858734,0.622459352016449,-0.9745529890060425,-0.4745529592037201,0.3775406777858734,1,0,"{""A"": ""color"", ""B"": ""size"", ""C"": ""orientation"", ""D"": ""position""}",/mnt/tidalfs-hssh01/dataset/xiang/models/Qwen2.5-VL-7B-Instruct,42,not_empty,next_token
A_0022,A,STEP2,ABD,0,-0.8981232643127441,-0.5231232643127441,0.4073334038257599,0.5926665663719177,-0.8985423445701599,-0.5235423445701599,0.4073334038257599,1,0,"{""A"": ""color"", ""B"": ""size"", ""C"": ""orientation"", ""D"": ""position""}",/mnt/tidalfs-hssh01/dataset/xiang/models/Qwen2.5-VL-7B-Instruct,42,not_empty,next_token
A_0022,A,STEP2,ACD,0,-1.1368709802627563,-0.38687101006507874,0.3208213150501251,0.6791786551475525,-1.1372061967849731,-0.38720622658729553,0.3208213150501251,1,0,"{""A"": ""color"", ""B"": ""size"", ""C"": ""orientation"", ""D"": ""position""}",/mnt/tidalfs-hssh01/dataset/xiang/models/Qwen2.5-VL-7B-Instruct,42,not_empty,next_token
A_0022,A,STEP2,BCD,0,-0.9740769863128662,-0.4740769863128662,0.3775406777858734,0.622459352016449,-0.9747865796089172,-0.47478657960891724,0.3775406777858734,1,0,"{""A"": ""color"", ""B"": ""size"", ""C"": ""orientation"", ""D"": ""position""}",/mnt/tidalfs-hssh01/dataset/xiang/models/Qwen2.5-VL-7B-Instruct,42,not_empty,next_token
A_0022,A,STEP2,ABCD,0,-1.136871099472046,-0.38687101006507874,0.32082128524780273,0.6791786551475525,-1.137176513671875,-0.3871764540672302,0.32082128524780273,1,0,"{""A"": ""color"", ""B"": ""size"", ""C"": ""orientation"", ""D"": ""position""}",/mnt/tidalfs-hssh01/dataset/xiang/models/Qwen2.5-VL-7B-Instruct,42,not_empty,next_token
A_0022,A,FINAL,EMPTY,0,-0.7575989961624146,-0.6325989961624146,0.4687906503677368,0.531209409236908,-0.9736700057983398,-0.8486700057983398,0.4687906503677368,1,0,"{""A"": ""color"", ""B"": ""size"", ""C"": ""orientation"", ""D"": ""position""}",/mnt/tidalfs-hssh01/dataset/xiang/models/Qwen2.5-VL-7B-Instruct,42,text_only,next_token
A_0022,A,FINAL,A,0,-0.8981232643127441,-0.5231232643127441,0.4073334038257599,0.5926665663719177,-0.904700517654419,-0.529700517654419,0.4073334038257599,1,0,"{""A"": ""color"", ""B"": ""size"", ""C"": ""orientation"", ""D"": ""position""}",/mnt/tidalfs-hssh01/dataset/xiang/models/Qwen2.5-VL-7B-Instruct,42,not_empty,next_token
A_0022,A,FINAL,B,0,-0.8981232643127441,-0.5231232643127441,0.4073334038257599,0.5926665663719177,-0.9050209522247314,-0.5300209522247314,0.4073334038257599,1,0,"{""A"": ""color"", ""B"": ""size"", ""C"": ""orientation"", ""D"": ""position""}",/mnt/tidalfs-hssh01/dataset/xiang/models/Qwen2.5-VL-7B-Instruct,42,not_empty,next_token
A_0022,A,FINAL,C,0,-1.0537006855010986,-0.42870065569877625,0.3486451208591461,0.6513548493385315,-1.0634181499481201,-0.4384181499481201,0.3486451208591461,1,0,"{""A"": ""color"", ""B"": ""size"", ""C"": ""orientation"", ""D"": ""position""}",/mnt/tidalfs-hssh01/dataset/xiang/models/Qwen2.5-VL-7B-Instruct,42,not_empty,next_token
A_0022,A,FINAL,D,0,-0.8981232643127441,-0.5231232643127441,0.4073334038257599,0.5926665663719177,-0.914612352848053,-0.539612352848053,0.4073334038257599,1,0,"{""A"": ""color"", ""B"": ""size"", ""C"": ""orientation"", ""D"": ""position""}",/mnt/tidalfs-hssh01/dataset/xiang/models/Qwen2.5-VL-7B-Instruct,42,not_empty,next_token
A_0022,A,FINAL,AB,0,-0.825939416885376,-0.575939416885376,0.43782350420951843,0.562176525592804,-0.8266299366950989,-0.5766299366950989,0.43782350420951843,1,0,"{""A"": ""color"", ""B"": ""size"", ""C"": ""orientation"", ""D"": ""position""}",/mnt/tidalfs-hssh01/dataset/xiang/models/Qwen2.5-VL-7B-Instruct,42,not_empty,next_token
A_0022,A,FINAL,AC,0,-0.825939416885376,-0.575939416885376,0.43782350420951843,0.562176525592804,-0.8271546363830566,-0.5771546363830566,0.43782350420951843,1,0,"{""A"": ""color"", ""B"": ""size"", ""C"": ""orientation"", ""D"": ""position""}",/mnt/tidalfs-hssh01/dataset/xiang/models/Qwen2.5-VL-7B-Instruct,42,not_empty,next_token
A_0022,A,FINAL,AD,0,-0.8981232643127441,-0.5231232643127441,0.4073334038257599,0.5926665663719177,-0.8994209170341492,-0.5244209170341492,0.4073334038257599,1,0,"{""A"": ""color"", ""B"": ""size"", ""C"": ""orientation"", ""D"": ""position""}",/mnt/tidalfs-hssh01/dataset/xiang/models/Qwen2.5-VL-7B-Instruct,42,not_empty,next_token
A_0022,A,FINAL,BC,0,-0.825939416885376,-0.575939416885376,0.43782350420951843,0.562176525592804,-0.8302822709083557,-0.5802822709083557,0.43782350420951843,1,0,"{""A"": ""color"", ""B"": ""size"", ""C"": ""orientation"", ""D"": ""position""}",/mnt/tidalfs-hssh01/dataset/xiang/models/Qwen2.5-VL-7B-Instruct,42,not_empty,next_token
A_0022,A,FINAL,BD,0,-0.825939416885376,-0.575939416885376,0.43782350420951843,0.562176525592804,-0.8287986516952515,-0.5787986516952515,0.43782350420951843,1,0,"{""A"": ""color"", ""B"": ""size"", ""C"": ""orientation"", ""D"": ""position""}",/mnt/tidalfs-hssh01/dataset/xiang/models/Qwen2.5-VL-7B-Instruct,42,not_empty,next_token
A_0022,A,FINAL,CD,0,-0.8981232643127441,-0.5231232643127441,0.4073334038257599,0.5926665663719177,-0.905521035194397,-0.530521035194397,0.4073334038257599,1,0,"{""A"": ""color"", ""B"": ""size"", ""C"": ""orientation"", ""D"": ""position""}",/mnt/tidalfs-hssh01/dataset/xiang/models/Qwen2.5-VL-7B-Instruct,42,not_empty,next_token
A_0022,A,FINAL,ABC,0,-0.8981232643127441,-0.5231232643127441,0.4073334038257599,0.5926665663719177,-0.8992007374763489,-0.5242007374763489,0.4073334038257599,1,0,"{""A"": ""color"", ""B"": ""size"", ""C"": ""orientation"", ""D"": ""position""}",/mnt/tidalfs-hssh01/dataset/xiang/models/Qwen2.5-VL-7B-Instruct,42,not_empty,next_token
A_0022,A,FINAL,ABD,0,-0.8981232643127441,-0.5231232643127441,0.4073334038257599,0.5926665663719177,-0.8989958763122559,-0.5239958763122559,0.4073334038257599,1,0,"{""A"": ""color"", ""B"": ""size"", ""C"": ""orientation"", ""D"": ""position""}",/mnt/tidalfs-hssh01/dataset/xiang/models/Qwen2.5-VL-7B-Instruct,42,not_empty,next_token
A_0022,A,FINAL,ACD,0,-0.9740769863128662,-0.4740769863128662,0.3775406777858734,0.622459352016449,-0.9751967191696167,-0.4751967489719391,0.3775406777858734,1,0,"{""A"": ""color"", ""B"": ""size"", ""C"": ""orientation"", ""D"": ""position""}",/mnt/tidalfs-hssh01/dataset/xiang/models/Qwen2.5-VL-7B-Instruct,42,not_empty,next_token
A_0022,A,FINAL,BCD,0,-0.8981232643127441,-0.5231232643127441,0.4073334038257599,0.5926665663719177,-0.9003103971481323,-0.5253103971481323,0.4073334038257599,1,0,"{""A"": ""color"", ""B"": ""size"", ""C"": ""orientation"", ""D"": ""position""}",/mnt/tidalfs-hssh01/dataset/xiang/models/Qwen2.5-VL-7B-Instruct,42,not_empty,next_token
A_0022,A,FINAL,ABCD,0,-1.053700566291809,-0.42870065569877625,0.3486451506614685,0.6513548493385315,-1.0548443794250488,-0.4298444390296936,0.3486451506614685,1,0,"{""A"": ""color"", ""B"": ""size"", ""C"": ""orientation"", ""D"": ""position""}",/mnt/tidalfs-hssh01/dataset/xiang/models/Qwen2.5-VL-7B-Instruct,42,not_empty,next_token
A_0030,A,STEP1,EMPTY,1,-0.825939416885376,-0.575939416885376,0.43782350420951843,0.562176525592804,-0.8866772651672363,-0.6366772651672363,0.562176525592804,1,1,"{""A"": ""color"", ""B"": ""size"", ""C"": ""orientation"", ""D"": ""position""}",/mnt/tidalfs-hssh01/dataset/xiang/models/Qwen2.5-VL-7B-Instruct,42,text_only,next_token
A_0030,A,STEP1,A,1,-0.9740769863128662,-0.4740769863128662,0.3775406777858734,0.622459352016449,-0.9758946895599365,-0.4758947193622589,0.622459352016449,1,1,"{""A"": ""color"", ""B"": ""size"", ""C"": ""orientation"", ""D"": ""position""}",/mnt/tidalfs-hssh01/dataset/xiang/models/Qwen2.5-VL-7B-Instruct,42,not_empty,next_token
A_0030,A,STEP1,B,1,-0.8981232643127441,-0.5231232643127441,0.4073334038257599,0.5926665663719177,-0.9003609418869019,-0.5253609418869019,0.5926665663719177,1,1,"{""A"": ""color"", ""B"": ""size"", ""C"": ""orientation"", ""D"": ""position""}",/mnt/tidalfs-hssh01/dataset/xiang/models/Qwen2.5-VL-7B-Instruct,42,not_empty,next_token
A_0030,A,STEP1,C,1,-0.9740769863128662,-0.4740769863128662,0.3775406777858734,0.622459352016449,-0.981826663017273,-0.48182669281959534,0.622459352016449,1,1,"{""A"": ""color"", ""B"": ""size"", ""C"": ""orientation"", ""D"": ""position""}",/mnt/tidalfs-hssh01/dataset/xiang/models/Qwen2.5-VL-7B-Instruct,42,not_empty,next_token
A_0030,A,STEP1,D,1,-0.9740769863128662,-0.4740769863128662,0.3775406777858734,0.622459352016449,-0.9789466857910156,-0.4789466857910156,0.622459352016449,1,1,"{""A"": ""color"", ""B"": ""size"", ""C"": ""orientation"", ""D"": ""position""}",/mnt/tidalfs-hssh01/dataset/xiang/models/Qwen2.5-VL-7B-Instruct,42,not_empty,next_token
A_0030,A,STEP1,AB,1,-1.0537006855010986,-0.42870065569877625,0.3486451208591461,0.6513548493385315,-1.0539897680282593,-0.4289897680282593,0.6513548493385315,1,1,"{""A"": ""color"", ""B"": ""size"", ""C"": ""orientation"", ""D"": ""position""}",/mnt/tidalfs-hssh01/dataset/xiang/models/Qwen2.5-VL-7B-Instruct,42,not_empty,next_token
A_0030,A,STEP1,AC,1,-1.1368709802627563,-0.38687101006507874,0.3208213150501251,0.6791786551475525,-1.1373109817504883,-0.38731104135513306,0.6791786551475525,1,1,"{""A"": ""color"", ""B"": ""size"", ""C"": ""orientation"", ""D"": ""position""}",/mnt/tidalfs-hssh01/dataset/xiang/models/Qwen2.5-VL-7B-Instruct,42,not_empty,next_token
A_0030,A,STEP1,AD,1,-1.0537006855010986,-0.42870065569877625,0.3486451208591461,0.6513548493385315,-1.054273247718811,-0.42927321791648865,0.6513548493385315,1,1,"{""A"": ""color"", ""B"": ""size"", ""C"": ""orientation"", ""D"": ""position""}",/mnt/tidalfs-hssh01/dataset/xiang/models/Qwen2.5-VL-7B-Instruct,42,not_empty,next_token
A_0030,A,STEP1,BC,1,-1.0537006855010986,-0.42870065569877625,0.3486451208591461,0.6513548493385315,-1.0549166202545166,-0.4299165606498718,0.6513548493385315,1,1,"{""A"": ""color"", ""B"": ""size"", ""C"": ""orientation"", ""D"": ""position""}",/mnt/tidalfs-hssh01/dataset/xiang/models/Qwen2.5-VL-7B-Instruct,42,not_empty,next_token
A_0030,A,STEP1,BD,1,-0.9740769863128662,-0.4740769863128662,0.3775406777858734,0.622459352016449,-0.9747393131256104,-0.47473931312561035,0.622459352016449,1,1,"{""A"": ""color"", ""B"": ""size"", ""C"": ""orientation"", ""D"": ""position""}",/mnt/tidalfs-hssh01/dataset/xiang/models/Qwen2.5-VL-7B-Instruct,42,not_empty,next_token
A_0030,A,STEP1,CD,1,-0.7575989961624146,-0.6325989961624146,0.4687906503677368,0.531209409236908,-0.759433925151825,-0.634433925151825,0.531209409236908,1,1,"{""A"": ""color"", ""B"": ""size"", ""C"": ""orientation"", ""D"": ""position""}",/mnt/tidalfs-hssh01/dataset/xiang/models/Qwen2.5-VL-7B-Instruct,42,not_empty,next_token
A_0030,A,STEP1,ABC,1,-1.1368709802627563,-0.38687101006507874,0.3208213150501251,0.6791786551475525,-1.1370599269866943,-0.38705989718437195,0.6791786551475525,1,1,"{""A"": ""color"", ""B"": ""size"", ""C"": ""orientation"", ""D"": ""position""}",/mnt/tidalfs-hssh01/dataset/xiang/models/Qwen2.5-VL-7B-Instruct,42,not_empty,next_token
A_0030,A,STEP1,ABD,1,-1.0537006855010986,-0.42870065569877625,0.3486451208591461,0.6513548493385315,-1.053890585899353,-0.42889055609703064,0.6513548493385315,1,1,"{""A"": ""color"", ""B"": ""size"", ""C"": ""orientation"", ""D"": ""position""}",/mnt/tidalfs-hssh01/dataset/xiang/models/Qwen2.5-VL-7B-Instruct,42,not_empty,next_token
A_0030,A,STEP1,ACD,1,-1.2234445810317993,-0.3484445810317993,0.29421499371528625,0.7057850360870361,-1.2236995697021484,-0.34869956970214844,0.7057850360870361,1,1,"{""A"": ""color"", ""B"": ""size"", ""C"": ""orientation"", ""D"": ""position""}",/mnt/tidalfs-hssh01/dataset/xiang/models/Qwen2.5-VL-7B-Instruct,42,not_empty,next_token
A_0030,A,STEP1,BCD,1,-0.9740769863128662,-0.4740769863128662,0.3775406777858734,0.622459352016449,-0.9746951460838318,-0.4746951460838318,0.622459352016449,1,1,"{""A"": ""color"", ""B"": ""size"", ""C"": ""orientation"", ""D"": ""position""}",/mnt/tidalfs-hssh01/dataset/xiang/models/Qwen2.5-VL-7B-Instruct,42,not_empty,next_token
A_0030,A,STEP1,ABCD,1,-1.1368709802627563,-0.38687101006507874,0.3208213150501251,0.6791786551475525,-1.1370909214019775,-0.38709089159965515,0.6791786551475525,1,1,"{""A"": ""color"", ""B"": ""size"", ""C"": ""orientation"", ""D"": ""position""}",/mnt/tidalfs-hssh01/dataset/xiang/models/Qwen2.5-VL-7B-Instruct,42,not_empty,next_token
A_0030,A,STEP2,EMPTY,0,-1.1368709802627563,-0.38687101006507874,0.3208213150501251,0.6791786551475525,-1.166052222251892,-0.4160521924495697,0.3208213150501251,1,0,"{""A"": ""color"", ""B"": ""size"", ""C"": ""orientation"", ""D"": ""position""}",/mnt/tidalfs-hssh01/dataset/xiang/models/Qwen2.5-VL-7B-Instruct,42,text_only,next_token
A_0030,A,STEP2,A,0,-1.1368709802627563,-0.38687101006507874,0.3208213150501251,0.6791786551475525,-1.1380829811096191,-0.3880830407142639,0.3208213150501251,1,0,"{""A"": ""color"", ""B"": ""size"", ""C"": ""orientation"", ""D"": ""position""}",/mnt/tidalfs-hssh01/dataset/xiang/models/Qwen2.5-VL-7B-Instruct,42,not_empty,next_token
A_0030,A,STEP2,B,0,-1.0537006855010986,-0.42870065569877625,0.3486451208591461,0.6513548493385315,-1.0553741455078125,-0.4303741157054901,0.3486451208591461,1,0,"{""A"": ""color"", ""B"": ""size"", ""C"": ""orientation"", ""D"": ""position""}",/mnt/tidalfs-hssh01/dataset/xiang/models/Qwen2.5-VL-7B-Instruct,42,not_empty,next_token
A_0030,A,STEP2,C,0,-1.1368709802627563,-0.38687101006507874,0.3208213150501251,0.6791786551475525,-1.1390414237976074,-0.3890414237976074,0.3208213150501251,1,0,"{""A"": ""color"", ""B"": ""size"", ""C"": ""orientation"", ""D"": ""position""}",/mnt/tidalfs-hssh01/dataset/xiang/models/Qwen2.5-VL-7B-Instruct,42,not_empty,next_token
A_0030,A,STEP2,D,0,-1.2234444618225098,-0.3484445810317993,0.29421502351760864,0.7057850360870361,-1.2250585556030273,-0.3500586152076721,0.29421502351760864,1,0,"{""A"": ""color"", ""B"": ""size"", ""C"": ""orientation"", ""D"": ""position""}",/mnt/tidalfs-hssh01/dataset/xiang/models/Qwen2.5-VL-7B-Instruct,42,not_empty,next_token
A_0030,A,STEP2,AB,0,-0.825939416885376,-0.575939416885376,0.43782350420951843,0.562176525592804,-0.8266257643699646,-0.5766257643699646,0.43782350420951843,1,0,"{""A"": ""color"", ""B"": ""size"", ""C"": ""orientation"", ""D"": ""position""}",/mnt/tidalfs-hssh01/dataset/xiang/models/Qwen2.5-VL-7B-Instruct,42,not_empty,next_token
A_0030,A,STEP2,AC,0,-0.825939416885376,-0.575939416885376,0.43782350420951843,0.562176525592804,-0.8265881538391113,-0.5765881538391113,0.43782350420951843,1,0,"{""A"": ""color"", ""B"": ""size"", ""C"": ""orientation"", ""D"": ""position""}",/mnt/tidalfs-hssh01/dataset/xiang/models/Qwen2.5-VL-7B-Instruct,42,not_empty,next_token
A_0030,A,STEP2,AD,0,-1.1368709802627563,-0.38687101006507874,0.3208213150501251,0.6791786551475525,-1.1376566886901855,-0.38765671849250793,0.3208213150501251,1,0,"{""A"": ""color"", ""B"": ""size"", ""C"": ""orientation"", ""D"": ""position""}",/mnt/tidalfs-hssh01/dataset/xiang/models/Qwen2.5-VL-7B-Instruct,42,not_empty,next_token
A_0030,A,STEP2,BC,0,-0.825939416885376,-0.575939416885376,0.43782350420951843,0.562176525592804,-0.8275207281112671,-0.5775207281112671,0.43782350420951843,1,0,"{""A"": ""color"", ""B"": ""size"", ""C"": ""orientation"", ""D"": ""position""}",/mnt/tidalfs-hssh01/dataset/xiang/models/Qwen2.5-VL-7B-Instruct,42,not_empty,next_token
A_0030,A,STEP2,BD,0,-1.0537006855010986,-0.42870065569877625,0.3486451208591461,0.6513548493385315,-1.0548336505889893,-0.42983368039131165,0.3486451208591461,1,0,"{""A"": ""color"", ""B"": ""size"", ""C"": ""orientation"", ""D"": ""position""}",/mnt/tidalfs-hssh01/dataset/xiang/models/Qwen2.5-VL-7B-Instruct,42,not_empty,next_token
A_0030,A,STEP2,CD,0,-0.9740769863128662,-0.4740769863128662,0.3775406777858734,0.622459352016449,-0.9750595688819885,-0.4750595688819885,0.3775406777858734,1,0,"{""A"": ""color"", ""B"": ""size"", ""C"": ""orientation"", ""D"": ""position""}",/mnt/tidalfs-hssh01/dataset/xiang/models/Qwen2.5-VL-7B-Instruct,42,not_empty,next_token
A_0030,A,STEP2,ABC,0,-0.6931471824645996,-0.6931471824645996,0.5,0.5,-0.6940169334411621,-0.6940169334411621,0.5,0,1,"{""A"": ""color"", ""B"": ""size"", ""C"": ""orientation"", ""D"": ""position""}",/mnt/tidalfs-hssh01/dataset/xiang/models/Qwen2.5-VL-7B-Instruct,42,not_empty,next_token
A_0030,A,STEP2,ABD,0,-0.8981232643127441,-0.5231232643127441,0.4073334038257599,0.5926665663719177,-0.898601770401001,-0.523601770401001,0.4073334038257599,1,0,"{""A"": ""color"", ""B"": ""size"", ""C"": ""orientation"", ""D"": ""position""}",/mnt/tidalfs-hssh01/dataset/xiang/models/Qwen2.5-VL-7B-Instruct,42,not_empty,next_token
A_0030,A,STEP2,ACD,0,-0.825939416885376,-0.575939416885376,0.43782350420951843,0.562176525592804,-0.8263383507728577,-0.5763383507728577,0.43782350420951843,1,0,"{""A"": ""color"", ""B"": ""size"", ""C"": ""orientation"", ""D"": ""position""}",/mnt/tidalfs-hssh01/dataset/xiang/models/Qwen2.5-VL-7B-Instruct,42,not_empty,next_token
A_0030,A,STEP2,BCD,0,-0.825939416885376,-0.575939416885376,0.43782350420951843,0.562176525592804,-0.8272413015365601,-0.5772413015365601,0.43782350420951843,1,0,"{""A"": ""color"", ""B"": ""size"", ""C"": ""orientation"", ""D"": ""position""}",/mnt/tidalfs-hssh01/dataset/xiang/models/Qwen2.5-VL-7B-Instruct,42,not_empty,next_token
A_0030,A,STEP2,ABCD,0,-0.6931471824645996,-0.6931471824645996,0.5,0.5,-0.6937077641487122,-0.6937077641487122,0.5,0,1,"{""A"": ""color"", ""B"": ""size"", ""C"": ""orientation"", ""D"": ""position""}",/mnt/tidalfs-hssh01/dataset/xiang/models/Qwen2.5-VL-7B-Instruct,42,not_empty,next_token
A_0030,A,FINAL,EMPTY,1,-0.7575989961624146,-0.6325989961624146,0.4687906503677368,0.531209409236908,-0.9736700057983398,-0.8486700057983398,0.531209409236908,1,1,"{""A"": ""color"", ""B"": ""size"", ""C"": ""orientation"", ""D"": ""position""}",/mnt/tidalfs-hssh01/dataset/xiang/models/Qwen2.5-VL-7B-Instruct,42,text_only,next_token
A_0030,A,FINAL,A,1,-0.8981232643127441,-0.5231232643127441,0.4073334038257599,0.5926665663719177,-0.904700517654419,-0.529700517654419,0.5926665663719177,1,1,"{""A"": ""color"", ""B"": ""size"", ""C"": ""orientation"", ""D"": ""position""}",/mnt/tidalfs-hssh01/dataset/xiang/models/Qwen2.5-VL-7B-Instruct,42,not_empty,next_token
A_0030,A,FINAL,B,1,-0.9740769863128662,-0.4740769863128662,0.3775406777858734,0.622459352016449,-0.9842839241027832,-0.4842839241027832,0.622459352016449,1,1,"{""A"": ""color"", ""B"": ""size"", ""C"": ""orientation"", ""D"": ""position""}",/mnt/tidalfs-hssh01/dataset/xiang/models/Qwen2.5-VL-7B-Instruct,42,not_empty,next_token
A_0030,A,FINAL,C,1,-0.8981232643127441,-0.5231232643127441,0.4073334038257599,0.5926665663719177,-0.9219778776168823,-0.5469778776168823,0.5926665663719177,1,1,"{""A"": ""color"", ""B"": ""size"", ""C"": ""orientation"", ""D"": ""position""}",/mnt/tidalfs-hssh01/dataset/xiang/models/Qwen2.5-VL-7B-Instruct,42,not_empty,next_token
A_0030,A,FINAL,D,1,-0.8981232643127441,-0.5231232643127441,0.4073334038257599,0.5926665663719177,-0.9094062447547913,-0.5344062447547913,0.5926665663719177,1,1,"{""A"": ""color"", ""B"": ""size"", ""C"": ""orientation"", ""D"": ""position""}",/mnt/tidalfs-hssh01/dataset/xiang/models/Qwen2.5-VL-7B-Instruct,42,not_empty,next_token
A_0030,A,FINAL,AB,1,-0.825939416885376,-0.575939416885376,0.43782350420951843,0.562176525592804,-0.8267139792442322,-0.5767139792442322,0.562176525592804,1,1,"{""A"": ""color"", ""B"": ""size"", ""C"": ""orientation"", ""D"": ""position""}",/mnt/tidalfs-hssh01/dataset/xiang/models/Qwen2.5-VL-7B-Instruct,42,not_empty,next_token
A_0030,A,FINAL,AC,1,-0.8981232643127441,-0.5231232643127441,0.4073334038257599,0.5926665663719177,-0.8995126485824585,-0.5245126485824585,0.5926665663719177,1,1,"{""A"": ""color"", ""B"": ""size"", ""C"": ""orientation"", ""D"": ""position""}",/mnt/tidalfs-hssh01/dataset/xiang/models/Qwen2.5-VL-7B-Instruct,42,not_empty,next_token
A_0030,A,FINAL,AD,1,-0.8981232643127441,-0.5231232643127441,0.4073334038257599,0.5926665663719177,-0.8998510837554932,-0.5248510837554932,0.5926665663719177,1,1,"{""A"": ""color"", ""B"": ""size"", ""C"": ""orientation"", ""D"": ""position""}",/mnt/tidalfs-hssh01/dataset/xiang/models/Qwen2.5-VL-7B-Instruct,42,not_empty,next_token
A_0030,A,FINAL,BC,1,-0.8981232643127441,-0.5231232643127441,0.4073334038257599,0.5926665663719177,-0.906234085559845,-0.531234085559845,0.5926665663719177,1,1,"{""A"": ""color"", ""B"": ""size"", ""C"": ""orientation"", ""D"": ""position""}",/mnt/tidalfs-hssh01/dataset/xiang/models/Qwen2.5-VL-7B-Instruct,42,not_empty,next_token
A_0030,A,FINAL,BD,1,-0.8981232643127441,-0.5231232643127441,0.4073334038257599,0.5926665663719177,-0.9021197557449341,-0.5271197557449341,0.5926665663719177,1,1,"{""A"": ""color"", ""B"": ""size"", ""C"": ""orientation"", ""D"": ""position""}",/mnt/tidalfs-hssh01/dataset/xiang/models/Qwen2.5-VL-7B-Instruct,42,not_empty,next_token
A_0030,A,FINAL,CD,1,-0.825939416885376,-0.575939416885376,0.43782350420951843,0.562176525592804,-0.8345713019371033,-0.5845713019371033,0.562176525592804,1,1,"{""A"": ""color"", ""B"": ""size"", ""C"": ""orientation"", ""D"": ""position""}",/mnt/tidalfs-hssh01/dataset/xiang/models/Qwen2.5-VL-7B-Instruct,42,not_empty,next_token
A_0030,A,FINAL,ABC,1,-0.8981232643127441,-0.5231232643127441,0.4073334038257599,0.5926665663719177,-0.8992125988006592,-0.5242125988006592,0.5926665663719177,1,1,"{""A"": ""color"", ""B"": ""size"", ""C"": ""orientation"", ""D"": ""position""}",/mnt/tidalfs-hssh01/dataset/xiang/models/Qwen2.5-VL-7B-Instruct,42,not_empty,next_token
A_0030,A,FINAL,ABD,1,-0.8981232643127441,-0.5231232643127441,0.4073334038257599,0.5926665663719177,-0.8989249467849731,-0.5239249467849731,0.5926665663719177,1,1,"{""A"": ""color"", ""B"": ""size"", ""C"": ""orientation"", ""D"": ""position""}",/mnt/tidalfs-hssh01/dataset/xiang/models/Qwen2.5-VL-7B-Instruct,42,not_empty,next_token
A_0030,A,FINAL,ACD,1,-0.9740769863128662,-0.4740769863128662,0.3775406777858734,0.622459352016449,-0.9753734469413757,-0.47537344694137573,0.622459352016449,1,1,"{""A"": ""color"", ""B"": ""size"", ""C"": ""orientation"", ""D"": ""position""}",/mnt/tidalfs-hssh01/dataset/xiang/models/Qwen2.5-VL-7B-Instruct,42,not_empty,next_token
A_0030,A,FINAL,BCD,1,-0.8981232643127441,-0.5231232643127441,0.4073334038257599,0.5926665663719177,-0.9008488655090332,-0.5258488655090332,0.5926665663719177,1,1,"{""A"": ""color"", ""B"": ""size"", ""C"": ""orientation"", ""D"": ""position""}",/mnt/tidalfs-hssh01/dataset/xiang/models/Qwen2.5-VL-7B-Instruct,42,not_empty,next_token
A_0030,A,FINAL,ABCD,1,-0.9740769863128662,-0.4740769863128662,0.3775406777858734,0.622459352016449,-0.9751365184783936,-0.47513648867607117,0.622459352016449,1,1,"{""A"": ""color"", ""B"": ""size"", ""C"": ""orientation"", ""D"": ""position""}",/mnt/tidalfs-hssh01/dataset/xiang/models/Qwen2.5-VL-7B-Instruct,42,not_empty,next_token
A_0038,A,STEP1,EMPTY,0,-0.6931471824645996,-0.6931471824645996,0.5,0.5,-0.819155216217041,-0.819155216217041,0.5,0,1,"{""A"": ""size"", ""B"": ""orientation"", ""C"": ""position"", ""D"": ""color""}",/mnt/tidalfs-hssh01/dataset/xiang/models/Qwen2.5-VL-7B-Instruct,42,text_only,next_token
A_0038,A,STEP1,A,0,-0.9740769863128662,-0.4740769863128662,0.3775406777858734,0.622459352016449,-0.9751812815666199,-0.4751812815666199,0.3775406777858734,1,0,"{""A"": ""size"", ""B"": ""orientation"", ""C"": ""position"", ""D"": ""color""}",/mnt/tidalfs-hssh01/dataset/xiang/models/Qwen2.5-VL-7B-Instruct,42,not_empty,next_token
A_0038,A,STEP1,B,0,-1.4061501026153564,-0.28115010261535645,0.24508503079414368,0.7549149990081787,-1.408461093902588,-0.28346115350723267,0.24508503079414368,1,0,"{""A"": ""size"", ""B"": ""orientation"", ""C"": ""position"", ""D"": ""color""}",/mnt/tidalfs-hssh01/dataset/xiang/models/Qwen2.5-VL-7B-Instruct,42,not_empty,next_token
A_0038,A,STEP1,C,0,-0.6325989961624146,-0.7575989961624146,0.531209409236908,0.4687906503677368,-0.6354181170463562,-0.7604181170463562,0.531209409236908,0,1,"{""A"": ""size"", ""B"": ""orientation"", ""C"": ""position"", ""D"": ""color""}",/mnt/tidalfs-hssh01/dataset/xiang/models/Qwen2.5-VL-7B-Instruct,42,not_empty,next_token
A_0038,A,STEP1,D,0,-0.8981232643127441,-0.5231232643127441,0.4073334038257599,0.5926665663719177,-0.9017981886863708,-0.5267981886863708,0.4073334038257599,1,0,"{""A"": ""size"", ""B"": ""orientation"", ""C"": ""position"", ""D"": ""color""}",/mnt/tidalfs-hssh01/dataset/xiang/models/Qwen2.5-VL-7B-Instruct,42,not_empty,next_token
A_0038,A,STEP1,AB,0,-0.8981232643127441,-0.5231232643127441,0.4073334038257599,0.5926665663719177,-0.8985679149627686,-0.5235679149627686,0.4073334038257599,1,0,"{""A"": ""size"", ""B"": ""orientation"", ""C"": ""position"", ""D"": ""color""}",/mnt/tidalfs-hssh01/dataset/xiang/models/Qwen2.5-VL-7B-Instruct,42,not_empty,next_token
A_0038,A,STEP1,AC,0,-1.1368709802627563,-0.38687101006507874,0.3208213150501251,0.6791786551475525,-1.13720703125,-0.3872070610523224,0.3208213150501251,1,0,"{""A"": ""size"", ""B"": ""orientation"", ""C"": ""position"", ""D"": ""color""}",/mnt/tidalfs-hssh01/dataset/xiang/models/Qwen2.5-VL-7B-Instruct,42,not_empty,next_token
A_0038,A,STEP1,AD,0,-0.825939416885376,-0.575939416885376,0.43782350420951843,0.562176525592804,-0.8266286253929138,-0.5766286253929138,0.43782350420951843,1,0,"{""A"": ""size"", ""B"": ""orientation"", ""C"": ""position"", ""D"": ""color""}",/mnt/tidalfs-hssh01/dataset/xiang/models/Qwen2.5-VL-7B-Instruct,42,not_empty,next_token
A_0038,A,STEP1,BC,0,-1.7014133930206299,-0.2014133334159851,0.18242549896240234,0.8175744414329529,-1.70206880569458,-0.20206885039806366,0.18242549896240234,1,0,"{""A"": ""size"", ""B"": ""orientation"", ""C"": ""position"", ""D"": ""color""}",/mnt/tidalfs-hssh01/dataset/xiang/models/Qwen2.5-VL-7B-Instruct,42,not_empty,next_token
A_0038,A,STEP1,BD,0,-1.4061501026153564,-0.28115010261535645,0.24508503079414368,0.7549149990081787,-1.4070053100585938,-0.28200531005859375,0.24508503079414368,1,0,"{""A"": ""size"", ""B"": ""orientation"", ""C"": ""position"", ""D"": ""color""}",/mnt/tidalfs-hssh01/dataset/xiang/models/Qwen2.5-VL-7B-Instruct,42,not_empty,next_token
A_0038,A,STEP1,CD,0,-0.6931471824645996,-0.6931471824645996,0.5,0.5,-0.6941729187965393,-0.6941729187965393,0.5,0,1,"{""A"": ""size"", ""B"": ""orientation"", ""C"": ""position"", ""D"": ""color""}",/mnt/tidalfs-hssh01/dataset/xiang/models/Qwen2.5-VL-7B-Instruct,42,not_empty,next_token
A_0038,A,STEP1,ABC,0,-1.2234445810317993,-0.3484445810317993,0.29421499371528625,0.7057850360870361,-1.2237356901168823,-0.3487357199192047,0.29421499371528625,1,0,"{""A"": ""size"", ""B"": ""orientation"", ""C"": ""position"", ""D"": ""color""}",/mnt/tidalfs-hssh01/dataset/xiang/models/Qwen2.5-VL-7B-Instruct,42,not_empty,next_token
A_0038,A,STEP1,ABD,0,-0.9740769863128662,-0.4740769863128662,0.3775406777858734,0.622459352016449,-0.974319338798523,-0.47431930899620056,0.3775406777858734,1,0,"{""A"": ""size"", ""B"": ""orientation"", ""C"": ""position"", ""D"": ""color""}",/mnt/tidalfs-hssh01/dataset/xiang/models/Qwen2.5-VL-7B-Instruct,42,not_empty,next_token
A_0038,A,STEP1,ACD,0,-1.053700566291809,-0.42870065569877625,0.3486451506614685,0.6513548493385315,-1.0538690090179443,-0.4288690686225891,0.3486451506614685,1,0,"{""A"": ""size"", ""B"": ""orientation"", ""C"": ""position"", ""D"": ""color""}",/mnt/tidalfs-hssh01/dataset/xiang/models/Qwen2.5-VL-7B-Instruct,42,not_empty,next_token
A_0038,A,STEP1,BCD,0,-1.5019290447235107,-0.25192904472351074,0.22270016372203827,0.7772998809814453,-1.5023705959320068,-0.2523706555366516,0.22270016372203827,1,0,"{""A"": ""size"", ""B"": ""orientation"", ""C"": ""position"", ""D"": ""color""}",/mnt/tidalfs-hssh01/dataset/xiang/models/Qwen2.5-VL-7B-Instruct,42,not_empty,next_token
A_0038,A,STEP1,ABCD,0,-1.2234444618225098,-0.3484445810317993,0.29421502351760864,0.7057850360870361,-1.2236578464508057,-0.34865790605545044,0.29421502351760864,1,0,"{""A"": ""size"", ""B"": ""orientation"", ""C"": ""position"", ""D"": ""color""}",/mnt/tidalfs-hssh01/dataset/xiang/models/Qwen2.5-VL-7B-Instruct,42,not_empty,next_token
A_0038,A,STEP2,EMPTY,1,-1.2234445810317993,-0.3484445810317993,0.29421499371528625,0.7057850360870361,-1.2687973976135254,-0.393797367811203,0.7057850360870361,1,1,"{""A"": ""size"", ""B"": ""orientation"", ""C"": ""position"", ""D"": ""color""}",/mnt/tidalfs-hssh01/dataset/xiang/models/Qwen2.5-VL-7B-Instruct,42,text_only,next_token
A_0038,A,STEP2,A,1,-1.1368709802627563,-0.38687101006507874,0.3208213150501251,0.6791786551475525,-1.138013482093811,-0.3880135118961334,0.6791786551475525,1,1,"{""A"": ""size"", ""B"": ""orientation"", ""C"": ""position"", ""D"": ""color""}",/mnt/tidalfs-hssh01/dataset/xiang/models/Qwen2.5-VL-7B-Instruct,42,not_empty,next_token
A_0038,A,STEP2,B,1,-0.9740769863128662,-0.4740769863128662,0.3775406777858734,0.622459352016449,-0.9773802757263184,-0.47738030552864075,0.622459352016449,1,1,"{""A"": ""size"", ""B"": ""orientation"", ""C"": ""position"", ""D"": ""color""}",/mnt/tidalfs-hssh01/dataset/xiang/models/Qwen2.5-VL-7B-Instruct,42,not_empty,next_token
A_0038,A,STEP2,C,1,-0.825939416885376,-0.575939416885376,0.43782350420951843,0.562176525592804,-0.8279662728309631,-0.5779662728309631,0.562176525592804,1,1,"{""A"": ""size"", ""B"": ""orientation"", ""C"": ""position"", ""D"": ""color""}",/mnt/tidalfs-hssh01/dataset/xiang/models/Qwen2.5-VL-7B-Instruct,42,not_empty,next_token
A_0038,A,STEP2,D,1,-1.0537006855010986,-0.42870065569877625,0.3486451208591461,0.6513548493385315,-1.055504560470581,-0.43050456047058105,0.6513548493385315,1,1,"{""A"": ""size"", ""B"": ""orientation"", ""C"": ""position"", ""D"": ""color""}",/mnt/tidalfs-hssh01/dataset/xiang/models/Qwen2.5-VL-7B-Instruct,42,not_empty,next_token
A_0038,A,STEP2,AB,1,-0.6931471824645996,-0.6931471824645996,0.5,0.5,-0.6944747567176819,-0.6944747567176819,0.5,0,0,"{""A"": ""size"", ""B"": ""orientation"", ""C"": ""position"", ""D"": ""color""}",/mnt/tidalfs-hssh01/dataset/xiang/models/Qwen2.5-VL-7B-Instruct,42,not_empty,next_token
A_0038,A,STEP2,AC,1,-0.825939416885376,-0.575939416885376,0.43782350420951843,0.562176525592804,-0.8263770937919617,-0.5763770937919617,0.562176525592804,1,1,"{""A"": ""size"", ""B"": ""orientation"", ""C"": ""position"", ""D"": ""color""}",/mnt/tidalfs-hssh01/dataset/xiang/models/Qwen2.5-VL-7B-Instruct,42,not_empty,next_token
A_0038,A,STEP2,AD,1,-1.2234445810317993,-0.3484445810317993,0.29421499371528625,0.7057850360870361,-1.2240121364593506,-0.349012166261673,0.7057850360870361,1,1,"{""A"": ""size"", ""B"": ""orientation"", ""C"": ""position"", ""D"": ""color""}",/mnt/tidalfs-hssh01/dataset/xiang/models/Qwen2.5-VL-7B-Instruct,42,not_empty,next_token
A_0038,A,STEP2,BC,1,-0.8981232643127441,-0.5231232643127441,0.4073334038257599,0.5926665663719177,-0.8998246192932129,-0.5248246192932129,0.5926665663719177,1,1,"{""A"": ""size"", ""B"": ""orientation"", ""C"": ""position"", ""D"": ""color""}",/mnt/tidalfs-hssh01/dataset/xiang/models/Qwen2.5-VL-7B-Instruct,42,not_empty,next_token
A_0038,A,STEP2,BD,1,-0.9740769863128662,-0.4740769863128662,0.3775406777858734,0.622459352016449,-0.9755487442016602,-0.47554874420166016,0.622459352016449,1,1,"{""A"": ""size"", ""B"": ""orientation"", ""C"": ""position"", ""D"": ""color""}",/mnt/tidalfs-hssh01/dataset/xiang/models/Qwen2.5-VL-7B-Instruct,42,not_empty,next_token
A_0038,A,STEP2,CD,1,-0.825939416885376,-0.575939416885376,0.43782350420951843,0.562176525592804,-0.826636791229248,-0.576636791229248,0.562176525592804,1,1,"{""A"": ""size"", ""B"": ""orientation"", ""C"": ""position"", ""D"": ""color""}",/mnt/tidalfs-hssh01/dataset/xiang/models/Qwen2.5-VL-7B-Instruct,42,not_empty,next_token
A_0038,A,STEP2,ABC,1,-0.825939416885376,-0.575939416885376,0.43782350420951843,0.562176525592804,-0.8265563249588013,-0.5765563249588013,0.562176525592804,1,1,"{""A"": ""size"", ""B"": ""orientation"", ""C"": ""position"", ""D"": ""color""}",/mnt/tidalfs-hssh01/dataset/xiang/models/Qwen2.5-VL-7B-Instruct,42,not_empty,next_token
A_0038,A,STEP2,ABD,1,-0.9740769863128662,-0.4740769863128662,0.3775406777858734,0.622459352016449,-0.9746168851852417,-0.4746168851852417,0.622459352016449,1,1,"{""A"": ""size"", ""B"": ""orientation"", ""C"": ""position"", ""D"": ""color""}",/mnt/tidalfs-hssh01/dataset/xiang/models/Qwen2.5-VL-7B-Instruct,42,not_empty,next_token
A_0038,A,STEP2,ACD,1,-0.7575989961624146,-0.6325989961624146,0.4687906503677368,0.531209409236908,-0.7579054236412048,-0.6329054236412048,0.531209409236908,1,1,"{""A"": ""size"", ""B"": ""orientation"", ""C"": ""position"", ""D"": ""color""}",/mnt/tidalfs-hssh01/dataset/xiang/models/Qwen2.5-VL-7B-Instruct,42,not_empty,next_token
A_0038,A,STEP2,BCD,1,-0.8981232643127441,-0.5231232643127441,0.4073334038257599,0.5926665663719177,-0.8990380764007568,-0.5240380764007568,0.5926665663719177,1,1,"{""A"": ""size"", ""B"": ""orientation"", ""C"": ""position"", ""D"": ""color""}",/mnt/tidalfs-hssh01/dataset/xiang/models/Qwen2.5-VL-7B-Instruct,42,not_empty,next_token
A_0038,A,STEP2,ABCD,1,-0.7575989961624146,-0.6325989961624146,0.4687906503677368,0.531209409236908,-0.7581573724746704,-0.6331573724746704,0.531209409236908,1,1,"{""A"": ""size"", ""B"": ""orientation"", ""C"": ""position"", ""D"": ""color""}",/mnt/tidalfs-hssh01/dataset/xiang/models/Qwen2.5-VL-7B-Instruct,42,not_empty,next_token
A_0038,A,FINAL,EMPTY,1,-0.7575989961624146,-0.6325989961624146,0.4687906503677368,0.531209409236908,-1.0674777030944824,-0.9424777030944824,0.531209409236908,1,1,"{""A"": ""size"", ""B"": ""orientation"", ""C"": ""position"", ""D"": ""color""}",/mnt/tidalfs-hssh01/dataset/xiang/models/Qwen2.5-VL-7B-Instruct,42,text_only,next_token
A_0038,A,FINAL,A,1,-0.8981232643127441,-0.5231232643127441,0.4073334038257599,0.5926665663719177,-0.9128466844558716,-0.5378466844558716,0.5926665663719177,1,1,"{""A"": ""size"", ""B"": ""orientation"", ""C"": ""position"", ""D"": ""color""}",/mnt/tidalfs-hssh01/dataset/xiang/models/Qwen2.5-VL-7B-Instruct,42,not_empty,next_token
A_0038,A,FINAL,B,1,-0.9740769863128662,-0.4740769863128662,0.3775406777858734,0.622459352016449,-1.0059685707092285,-0.5059685707092285,0.622459352016449,1,1,"{""A"": ""size"", ""B"": ""orientation"", ""C"": ""position"", ""D"": ""color""}",/mnt/tidalfs-hssh01/dataset/xiang/models/Qwen2.5-VL-7B-Instruct,42,not_empty,next_token
A_0038,A,FINAL,C,1,-0.7575989961624146,-0.6325989961624146,0.4687906503677368,0.531209409236908,-0.7881191968917847,-0.6631191968917847,0.531209409236908,1,1,"{""A"": ""size"", ""B"": ""orientation"", ""C"": ""position"", ""D"": ""color""}",/mnt/tidalfs-hssh01/dataset/xiang/models/Qwen2.5-VL-7B-Instruct,42,not_empty,next_token
A_0038,A,FINAL,D,1,-0.825939416885376,-0.575939416885376,0.43782350420951843,0.562176525592804,-0.8468918800354004,-0.5968918800354004,0.562176525592804,1,1,"{""A"": ""size"", ""B"": ""orientation"", ""C"": ""position"", ""D"": ""color""}",/mnt/tidalfs-hssh01/dataset/xiang/models/Qwen2.5-VL-7B-Instruct,42,not_empty,next_token
A_0038,A,FINAL,AB,1,-0.6931471824645996,-0.6931471824645996,0.5,0.5,-0.6953505873680115,-0.6953505873680115,0.5,0,0,"{""A"": ""size"", ""B"": ""orientation"", ""C"": ""position"", ""D"": ""color""}",/mnt/tidalfs-hssh01/dataset/xiang/models/Qwen2.5-VL-7B-Instruct,42,not_empty,next_token
A_0038,A,FINAL,AC,1,-0.825939416885376,-0.575939416885376,0.43782350420951843,0.562176525592804,-0.827049732208252,-0.577049732208252,0.562176525592804,1,1,"{""A"": ""size"", ""B"": ""orientation"", ""C"": ""position"", ""D"": ""color""}",/mnt/tidalfs-hssh01/dataset/xiang/models/Qwen2.5-VL-7B-Instruct,42,not_empty,next_token
A_0038,A,FINAL,AD,1,-0.7575989961624146,-0.6325989961624146,0.4687906503677368,0.531209409236908,-0.7601379752159119,-0.6351379752159119,0.531209409236908,1,1,"{""A"": ""size"", ""B"": ""orientation"", ""C"": ""position"", ""D"": ""color""}",/mnt/tidalfs-hssh01/dataset/xiang/models/Qwen2.5-VL-7B-Instruct,42,not_empty,next_token
A_0038,A,FINAL,BC,1,-0.7575989961624146,-0.6325989961624146,0.4687906503677368,0.531209409236908,-0.7726367712020874,-0.6476367712020874,0.531209409236908,1,1,"{""A"": ""size"", ""B"": ""orientation"", ""C"": ""position"", ""D"": ""color""}",/mnt/tidalfs-hssh01/dataset/xiang/models/Qwen2.5-VL-7B-Instruct,42,not_empty,next_token
A_0038,A,FINAL,BD,1,-0.825939416885376,-0.575939416885376,0.43782350420951843,0.562176525592804,-0.8356859087944031,-0.5856859087944031,0.562176525592804,1,1,"{""A"": ""size"", ""B"": ""orientation"", ""C"": ""position"", ""D"": ""color""}",/mnt/tidalfs-hssh01/dataset/xiang/models/Qwen2.5-VL-7B-Instruct,42,not_empty,next_token
A_0038,A,FINAL,CD,1,-0.7575989961624146,-0.6325989961624146,0.4687906503677368,0.531209409236908,-0.7636268138885498,-0.6386268138885498,0.531209409236908,1,1,"{""A"": ""size"", ""B"": ""orientation"", ""C"": ""position"", ""D"": ""color""}",/mnt/tidalfs-hssh01/dataset/xiang/models/Qwen2.5-VL-7B-Instruct,42,not_empty,next_token
A_0038,A,FINAL,ABC,1,-0.825939416885376,-0.575939416885376,0.43782350420951843,0.562176525592804,-0.8284479379653931,-0.5784479379653931,0.562176525592804,1,1,"{""A"": ""size"", ""B"": ""orientation"", ""C"": ""position"", ""D"": ""color""}",/mnt/tidalfs-hssh01/dataset/xiang/models/Qwen2.5-VL-7B-Instruct,42,not_empty,next_token
A_0038,A,FINAL,ABD,1,-0.7575989961624146,-0.6325989961624146,0.4687906503677368,0.531209409236908,-0.7594088912010193,-0.6344088912010193,0.531209409236908,1,1,"{""A"": ""size"", ""B"": ""orientation"", ""C"": ""position"", ""D"": ""color""}",/mnt/tidalfs-hssh01/dataset/xiang/models/Qwen2.5-VL-7B-Instruct,42,not_empty,next_token
A_0038,A,FINAL,ACD,1,-0.825939416885376,-0.575939416885376,0.43782350420951843,0.562176525592804,-0.8268327116966248,-0.5768327116966248,0.562176525592804,1,1,"{""A"": ""size"", ""B"": ""orientation"", ""C"": ""position"", ""D"": ""color""}",/mnt/tidalfs-hssh01/dataset/xiang/models/Qwen2.5-VL-7B-Instruct,42,not_empty,next_token
A_0038,A,FINAL,BCD,1,-0.825939416885376,-0.575939416885376,0.43782350420951843,0.562176525592804,-0.8313383460044861,-0.5813383460044861,0.562176525592804,1,1,"{""A"": ""size"", ""B"": ""orientation"", ""C"": ""position"", ""D"": ""color""}",/mnt/tidalfs-hssh01/dataset/xiang/models/Qwen2.5-VL-7B-Instruct,42,not_empty,next_token
A_0038,A,FINAL,ABCD,1,-0.825939416885376,-0.575939416885376,0.43782350420951843,0.562176525592804,-0.8274828791618347,-0.5774828791618347,0.562176525592804,1,1,"{""A"": ""size"", ""B"": ""orientation"", ""C"": ""position"", ""D"": ""color""}",/mnt/tidalfs-hssh01/dataset/xiang/models/Qwen2.5-VL-7B-Instruct,42,not_empty,next_token
A_0046,A,STEP1,EMPTY,1,-0.6931471824645996,-0.6931471824645996,0.5,0.5,-0.819155216217041,-0.819155216217041,0.5,0,0,"{""A"": ""size"", ""B"": ""orientation"", ""C"": ""position"", ""D"": ""color""}",/mnt/tidalfs-hssh01/dataset/xiang/models/Qwen2.5-VL-7B-Instruct,42,text_only,next_token
A_0046,A,STEP1,A,1,-0.8981232643127441,-0.5231232643127441,0.4073334038257599,0.5926665663719177,-0.9000336527824402,-0.5250336527824402,0.5926665663719177,1,1,"{""A"": ""size"", ""B"": ""orientation"", ""C"": ""position"", ""D"": ""color""}",/mnt/tidalfs-hssh01/dataset/xiang/models/Qwen2.5-VL-7B-Instruct,42,not_empty,next_token
A_0046,A,STEP1,B,1,-1.4061501026153564,-0.28115010261535645,0.24508503079414368,0.7549149990081787,-1.408461093902588,-0.28346115350723267,0.7549149990081787,1,1,"{""A"": ""size"", ""B"": ""orientation"", ""C"": ""position"", ""D"": ""color""}",/mnt/tidalfs-hssh01/dataset/xiang/models/Qwen2.5-VL-7B-Instruct,42,not_empty,next_token
A_0046,A,STEP1,C,1,-0.6325989961624146,-0.7575989961624146,0.531209409236908,0.4687906503677368,-0.6354181170463562,-0.7604181170463562,0.4687906503677368,0,0,"{""A"": ""size"", ""B"": ""orientation"", ""C"": ""position"", ""D"": ""color""}",/mnt/tidalfs-hssh01/dataset/xiang/models/Qwen2.5-VL-7B-Instruct,42,not_empty,next_token
A_0046,A,STEP1,D,1,-0.825939416885376,-0.575939416885376,0.43782350420951843,0.562176525592804,-0.8284756541252136,-0.5784756541252136,0.562176525592804,1,1,"{""A"": ""size"", ""B"": ""orientation"", ""C"": ""position"", ""D"": ""color""}",/mnt/tidalfs-hssh01/dataset/xiang/models/Qwen2.5-VL-7B-Instruct,42,not_empty,next_token
A_0046,A,STEP1,AB,1,-0.8981232643127441,-0.5231232643127441,0.4073334038257599,0.5926665663719177,-0.8988406658172607,-0.5238406658172607,0.5926665663719177,1,1,"{""A"": ""size"", ""B"": ""orientation"", ""C"": ""position"", ""D"": ""color""}",/mnt/tidalfs-hssh01/dataset/xiang/models/Qwen2.5-VL-7B-Instruct,42,not_empty,next_token
A_0046,A,STEP1,AC,1,-0.7575989961624146,-0.6325989961624146,0.4687906503677368,0.531209409236908,-0.7581598162651062,-0.6331598162651062,0.531209409236908,1,1,"{""A"": ""size"", ""B"": ""orientation"", ""C"": ""position"", ""D"": ""color""}",/mnt/tidalfs-hssh01/dataset/xiang/models/Qwen2.5-VL-7B-Instruct,42,not_empty,next_token
A_0046,A,STEP1,AD,1,-0.825939416885376,-0.575939416885376,0.43782350420951843,0.562176525592804,-0.8267261981964111,-0.5767261981964111,0.562176525592804,1,1,"{""A"": ""size"", ""B"": ""orientation"", ""C"": ""position"", ""D"": ""color""}",/mnt/tidalfs-hssh01/dataset/xiang/models/Qwen2.5-VL-7B-Instruct,42,not_empty,next_token
A_0046,A,STEP1,BC,1,-1.7014133930206299,-0.2014133334159851,0.18242549896240234,0.8175744414329529,-1.70206880569458,-0.20206885039806366,0.8175744414329529,1,1,"{""A"": ""size"", ""B"": ""orientation"", ""C"": ""position"", ""D"": ""color""}",/mnt/tidalfs-hssh01/dataset/xiang/models/Qwen2.5-VL-7B-Instruct,42,not_empty,next_token
A_0046,A,STEP1,BD,1,-1.5019290447235107,-0.25192904472351074,0.22270016372203827,0.7772998809814453,-1.5025379657745361,-0.2525380253791809,0.7772998809814453,1,1,"{""A"": ""size"", ""B"": ""orientation"", ""C"": ""position"", ""D"": ""color""}",/mnt/tidalfs-hssh01/dataset/xiang/models/Qwen2.5-VL-7B-Instruct,42,not_empty,next_token
A_0046,A,STEP1,CD,1,-0.6931471824645996,-0.6931471824645996,0.5,0.5,-0.6938310861587524,-0.6938310861587524,0.5,0,0,"{""A"": ""size"", ""B"": ""orientation"", ""C"": ""position"", ""D"": ""color""}",/mnt/tidalfs-hssh01/dataset/xiang/models/Qwen2.5-VL-7B-Instruct,42,not_empty,next_token
A_0046,A,STEP1,ABC,1,-0.9740769863128662,-0.4740769863128662,0.3775406777858734,0.622459352016449,-0.9744132161140442,-0.4744132161140442,0.622459352016449,1,1,"{""A"": ""size"", ""B"": ""orientation"", ""C"": ""position"", ""D"": ""color""}",/mnt/tidalfs-hssh01/dataset/xiang/models/Qwen2.5-VL-7B-Instruct,42,not_empty,next_token
A_0046,A,STEP1,ABD,1,-0.825939416885376,-0.575939416885376,0.43782350420951843,0.562176525592804,-0.8263271450996399,-0.5763271450996399,0.562176525592804,1,1,"{""A"": ""size"", ""B"": ""orientation"", ""C"": ""position"", ""D"": ""color""}",/mnt/tidalfs-hssh01/dataset/xiang/models/Qwen2.5-VL-7B-Instruct,42,not_empty,next_token
A_0046,A,STEP1,ACD,1,-0.825939416885376,-0.575939416885376,0.43782350420951843,0.562176525592804,-0.8261727690696716,-0.5761727690696716,0.562176525592804,1,1,"{""A"": ""size"", ""B"": ""orientation"", ""C"": ""position"", ""D"": ""color""}",/mnt/tidalfs-hssh01/dataset/xiang/models/Qwen2.5-VL-7B-Instruct,42,not_empty,next_token
A_0046,A,STEP1,BCD,1,-1.6004126071929932,-0.22541262209415436,0.2018132209777832,0.7981867790222168,-1.6007111072540283,-0.22571107745170593,0.7981867790222168,1,1,"{""A"": ""size"", ""B"": ""orientation"", ""C"": ""position"", ""D"": ""color""}",/mnt/tidalfs-hssh01/dataset/xiang/models/Qwen2.5-VL-7B-Instruct,42,not_empty,next_token
A_0046,A,STEP1,ABCD,1,-0.9740769863128662,-0.4740769863128662,0.3775406777858734,0.622459352016449,-0.9743196964263916,-0.4743196964263916,0.622459352016449,1,1,"{""A"": ""size"", ""B"": ""orientation"", ""C"": ""position"", ""D"": ""color""}",/mnt/tidalfs-hssh01/dataset/xiang/models/Qwen2.5-VL-7B-Instruct,42,not_empty,next_token
A_0046,A,STEP2,EMPTY,0,-1.2234445810317993,-0.3484445810317993,0.29421499371528625,0.7057850360870361,-1.2687973976135254,-0.393797367811203,0.29421499371528625,1,0,"{""A"": ""size"", ""B"": ""orientation"", ""C"": ""position"", ""D"": ""color""}",/mnt/tidalfs-hssh01/dataset/xiang/models/Qwen2.5-VL-7B-Instruct,42,text_only,next_token
A_0046,A,STEP2,A,0,-1.1368709802627563,-0.38687101006507874,0.3208213150501251,0.6791786551475525,-1.137786865234375,-0.387786865234375,0.3208213150501251,1,0,"{""A"": ""size"", ""B"": ""orientation"", ""C"": ""position"", ""D"": ""color""}",/mnt/tidalfs-hssh01/dataset/xiang/models/Qwen2.5-VL-7B-Instruct,42,not_empty,next_token
A_0046,A,STEP2,B,0,-0.9740769863128662,-0.4740769863128662,0.3775406777858734,0.622459352016449,-0.9773802757263184,-0.47738030552864075,0.3775406777858734,1,0,"{""A"": ""size"", ""B"": ""orientation"", ""C"": ""position"", ""D"": ""color""}",/mnt/tidalfs-hssh01/dataset/xiang/models/Qwen2.5-VL-7B-Instruct,42,not_empty,next_token
A_0046,A,STEP2,C,0,-0.825939416885376,-0.575939416885376,0.43782350420951843,0.562176525592804,-0.8279662728309631,-0.5779662728309631,0.43782350420951843,1,0,"{""A"": ""size"", ""B"": ""orientation"", ""C"": ""position"", ""D"": ""color""}",/mnt/tidalfs-hssh01/dataset/xiang/models/Qwen2.5-VL-7B-Instruct,42,not_empty,next_token
A_0046,A,STEP2,D,0,-0.9740769863128662,-0.4740769863128662,0.3775406777858734,0.622459352016449,-0.9760007858276367,-0.4760007858276367,0.3775406777858734,1,0,"{""A"": ""size"", ""B"": ""orientation"", ""C"": ""position"", ""D"": ""color""}",/mnt/tidalfs-hssh01/dataset/xiang/models/Qwen2.5-VL-7B-Instruct,42,not_empty,next_token
A_0046,A,STEP2,AB,0,-0.825939416885376,-0.575939416885376,0.43782350420951843,0.562176525592804,-0.8274083137512207,-0.5774083137512207,0.43782350420951843,1,0,"{""A"": ""size"", ""B"": ""orientation"", ""C"": ""position"", ""D"": ""color""}",/mnt/tidalfs-hssh01/dataset/xiang/models/Qwen2.5-VL-7B-Instruct,42,not_empty,next_token
A_0046,A,STEP2,AC,0,-1.4061501026153564,-0.28115010261535645,0.24508503079414368,0.7549149990081787,-1.4065072536468506,-0.28150731325149536,0.24508503079414368,1,0,"{""A"": ""size"", ""B"": ""orientation"", ""C"": ""position"", ""D"": ""color""}",/mnt/tidalfs-hssh01/dataset/xiang/models/Qwen2.5-VL-7B-Instruct,42,not_empty,next_token
A_0046,A,STEP2,AD,0,-1.0537006855010986,-0.42870065569877625,0.3486451208591461,0.6513548493385315,-1.0546340942382812,-0.42963409423828125,0.3486451208591461,1,0,"{""A"": ""size"", ""B"": ""orientation"", ""C"": ""position"", ""D"": ""color""}",/mnt/tidalfs-hssh01/dataset/xiang/models/Qwen2.5-VL-7B-Instruct,42,not_empty,next_token
A_0046,A,STEP2,BC,0,-0.8981232643127441,-0.5231232643127441,0.4073334038257599,0.5926665663719177,-0.8998246192932129,-0.5248246192932129,0.4073334038257599,1,0,"{""A"": ""size"", ""B"": ""orientation"", ""C"": ""position"", ""D"": ""color""}",/mnt/tidalfs-hssh01/dataset/xiang/models/Qwen2.5-VL-7B-Instruct,42,not_empty,next_token
A_0046,A,STEP2,BD,0,-0.9740769863128662,-0.4740769863128662,0.3775406777858734,0.622459352016449,-0.9757431745529175,-0.4757431745529175,0.3775406777858734,1,0,"{""A"": ""size"", ""B"": ""orientation"", ""C"": ""position"", ""D"": ""color""}",/mnt/tidalfs-hssh01/dataset/xiang/models/Qwen2.5-VL-7B-Instruct,42,not_empty,next_token
A_0046,A,STEP2,CD,0,-0.825939416885376,-0.575939416885376,0.43782350420951843,0.562176525592804,-0.8264979720115662,-0.5764979720115662,0.43782350420951843,1,0,"{""A"": ""size"", ""B"": ""orientation"", ""C"": ""position"", ""D"": ""color""}",/mnt/tidalfs-hssh01/dataset/xiang/models/Qwen2.5-VL-7B-Instruct,42,not_empty,next_token
A_0046,A,STEP2,ABC,0,-1.0537006855010986,-0.42870065569877625,0.3486451208591461,0.6513548493385315,-1.0545928478240967,-0.4295928180217743,0.3486451208591461,1,0,"{""A"": ""size"", ""B"": ""orientation"", ""C"": ""position"", ""D"": ""color""}",/mnt/tidalfs-hssh01/dataset/xiang/models/Qwen2.5-VL-7B-Instruct,42,not_empty,next_token
A_0046,A,STEP2,ABD,0,-0.9740769863128662,-0.4740769863128662,0.3775406777858734,0.622459352016449,-0.9748314023017883,-0.47483140230178833,0.3775406777858734,1,0,"{""A"": ""size"", ""B"": ""orientation"", ""C"": ""position"", ""D"": ""color""}",/mnt/tidalfs-hssh01/dataset/xiang/models/Qwen2.5-VL-7B-Instruct,42,not_empty,next_token
A_0046,A,STEP2,ACD,0,-1.2234445810317993,-0.3484445810317993,0.29421499371528625,0.7057850360870361,-1.223748803138733,-0.3487488329410553,0.29421499371528625,1,0,"{""A"": ""size"", ""B"": ""orientation"", ""C"": ""position"", ""D"": ""color""}",/mnt/tidalfs-hssh01/dataset/xiang/models/Qwen2.5-VL-7B-Instruct,42,not_empty,next_token
A_0046,A,STEP2,BCD,0,-0.8981232643127441,-0.5231232643127441,0.4073334038257599,0.5926665663719177,-0.8991122841835022,-0.5241122841835022,0.4073334038257599,1,0,"{""A"": ""size"", ""B"": ""orientation"", ""C"": ""position"", ""D"": ""color""}",/mnt/tidalfs-hssh01/dataset/xiang/models/Qwen2.5-VL-7B-Instruct,42,not_empty,next_token
A_0046,A,STEP2,ABCD,0,-1.0537006855010986,-0.42870065569877625,0.3486451208591461,0.6513548493385315,-1.0544415712356567,-0.4294416010379791,0.3486451208591461,1,0,"{""A"": ""size"", ""B"": ""orientation"", ""C"": ""position"", ""D"": ""color""}",/mnt/tidalfs-hssh01/dataset/xiang/models/Qwen2.5-VL-7B-Instruct,42,not_empty,next_token
A_0046,A,FINAL,EMPTY,1,-0.7575989961624146,-0.6325989961624146,0.4687906503677368,0.531209409236908,-1.0674777030944824,-0.9424777030944824,0.531209409236908,1,1,"{""A"": ""size"", ""B"": ""orientation"", ""C"": ""position"", ""D"": ""color""}",/mnt/tidalfs-hssh01/dataset/xiang/models/Qwen2.5-VL-7B-Instruct,42,text_only,next_token
A_0046,A,FINAL,A,1,-0.8981232643127441,-0.5231232643127441,0.4073334038257599,0.5926665663719177,-0.9146147966384888,-0.5396147966384888,0.5926665663719177,1,1,"{""A"": ""size"", ""B"": ""orientation"", ""C"": ""position"", ""D"": ""color""}",/mnt/tidalfs-hssh01/dataset/xiang/models/Qwen2.5-VL-7B-Instruct,42,not_empty,next_token
A_0046,A,FINAL,B,1,-0.9740769863128662,-0.4740769863128662,0.3775406777858734,0.622459352016449,-1.0059685707092285,-0.5059685707092285,0.622459352016449,1,1,"{""A"": ""size"", ""B"": ""orientation"", ""C"": ""position"", ""D"": ""color""}",/mnt/tidalfs-hssh01/dataset/xiang/models/Qwen2.5-VL-7B-Instruct,42,not_empty,next_token
A_0046,A,FINAL,C,1,-0.7575989961624146,-0.6325989961624146,0.4687906503677368,0.531209409236908,-0.7881191968917847,-0.6631191968917847,0.531209409236908,1,1,"{""A"": ""size"", ""B"": ""orientation"", ""C"": ""position"", ""D"": ""color""}",/mnt/tidalfs-hssh01/dataset/xiang/models/Qwen2.5-VL-7B-Instruct,42,not_empty,next_token
A_0046,A,FINAL,D,1,-0.825939416885376,-0.575939416885376,0.43782350420951843,0.562176525592804,-0.8437479138374329,-0.5937479138374329,0.562176525592804,1,1,"{""A"": ""size"", ""B"": ""orientation"", ""C"": ""position"", ""D"": ""color""}",/mnt/tidalfs-hssh01/dataset/xiang/models/Qwen2.5-VL-7B-Instruct,42,not_empty,next_token
A_0046,A,FINAL,AB,1,-0.7575989961624146,-0.6325989961624146,0.4687906503677368,0.531209409236908,-0.7627891302108765,-0.6377891302108765,0.531209409236908,1,1,"{""A"": ""size"", ""B"": ""orientation"", ""C"": ""position"", ""D"": ""color""}",/mnt/tidalfs-hssh01/dataset/xiang/models/Qwen2.5-VL-7B-Instruct,42,not_empty,next_token
A_0046,A,FINAL,AC,1,-0.7575989961624146,-0.6325989961624146,0.4687906503677368,0.531209409236908,-0.7593158483505249,-0.6343158483505249,0.531209409236908,1,1,"{""A"": ""size"", ""B"": ""orientation"", ""C"": ""position"", ""D"": ""color""}",/mnt/tidalfs-hssh01/dataset/xiang/models/Qwen2.5-VL-7B-Instruct,42,not_empty,next_token
A_0046,A,FINAL,AD,1,-0.825939416885376,-0.575939416885376,0.43782350420951843,0.562176525592804,-0.8289813995361328,-0.5789813995361328,0.562176525592804,1,1,"{""A"": ""size"", ""B"": ""orientation"", ""C"": ""position"", ""D"": ""color""}",/mnt/tidalfs-hssh01/dataset/xiang/models/Qwen2.5-VL-7B-Instruct,42,not_empty,next_token
A_0046,A,FINAL,BC,1,-0.7575989961624146,-0.6325989961624146,0.4687906503677368,0.531209409236908,-0.7726367712020874,-0.6476367712020874,0.531209409236908,1,1,"{""A"": ""size"", ""B"": ""orientation"", ""C"": ""position"", ""D"": ""color""}",/mnt/tidalfs-hssh01/dataset/xiang/models/Qwen2.5-VL-7B-Instruct,42,not_empty,next_token
A_0046,A,FINAL,BD,1,-0.8981232643127441,-0.5231232643127441,0.4073334038257599,0.5926665663719177,-0.904366672039032,-0.529366672039032,0.5926665663719177,1,1,"{""A"": ""size"", ""B"": ""orientation"", ""C"": ""position"", ""D"": ""color""}",/mnt/tidalfs-hssh01/dataset/xiang/models/Qwen2.5-VL-7B-Instruct,42,not_empty,next_token
A_0046,A,FINAL,CD,1,-0.825939416885376,-0.575939416885376,0.43782350420951843,0.562176525592804,-0.8307905197143555,-0.5807905197143555,0.562176525592804,1,1,"{""A"": ""size"", ""B"": ""orientation"", ""C"": ""position"", ""D"": ""color""}",/mnt/tidalfs-hssh01/dataset/xiang/models/Qwen2.5-VL-7B-Instruct,42,not_empty,next_token
A_0046,A,FINAL,ABC,1,-0.7575989961624146,-0.6325989961624146,0.4687906503677368,0.531209409236908,-0.7614649534225464,-0.6364649534225464,0.531209409236908,1,1,"{""A"": ""size"", ""B"": ""orientation"", ""C"": ""position"", ""D"": ""color""}",/mnt/tidalfs-hssh01/dataset/xiang/models/Qwen2.5-VL-7B-Instruct,42,not_empty,next_token
A_0046,A,FINAL,ABD,1,-0.7575989961624146,-0.6325989961624146,0.4687906503677368,0.531209409236908,-0.7604308128356934,-0.6354308128356934,0.531209409236908,1,1,"{""A"": ""size"", ""B"": ""orientation"", ""C"": ""position"", ""D"": ""color""}",/mnt/tidalfs-hssh01/dataset/xiang/models/Qwen2.5-VL-7B-Instruct,42,not_empty,next_token
A_0046,A,FINAL,ACD,1,-0.825939416885376,-0.575939416885376,0.43782350420951843,0.562176525592804,-0.8276845216751099,-0.5776845216751099,0.562176525592804,1,1,"{""A"": ""size"", ""B"": ""orientation"", ""C"": ""position"", ""D"": ""color""}",/mnt/tidalfs-hssh01/dataset/xiang/models/Qwen2.5-VL-7B-Instruct,42,not_empty,next_token
A_0046,A,FINAL,BCD,1,-0.8981232643127441,-0.5231232643127441,0.4073334038257599,0.5926665663719177,-0.9024547338485718,-0.5274547338485718,0.5926665663719177,1,1,"{""A"": ""size"", ""B"": ""orientation"", ""C"": ""position"", ""D"": ""color""}",/mnt/tidalfs-hssh01/dataset/xiang/models/Qwen2.5-VL-7B-Instruct,42,not_empty,next_token
A_0046,A,FINAL,ABCD,1,-0.825939416885376,-0.575939416885376,0.43782350420951843,0.562176525592804,-0.8295929431915283,-0.5795929431915283,0.562176525592804,1,1,"{""A"": ""size"", ""B"": ""orientation"", ""C"": ""position"", ""D"": ""color""}",/mnt/tidalfs-hssh01/dataset/xiang/models/Qwen2.5-VL-7B-Instruct,42,not_empty,next_token
A_0054,A,STEP1,EMPTY,1,-0.7575989961624146,-0.6325989961624146,0.4687906503677368,0.531209409236908,-0.8536394238471985,-0.7286394238471985,0.531209409236908,1,1,"{""A"": ""orientation"", ""B"": ""position"", ""C"": ""color"", ""D"": ""size""}",/mnt/tidalfs-hssh01/dataset/xiang/models/Qwen2.5-VL-7B-Instruct,42,text_only,next_token
A_0054,A,STEP1,A,1,-1.2234444618225098,-0.3484445810317993,0.29421502351760864,0.7057850360870361,-1.2252774238586426,-0.35027748346328735,0.7057850360870361,1,1,"{""A"": ""orientation"", ""B"": ""position"", ""C"": ""color"", ""D"": ""size""}",/mnt/tidalfs-hssh01/dataset/xiang/models/Qwen2.5-VL-7B-Instruct,42,not_empty,next_token
A_0054,A,STEP1,B,1,-0.825939416885376,-0.575939416885376,0.43782350420951843,0.562176525592804,-0.8280855417251587,-0.5780855417251587,0.562176525592804,1,1,"{""A"": ""orientation"", ""B"": ""position"", ""C"": ""color"", ""D"": ""size""}",/mnt/tidalfs-hssh01/dataset/xiang/models/Qwen2.5-VL-7B-Instruct,42,not_empty,next_token
A_0054,A,STEP1,C,1,-0.825939416885376,-0.575939416885376,0.43782350420951843,0.562176525592804,-0.8315712809562683,-0.5815712809562683,0.562176525592804,1,1,"{""A"": ""orientation"", ""B"": ""position"", ""C"": ""color"", ""D"": ""size""}",/mnt/tidalfs-hssh01/dataset/xiang/models/Qwen2.5-VL-7B-Instruct,42,not_empty,next_token
A_0054,A,STEP1,D,1,-0.8981232643127441,-0.5231232643127441,0.4073334038257599,0.5926665663719177,-0.9012390375137329,-0.5262390375137329,0.5926665663719177,1,1,"{""A"": ""orientation"", ""B"": ""position"", ""C"": ""color"", ""D"": ""size""}",/mnt/tidalfs-hssh01/dataset/xiang/models/Qwen2.5-VL-7B-Instruct,42,not_empty,next_token
A_0054,A,STEP1,AB,1,-1.2234445810317993,-0.3484445810317993,0.29421499371528625,0.7057850360870361,-1.2240090370178223,-0.34900903701782227,0.7057850360870361,1,1,"{""A"": ""orientation"", ""B"": ""position"", ""C"": ""color"", ""D"": ""size""}",/mnt/tidalfs-hssh01/dataset/xiang/models/Qwen2.5-VL-7B-Instruct,42,not_empty,next_token
A_0054,A,STEP1,AC,1,-1.2234445810317993,-0.3484445810317993,0.29421499371528625,0.7057850360870361,-1.2239700555801392,-0.3489700257778168,0.7057850360870361,1,1,"{""A"": ""orientation"", ""B"": ""position"", ""C"": ""color"", ""D"": ""size""}",/mnt/tidalfs-hssh01/dataset/xiang/models/Qwen2.5-VL-7B-Instruct,42,not_empty,next_token
A_0054,A,STEP1,AD,1,-1.3132617473602295,-0.3132617473602295,0.26894140243530273,0.7310584783554077,-1.313917636871338,-0.3139176666736603,0.7310584783554077,1,1,"{""A"": ""orientation"", ""B"": ""position"", ""C"": ""color"", ""D"": ""size""}",/mnt/tidalfs-hssh01/dataset/xiang/models/Qwen2.5-VL-7B-Instruct,42,not_empty,next_token
A_0054,A,STEP1,BC,1,-0.825939416885376,-0.575939416885376,0.43782350420951843,0.562176525592804,-0.8263543844223022,-0.5763543844223022,0.562176525592804,1,1,"{""A"": ""orientation"", ""B"": ""position"", ""C"": ""color"", ""D"": ""size""}",/mnt/tidalfs-hssh01/dataset/xiang/models/Qwen2.5-VL-7B-Instruct,42,not_empty,next_token
A_0054,A,STEP1,BD,1,-0.825939416885376,-0.575939416885376,0.43782350420951843,0.562176525592804,-0.8265420794487,-0.5765420794487,0.562176525592804,1,1,"{""A"": ""orientation"", ""B"": ""position"", ""C"": ""color"", ""D"": ""size""}",/mnt/tidalfs-hssh01/dataset/xiang/models/Qwen2.5-VL-7B-Instruct,42,not_empty,next_token
A_0054,A,STEP1,CD,1,-0.8981232643127441,-0.5231232643127441,0.4073334038257599,0.5926665663719177,-0.8987683653831482,-0.5237683653831482,0.5926665663719177,1,1,"{""A"": ""orientation"", ""B"": ""position"", ""C"": ""color"", ""D"": ""size""}",/mnt/tidalfs-hssh01/dataset/xiang/models/Qwen2.5-VL-7B-Instruct,42,not_empty,next_token
A_0054,A,STEP1,ABC,1,-1.2234445810317993,-0.3484445810317993,0.29421499371528625,0.7057850360870361,-1.2238306999206543,-0.3488306701183319,0.7057850360870361,1,1,"{""A"": ""orientation"", ""B"": ""position"", ""C"": ""color"", ""D"": ""size""}",/mnt/tidalfs-hssh01/dataset/xiang/models/Qwen2.5-VL-7B-Instruct,42,not_empty,next_token
A_0054,A,STEP1,ABD,1,-1.2234445810317993,-0.3484445810317993,0.29421499371528625,0.7057850360870361,-1.2238534688949585,-0.3488534688949585,0.7057850360870361,1,1,"{""A"": ""orientation"", ""B"": ""position"", ""C"": ""color"", ""D"": ""size""}",/mnt/tidalfs-hssh01/dataset/xiang/models/Qwen2.5-VL-7B-Instruct,42,not_empty,next_token
A_0054,A,STEP1,ACD,1,-1.4061501026153564,-0.28115010261535645,0.24508503079414368,0.7549149990081787,-1.406430721282959,-0.2814306616783142,0.7549149990081787,1,1,"{""A"": ""orientation"", ""B"": ""position"", ""C"": ""color"", ""D"": ""size""}",/mnt/tidalfs-hssh01/dataset/xiang/models/Qwen2.5-VL-7B-Instruct,42,not_empty,next_token
A_0054,A,STEP1,BCD,1,-0.8981232643127441,-0.5231232643127441,0.4073334038257599,0.5926665663719177,-0.8983252644538879,-0.5233252644538879,0.5926665663719177,1,1,"{""A"": ""orientation"", ""B"": ""position"", ""C"": ""color"", ""D"": ""size""}",/mnt/tidalfs-hssh01/dataset/xiang/models/Qwen2.5-VL-7B-Instruct,42,not_empty,next_token
A_0054,A,STEP1,ABCD,1,-1.3132617473602295,-0.3132617473602295,0.26894140243530273,0.7310584783554077,-1.3134751319885254,-0.3134751319885254,0.7310584783554077,1,1,"{""A"": ""orientation"", ""B"": ""position"", ""C"": ""color"", ""D"": ""size""}",/mnt/tidalfs-hssh01/dataset/xiang/models/Qwen2.5-VL-7B-Instruct,42,not_empty,next_token
A_0054,A,STEP2,EMPTY,0,-1.3132617473602295,-0.3132617473602295,0.26894140243530273,0.7310584783554077,-1.3575432300567627,-0.3575432002544403,0.26894140243530273,1,0,"{""A"": ""orientation"", ""B"": ""position"", ""C"": ""color"", ""D"": ""size""}",/mnt/tidalfs-hssh01/dataset/xiang/models/Qwen2.5-VL-7B-Instruct,42,text_only,next_token
A_0054,A,STEP2,A,0,-1.2234444618225098,-0.3484445810317993,0.29421502351760864,0.7057850360870361,-1.225020408630371,-0.35002046823501587,0.29421502351760864,1,0,"{""A"": ""orientation"", ""B"": ""position"", ""C"": ""color"", ""D"": ""size""}",/mnt/tidalfs-hssh01/dataset/xiang/models/Qwen2.5-VL-7B-Instruct,42,not_empty,next_token
A_0054,A,STEP2,B,0,-1.1368709802627563,-0.38687101006507874,0.3208213150501251,0.6791786551475525,-1.13828706741333,-0.3882870674133301,0.3208213150501251,1,0,"{""A"": ""orientation"", ""B"": ""position"", ""C"": ""color"", ""D"": ""size""}",/mnt/tidalfs-hssh01/dataset/xiang/models/Qwen2.5-VL-7B-Instruct,42,not_empty,next_token
A_0054,A,STEP2,C,0,-1.1368709802627563,-0.38687101006507874,0.3208213150501251,0.6791786551475525,-1.1387856006622314,-0.38878560066223145,0.3208213150501251,1,0,"{""A"": ""orientation"", ""B"": ""position"", ""C"": ""color"", ""D"": ""size""}",/mnt/tidalfs-hssh01/dataset/xiang/models/Qwen2.5-VL-7B-Instruct,42,not_empty,next_token
A_0054,A,STEP2,D,0,-1.3132617473602295,-0.3132617473602295,0.26894140243530273,0.7310584783554077,-1.3144782781600952,-0.3144782781600952,0.26894140243530273,1,0,"{""A"": ""orientation"", ""B"": ""position"", ""C"": ""color"", ""D"": ""size""}",/mnt/tidalfs-hssh01/dataset/xiang/models/Qwen2.5-VL-7B-Instruct,42,not_empty,next_token
A_0054,A,STEP2,AB,0,-1.136871099472046,-0.38687101006507874,0.32082128524780273,0.6791786551475525,-1.1382009983062744,-0.38820093870162964,0.32082128524780273,1,0,"{""A"": ""orientation"", ""B"": ""position"", ""C"": ""color"", ""D"": ""size""}",/mnt/tidalfs-hssh01/dataset/xiang/models/Qwen2.5-VL-7B-Instruct,42,not_empty,next_token
A_0054,A,STEP2,AC,0,-1.4061501026153564,-0.28115010261535645,0.24508503079414368,0.7549149990081787,-1.4065543413162231,-0.28155437111854553,0.24508503079414368,1,0,"{""A"": ""orientation"", ""B"": ""position"", ""C"": ""color"", ""D"": ""size""}",/mnt/tidalfs-hssh01/dataset/xiang/models/Qwen2.5-VL-7B-Instruct,42,not_empty,next_token
A_0054,A,STEP2,AD,0,-1.3132617473602295,-0.3132617473602295,0.26894140243530273,0.7310584783554077,-1.3142383098602295,-0.3142382800579071,0.26894140243530273,1,0,"{""A"": ""orientation"", ""B"": ""position"", ""C"": ""color"", ""D"": ""size""}",/mnt/tidalfs-hssh01/dataset/xiang/models/Qwen2.5-VL-7B-Instruct,42,not_empty,next_token
A_0054,A,STEP2,BC,0,-1.4061501026153564,-0.28115010261535645,0.24508503079414368,0.7549149990081787,-1.4069448709487915,-0.2819448709487915,0.24508503079414368,1,0,"{""A"": ""orientation"", ""B"": ""position"", ""C"": ""color"", ""D"": ""size""}",/mnt/tidalfs-hssh01/dataset/xiang/models/Qwen2.5-VL-7B-Instruct,42,not_empty,next_token
A_0054,A,STEP2,BD,0,-1.136871099472046,-0.38687101006507874,0.32082128524780273,0.6791786551475525,-1.1382524967193604,-0.3882524371147156,0.32082128524780273,1,0,"{""A"": ""orientation"", ""B"": ""position"", ""C"": ""color"", ""D"": ""size""}",/mnt/tidalfs-hssh01/dataset/xiang/models/Qwen2.5-VL-7B-Instruct,42,not_empty,next_token
A_0054,A,STEP2,CD,0,-1.0537006855010986,-0.42870065569877625,0.3486451208591461,0.6513548493385315,-1.054722547531128,-0.42972251772880554,0.3486451208591461,1,0,"{""A"": ""orientation"", ""B"": ""position"", ""C"": ""color"", ""D"": ""size""}",/mnt/tidalfs-hssh01/dataset/xiang/models/Qwen2.5-VL-7B-Instruct,42,not_empty,next_token
A_0054,A,STEP2,ABC,0,-1.3132617473602295,-0.3132617473602295,0.26894140243530273,0.7310584783554077,-1.3140740394592285,-0.31407397985458374,0.26894140243530273,1,0,"{""A"": ""orientation"", ""B"": ""position"", ""C"": ""color"", ""D"": ""size""}",/mnt/tidalfs-hssh01/dataset/xiang/models/Qwen2.5-VL-7B-Instruct,42,not_empty,next_token
A_0054,A,STEP2,ABD,0,-1.1368709802627563,-0.38687101006507874,0.3208213150501251,0.6791786551475525,-1.1375049352645874,-0.3875049352645874,0.3208213150501251,1,0,"{""A"": ""orientation"", ""B"": ""position"", ""C"": ""color"", ""D"": ""size""}",/mnt/tidalfs-hssh01/dataset/xiang/models/Qwen2.5-VL-7B-Instruct,42,not_empty,next_token
A_0054,A,STEP2,ACD,0,-1.3132617473602295,-0.3132617473602295,0.26894140243530273,0.7310584783554077,-1.3135679960250854,-0.31356802582740784,0.26894140243530273,1,0,"{""A"": ""orientation"", ""B"": ""position"", ""C"": ""color"", ""D"": ""size""}",/mnt/tidalfs-hssh01/dataset/xiang/models/Qwen2.5-VL-7B-Instruct,42,not_empty,next_token
A_0054,A,STEP2,BCD,0,-1.2234445810317993,-0.3484445810317993,0.29421499371528625,0.7057850360870361,-1.2238022089004517,-0.3488021790981293,0.29421499371528625,1,0,"{""A"": ""orientation"", ""B"": ""position"", ""C"": ""color"", ""D"": ""size""}",/mnt/tidalfs-hssh01/dataset/xiang/models/Qwen2.5-VL-7B-Instruct,42,not_empty,next_token
A_0054,A,STEP2,ABCD,0,-1.2234445810317993,-0.3484445810317993,0.29421499371528625,0.7057850360870361,-1.2240713834762573,-0.34907135367393494,0.29421499371528625,1,0,"{""A"": ""orientation"", ""B"": ""position"", ""C"": ""color"", ""D"": ""size""}",/mnt/tidalfs-hssh01/dataset/xiang/models/Qwen2.5-VL-7B-Instruct,42,not_empty,next_token
A_0054,A,FINAL,EMPTY,1,-0.8259394764900208,-0.575939416885376,0.43782350420951843,0.562176525592804,-1.1369755268096924,-0.8869754672050476,0.562176525592804,1,1,"{""A"": ""orientation"", ""B"": ""position"", ""C"": ""color"", ""D"": ""size""}",/mnt/tidalfs-hssh01/dataset/xiang/models/Qwen2.5-VL-7B-Instruct,42,text_only,next_token
A_0054,A,FINAL,A,1,-0.9740769863128662,-0.4740769863128662,0.3775406777858734,0.622459352016449,-0.9876799583435059,-0.48767998814582825,0.622459352016449,1,1,"{""A"": ""orientation"", ""B"": ""position"", ""C"": ""color"", ""D"": ""size""}",/mnt/tidalfs-hssh01/dataset/xiang/models/Qwen2.5-VL-7B-Instruct,42,not_empty,next_token
A_0054,A,FINAL,B,1,-0.8981232643127441,-0.5231232643127441,0.4073334038257599,0.5926665663719177,-0.9183915853500366,-0.5433915853500366,0.5926665663719177,1,1,"{""A"": ""orientation"", ""B"": ""position"", ""C"": ""color"", ""D"": ""size""}",/mnt/tidalfs-hssh01/dataset/xiang/models/Qwen2.5-VL-7B-Instruct,42,not_empty,next_token
A_0054,A,FINAL,C,1,-0.8981232643127441,-0.5231232643127441,0.4073334038257599,0.5926665663719177,-0.9063037633895874,-0.5313037633895874,0.5926665663719177,1,1,"{""A"": ""orientation"", ""B"": ""position"", ""C"": ""color"", ""D"": ""size""}",/mnt/tidalfs-hssh01/dataset/xiang/models/Qwen2.5-VL-7B-Instruct,42,not_empty,next_token
A_0054,A,FINAL,D,1,-0.9740769863128662,-0.4740769863128662,0.3775406777858734,0.622459352016449,-0.9890617728233337,-0.48906177282333374,0.622459352016449,1,1,"{""A"": ""orientation"", ""B"": ""position"", ""C"": ""color"", ""D"": ""size""}",/mnt/tidalfs-hssh01/dataset/xiang/models/Qwen2.5-VL-7B-Instruct,42,not_empty,next_token
A_0054,A,FINAL,AB,1,-0.8981232643127441,-0.5231232643127441,0.4073334038257599,0.5926665663719177,-0.9020019769668579,-0.5270019769668579,0.5926665663719177,1,1,"{""A"": ""orientation"", ""B"": ""position"", ""C"": ""color"", ""D"": ""size""}",/mnt/tidalfs-hssh01/dataset/xiang/models/Qwen2.5-VL-7B-Instruct,42,not_empty,next_token
A_0054,A,FINAL,AC,1,-0.8981232643127441,-0.5231232643127441,0.4073334038257599,0.5926665663719177,-0.8995979428291321,-0.5245979428291321,0.5926665663719177,1,1,"{""A"": ""orientation"", ""B"": ""position"", ""C"": ""color"", ""D"": ""size""}",/mnt/tidalfs-hssh01/dataset/xiang/models/Qwen2.5-VL-7B-Instruct,42,not_empty,next_token
A_0054,A,FINAL,AD,1,-0.9740769863128662,-0.4740769863128662,0.3775406777858734,0.622459352016449,-0.9772599935531616,-0.4772599935531616,0.622459352016449,1,1,"{""A"": ""orientation"", ""B"": ""position"", ""C"": ""color"", ""D"": ""size""}",/mnt/tidalfs-hssh01/dataset/xiang/models/Qwen2.5-VL-7B-Instruct,42,not_empty,next_token
A_0054,A,FINAL,BC,1,-0.825939416885376,-0.575939416885376,0.43782350420951843,0.562176525592804,-0.8288818597793579,-0.5788818597793579,0.562176525592804,1,1,"{""A"": ""orientation"", ""B"": ""position"", ""C"": ""color"", ""D"": ""size""}",/mnt/tidalfs-hssh01/dataset/xiang/models/Qwen2.5-VL-7B-Instruct,42,not_empty,next_token
A_0054,A,FINAL,BD,1,-0.8981232643127441,-0.5231232643127441,0.4073334038257599,0.5926665663719177,-0.9015244245529175,-0.5265244245529175,0.5926665663719177,1,1,"{""A"": ""orientation"", ""B"": ""position"", ""C"": ""color"", ""D"": ""size""}",/mnt/tidalfs-hssh01/dataset/xiang/models/Qwen2.5-VL-7B-Instruct,42,not_empty,next_token
A_0054,A,FINAL,CD,1,-0.825939416885376,-0.575939416885376,0.43782350420951843,0.562176525592804,-0.8281992077827454,-0.5781992077827454,0.562176525592804,1,1,"{""A"": ""orientation"", ""B"": ""position"", ""C"": ""color"", ""D"": ""size""}",/mnt/tidalfs-hssh01/dataset/xiang/models/Qwen2.5-VL-7B-Instruct,42,not_empty,next_token
A_0054,A,FINAL,ABC,1,-0.8981232643127441,-0.5231232643127441,0.4073334038257599,0.5926665663719177,-0.8999372720718384,-0.5249372720718384,0.5926665663719177,1,1,"{""A"": ""orientation"", ""B"": ""position"", ""C"": ""color"", ""D"": ""size""}",/mnt/tidalfs-hssh01/dataset/xiang/models/Qwen2.5-VL-7B-Instruct,42,not_empty,next_token
A_0054,A,FINAL,ABD,1,-0.8981232643127441,-0.5231232643127441,0.4073334038257599,0.5926665663719177,-0.900155782699585,-0.525155782699585,0.5926665663719177,1,1,"{""A"": ""orientation"", ""B"": ""position"", ""C"": ""color"", ""D"": ""size""}",/mnt/tidalfs-hssh01/dataset/xiang/models/Qwen2.5-VL-7B-Instruct,42,not_empty,next_token
A_0054,A,FINAL,ACD,1,-0.9740769863128662,-0.4740769863128662,0.3775406777858734,0.622459352016449,-0.9749148488044739,-0.4749148488044739,0.622459352016449,1,1,"{""A"": ""orientation"", ""B"": ""position"", ""C"": ""color"", ""D"": ""size""}",/mnt/tidalfs-hssh01/dataset/xiang/models/Qwen2.5-VL-7B-Instruct,42,not_empty,next_token
A_0054,A,FINAL,BCD,1,-0.9740769863128662,-0.4740769863128662,0.3775406777858734,0.622459352016449,-0.9755059480667114,-0.4755059480667114,0.622459352016449,1,1,"{""A"": ""orientation"", ""B"": ""position"", ""C"": ""color"", ""D"": ""size""}",/mnt/tidalfs-hssh01/dataset/xiang/models/Qwen2.5-VL-7B-Instruct,42,not_empty,next_token
A_0054,A,FINAL,ABCD,1,-0.9740769863128662,-0.4740769863128662,0.3775406777858734,0.622459352016449,-0.9756160378456116,-0.4756160378456116,0.622459352016449,1,1,"{""A"": ""orientation"", ""B"": ""position"", ""C"": ""color"", ""D"": ""size""}",/mnt/tidalfs-hssh01/dataset/xiang/models/Qwen2.5-VL-7B-Instruct,42,not_empty,next_token
A_0062,A,STEP1,EMPTY,0,-0.7575989961624146,-0.6325989961624146,0.4687906503677368,0.531209409236908,-0.8536394238471985,-0.7286394238471985,0.4687906503677368,1,0,"{""A"": ""orientation"", ""B"": ""position"", ""C"": ""color"", ""D"": ""size""}",/mnt/tidalfs-hssh01/dataset/xiang/models/Qwen2.5-VL-7B-Instruct,42,text_only,next_token
A_0062,A,STEP1,A,0,-1.2234444618225098,-0.3484445810317993,0.29421502351760864,0.7057850360870361,-1.2252774238586426,-0.35027748346328735,0.29421502351760864,1,0,"{""A"": ""orientation"", ""B"": ""position"", ""C"": ""color"", ""D"": ""size""}",/mnt/tidalfs-hssh01/dataset/xiang/models/Qwen2.5-VL-7B-Instruct,42,not_empty,next_token
A_0062,A,STEP1,B,0,-0.825939416885376,-0.575939416885376,0.43782350420951843,0.562176525592804,-0.8280298113822937,-0.5780298113822937,0.43782350420951843,1,0,"{""A"": ""orientation"", ""B"": ""position"", ""C"": ""color"", ""D"": ""size""}",/mnt/tidalfs-hssh01/dataset/xiang/models/Qwen2.5-VL-7B-Instruct,42,not_empty,next_token
A_0062,A,STEP1,C,0,-0.825939416885376,-0.575939416885376,0.43782350420951843,0.562176525592804,-0.8315712809562683,-0.5815712809562683,0.43782350420951843,1,0,"{""A"": ""orientation"", ""B"": ""position"", ""C"": ""color"", ""D"": ""size""}",/mnt/tidalfs-hssh01/dataset/xiang/models/Qwen2.5-VL-7B-Instruct,42,not_empty,next_token
A_0062,A,STEP1,D,0,-0.8981232643127441,-0.5231232643127441,0.4073334038257599,0.5926665663719177,-0.9047233462333679,-0.5297233462333679,0.4073334038257599,1,0,"{""A"": ""orientation"", ""B"": ""position"", ""C"": ""color"", ""D"": ""size""}",/mnt/tidalfs-hssh01/dataset/xiang/models/Qwen2.5-VL-7B-Instruct,42,not_empty,next_token
A_0062,A,STEP1,AB,0,-1.2234447002410889,-0.3484445810317993,0.2942149341106415,0.7057850360870361,-1.2240006923675537,-0.34900063276290894,0.2942149341106415,1,0,"{""A"": ""orientation"", ""B"": ""position"", ""C"": ""color"", ""D"": ""size""}",/mnt/tidalfs-hssh01/dataset/xiang/models/Qwen2.5-VL-7B-Instruct,42,not_empty,next_token
A_0062,A,STEP1,AC,0,-1.2234445810317993,-0.3484445810317993,0.29421499371528625,0.7057850360870361,-1.2239700555801392,-0.3489700257778168,0.29421499371528625,1,0,"{""A"": ""orientation"", ""B"": ""position"", ""C"": ""color"", ""D"": ""size""}",/mnt/tidalfs-hssh01/dataset/xiang/models/Qwen2.5-VL-7B-Instruct,42,not_empty,next_token
A_0062,A,STEP1,AD,0,-1.3132617473602295,-0.3132617473602295,0.26894140243530273,0.7310584783554077,-1.314075231552124,-0.3140752911567688,0.26894140243530273,1,0,"{""A"": ""orientation"", ""B"": ""position"", ""C"": ""color"", ""D"": ""size""}",/mnt/tidalfs-hssh01/dataset/xiang/models/Qwen2.5-VL-7B-Instruct,42,not_empty,next_token
A_0062,A,STEP1,BC,0,-0.8981232643127441,-0.5231232643127441,0.4073334038257599,0.5926665663719177,-0.8986964821815491,-0.5236964821815491,0.4073334038257599,1,0,"{""A"": ""orientation"", ""B"": ""position"", ""C"": ""color"", ""D"": ""size""}",/mnt/tidalfs-hssh01/dataset/xiang/models/Qwen2.5-VL-7B-Instruct,42,not_empty,next_token
A_0062,A,STEP1,BD,0,-0.9740769863128662,-0.4740769863128662,0.3775406777858734,0.622459352016449,-0.9745734930038452,-0.4745734930038452,0.3775406777858734,1,0,"{""A"": ""orientation"", ""B"": ""position"", ""C"": ""color"", ""D"": ""size""}",/mnt/tidalfs-hssh01/dataset/xiang/models/Qwen2.5-VL-7B-Instruct,42,not_empty,next_token
A_0062,A,STEP1,CD,0,-0.9740769863128662,-0.4740769863128662,0.3775406777858734,0.622459352016449,-0.9745523929595947,-0.47455236315727234,0.3775406777858734,1,0,"{""A"": ""orientation"", ""B"": ""position"", ""C"": ""color"", ""D"": ""size""}",/mnt/tidalfs-hssh01/dataset/xiang/models/Qwen2.5-VL-7B-Instruct,42,not_empty,next_token
A_0062,A,STEP1,ABC,0,-1.2234445810317993,-0.3484445810317993,0.29421499371528625,0.7057850360870361,-1.223740816116333,-0.3487408459186554,0.29421499371528625,1,0,"{""A"": ""orientation"", ""B"": ""position"", ""C"": ""color"", ""D"": ""size""}",/mnt/tidalfs-hssh01/dataset/xiang/models/Qwen2.5-VL-7B-Instruct,42,not_empty,next_token
A_0062,A,STEP1,ABD,0,-1.3132617473602295,-0.3132617473602295,0.26894140243530273,0.7310584783554077,-1.3135874271392822,-0.3135874569416046,0.26894140243530273,1,0,"{""A"": ""orientation"", ""B"": ""position"", ""C"": ""color"", ""D"": ""size""}",/mnt/tidalfs-hssh01/dataset/xiang/models/Qwen2.5-VL-7B-Instruct,42,not_empty,next_token
A_0062,A,STEP1,ACD,0,-1.4061501026153564,-0.28115010261535645,0.24508503079414368,0.7549149990081787,-1.4063831567764282,-0.2813831567764282,0.24508503079414368,1,0,"{""A"": ""orientation"", ""B"": ""position"", ""C"": ""color"", ""D"": ""size""}",/mnt/tidalfs-hssh01/dataset/xiang/models/Qwen2.5-VL-7B-Instruct,42,not_empty,next_token
A_0062,A,STEP1,BCD,0,-0.9740769863128662,-0.4740769863128662,0.3775406777858734,0.622459352016449,-0.9742622375488281,-0.4742622375488281,0.3775406777858734,1,0,"{""A"": ""orientation"", ""B"": ""position"", ""C"": ""color"", ""D"": ""size""}",/mnt/tidalfs-hssh01/dataset/xiang/models/Qwen2.5-VL-7B-Instruct,42,not_empty,next_token
A_0062,A,STEP1,ABCD,0,-1.5019290447235107,-0.25192904472351074,0.22270016372203827,0.7772998809814453,-1.5021549463272095,-0.2521549165248871,0.22270016372203827,1,0,"{""A"": ""orientation"", ""B"": ""position"", ""C"": ""color"", ""D"": ""size""}",/mnt/tidalfs-hssh01/dataset/xiang/models/Qwen2.5-VL-7B-Instruct,42,not_empty,next_token
A_0062,A,STEP2,EMPTY,1,-1.3132617473602295,-0.3132617473602295,0.26894140243530273,0.7310584783554077,-1.3575432300567627,-0.3575432002544403,0.7310584783554077,1,1,"{""A"": ""orientation"", ""B"": ""position"", ""C"": ""color"", ""D"": ""size""}",/mnt/tidalfs-hssh01/dataset/xiang/models/Qwen2.5-VL-7B-Instruct,42,text_only,next_token
A_0062,A,STEP2,A,1,-1.2234444618225098,-0.3484445810317993,0.29421502351760864,0.7057850360870361,-1.225020408630371,-0.35002046823501587,0.7057850360870361,1,1,"{""A"": ""orientation"", ""B"": ""position"", ""C"": ""color"", ""D"": ""size""}",/mnt/tidalfs-hssh01/dataset/xiang/models/Qwen2.5-VL-7B-Instruct,42,not_empty,next_token
A_0062,A,STEP2,B,1,-1.1368709802627563,-0.38687101006507874,0.3208213150501251,0.6791786551475525,-1.138523817062378,-0.3885238468647003,0.6791786551475525,1,1,"{""A"": ""orientation"", ""B"": ""position"", ""C"": ""color"", ""D"": ""size""}",/mnt/tidalfs-hssh01/dataset/xiang/models/Qwen2.5-VL-7B-Instruct,42,not_empty,next_token
A_0062,A,STEP2,C,1,-1.1368709802627563,-0.38687101006507874,0.3208213150501251,0.6791786551475525,-1.1387856006622314,-0.38878560066223145,0.6791786551475525,1,1,"{""A"": ""orientation"", ""B"": ""position"", ""C"": ""color"", ""D"": ""size""}",/mnt/tidalfs-hssh01/dataset/xiang/models/Qwen2.5-VL-7B-Instruct,42,not_empty,next_token
A_0062,A,STEP2,D,1,-1.2234445810317993,-0.3484445810317993,0.29421499371528625,0.7057850360870361,-1.2257637977600098,-0.35076379776000977,0.7057850360870361,1,1,"{""A"": ""orientation"", ""B"": ""position"", ""C"": ""color"", ""D"": ""size""}",/mnt/tidalfs-hssh01/dataset/xiang/models/Qwen2.5-VL-7B-Instruct,42,not_empty,next_token
A_0062,A,STEP2,AB,1,-1.0537006855010986,-0.42870065569877625,0.3486451208591461,0.6513548493385315,-1.0553841590881348,-0.43038418889045715,0.6513548493385315,1,1,"{""A"": ""orientation"", ""B"": ""position"", ""C"": ""color"", ""D"": ""size""}",/mnt/tidalfs-hssh01/dataset/xiang/models/Qwen2.5-VL-7B-Instruct,42,not_empty,next_token
A_0062,A,STEP2,AC,1,-1.4061501026153564,-0.28115010261535645,0.24508503079414368,0.7549149990081787,-1.4065543413162231,-0.28155437111854553,0.7549149990081787,1,1,"{""A"": ""orientation"", ""B"": ""position"", ""C"": ""color"", ""D"": ""size""}",/mnt/tidalfs-hssh01/dataset/xiang/models/Qwen2.5-VL-7B-Instruct,42,not_empty,next_token
A_0062,A,STEP2,AD,1,-1.1368709802627563,-0.38687101006507874,0.3208213150501251,0.6791786551475525,-1.1381133794784546,-0.3881133794784546,0.6791786551475525,1,1,"{""A"": ""orientation"", ""B"": ""position"", ""C"": ""color"", ""D"": ""size""}",/mnt/tidalfs-hssh01/dataset/xiang/models/Qwen2.5-VL-7B-Instruct,42,not_empty,next_token
A_0062,A,STEP2,BC,1,-1.4061501026153564,-0.28115010261535645,0.24508503079414368,0.7549149990081787,-1.4070260524749756,-0.2820259928703308,0.7549149990081787,1,1,"{""A"": ""orientation"", ""B"": ""position"", ""C"": ""color"", ""D"": ""size""}",/mnt/tidalfs-hssh01/dataset/xiang/models/Qwen2.5-VL-7B-Instruct,42,not_empty,next_token
A_0062,A,STEP2,BD,1,-1.1368709802627563,-0.38687101006507874,0.3208213150501251,0.6791786551475525,-1.13801908493042,-0.3880190849304199,0.6791786551475525,1,1,"{""A"": ""orientation"", ""B"": ""position"", ""C"": ""color"", ""D"": ""size""}",/mnt/tidalfs-hssh01/dataset/xiang/models/Qwen2.5-VL-7B-Instruct,42,not_empty,next_token
A_0062,A,STEP2,CD,1,-1.053700566291809,-0.42870065569877625,0.3486451506614685,0.6513548493385315,-1.0546026229858398,-0.4296026825904846,0.6513548493385315,1,1,"{""A"": ""orientation"", ""B"": ""position"", ""C"": ""color"", ""D"": ""size""}",/mnt/tidalfs-hssh01/dataset/xiang/models/Qwen2.5-VL-7B-Instruct,42,not_empty,next_token
A_0062,A,STEP2,ABC,1,-1.2234445810317993,-0.3484445810317993,0.29421499371528625,0.7057850360870361,-1.2243528366088867,-0.3493528366088867,0.7057850360870361,1,1,"{""A"": ""orientation"", ""B"": ""position"", ""C"": ""color"", ""D"": ""size""}",/mnt/tidalfs-hssh01/dataset/xiang/models/Qwen2.5-VL-7B-Instruct,42,not_empty,next_token
A_0062,A,STEP2,ABD,1,-0.9740769863128662,-0.4740769863128662,0.3775406777858734,0.622459352016449,-0.9749504327774048,-0.4749504327774048,0.622459352016449,1,1,"{""A"": ""orientation"", ""B"": ""position"", ""C"": ""color"", ""D"": ""size""}",/mnt/tidalfs-hssh01/dataset/xiang/models/Qwen2.5-VL-7B-Instruct,42,not_empty,next_token
A_0062,A,STEP2,ACD,1,-1.4061501026153564,-0.28115010261535645,0.24508503079414368,0.7549149990081787,-1.406427264213562,-0.281427264213562,0.7549149990081787,1,1,"{""A"": ""orientation"", ""B"": ""position"", ""C"": ""color"", ""D"": ""size""}",/mnt/tidalfs-hssh01/dataset/xiang/models/Qwen2.5-VL-7B-Instruct,42,not_empty,next_token
A_0062,A,STEP2,BCD,1,-1.2234445810317993,-0.3484445810317993,0.29421499371528625,0.7057850360870361,-1.2237673997879028,-0.3487674295902252,0.7057850360870361,1,1,"{""A"": ""orientation"", ""B"": ""position"", ""C"": ""color"", ""D"": ""size""}",/mnt/tidalfs-hssh01/dataset/xiang/models/Qwen2.5-VL-7B-Instruct,42,not_empty,next_token
A_0062,A,STEP2,ABCD,1,-1.3132617473602295,-0.3132617473602295,0.26894140243530273,0.7310584783554077,-1.3137450218200684,-0.31374505162239075,0.7310584783554077,1,1,"{""A"": ""orientation"", ""B"": ""position"", ""C"": ""color"", ""D"": ""size""}",/mnt/tidalfs-hssh01/dataset/xiang/models/Qwen2.5-VL-7B-Instruct,42,not_empty,next_token
A_0062,A,FINAL,EMPTY,1,-0.8259394764900208,-0.575939416885376,0.43782350420951843,0.562176525592804,-1.1369755268096924,-0.8869754672050476,0.562176525592804,1,1,"{""A"": ""orientation"", ""B"": ""position"", ""C"": ""color"", ""D"": ""size""}",/mnt/tidalfs-hssh01/dataset/xiang/models/Qwen2.5-VL-7B-Instruct,42,text_only,next_token
A_0062,A,FINAL,A,1,-0.9740769863128662,-0.4740769863128662,0.3775406777858734,0.622459352016449,-0.9876799583435059,-0.48767998814582825,0.622459352016449,1,1,"{""A"": ""orientation"", ""B"": ""position"", ""C"": ""color"", ""D"": ""size""}",/mnt/tidalfs-hssh01/dataset/xiang/models/Qwen2.5-VL-7B-Instruct,42,not_empty,next_token
A_0062,A,FINAL,B,1,-0.8981232643127441,-0.5231232643127441,0.4073334038257599,0.5926665663719177,-0.9216486215591431,-0.5466486215591431,0.5926665663719177,1,1,"{""A"": ""orientation"", ""B"": ""position"", ""C"": ""color"", ""D"": ""size""}",/mnt/tidalfs-hssh01/dataset/xiang/models/Qwen2.5-VL-7B-Instruct,42,not_empty,next_token
A_0062,A,FINAL,C,1,-0.8981232643127441,-0.5231232643127441,0.4073334038257599,0.5926665663719177,-0.9063037633895874,-0.5313037633895874,0.5926665663719177,1,1,"{""A"": ""orientation"", ""B"": ""position"", ""C"": ""color"", ""D"": ""size""}",/mnt/tidalfs-hssh01/dataset/xiang/models/Qwen2.5-VL-7B-Instruct,42,not_empty,next_token
A_0062,A,FINAL,D,1,-0.8981232643127441,-0.5231232643127441,0.4073334038257599,0.5926665663719177,-0.918960452079773,-0.543960452079773,0.5926665663719177,1,1,"{""A"": ""orientation"", ""B"": ""position"", ""C"": ""color"", ""D"": ""size""}",/mnt/tidalfs-hssh01/dataset/xiang/models/Qwen2.5-VL-7B-Instruct,42,not_empty,next_token
A_0062,A,FINAL,AB,1,-0.825939416885376,-0.575939416885376,0.43782350420951843,0.562176525592804,-0.8293216228485107,-0.5793216228485107,0.562176525592804,1,1,"{""A"": ""orientation"", ""B"": ""position"", ""C"": ""color"", ""D"": ""size""}",/mnt/tidalfs-hssh01/dataset/xiang/models/Qwen2.5-VL-7B-Instruct,42,not_empty,next_token
A_0062,A,FINAL,AC,1,-0.8981232643127441,-0.5231232643127441,0.4073334038257599,0.5926665663719177,-0.8995979428291321,-0.5245979428291321,0.5926665663719177,1,1,"{""A"": ""orientation"", ""B"": ""position"", ""C"": ""color"", ""D"": ""size""}",/mnt/tidalfs-hssh01/dataset/xiang/models/Qwen2.5-VL-7B-Instruct,42,not_empty,next_token
A_0062,A,FINAL,AD,1,-0.9740769863128662,-0.4740769863128662,0.3775406777858734,0.622459352016449,-0.9774577617645264,-0.47745776176452637,0.622459352016449,1,1,"{""A"": ""orientation"", ""B"": ""position"", ""C"": ""color"", ""D"": ""size""}",/mnt/tidalfs-hssh01/dataset/xiang/models/Qwen2.5-VL-7B-Instruct,42,not_empty,next_token
A_0062,A,FINAL,BC,1,-0.825939416885376,-0.575939416885376,0.43782350420951843,0.562176525592804,-0.8299223184585571,-0.5799223184585571,0.562176525592804,1,1,"{""A"": ""orientation"", ""B"": ""position"", ""C"": ""color"", ""D"": ""size""}",/mnt/tidalfs-hssh01/dataset/xiang/models/Qwen2.5-VL-7B-Instruct,42,not_empty,next_token
A_0062,A,FINAL,BD,1,-0.825939416885376,-0.575939416885376,0.43782350420951843,0.562176525592804,-0.8316663503646851,-0.5816663503646851,0.562176525592804,1,1,"{""A"": ""orientation"", ""B"": ""position"", ""C"": ""color"", ""D"": ""size""}",/mnt/tidalfs-hssh01/dataset/xiang/models/Qwen2.5-VL-7B-Instruct,42,not_empty,next_token
A_0062,A,FINAL,CD,1,-0.8981232643127441,-0.5231232643127441,0.4073334038257599,0.5926665663719177,-0.9010255336761475,-0.5260255336761475,0.5926665663719177,1,1,"{""A"": ""orientation"", ""B"": ""position"", ""C"": ""color"", ""D"": ""size""}",/mnt/tidalfs-hssh01/dataset/xiang/models/Qwen2.5-VL-7B-Instruct,42,not_empty,next_token
A_0062,A,FINAL,ABC,1,-0.825939416885376,-0.575939416885376,0.43782350420951843,0.562176525592804,-0.8281264901161194,-0.5781264901161194,0.562176525592804,1,1,"{""A"": ""orientation"", ""B"": ""position"", ""C"": ""color"", ""D"": ""size""}",/mnt/tidalfs-hssh01/dataset/xiang/models/Qwen2.5-VL-7B-Instruct,42,not_empty,next_token
A_0062,A,FINAL,ABD,1,-0.9740769863128662,-0.4740769863128662,0.3775406777858734,0.622459352016449,-0.9761248826980591,-0.4761248826980591,0.622459352016449,1,1,"{""A"": ""orientation"", ""B"": ""position"", ""C"": ""color"", ""D"": ""size""}",/mnt/tidalfs-hssh01/dataset/xiang/models/Qwen2.5-VL-7B-Instruct,42,not_empty,next_token
A_0062,A,FINAL,ACD,1,-0.9740769863128662,-0.4740769863128662,0.3775406777858734,0.622459352016449,-0.974868893623352,-0.47486886382102966,0.622459352016449,1,1,"{""A"": ""orientation"", ""B"": ""position"", ""C"": ""color"", ""D"": ""size""}",/mnt/tidalfs-hssh01/dataset/xiang/models/Qwen2.5-VL-7B-Instruct,42,not_empty,next_token
A_0062,A,FINAL,BCD,1,-0.8981232643127441,-0.5231232643127441,0.4073334038257599,0.5926665663719177,-0.9001581072807312,-0.5251581072807312,0.5926665663719177,1,1,"{""A"": ""orientation"", ""B"": ""position"", ""C"": ""color"", ""D"": ""size""}",/mnt/tidalfs-hssh01/dataset/xiang/models/Qwen2.5-VL-7B-Instruct,42,not_empty,next_token
A_0062,A,FINAL,ABCD,1,-0.9740769863128662,-0.4740769863128662,0.3775406777858734,0.622459352016449,-0.976125180721283,-0.47612518072128296,0.622459352016449,1,1,"{""A"": ""orientation"", ""B"": ""position"", ""C"": ""color"", ""D"": ""size""}",/mnt/tidalfs-hssh01/dataset/xiang/models/Qwen2.5-VL-7B-Instruct,42,not_empty,next_token
A_0070,A,STEP1,EMPTY,1,-0.6931471824645996,-0.6931471824645996,0.5,0.5,-0.7521441578865051,-0.7521441578865051,0.5,0,0,"{""A"": ""position"", ""B"": ""color"", ""C"": ""size"", ""D"": ""orientation""}",/mnt/tidalfs-hssh01/dataset/xiang/models/Qwen2.5-VL-7B-Instruct,42,text_only,next_token
A_0070,A,STEP1,A,1,-0.7575989961624146,-0.6325989961624146,0.4687906503677368,0.531209409236908,-0.7601996660232544,-0.6351996660232544,0.531209409236908,1,1,"{""A"": ""position"", ""B"": ""color"", ""C"": ""size"", ""D"": ""orientation""}",/mnt/tidalfs-hssh01/dataset/xiang/models/Qwen2.5-VL-7B-Instruct,42,not_empty,next_token
A_0070,A,STEP1,B,1,-0.6931471824645996,-0.6931471824645996,0.5,0.5,-0.6952781677246094,-0.6952781677246094,0.5,0,0,"{""A"": ""position"", ""B"": ""color"", ""C"": ""size"", ""D"": ""orientation""}",/mnt/tidalfs-hssh01/dataset/xiang/models/Qwen2.5-VL-7B-Instruct,42,not_empty,next_token
A_0070,A,STEP1,C,1,-0.6931471824645996,-0.6931471824645996,0.5,0.5,-0.6965280771255493,-0.6965280771255493,0.5,0,0,"{""A"": ""position"", ""B"": ""color"", ""C"": ""size"", ""D"": ""orientation""}",/mnt/tidalfs-hssh01/dataset/xiang/models/Qwen2.5-VL-7B-Instruct,42,not_empty,next_token
A_0070,A,STEP1,D,1,-0.825939416885376,-0.575939416885376,0.43782350420951843,0.562176525592804,-0.8328023552894592,-0.5828023552894592,0.562176525592804,1,1,"{""A"": ""position"", ""B"": ""color"", ""C"": ""size"", ""D"": ""orientation""}",/mnt/tidalfs-hssh01/dataset/xiang/models/Qwen2.5-VL-7B-Instruct,42,not_empty,next_token
A_0070,A,STEP1,AB,1,-0.7575989961624146,-0.6325989961624146,0.4687906503677368,0.531209409236908,-0.7580143809318542,-0.6330143809318542,0.531209409236908,1,1,"{""A"": ""position"", ""B"": ""color"", ""C"": ""size"", ""D"": ""orientation""}",/mnt/tidalfs-hssh01/dataset/xiang/models/Qwen2.5-VL-7B-Instruct,42,not_empty,next_token
A_0070,A,STEP1,AC,1,-0.8981232643127441,-0.5231232643127441,0.4073334038257599,0.5926665663719177,-0.8984909057617188,-0.5234909057617188,0.5926665663719177,1,1,"{""A"": ""position"", ""B"": ""color"", ""C"": ""size"", ""D"": ""orientation""}",/mnt/tidalfs-hssh01/dataset/xiang/models/Qwen2.5-VL-7B-Instruct,42,not_empty,next_token
A_0070,A,STEP1,AD,1,-0.825939416885376,-0.575939416885376,0.43782350420951843,0.562176525592804,-0.8274189233779907,-0.5774189233779907,0.562176525592804,1,1,"{""A"": ""position"", ""B"": ""color"", ""C"": ""size"", ""D"": ""orientation""}",/mnt/tidalfs-hssh01/dataset/xiang/models/Qwen2.5-VL-7B-Instruct,42,not_empty,next_token
A_0070,A,STEP1,BC,1,-0.825939416885376,-0.575939416885376,0.43782350420951843,0.562176525592804,-0.8266457319259644,-0.5766457319259644,0.562176525592804,1,1,"{""A"": ""position"", ""B"": ""color"", ""C"": ""size"", ""D"": ""orientation""}",/mnt/tidalfs-hssh01/dataset/xiang/models/Qwen2.5-VL-7B-Instruct,42,not_empty,next_token
A_0070,A,STEP1,BD,1,-0.8981232643127441,-0.5231232643127441,0.4073334038257599,0.5926665663719177,-0.8990029692649841,-0.5240029692649841,0.5926665663719177,1,1,"{""A"": ""position"", ""B"": ""color"", ""C"": ""size"", ""D"": ""orientation""}",/mnt/tidalfs-hssh01/dataset/xiang/models/Qwen2.5-VL-7B-Instruct,42,not_empty,next_token
A_0070,A,STEP1,CD,1,-0.825939416885376,-0.575939416885376,0.43782350420951843,0.562176525592804,-0.8271618485450745,-0.5771618485450745,0.562176525592804,1,1,"{""A"": ""position"", ""B"": ""color"", ""C"": ""size"", ""D"": ""orientation""}",/mnt/tidalfs-hssh01/dataset/xiang/models/Qwen2.5-VL-7B-Instruct,42,not_empty,next_token
A_0070,A,STEP1,ABC,1,-0.9740769863128662,-0.4740769863128662,0.3775406777858734,0.622459352016449,-0.9743421673774719,-0.4743421673774719,0.622459352016449,1,1,"{""A"": ""position"", ""B"": ""color"", ""C"": ""size"", ""D"": ""orientation""}",/mnt/tidalfs-hssh01/dataset/xiang/models/Qwen2.5-VL-7B-Instruct,42,not_empty,next_token
A_0070,A,STEP1,ABD,1,-0.9740769863128662,-0.4740769863128662,0.3775406777858734,0.622459352016449,-0.9743728637695312,-0.47437286376953125,0.622459352016449,1,1,"{""A"": ""position"", ""B"": ""color"", ""C"": ""size"", ""D"": ""orientation""}",/mnt/tidalfs-hssh01/dataset/xiang/models/Qwen2.5-VL-7B-Instruct,42,not_empty,next_token
A_0070,A,STEP1,ACD,1,-1.0537006855010986,-0.42870065569877625,0.3486451208591461,0.6513548493385315,-1.0540413856506348,-0.42904138565063477,0.6513548493385315,1,1,"{""A"": ""position"", ""B"": ""color"", ""C"": ""size"", ""D"": ""orientation""}",/mnt/tidalfs-hssh01/dataset/xiang/models/Qwen2.5-VL-7B-Instruct,42,not_empty,next_token
A_0070,A,STEP1,BCD,1,-0.8981232643127441,-0.5231232643127441,0.4073334038257599,0.5926665663719177,-0.898369312286377,-0.523369312286377,0.5926665663719177,1,1,"{""A"": ""position"", ""B"": ""color"", ""C"": ""size"", ""D"": ""orientation""}",/mnt/tidalfs-hssh01/dataset/xiang/models/Qwen2.5-VL-7B-Instruct,42,not_empty,next_token
A_0070,A,STEP1,ABCD,1,-0.9740769863128662,-0.4740769863128662,0.3775406777858734,0.622459352016449,-0.9742387533187866,-0.4742387533187866,0.622459352016449,1,1,"{""A"": ""position"", ""B"": ""color"", ""C"": ""size"", ""D"": ""orientation""}",/mnt/tidalfs-hssh01/dataset/xiang/models/Qwen2.5-VL-7B-Instruct,42,not_empty,next_token
A_0070,A,STEP2,EMPTY,0,-1.1368709802627563,-0.38687101006507874,0.3208213150501251,0.6791786551475525,-1.1873528957366943,-0.4373529553413391,0.3208213150501251,1,0,"{""A"": ""position"", ""B"": ""color"", ""C"": ""size"", ""D"": ""orientation""}",/mnt/tidalfs-hssh01/dataset/xiang/models/Qwen2.5-VL-7B-Instruct,42,text_only,next_token
A_0070,A,STEP2,A,0,-1.0537006855010986,-0.42870065569877625,0.3486451208591461,0.6513548493385315,-1.0558043718338013,-0.43080440163612366,0.3486451208591461,1,0,"{""A"": ""position"", ""B"": ""color"", ""C"": ""size"", ""D"": ""orientation""}",/mnt/tidalfs-hssh01/dataset/xiang/models/Qwen2.5-VL-7B-Instruct,42,not_empty,next_token
A_0070,A,STEP2,B,0,-0.8981232643127441,-0.5231232643127441,0.4073334038257599,0.5926665663719177,-0.9001257419586182,-0.5251257419586182,0.4073334038257599,1,0,"{""A"": ""position"", ""B"": ""color"", ""C"": ""size"", ""D"": ""orientation""}",/mnt/tidalfs-hssh01/dataset/xiang/models/Qwen2.5-VL-7B-Instruct,42,not_empty,next_token
A_0070,A,STEP2,C,0,-0.8981232643127441,-0.5231232643127441,0.4073334038257599,0.5926665663719177,-0.8998823761940002,-0.5248823761940002,0.4073334038257599,1,0,"{""A"": ""position"", ""B"": ""color"", ""C"": ""size"", ""D"": ""orientation""}",/mnt/tidalfs-hssh01/dataset/xiang/models/Qwen2.5-VL-7B-Instruct,42,not_empty,next_token
A_0070,A,STEP2,D,0,-1.2234445810317993,-0.3484445810317993,0.29421499371528625,0.7057850360870361,-1.2276611328125,-0.3526611626148224,0.29421499371528625,1,0,"{""A"": ""position"", ""B"": ""color"", ""C"": ""size"", ""D"": ""orientation""}",/mnt/tidalfs-hssh01/dataset/xiang/models/Qwen2.5-VL-7B-Instruct,42,not_empty,next_token
A_0070,A,STEP2,AB,0,-0.6931471824645996,-0.6931471824645996,0.5,0.5,-0.6942435503005981,-0.6942435503005981,0.5,0,1,"{""A"": ""position"", ""B"": ""color"", ""C"": ""size"", ""D"": ""orientation""}",/mnt/tidalfs-hssh01/dataset/xiang/models/Qwen2.5-VL-7B-Instruct,42,not_empty,next_token
A_0070,A,STEP2,AC,0,-0.825939416885376,-0.575939416885376,0.43782350420951843,0.562176525592804,-0.826461911201477,-0.576461911201477,0.43782350420951843,1,0,"{""A"": ""position"", ""B"": ""color"", ""C"": ""size"", ""D"": ""orientation""}",/mnt/tidalfs-hssh01/dataset/xiang/models/Qwen2.5-VL-7B-Instruct,42,not_empty,next_token
A_0070,A,STEP2,AD,0,-0.9740769863128662,-0.4740769863128662,0.3775406777858734,0.622459352016449,-0.9753524661064148,-0.4753524661064148,0.3775406777858734,1,0,"{""A"": ""position"", ""B"": ""color"", ""C"": ""size"", ""D"": ""orientation""}",/mnt/tidalfs-hssh01/dataset/xiang/models/Qwen2.5-VL-7B-Instruct,42,not_empty,next_token
A_0070,A,STEP2,BC,0,-0.825939416885376,-0.575939416885376,0.43782350420951843,0.562176525592804,-0.8269189596176147,-0.5769189596176147,0.43782350420951843,1,0,"{""A"": ""position"", ""B"": ""color"", ""C"": ""size"", ""D"": ""orientation""}",/mnt/tidalfs-hssh01/dataset/xiang/models/Qwen2.5-VL-7B-Instruct,42,not_empty,next_token
A_0070,A,STEP2,BD,0,-0.8981232643127441,-0.5231232643127441,0.4073334038257599,0.5926665663719177,-0.9000710248947144,-0.5250710248947144,0.4073334038257599,1,0,"{""A"": ""position"", ""B"": ""color"", ""C"": ""size"", ""D"": ""orientation""}",/mnt/tidalfs-hssh01/dataset/xiang/models/Qwen2.5-VL-7B-Instruct,42,not_empty,next_token
A_0070,A,STEP2,CD,0,-0.825939416885376,-0.575939416885376,0.43782350420951843,0.562176525592804,-0.8271183967590332,-0.5771183967590332,0.43782350420951843,1,0,"{""A"": ""position"", ""B"": ""color"", ""C"": ""size"", ""D"": ""orientation""}",/mnt/tidalfs-hssh01/dataset/xiang/models/Qwen2.5-VL-7B-Instruct,42,not_empty,next_token
A_0070,A,STEP2,ABC,0,-0.575939416885376,-0.825939416885376,0.562176525592804,0.43782350420951843,-0.576577365398407,-0.826577365398407,0.562176525592804,0,1,"{""A"": ""position"", ""B"": ""color"", ""C"": ""size"", ""D"": ""orientation""}",/mnt/tidalfs-hssh01/dataset/xiang/models/Qwen2.5-VL-7B-Instruct,42,not_empty,next_token
A_0070,A,STEP2,ABD,0,-0.6325989961624146,-0.7575989961624146,0.531209409236908,0.4687906503677368,-0.633442759513855,-0.758442759513855,0.531209409236908,0,1,"{""A"": ""position"", ""B"": ""color"", ""C"": ""size"", ""D"": ""orientation""}",/mnt/tidalfs-hssh01/dataset/xiang/models/Qwen2.5-VL-7B-Instruct,42,not_empty,next_token
A_0070,A,STEP2,ACD,0,-0.825939416885376,-0.575939416885376,0.43782350420951843,0.562176525592804,-0.8263087868690491,-0.5763087868690491,0.43782350420951843,1,0,"{""A"": ""position"", ""B"": ""color"", ""C"": ""size"", ""D"": ""orientation""}",/mnt/tidalfs-hssh01/dataset/xiang/models/Qwen2.5-VL-7B-Instruct,42,not_empty,next_token
A_0070,A,STEP2,BCD,0,-0.825939416885376,-0.575939416885376,0.43782350420951843,0.562176525592804,-0.8265451788902283,-0.5765451788902283,0.43782350420951843,1,0,"{""A"": ""position"", ""B"": ""color"", ""C"": ""size"", ""D"": ""orientation""}",/mnt/tidalfs-hssh01/dataset/xiang/models/Qwen2.5-VL-7B-Instruct,42,not_empty,next_token
A_0070,A,STEP2,ABCD,0,-0.575939416885376,-0.825939416885376,0.562176525592804,0.43782350420951843,-0.5765280723571777,-0.8265280723571777,0.562176525592804,0,1,"{""A"": ""position"", ""B"": ""color"", ""C"": ""size"", ""D"": ""orientation""}",/mnt/tidalfs-hssh01/dataset/xiang/models/Qwen2.5-VL-7B-Instruct,42,not_empty,next_token
A_0070,A,FINAL,EMPTY,1,-0.825939416885376,-0.575939416885376,0.43782350420951843,0.562176525592804,-1.032974123954773,-0.782974123954773,0.562176525592804,1,1,"{""A"": ""position"", ""B"": ""color"", ""C"": ""size"", ""D"": ""orientation""}",/mnt/tidalfs-hssh01/dataset/xiang/models/Qwen2.5-VL-7B-Instruct,42,text_only,next_token
A_0070,A,FINAL,A,1,-0.825939416885376,-0.575939416885376,0.43782350420951843,0.562176525592804,-0.8441141843795776,-0.5941141843795776,0.562176525592804,1,1,"{""A"": ""position"", ""B"": ""color"", ""C"": ""size"", ""D"": ""orientation""}",/mnt/tidalfs-hssh01/dataset/xiang/models/Qwen2.5-VL-7B-Instruct,42,not_empty,next_token
A_0070,A,FINAL,B,1,-0.7575989961624146,-0.6325989961624146,0.4687906503677368,0.531209409236908,-0.7723475694656372,-0.6473475694656372,0.531209409236908,1,1,"{""A"": ""position"", ""B"": ""color"", ""C"": ""size"", ""D"": ""orientation""}",/mnt/tidalfs-hssh01/dataset/xiang/models/Qwen2.5-VL-7B-Instruct,42,not_empty,next_token
A_0070,A,FINAL,C,1,-0.825939416885376,-0.575939416885376,0.43782350420951843,0.562176525592804,-0.8405668139457703,-0.5905668139457703,0.562176525592804,1,1,"{""A"": ""position"", ""B"": ""color"", ""C"": ""size"", ""D"": ""orientation""}",/mnt/tidalfs-hssh01/dataset/xiang/models/Qwen2.5-VL-7B-Instruct,42,not_empty,next_token
A_0070,A,FINAL,D,1,-0.8981232643127441,-0.5231232643127441,0.4073334038257599,0.5926665663719177,-0.947605311870575,-0.572605311870575,0.5926665663719177,1,1,"{""A"": ""position"", ""B"": ""color"", ""C"": ""size"", ""D"": ""orientation""}",/mnt/tidalfs-hssh01/dataset/xiang/models/Qwen2.5-VL-7B-Instruct,42,not_empty,next_token
A_0070,A,FINAL,AB,1,-0.6931471824645996,-0.6931471824645996,0.5,0.5,-0.6952663660049438,-0.6952663660049438,0.5,0,0,"{""A"": ""position"", ""B"": ""color"", ""C"": ""size"", ""D"": ""orientation""}",/mnt/tidalfs-hssh01/dataset/xiang/models/Qwen2.5-VL-7B-Instruct,42,not_empty,next_token
A_0070,A,FINAL,AC,1,-0.825939416885376,-0.575939416885376,0.43782350420951843,0.562176525592804,-0.827228307723999,-0.577228307723999,0.562176525592804,1,1,"{""A"": ""position"", ""B"": ""color"", ""C"": ""size"", ""D"": ""orientation""}",/mnt/tidalfs-hssh01/dataset/xiang/models/Qwen2.5-VL-7B-Instruct,42,not_empty,next_token
A_0070,A,FINAL,AD,1,-0.8981232643127441,-0.5231232643127441,0.4073334038257599,0.5926665663719177,-0.9032495021820068,-0.5282495021820068,0.5926665663719177,1,1,"{""A"": ""position"", ""B"": ""color"", ""C"": ""size"", ""D"": ""orientation""}",/mnt/tidalfs-hssh01/dataset/xiang/models/Qwen2.5-VL-7B-Instruct,42,not_empty,next_token
A_0070,A,FINAL,BC,1,-0.7575989961624146,-0.6325989961624146,0.4687906503677368,0.531209409236908,-0.7608028650283813,-0.6358028650283813,0.531209409236908,1,1,"{""A"": ""position"", ""B"": ""color"", ""C"": ""size"", ""D"": ""orientation""}",/mnt/tidalfs-hssh01/dataset/xiang/models/Qwen2.5-VL-7B-Instruct,42,not_empty,next_token
A_0070,A,FINAL,BD,1,-0.8981232643127441,-0.5231232643127441,0.4073334038257599,0.5926665663719177,-0.9042872786521912,-0.5292872786521912,0.5926665663719177,1,1,"{""A"": ""position"", ""B"": ""color"", ""C"": ""size"", ""D"": ""orientation""}",/mnt/tidalfs-hssh01/dataset/xiang/models/Qwen2.5-VL-7B-Instruct,42,not_empty,next_token
A_0070,A,FINAL,CD,1,-0.825939416885376,-0.575939416885376,0.43782350420951843,0.562176525592804,-0.8348593711853027,-0.5848593711853027,0.562176525592804,1,1,"{""A"": ""position"", ""B"": ""color"", ""C"": ""size"", ""D"": ""orientation""}",/mnt/tidalfs-hssh01/dataset/xiang/models/Qwen2.5-VL-7B-Instruct,42,not_empty,next_token
A_0070,A,FINAL,ABC,1,-0.6931471824645996,-0.6931471824645996,0.5,0.5,-0.6951463222503662,-0.6951463222503662,0.5,0,0,"{""A"": ""position"", ""B"": ""color"", ""C"": ""size"", ""D"": ""orientation""}",/mnt/tidalfs-hssh01/dataset/xiang/models/Qwen2.5-VL-7B-Instruct,42,not_empty,next_token
A_0070,A,FINAL,ABD,1,-0.8981232643127441,-0.5231232643127441,0.4073334038257599,0.5926665663719177,-0.8996133804321289,-0.5246133804321289,0.5926665663719177,1,1,"{""A"": ""position"", ""B"": ""color"", ""C"": ""size"", ""D"": ""orientation""}",/mnt/tidalfs-hssh01/dataset/xiang/models/Qwen2.5-VL-7B-Instruct,42,not_empty,next_token
A_0070,A,FINAL,ACD,1,-0.8981232643127441,-0.5231232643127441,0.4073334038257599,0.5926665663719177,-0.8993450403213501,-0.5243450403213501,0.5926665663719177,1,1,"{""A"": ""position"", ""B"": ""color"", ""C"": ""size"", ""D"": ""orientation""}",/mnt/tidalfs-hssh01/dataset/xiang/models/Qwen2.5-VL-7B-Instruct,42,not_empty,next_token
A_0070,A,FINAL,BCD,1,-0.8981232643127441,-0.5231232643127441,0.4073334038257599,0.5926665663719177,-0.9023288488388062,-0.5273288488388062,0.5926665663719177,1,1,"{""A"": ""position"", ""B"": ""color"", ""C"": ""size"", ""D"": ""orientation""}",/mnt/tidalfs-hssh01/dataset/xiang/models/Qwen2.5-VL-7B-Instruct,42,not_empty,next_token
A_0070,A,FINAL,ABCD,1,-0.8981232643127441,-0.5231232643127441,0.4073334038257599,0.5926665663719177,-0.8993990421295166,-0.5243990421295166,0.5926665663719177,1,1,"{""A"": ""position"", ""B"": ""color"", ""C"": ""size"", ""D"": ""orientation""}",/mnt/tidalfs-hssh01/dataset/xiang/models/Qwen2.5-VL-7B-Instruct,42,not_empty,next_token
A_0078,A,STEP1,EMPTY,0,-0.6931471824645996,-0.6931471824645996,0.5,0.5,-0.7521441578865051,-0.7521441578865051,0.5,0,1,"{""A"": ""position"", ""B"": ""color"", ""C"": ""size"", ""D"": ""orientation""}",/mnt/tidalfs-hssh01/dataset/xiang/models/Qwen2.5-VL-7B-Instruct,42,text_only,next_token
A_0078,A,STEP1,A,0,-0.7575989961624146,-0.6325989961624146,0.4687906503677368,0.531209409236908,-0.7601996660232544,-0.6351996660232544,0.4687906503677368,1,0,"{""A"": ""position"", ""B"": ""color"", ""C"": ""size"", ""D"": ""orientation""}",/mnt/tidalfs-hssh01/dataset/xiang/models/Qwen2.5-VL-7B-Instruct,42,not_empty,next_token
A_0078,A,STEP1,B,0,-0.7575989961624146,-0.6325989961624146,0.4687906503677368,0.531209409236908,-0.7589655518531799,-0.6339655518531799,0.4687906503677368,1,0,"{""A"": ""position"", ""B"": ""color"", ""C"": ""size"", ""D"": ""orientation""}",/mnt/tidalfs-hssh01/dataset/xiang/models/Qwen2.5-VL-7B-Instruct,42,not_empty,next_token
A_0078,A,STEP1,C,0,-0.6931471824645996,-0.6931471824645996,0.5,0.5,-0.6965280771255493,-0.6965280771255493,0.5,0,1,"{""A"": ""position"", ""B"": ""color"", ""C"": ""size"", ""D"": ""orientation""}",/mnt/tidalfs-hssh01/dataset/xiang/models/Qwen2.5-VL-7B-Instruct,42,not_empty,next_token
A_0078,A,STEP1,D,0,-0.9740769863128662,-0.4740769863128662,0.3775406777858734,0.622459352016449,-0.9777901768684387,-0.4777901768684387,0.3775406777858734,1,0,"{""A"": ""position"", ""B"": ""color"", ""C"": ""size"", ""D"": ""orientation""}",/mnt/tidalfs-hssh01/dataset/xiang/models/Qwen2.5-VL-7B-Instruct,42,not_empty,next_token
A_0078,A,STEP1,AB,0,-0.6931471824645996,-0.6931471824645996,0.5,0.5,-0.6936166286468506,-0.6936166286468506,0.5,0,1,"{""A"": ""position"", ""B"": ""color"", ""C"": ""size"", ""D"": ""orientation""}",/mnt/tidalfs-hssh01/dataset/xiang/models/Qwen2.5-VL-7B-Instruct,42,not_empty,next_token
A_0078,A,STEP1,AC,0,-0.8981232643127441,-0.5231232643127441,0.4073334038257599,0.5926665663719177,-0.8984909057617188,-0.5234909057617188,0.4073334038257599,1,0,"{""A"": ""position"", ""B"": ""color"", ""C"": ""size"", ""D"": ""orientation""}",/mnt/tidalfs-hssh01/dataset/xiang/models/Qwen2.5-VL-7B-Instruct,42,not_empty,next_token
A_0078,A,STEP1,AD,0,-0.7575989961624146,-0.6325989961624146,0.4687906503677368,0.531209409236908,-0.7588132619857788,-0.6338132619857788,0.4687906503677368,1,0,"{""A"": ""position"", ""B"": ""color"", ""C"": ""size"", ""D"": ""orientation""}",/mnt/tidalfs-hssh01/dataset/xiang/models/Qwen2.5-VL-7B-Instruct,42,not_empty,next_token
A_0078,A,STEP1,BC,0,-0.8981232643127441,-0.5231232643127441,0.4073334038257599,0.5926665663719177,-0.8987282514572144,-0.5237282514572144,0.4073334038257599,1,0,"{""A"": ""position"", ""B"": ""color"", ""C"": ""size"", ""D"": ""orientation""}",/mnt/tidalfs-hssh01/dataset/xiang/models/Qwen2.5-VL-7B-Instruct,42,not_empty,next_token
A_0078,A,STEP1,BD,0,-0.825939416885376,-0.575939416885376,0.43782350420951843,0.562176525592804,-0.826836347579956,-0.576836347579956,0.43782350420951843,1,0,"{""A"": ""position"", ""B"": ""color"", ""C"": ""size"", ""D"": ""orientation""}",/mnt/tidalfs-hssh01/dataset/xiang/models/Qwen2.5-VL-7B-Instruct,42,not_empty,next_token
A_0078,A,STEP1,CD,0,-0.7575989961624146,-0.6325989961624146,0.4687906503677368,0.531209409236908,-0.7588961124420166,-0.6338961124420166,0.4687906503677368,1,0,"{""A"": ""position"", ""B"": ""color"", ""C"": ""size"", ""D"": ""orientation""}",/mnt/tidalfs-hssh01/dataset/xiang/models/Qwen2.5-VL-7B-Instruct,42,not_empty,next_token
A_0078,A,STEP1,ABC,0,-0.8981232643127441,-0.5231232643127441,0.4073334038257599,0.5926665663719177,-0.8984024524688721,-0.5234024524688721,0.4073334038257599,1,0,"{""A"": ""position"", ""B"": ""color"", ""C"": ""size"", ""D"": ""orientation""}",/mnt/tidalfs-hssh01/dataset/xiang/models/Qwen2.5-VL-7B-Instruct,42,not_empty,next_token
A_0078,A,STEP1,ABD,0,-0.825939416885376,-0.575939416885376,0.43782350420951843,0.562176525592804,-0.8263711333274841,-0.5763711333274841,0.43782350420951843,1,0,"{""A"": ""position"", ""B"": ""color"", ""C"": ""size"", ""D"": ""orientation""}",/mnt/tidalfs-hssh01/dataset/xiang/models/Qwen2.5-VL-7B-Instruct,42,not_empty,next_token
A_0078,A,STEP1,ACD,0,-0.9740769863128662,-0.4740769863128662,0.3775406777858734,0.622459352016449,-0.9743639230728149,-0.47436389327049255,0.3775406777858734,1,0,"{""A"": ""position"", ""B"": ""color"", ""C"": ""size"", ""D"": ""orientation""}",/mnt/tidalfs-hssh01/dataset/xiang/models/Qwen2.5-VL-7B-Instruct,42,not_empty,next_token
A_0078,A,STEP1,BCD,0,-0.9740769863128662,-0.4740769863128662,0.3775406777858734,0.622459352016449,-0.9743598699569702,-0.4743598699569702,0.3775406777858734,1,0,"{""A"": ""position"", ""B"": ""color"", ""C"": ""size"", ""D"": ""orientation""}",/mnt/tidalfs-hssh01/dataset/xiang/models/Qwen2.5-VL-7B-Instruct,42,not_empty,next_token
A_0078,A,STEP1,ABCD,0,-0.9740769863128662,-0.4740769863128662,0.3775406777858734,0.622459352016449,-0.9742728471755981,-0.47427284717559814,0.3775406777858734,1,0,"{""A"": ""position"", ""B"": ""color"", ""C"": ""size"", ""D"": ""orientation""}",/mnt/tidalfs-hssh01/dataset/xiang/models/Qwen2.5-VL-7B-Instruct,42,not_empty,next_token
A_0078,A,STEP2,EMPTY,1,-1.1368709802627563,-0.38687101006507874,0.3208213150501251,0.6791786551475525,-1.1873528957366943,-0.4373529553413391,0.6791786551475525,1,1,"{""A"": ""position"", ""B"": ""color"", ""C"": ""size"", ""D"": ""orientation""}",/mnt/tidalfs-hssh01/dataset/xiang/models/Qwen2.5-VL-7B-Instruct,42,text_only,next_token
A_0078,A,STEP2,A,1,-1.0537006855010986,-0.42870065569877625,0.3486451208591461,0.6513548493385315,-1.0558043718338013,-0.43080440163612366,0.6513548493385315,1,1,"{""A"": ""position"", ""B"": ""color"", ""C"": ""size"", ""D"": ""orientation""}",/mnt/tidalfs-hssh01/dataset/xiang/models/Qwen2.5-VL-7B-Instruct,42,not_empty,next_token
A_0078,A,STEP2,B,1,-0.825939416885376,-0.575939416885376,0.43782350420951843,0.562176525592804,-0.8274880647659302,-0.5774880647659302,0.562176525592804,1,1,"{""A"": ""position"", ""B"": ""color"", ""C"": ""size"", ""D"": ""orientation""}",/mnt/tidalfs-hssh01/dataset/xiang/models/Qwen2.5-VL-7B-Instruct,42,not_empty,next_token
A_0078,A,STEP2,C,1,-0.8981232643127441,-0.5231232643127441,0.4073334038257599,0.5926665663719177,-0.8998823761940002,-0.5248823761940002,0.5926665663719177,1,1,"{""A"": ""position"", ""B"": ""color"", ""C"": ""size"", ""D"": ""orientation""}",/mnt/tidalfs-hssh01/dataset/xiang/models/Qwen2.5-VL-7B-Instruct,42,not_empty,next_token
A_0078,A,STEP2,D,1,-1.5019290447235107,-0.25192904472351074,0.22270016372203827,0.7772998809814453,-1.5044355392456055,-0.25443553924560547,0.7772998809814453,1,1,"{""A"": ""position"", ""B"": ""color"", ""C"": ""size"", ""D"": ""orientation""}",/mnt/tidalfs-hssh01/dataset/xiang/models/Qwen2.5-VL-7B-Instruct,42,not_empty,next_token
A_0078,A,STEP2,AB,1,-0.7575989961624146,-0.6325989961624146,0.4687906503677368,0.531209409236908,-0.7587367296218872,-0.6337367296218872,0.531209409236908,1,1,"{""A"": ""position"", ""B"": ""color"", ""C"": ""size"", ""D"": ""orientation""}",/mnt/tidalfs-hssh01/dataset/xiang/models/Qwen2.5-VL-7B-Instruct,42,not_empty,next_token
A_0078,A,STEP2,AC,1,-0.825939416885376,-0.575939416885376,0.43782350420951843,0.562176525592804,-0.826461911201477,-0.576461911201477,0.562176525592804,1,1,"{""A"": ""position"", ""B"": ""color"", ""C"": ""size"", ""D"": ""orientation""}",/mnt/tidalfs-hssh01/dataset/xiang/models/Qwen2.5-VL-7B-Instruct,42,not_empty,next_token
A_0078,A,STEP2,AD,1,-0.825939416885376,-0.575939416885376,0.43782350420951843,0.562176525592804,-0.827907383441925,-0.577907383441925,0.562176525592804,1,1,"{""A"": ""position"", ""B"": ""color"", ""C"": ""size"", ""D"": ""orientation""}",/mnt/tidalfs-hssh01/dataset/xiang/models/Qwen2.5-VL-7B-Instruct,42,not_empty,next_token
A_0078,A,STEP2,BC,1,-0.7575989961624146,-0.6325989961624146,0.4687906503677368,0.531209409236908,-0.7587319612503052,-0.6337319612503052,0.531209409236908,1,1,"{""A"": ""position"", ""B"": ""color"", ""C"": ""size"", ""D"": ""orientation""}",/mnt/tidalfs-hssh01/dataset/xiang/models/Qwen2.5-VL-7B-Instruct,42,not_empty,next_token
A_0078,A,STEP2,BD,1,-0.8981232643127441,-0.5231232643127441,0.4073334038257599,0.5926665663719177,-0.899730384349823,-0.524730384349823,0.5926665663719177,1,1,"{""A"": ""position"", ""B"": ""color"", ""C"": ""size"", ""D"": ""orientation""}",/mnt/tidalfs-hssh01/dataset/xiang/models/Qwen2.5-VL-7B-Instruct,42,not_empty,next_token
A_0078,A,STEP2,CD,1,-0.825939416885376,-0.575939416885376,0.43782350420951843,0.562176525592804,-0.8270318508148193,-0.5770318508148193,0.562176525592804,1,1,"{""A"": ""position"", ""B"": ""color"", ""C"": ""size"", ""D"": ""orientation""}",/mnt/tidalfs-hssh01/dataset/xiang/models/Qwen2.5-VL-7B-Instruct,42,not_empty,next_token
A_0078,A,STEP2,ABC,1,-0.5231232643127441,-0.8981232643127441,0.5926665663719177,0.4073334038257599,-0.5237650275230408,-0.8987650275230408,0.4073334038257599,0,0,"{""A"": ""position"", ""B"": ""color"", ""C"": ""size"", ""D"": ""orientation""}",/mnt/tidalfs-hssh01/dataset/xiang/models/Qwen2.5-VL-7B-Instruct,42,not_empty,next_token
A_0078,A,STEP2,ABD,1,-0.6325989961624146,-0.7575989961624146,0.531209409236908,0.4687906503677368,-0.6332840919494629,-0.7582840919494629,0.4687906503677368,0,0,"{""A"": ""position"", ""B"": ""color"", ""C"": ""size"", ""D"": ""orientation""}",/mnt/tidalfs-hssh01/dataset/xiang/models/Qwen2.5-VL-7B-Instruct,42,not_empty,next_token
A_0078,A,STEP2,ACD,1,-0.7575989961624146,-0.6325989961624146,0.4687906503677368,0.531209409236908,-0.7580022215843201,-0.6330022215843201,0.531209409236908,1,1,"{""A"": ""position"", ""B"": ""color"", ""C"": ""size"", ""D"": ""orientation""}",/mnt/tidalfs-hssh01/dataset/xiang/models/Qwen2.5-VL-7B-Instruct,42,not_empty,next_token
A_0078,A,STEP2,BCD,1,-0.825939416885376,-0.575939416885376,0.43782350420951843,0.562176525592804,-0.8265892267227173,-0.5765892267227173,0.562176525592804,1,1,"{""A"": ""position"", ""B"": ""color"", ""C"": ""size"", ""D"": ""orientation""}",/mnt/tidalfs-hssh01/dataset/xiang/models/Qwen2.5-VL-7B-Instruct,42,not_empty,next_token
A_0078,A,STEP2,ABCD,1,-0.575939416885376,-0.825939416885376,0.562176525592804,0.43782350420951843,-0.57642662525177,-0.82642662525177,0.43782350420951843,0,0,"{""A"": ""position"", ""B"": ""color"", ""C"": ""size"", ""D"": ""orientation""}",/mnt/tidalfs-hssh01/dataset/xiang/models/Qwen2.5-VL-7B-Instruct,42,not_empty,next_token
A_0078,A,FINAL,EMPTY,1,-0.825939416885376,-0.575939416885376,0.43782350420951843,0.562176525592804,-1.032974123954773,-0.782974123954773,0.562176525592804,1,1,"{""A"": ""position"", ""B"": ""color"", ""C"": ""size"", ""D"": ""orientation""}",/mnt/tidalfs-hssh01/dataset/xiang/models/Qwen2.5-VL-7B-Instruct,42,text_only,next_token
A_0078,A,FINAL,A,1,-0.825939416885376,-0.575939416885376,0.43782350420951843,0.562176525592804,-0.8441141843795776,-0.5941141843795776,0.562176525592804,1,1,"{""A"": ""position"", ""B"": ""color"", ""C"": ""size"", ""D"": ""orientation""}",/mnt/tidalfs-hssh01/dataset/xiang/models/Qwen2.5-VL-7B-Instruct,42,not_empty,next_token
A_0078,A,FINAL,B,1,-0.7575989961624146,-0.6325989961624146,0.4687906503677368,0.531209409236908,-0.7693278193473816,-0.6443278193473816,0.531209409236908,1,1,"{""A"": ""position"", ""B"": ""color"", ""C"": ""size"", ""D"": ""orientation""}",/mnt/tidalfs-hssh01/dataset/xiang/models/Qwen2.5-VL-7B-Instruct,42,not_empty,next_token
A_0078,A,FINAL,C,1,-0.825939416885376,-0.575939416885376,0.43782350420951843,0.562176525592804,-0.8405668139457703,-0.5905668139457703,0.562176525592804,1,1,"{""A"": ""position"", ""B"": ""color"", ""C"": ""size"", ""D"": ""orientation""}",/mnt/tidalfs-hssh01/dataset/xiang/models/Qwen2.5-VL-7B-Instruct,42,not_empty,next_token
A_0078,A,FINAL,D,1,-1.053700566291809,-0.42870065569877625,0.3486451506614685,0.6513548493385315,-1.076493740081787,-0.4514937996864319,0.6513548493385315,1,1,"{""A"": ""position"", ""B"": ""color"", ""C"": ""size"", ""D"": ""orientation""}",/mnt/tidalfs-hssh01/dataset/xiang/models/Qwen2.5-VL-7B-Instruct,42,not_empty,next_token
A_0078,A,FINAL,AB,1,-0.6931471824645996,-0.6931471824645996,0.5,0.5,-0.6951395869255066,-0.6951395869255066,0.5,0,0,"{""A"": ""position"", ""B"": ""color"", ""C"": ""size"", ""D"": ""orientation""}",/mnt/tidalfs-hssh01/dataset/xiang/models/Qwen2.5-VL-7B-Instruct,42,not_empty,next_token
A_0078,A,FINAL,AC,1,-0.825939416885376,-0.575939416885376,0.43782350420951843,0.562176525592804,-0.827228307723999,-0.577228307723999,0.562176525592804,1,1,"{""A"": ""position"", ""B"": ""color"", ""C"": ""size"", ""D"": ""orientation""}",/mnt/tidalfs-hssh01/dataset/xiang/models/Qwen2.5-VL-7B-Instruct,42,not_empty,next_token
A_0078,A,FINAL,AD,1,-0.9740769863128662,-0.4740769863128662,0.3775406777858734,0.622459352016449,-0.9781070351600647,-0.4781070351600647,0.622459352016449,1,1,"{""A"": ""position"", ""B"": ""color"", ""C"": ""size"", ""D"": ""orientation""}",/mnt/tidalfs-hssh01/dataset/xiang/models/Qwen2.5-VL-7B-Instruct,42,not_empty,next_token
A_0078,A,FINAL,BC,1,-0.7575989961624146,-0.6325989961624146,0.4687906503677368,0.531209409236908,-0.761656641960144,-0.636656641960144,0.531209409236908,1,1,"{""A"": ""position"", ""B"": ""color"", ""C"": ""size"", ""D"": ""orientation""}",/mnt/tidalfs-hssh01/dataset/xiang/models/Qwen2.5-VL-7B-Instruct,42,not_empty,next_token
A_0078,A,FINAL,BD,1,-0.825939416885376,-0.575939416885376,0.43782350420951843,0.562176525592804,-0.8343058228492737,-0.5843058228492737,0.562176525592804,1,1,"{""A"": ""position"", ""B"": ""color"", ""C"": ""size"", ""D"": ""orientation""}",/mnt/tidalfs-hssh01/dataset/xiang/models/Qwen2.5-VL-7B-Instruct,42,not_empty,next_token
A_0078,A,FINAL,CD,1,-0.8981232643127441,-0.5231232643127441,0.4073334038257599,0.5926665663719177,-0.9077074527740479,-0.5327074527740479,0.5926665663719177,1,1,"{""A"": ""position"", ""B"": ""color"", ""C"": ""size"", ""D"": ""orientation""}",/mnt/tidalfs-hssh01/dataset/xiang/models/Qwen2.5-VL-7B-Instruct,42,not_empty,next_token
A_0078,A,FINAL,ABC,1,-0.6931471824645996,-0.6931471824645996,0.5,0.5,-0.6947757005691528,-0.6947757005691528,0.5,0,0,"{""A"": ""position"", ""B"": ""color"", ""C"": ""size"", ""D"": ""orientation""}",/mnt/tidalfs-hssh01/dataset/xiang/models/Qwen2.5-VL-7B-Instruct,42,not_empty,next_token
A_0078,A,FINAL,ABD,1,-0.8981232643127441,-0.5231232643127441,0.4073334038257599,0.5926665663719177,-0.900088906288147,-0.525088906288147,0.5926665663719177,1,1,"{""A"": ""position"", ""B"": ""color"", ""C"": ""size"", ""D"": ""orientation""}",/mnt/tidalfs-hssh01/dataset/xiang/models/Qwen2.5-VL-7B-Instruct,42,not_empty,next_token
A_0078,A,FINAL,ACD,1,-0.8981232643127441,-0.5231232643127441,0.4073334038257599,0.5926665663719177,-0.8994010090827942,-0.5244010090827942,0.5926665663719177,1,1,"{""A"": ""position"", ""B"": ""color"", ""C"": ""size"", ""D"": ""orientation""}",/mnt/tidalfs-hssh01/dataset/xiang/models/Qwen2.5-VL-7B-Instruct,42,not_empty,next_token
A_0078,A,FINAL,BCD,1,-0.8981232643127441,-0.5231232643127441,0.4073334038257599,0.5926665663719177,-0.9016958475112915,-0.5266958475112915,0.5926665663719177,1,1,"{""A"": ""position"", ""B"": ""color"", ""C"": ""size"", ""D"": ""orientation""}",/mnt/tidalfs-hssh01/dataset/xiang/models/Qwen2.5-VL-7B-Instruct,42,not_empty,next_token
A_0078,A,FINAL,ABCD,1,-0.825939416885376,-0.575939416885376,0.43782350420951843,0.562176525592804,-0.8275536298751831,-0.5775536298751831,0.562176525592804,1,1,"{""A"": ""position"", ""B"": ""color"", ""C"": ""size"", ""D"": ""orientation""}",/mnt/tidalfs-hssh01/dataset/xiang/models/Qwen2.5-VL-7B-Instruct,42,not_empty,next_token
A_0086,A,STEP1,EMPTY,0,-0.825939416885376,-0.575939416885376,0.43782350420951843,0.562176525592804,-0.8866772651672363,-0.6366772651672363,0.43782350420951843,1,0,"{""A"": ""color"", ""B"": ""size"", ""C"": ""orientation"", ""D"": ""position""}",/mnt/tidalfs-hssh01/dataset/xiang/models/Qwen2.5-VL-7B-Instruct,42,text_only,next_token
A_0086,A,STEP1,A,0,-0.9740769863128662,-0.4740769863128662,0.3775406777858734,0.622459352016449,-0.9758946895599365,-0.4758947193622589,0.3775406777858734,1,0,"{""A"": ""color"", ""B"": ""size"", ""C"": ""orientation"", ""D"": ""position""}",/mnt/tidalfs-hssh01/dataset/xiang/models/Qwen2.5-VL-7B-Instruct,42,not_empty,next_token
A_0086,A,STEP1,B,0,-0.8981232643127441,-0.5231232643127441,0.4073334038257599,0.5926665663719177,-0.8994943499565125,-0.5244943499565125,0.4073334038257599,1,0,"{""A"": ""color"", ""B"": ""size"", ""C"": ""orientation"", ""D"": ""position""}",/mnt/tidalfs-hssh01/dataset/xiang/models/Qwen2.5-VL-7B-Instruct,42,not_empty,next_token
A_0086,A,STEP1,C,0,-0.9740769863128662,-0.4740769863128662,0.3775406777858734,0.622459352016449,-0.981826663017273,-0.48182669281959534,0.3775406777858734,1,0,"{""A"": ""color"", ""B"": ""size"", ""C"": ""orientation"", ""D"": ""position""}",/mnt/tidalfs-hssh01/dataset/xiang/models/Qwen2.5-VL-7B-Instruct,42,not_empty,next_token
A_0086,A,STEP1,D,0,-0.9740769863128662,-0.4740769863128662,0.3775406777858734,0.622459352016449,-0.9789466857910156,-0.4789466857910156,0.3775406777858734,1,0,"{""A"": ""color"", ""B"": ""size"", ""C"": ""orientation"", ""D"": ""position""}",/mnt/tidalfs-hssh01/dataset/xiang/models/Qwen2.5-VL-7B-Instruct,42,not_empty,next_token
A_0086,A,STEP1,AB,0,-0.9740769863128662,-0.4740769863128662,0.3775406777858734,0.622459352016449,-0.974403977394104,-0.4744039475917816,0.3775406777858734,1,0,"{""A"": ""color"", ""B"": ""size"", ""C"": ""orientation"", ""D"": ""position""}",/mnt/tidalfs-hssh01/dataset/xiang/models/Qwen2.5-VL-7B-Instruct,42,not_empty,next_token
A_0086,A,STEP1,AC,0,-1.1368709802627563,-0.38687101006507874,0.3208213150501251,0.6791786551475525,-1.1373109817504883,-0.38731104135513306,0.3208213150501251,1,0,"{""A"": ""color"", ""B"": ""size"", ""C"": ""orientation"", ""D"": ""position""}",/mnt/tidalfs-hssh01/dataset/xiang/models/Qwen2.5-VL-7B-Instruct,42,not_empty,next_token
A_0086,A,STEP1,AD,0,-1.0537006855010986,-0.42870065569877625,0.3486451208591461,0.6513548493385315,-1.054273247718811,-0.42927321791648865,0.3486451208591461,1,0,"{""A"": ""color"", ""B"": ""size"", ""C"": ""orientation"", ""D"": ""position""}",/mnt/tidalfs-hssh01/dataset/xiang/models/Qwen2.5-VL-7B-Instruct,42,not_empty,next_token
A_0086,A,STEP1,BC,0,-1.1368709802627563,-0.38687101006507874,0.3208213150501251,0.6791786551475525,-1.1374504566192627,-0.3874504864215851,0.3208213150501251,1,0,"{""A"": ""color"", ""B"": ""size"", ""C"": ""orientation"", ""D"": ""position""}",/mnt/tidalfs-hssh01/dataset/xiang/models/Qwen2.5-VL-7B-Instruct,42,not_empty,next_token
A_0086,A,STEP1,BD,0,-1.136871099472046,-0.38687101006507874,0.32082128524780273,0.6791786551475525,-1.1373846530914307,-0.3873845934867859,0.32082128524780273,1,0,"{""A"": ""color"", ""B"": ""size"", ""C"": ""orientation"", ""D"": ""position""}",/mnt/tidalfs-hssh01/dataset/xiang/models/Qwen2.5-VL-7B-Instruct,42,not_empty,next_token
A_0086,A,STEP1,CD,0,-0.7575989961624146,-0.6325989961624146,0.4687906503677368,0.531209409236908,-0.759433925151825,-0.634433925151825,0.4687906503677368,1,0,"{""A"": ""color"", ""B"": ""size"", ""C"": ""orientation"", ""D"": ""position""}",/mnt/tidalfs-hssh01/dataset/xiang/models/Qwen2.5-VL-7B-Instruct,42,not_empty,next_token
A_0086,A,STEP1,ABC,0,-1.1368709802627563,-0.38687101006507874,0.3208213150501251,0.6791786551475525,-1.137067437171936,-0.38706740736961365,0.3208213150501251,1,0,"{""A"": ""color"", ""B"": ""size"", ""C"": ""orientation"", ""D"": ""position""}",/mnt/tidalfs-hssh01/dataset/xiang/models/Qwen2.5-VL-7B-Instruct,42,not_empty,next_token
A_0086,A,STEP1,ABD,0,-1.2234445810317993,-0.3484445810317993,0.29421499371528625,0.7057850360870361,-1.2236021757125854,-0.34860214591026306,0.29421499371528625,1,0,"{""A"": ""color"", ""B"": ""size"", ""C"": ""orientation"", ""D"": ""position""}",/mnt/tidalfs-hssh01/dataset/xiang/models/Qwen2.5-VL-7B-Instruct,42,not_empty,next_token
A_0086,A,STEP1,ACD,0,-1.2234445810317993,-0.3484445810317993,0.29421499371528625,0.7057850360870361,-1.2236995697021484,-0.34869956970214844,0.29421499371528625,1,0,"{""A"": ""color"", ""B"": ""size"", ""C"": ""orientation"", ""D"": ""position""}",/mnt/tidalfs-hssh01/dataset/xiang/models/Qwen2.5-VL-7B-Instruct,42,not_empty,next_token
A_0086,A,STEP1,BCD,0,-1.2234445810317993,-0.3484445810317993,0.29421499371528625,0.7057850360870361,-1.223755121231079,-0.3487551510334015,0.29421499371528625,1,0,"{""A"": ""color"", ""B"": ""size"", ""C"": ""orientation"", ""D"": ""position""}",/mnt/tidalfs-hssh01/dataset/xiang/models/Qwen2.5-VL-7B-Instruct,42,not_empty,next_token
A_0086,A,STEP1,ABCD,0,-1.4061501026153564,-0.28115010261535645,0.24508503079414368,0.7549149990081787,-1.4063009023666382,-0.28130093216896057,0.24508503079414368,1,0,"{""A"": ""color"", ""B"": ""size"", ""C"": ""orientation"", ""D"": ""position""}",/mnt/tidalfs-hssh01/dataset/xiang/models/Qwen2.5-VL-7B-Instruct,42,not_empty,next_token
A_0086,A,STEP2,EMPTY,0,-1.1368709802627563,-0.38687101006507874,0.3208213150501251,0.6791786551475525,-1.166052222251892,-0.4160521924495697,0.3208213150501251,1,0,"{""A"": ""color"", ""B"": ""size"", ""C"": ""orientation"", ""D"": ""position""}",/mnt/tidalfs-hssh01/dataset/xiang/models/Qwen2.5-VL-7B-Instruct,42,text_only,next_token
A_0086,A,STEP2,A,0,-1.1368709802627563,-0.38687101006507874,0.3208213150501251,0.6791786551475525,-1.1380829811096191,-0.3880830407142639,0.3208213150501251,1,0,"{""A"": ""color"", ""B"": ""size"", ""C"": ""orientation"", ""D"": ""position""}",/mnt/tidalfs-hssh01/dataset/xiang/models/Qwen2.5-VL-7B-Instruct,42,not_empty,next_token
A_0086,A,STEP2,B,0,-1.1368709802627563,-0.38687101006507874,0.3208213150501251,0.6791786551475525,-1.1385562419891357,-0.38855624198913574,0.3208213150501251,1,0,"{""A"": ""color"", ""B"": ""size"", ""C"": ""orientation"", ""D"": ""position""}",/mnt/tidalfs-hssh01/dataset/xiang/models/Qwen2.5-VL-7B-Instruct,42,not_empty,next_token
A_0086,A,STEP2,C,0,-1.1368709802627563,-0.38687101006507874,0.3208213150501251,0.6791786551475525,-1.1390414237976074,-0.3890414237976074,0.3208213150501251,1,0,"{""A"": ""color"", ""B"": ""size"", ""C"": ""orientation"", ""D"": ""position""}",/mnt/tidalfs-hssh01/dataset/xiang/models/Qwen2.5-VL-7B-Instruct,42,not_empty,next_token
A_0086,A,STEP2,D,0,-1.2234444618225098,-0.3484445810317993,0.29421502351760864,0.7057850360870361,-1.2250585556030273,-0.3500586152076721,0.29421502351760864,1,0,"{""A"": ""color"", ""B"": ""size"", ""C"": ""orientation"", ""D"": ""position""}",/mnt/tidalfs-hssh01/dataset/xiang/models/Qwen2.5-VL-7B-Instruct,42,not_empty,next_token
A_0086,A,STEP2,AB,0,-0.825939416885376,-0.575939416885376,0.43782350420951843,0.562176525592804,-0.8267413973808289,-0.5767413973808289,0.43782350420951843,1,0,"{""A"": ""color"", ""B"": ""size"", ""C"": ""orientation"", ""D"": ""position""}",/mnt/tidalfs-hssh01/dataset/xiang/models/Qwen2.5-VL-7B-Instruct,42,not_empty,next_token
A_0086,A,STEP2,AC,0,-0.825939416885376,-0.575939416885376,0.43782350420951843,0.562176525592804,-0.8265881538391113,-0.5765881538391113,0.43782350420951843,1,0,"{""A"": ""color"", ""B"": ""size"", ""C"": ""orientation"", ""D"": ""position""}",/mnt/tidalfs-hssh01/dataset/xiang/models/Qwen2.5-VL-7B-Instruct,42,not_empty,next_token
A_0086,A,STEP2,AD,0,-1.1368709802627563,-0.38687101006507874,0.3208213150501251,0.6791786551475525,-1.1376566886901855,-0.38765671849250793,0.3208213150501251,1,0,"{""A"": ""color"", ""B"": ""size"", ""C"": ""orientation"", ""D"": ""position""}",/mnt/tidalfs-hssh01/dataset/xiang/models/Qwen2.5-VL-7B-Instruct,42,not_empty,next_token
A_0086,A,STEP2,BC,0,-0.825939416885376,-0.575939416885376,0.43782350420951843,0.562176525592804,-0.8272716403007507,-0.5772716403007507,0.43782350420951843,1,0,"{""A"": ""color"", ""B"": ""size"", ""C"": ""orientation"", ""D"": ""position""}",/mnt/tidalfs-hssh01/dataset/xiang/models/Qwen2.5-VL-7B-Instruct,42,not_empty,next_token
A_0086,A,STEP2,BD,0,-0.9740769863128662,-0.4740769863128662,0.3775406777858734,0.622459352016449,-0.9752063751220703,-0.4752063751220703,0.3775406777858734,1,0,"{""A"": ""color"", ""B"": ""size"", ""C"": ""orientation"", ""D"": ""position""}",/mnt/tidalfs-hssh01/dataset/xiang/models/Qwen2.5-VL-7B-Instruct,42,not_empty,next_token
A_0086,A,STEP2,CD,0,-0.9740769863128662,-0.4740769863128662,0.3775406777858734,0.622459352016449,-0.9750595688819885,-0.4750595688819885,0.3775406777858734,1,0,"{""A"": ""color"", ""B"": ""size"", ""C"": ""orientation"", ""D"": ""position""}",/mnt/tidalfs-hssh01/dataset/xiang/models/Qwen2.5-VL-7B-Instruct,42,not_empty,next_token
A_0086,A,STEP2,ABC,0,-0.6325989961624146,-0.7575989961624146,0.531209409236908,0.4687906503677368,-0.6333186626434326,-0.7583186626434326,0.531209409236908,0,1,"{""A"": ""color"", ""B"": ""size"", ""C"": ""orientation"", ""D"": ""position""}",/mnt/tidalfs-hssh01/dataset/xiang/models/Qwen2.5-VL-7B-Instruct,42,not_empty,next_token
A_0086,A,STEP2,ABD,0,-0.825939416885376,-0.575939416885376,0.43782350420951843,0.562176525592804,-0.8263950347900391,-0.5763950347900391,0.43782350420951843,1,0,"{""A"": ""color"", ""B"": ""size"", ""C"": ""orientation"", ""D"": ""position""}",/mnt/tidalfs-hssh01/dataset/xiang/models/Qwen2.5-VL-7B-Instruct,42,not_empty,next_token
A_0086,A,STEP2,ACD,0,-0.825939416885376,-0.575939416885376,0.43782350420951843,0.562176525592804,-0.8263383507728577,-0.5763383507728577,0.43782350420951843,1,0,"{""A"": ""color"", ""B"": ""size"", ""C"": ""orientation"", ""D"": ""position""}",/mnt/tidalfs-hssh01/dataset/xiang/models/Qwen2.5-VL-7B-Instruct,42,not_empty,next_token
A_0086,A,STEP2,BCD,0,-0.7575989961624146,-0.6325989961624146,0.4687906503677368,0.531209409236908,-0.7584200501441956,-0.6334200501441956,0.4687906503677368,1,0,"{""A"": ""color"", ""B"": ""size"", ""C"": ""orientation"", ""D"": ""position""}",/mnt/tidalfs-hssh01/dataset/xiang/models/Qwen2.5-VL-7B-Instruct,42,not_empty,next_token
A_0086,A,STEP2,ABCD,0,-0.6931471824645996,-0.6931471824645996,0.5,0.5,-0.693543016910553,-0.693543016910553,0.5,0,1,"{""A"": ""color"", ""B"": ""size"", ""C"": ""orientation"", ""D"": ""position""}",/mnt/tidalfs-hssh01/dataset/xiang/models/Qwen2.5-VL-7B-Instruct,42,not_empty,next_token
A_0086,A,FINAL,EMPTY,0,-0.7575989961624146,-0.6325989961624146,0.4687906503677368,0.531209409236908,-0.9736700057983398,-0.8486700057983398,0.4687906503677368,1,0,"{""A"": ""color"", ""B"": ""size"", ""C"": ""orientation"", ""D"": ""position""}",/mnt/tidalfs-hssh01/dataset/xiang/models/Qwen2.5-VL-7B-Instruct,42,text_only,next_token
A_0086,A,FINAL,A,0,-0.8981232643127441,-0.5231232643127441,0.4073334038257599,0.5926665663719177,-0.904700517654419,-0.529700517654419,0.4073334038257599,1,0,"{""A"": ""color"", ""B"": ""size"", ""C"": ""orientation"", ""D"": ""position""}",/mnt/tidalfs-hssh01/dataset/xiang/models/Qwen2.5-VL-7B-Instruct,42,not_empty,next_token
A_0086,A,FINAL,B,0,-0.8981232643127441,-0.5231232643127441,0.4073334038257599,0.5926665663719177,-0.9050209522247314,-0.5300209522247314,0.4073334038257599,1,0,"{""A"": ""color"", ""B"": ""size"", ""C"": ""orientation"", ""D"": ""position""}",/mnt/tidalfs-hssh01/dataset/xiang/models/Qwen2.5-VL-7B-Instruct,42,not_empty,next_token
A_0086,A,FINAL,C,0,-0.8981232643127441,-0.5231232643127441,0.4073334038257599,0.5926665663719177,-0.9219778776168823,-0.5469778776168823,0.4073334038257599,1,0,"{""A"": ""color"", ""B"": ""size"", ""C"": ""orientation"", ""D"": ""position""}",/mnt/tidalfs-hssh01/dataset/xiang/models/Qwen2.5-VL-7B-Instruct,42,not_empty,next_token
A_0086,A,FINAL,D,0,-0.8981232643127441,-0.5231232643127441,0.4073334038257599,0.5926665663719177,-0.9094062447547913,-0.5344062447547913,0.4073334038257599,1,0,"{""A"": ""color"", ""B"": ""size"", ""C"": ""orientation"", ""D"": ""position""}",/mnt/tidalfs-hssh01/dataset/xiang/models/Qwen2.5-VL-7B-Instruct,42,not_empty,next_token
A_0086,A,FINAL,AB,0,-0.825939416885376,-0.575939416885376,0.43782350420951843,0.562176525592804,-0.8266299366950989,-0.5766299366950989,0.43782350420951843,1,0,"{""A"": ""color"", ""B"": ""size"", ""C"": ""orientation"", ""D"": ""position""}",/mnt/tidalfs-hssh01/dataset/xiang/models/Qwen2.5-VL-7B-Instruct,42,not_empty,next_token
A_0086,A,FINAL,AC,0,-0.8981232643127441,-0.5231232643127441,0.4073334038257599,0.5926665663719177,-0.8995126485824585,-0.5245126485824585,0.4073334038257599,1,0,"{""A"": ""color"", ""B"": ""size"", ""C"": ""orientation"", ""D"": ""position""}",/mnt/tidalfs-hssh01/dataset/xiang/models/Qwen2.5-VL-7B-Instruct,42,not_empty,next_token
A_0086,A,FINAL,AD,0,-0.8981232643127441,-0.5231232643127441,0.4073334038257599,0.5926665663719177,-0.8998510837554932,-0.5248510837554932,0.4073334038257599,1,0,"{""A"": ""color"", ""B"": ""size"", ""C"": ""orientation"", ""D"": ""position""}",/mnt/tidalfs-hssh01/dataset/xiang/models/Qwen2.5-VL-7B-Instruct,42,not_empty,next_token
A_0086,A,FINAL,BC,0,-0.8981232643127441,-0.5231232643127441,0.4073334038257599,0.5926665663719177,-0.9022879600524902,-0.5272879600524902,0.4073334038257599,1,0,"{""A"": ""color"", ""B"": ""size"", ""C"": ""orientation"", ""D"": ""position""}",/mnt/tidalfs-hssh01/dataset/xiang/models/Qwen2.5-VL-7B-Instruct,42,not_empty,next_token
A_0086,A,FINAL,BD,0,-0.8981232643127441,-0.5231232643127441,0.4073334038257599,0.5926665663719177,-0.9014317989349365,-0.5264317989349365,0.4073334038257599,1,0,"{""A"": ""color"", ""B"": ""size"", ""C"": ""orientation"", ""D"": ""position""}",/mnt/tidalfs-hssh01/dataset/xiang/models/Qwen2.5-VL-7B-Instruct,42,not_empty,next_token
A_0086,A,FINAL,CD,0,-0.825939416885376,-0.575939416885376,0.43782350420951843,0.562176525592804,-0.8345713019371033,-0.5845713019371033,0.43782350420951843,1,0,"{""A"": ""color"", ""B"": ""size"", ""C"": ""orientation"", ""D"": ""position""}",/mnt/tidalfs-hssh01/dataset/xiang/models/Qwen2.5-VL-7B-Instruct,42,not_empty,next_token
A_0086,A,FINAL,ABC,0,-0.825939416885376,-0.575939416885376,0.43782350420951843,0.562176525592804,-0.8274064660072327,-0.5774064660072327,0.43782350420951843,1,0,"{""A"": ""color"", ""B"": ""size"", ""C"": ""orientation"", ""D"": ""position""}",/mnt/tidalfs-hssh01/dataset/xiang/models/Qwen2.5-VL-7B-Instruct,42,not_empty,next_token
A_0086,A,FINAL,ABD,0,-0.8981232643127441,-0.5231232643127441,0.4073334038257599,0.5926665663719177,-0.8990523219108582,-0.5240523219108582,0.4073334038257599,1,0,"{""A"": ""color"", ""B"": ""size"", ""C"": ""orientation"", ""D"": ""position""}",/mnt/tidalfs-hssh01/dataset/xiang/models/Qwen2.5-VL-7B-Instruct,42,not_empty,next_token
A_0086,A,FINAL,ACD,0,-0.9740769863128662,-0.4740769863128662,0.3775406777858734,0.622459352016449,-0.9753734469413757,-0.47537344694137573,0.3775406777858734,1,0,"{""A"": ""color"", ""B"": ""size"", ""C"": ""orientation"", ""D"": ""position""}",/mnt/tidalfs-hssh01/dataset/xiang/models/Qwen2.5-VL-7B-Instruct,42,not_empty,next_token
A_0086,A,FINAL,BCD,0,-0.9740769863128662,-0.4740769863128662,0.3775406777858734,0.622459352016449,-0.9768669605255127,-0.4768669605255127,0.3775406777858734,1,0,"{""A"": ""color"", ""B"": ""size"", ""C"": ""orientation"", ""D"": ""position""}",/mnt/tidalfs-hssh01/dataset/xiang/models/Qwen2.5-VL-7B-Instruct,42,not_empty,next_token
A_0086,A,FINAL,ABCD,0,-0.9740769863128662,-0.4740769863128662,0.3775406777858734,0.622459352016449,-0.975002110004425,-0.47500211000442505,0.3775406777858734,1,0,"{""A"": ""color"", ""B"": ""size"", ""C"": ""orientation"", ""D"": ""position""}",/mnt/tidalfs-hssh01/dataset/xiang/models/Qwen2.5-VL-7B-Instruct,42,not_empty,next_token
A_0094,A,STEP1,EMPTY,0,-0.825939416885376,-0.575939416885376,0.43782350420951843,0.562176525592804,-0.8866772651672363,-0.6366772651672363,0.43782350420951843,1,0,"{""A"": ""color"", ""B"": ""size"", ""C"": ""orientation"", ""D"": ""position""}",/mnt/tidalfs-hssh01/dataset/xiang/models/Qwen2.5-VL-7B-Instruct,42,text_only,next_token
A_0094,A,STEP1,A,0,-0.6325989961624146,-0.7575989961624146,0.531209409236908,0.4687906503677368,-0.6342206597328186,-0.7592206597328186,0.531209409236908,0,1,"{""A"": ""color"", ""B"": ""size"", ""C"": ""orientation"", ""D"": ""position""}",/mnt/tidalfs-hssh01/dataset/xiang/models/Qwen2.5-VL-7B-Instruct,42,not_empty,next_token
A_0094,A,STEP1,B,0,-0.8981232643127441,-0.5231232643127441,0.4073334038257599,0.5926665663719177,-0.9003609418869019,-0.5253609418869019,0.4073334038257599,1,0,"{""A"": ""color"", ""B"": ""size"", ""C"": ""orientation"", ""D"": ""position""}",/mnt/tidalfs-hssh01/dataset/xiang/models/Qwen2.5-VL-7B-Instruct,42,not_empty,next_token
A_0094,A,STEP1,C,0,-1.3132617473602295,-0.3132617473602295,0.26894140243530273,0.7310584783554077,-1.3148443698883057,-0.31484439969062805,0.26894140243530273,1,0,"{""A"": ""color"", ""B"": ""size"", ""C"": ""orientation"", ""D"": ""position""}",/mnt/tidalfs-hssh01/dataset/xiang/models/Qwen2.5-VL-7B-Instruct,42,not_empty,next_token
A_0094,A,STEP1,D,0,-0.9740769863128662,-0.4740769863128662,0.3775406777858734,0.622459352016449,-0.9789466857910156,-0.4789466857910156,0.3775406777858734,1,0,"{""A"": ""color"", ""B"": ""size"", ""C"": ""orientation"", ""D"": ""position""}",/mnt/tidalfs-hssh01/dataset/xiang/models/Qwen2.5-VL-7B-Instruct,42,not_empty,next_token
A_0094,A,STEP1,AB,0,-0.825939416885376,-0.575939416885376,0.43782350420951843,0.562176525592804,-0.8262333273887634,-0.5762333273887634,0.43782350420951843,1,0,"{""A"": ""color"", ""B"": ""size"", ""C"": ""orientation"", ""D"": ""position""}",/mnt/tidalfs-hssh01/dataset/xiang/models/Qwen2.5-VL-7B-Instruct,42,not_empty,next_token
A_0094,A,STEP1,AC,0,-0.7575989961624146,-0.6325989961624146,0.4687906503677368,0.531209409236908,-0.7579666376113892,-0.6329666376113892,0.4687906503677368,1,0,"{""A"": ""color"", ""B"": ""size"", ""C"": ""orientation"", ""D"": ""position""}",/mnt/tidalfs-hssh01/dataset/xiang/models/Qwen2.5-VL-7B-Instruct,42,not_empty,next_token
A_0094,A,STEP1,AD,0,-0.825939416885376,-0.575939416885376,0.43782350420951843,0.562176525592804,-0.8264911770820618,-0.5764911770820618,0.43782350420951843,1,0,"{""A"": ""color"", ""B"": ""size"", ""C"": ""orientation"", ""D"": ""position""}",/mnt/tidalfs-hssh01/dataset/xiang/models/Qwen2.5-VL-7B-Instruct,42,not_empty,next_token
A_0094,A,STEP1,BC,0,-0.9740769863128662,-0.4740769863128662,0.3775406777858734,0.622459352016449,-0.9748984575271606,-0.47489845752716064,0.3775406777858734,1,0,"{""A"": ""color"", ""B"": ""size"", ""C"": ""orientation"", ""D"": ""position""}",/mnt/tidalfs-hssh01/dataset/xiang/models/Qwen2.5-VL-7B-Instruct,42,not_empty,next_token
A_0094,A,STEP1,BD,0,-0.9740769863128662,-0.4740769863128662,0.3775406777858734,0.622459352016449,-0.9747393131256104,-0.47473931312561035,0.3775406777858734,1,0,"{""A"": ""color"", ""B"": ""size"", ""C"": ""orientation"", ""D"": ""position""}",/mnt/tidalfs-hssh01/dataset/xiang/models/Qwen2.5-VL-7B-Instruct,42,not_empty,next_token
A_0094,A,STEP1,CD,0,-1.3132617473602295,-0.3132617473602295,0.26894140243530273,0.7310584783554077,-1.3139698505401611,-0.3139699101448059,0.26894140243530273,1,0,"{""A"": ""color"", ""B"": ""size"", ""C"": ""orientation"", ""D"": ""position""}",/mnt/tidalfs-hssh01/dataset/xiang/models/Qwen2.5-VL-7B-Instruct,42,not_empty,next_token
A_0094,A,STEP1,ABC,0,-0.8981232643127441,-0.5231232643127441,0.4073334038257599,0.5926665663719177,-0.8983148336410522,-0.5233148336410522,0.4073334038257599,1,0,"{""A"": ""color"", ""B"": ""size"", ""C"": ""orientation"", ""D"": ""position""}",/mnt/tidalfs-hssh01/dataset/xiang/models/Qwen2.5-VL-7B-Instruct,42,not_empty,next_token
A_0094,A,STEP1,ABD,0,-0.8981232643127441,-0.5231232643127441,0.4073334038257599,0.5926665663719177,-0.898350715637207,-0.523350715637207,0.4073334038257599,1,0,"{""A"": ""color"", ""B"": ""size"", ""C"": ""orientation"", ""D"": ""position""}",/mnt/tidalfs-hssh01/dataset/xiang/models/Qwen2.5-VL-7B-Instruct,42,not_empty,next_token
A_0094,A,STEP1,ACD,0,-0.9740769863128662,-0.4740769863128662,0.3775406777858734,0.622459352016449,-0.9743081331253052,-0.4743081033229828,0.3775406777858734,1,0,"{""A"": ""color"", ""B"": ""size"", ""C"": ""orientation"", ""D"": ""position""}",/mnt/tidalfs-hssh01/dataset/xiang/models/Qwen2.5-VL-7B-Instruct,42,not_empty,next_token
A_0094,A,STEP1,BCD,0,-0.8981232643127441,-0.5231232643127441,0.4073334038257599,0.5926665663719177,-0.8986122608184814,-0.5236122608184814,0.4073334038257599,1,0,"{""A"": ""color"", ""B"": ""size"", ""C"": ""orientation"", ""D"": ""position""}",/mnt/tidalfs-hssh01/dataset/xiang/models/Qwen2.5-VL-7B-Instruct,42,not_empty,next_token
A_0094,A,STEP1,ABCD,0,-0.8981232643127441,-0.5231232643127441,0.4073334038257599,0.5926665663719177,-0.8983944654464722,-0.5233944654464722,0.4073334038257599,1,0,"{""A"": ""color"", ""B"": ""size"", ""C"": ""orientation"", ""D"": ""position""}",/mnt/tidalfs-hssh01/dataset/xiang/models/Qwen2.5-VL-7B-Instruct,42,not_empty,next_token
A_0094,A,STEP2,EMPTY,1,-1.1368709802627563,-0.38687101006507874,0.3208213150501251,0.6791786551475525,-1.166052222251892,-0.4160521924495697,0.6791786551475525,1,1,"{""A"": ""color"", ""B"": ""size"", ""C"": ""orientation"", ""D"": ""position""}",/mnt/tidalfs-hssh01/dataset/xiang/models/Qwen2.5-VL-7B-Instruct,42,text_only,next_token
A_0094,A,STEP2,A,1,-1.1368709802627563,-0.38687101006507874,0.3208213150501251,0.6791786551475525,-1.138103723526001,-0.38810375332832336,0.6791786551475525,1,1,"{""A"": ""color"", ""B"": ""size"", ""C"": ""orientation"", ""D"": ""position""}",/mnt/tidalfs-hssh01/dataset/xiang/models/Qwen2.5-VL-7B-Instruct,42,not_empty,next_token
A_0094,A,STEP2,B,1,-1.0537006855010986,-0.42870065569877625,0.3486451208591461,0.6513548493385315,-1.0553741455078125,-0.4303741157054901,0.6513548493385315,1,1,"{""A"": ""color"", ""B"": ""size"", ""C"": ""orientation"", ""D"": ""position""}",/mnt/tidalfs-hssh01/dataset/xiang/models/Qwen2.5-VL-7B-Instruct,42,not_empty,next_token
A_0094,A,STEP2,C,1,-1.7014133930206299,-0.2014133334159851,0.18242549896240234,0.8175744414329529,-1.7026395797729492,-0.20263953506946564,0.8175744414329529,1,1,"{""A"": ""color"", ""B"": ""size"", ""C"": ""orientation"", ""D"": ""position""}",/mnt/tidalfs-hssh01/dataset/xiang/models/Qwen2.5-VL-7B-Instruct,42,not_empty,next_token
A_0094,A,STEP2,D,1,-1.2234444618225098,-0.3484445810317993,0.29421502351760864,0.7057850360870361,-1.2250585556030273,-0.3500586152076721,0.7057850360870361,1,1,"{""A"": ""color"", ""B"": ""size"", ""C"": ""orientation"", ""D"": ""position""}",/mnt/tidalfs-hssh01/dataset/xiang/models/Qwen2.5-VL-7B-Instruct,42,not_empty,next_token
A_0094,A,STEP2,AB,1,-0.825939416885376,-0.575939416885376,0.43782350420951843,0.562176525592804,-0.8268575072288513,-0.5768575072288513,0.562176525592804,1,1,"{""A"": ""color"", ""B"": ""size"", ""C"": ""orientation"", ""D"": ""position""}",/mnt/tidalfs-hssh01/dataset/xiang/models/Qwen2.5-VL-7B-Instruct,42,not_empty,next_token
A_0094,A,STEP2,AC,1,-1.1368709802627563,-0.38687101006507874,0.3208213150501251,0.6791786551475525,-1.1372787952423096,-0.38727882504463196,0.6791786551475525,1,1,"{""A"": ""color"", ""B"": ""size"", ""C"": ""orientation"", ""D"": ""position""}",/mnt/tidalfs-hssh01/dataset/xiang/models/Qwen2.5-VL-7B-Instruct,42,not_empty,next_token
A_0094,A,STEP2,AD,1,-1.0537006855010986,-0.42870065569877625,0.3486451208591461,0.6513548493385315,-1.0546177625656128,-0.4296177923679352,0.6513548493385315,1,1,"{""A"": ""color"", ""B"": ""size"", ""C"": ""orientation"", ""D"": ""position""}",/mnt/tidalfs-hssh01/dataset/xiang/models/Qwen2.5-VL-7B-Instruct,42,not_empty,next_token
A_0094,A,STEP2,BC,1,-1.1368709802627563,-0.38687101006507874,0.3208213150501251,0.6791786551475525,-1.1380695104599,-0.3880695402622223,0.6791786551475525,1,1,"{""A"": ""color"", ""B"": ""size"", ""C"": ""orientation"", ""D"": ""position""}",/mnt/tidalfs-hssh01/dataset/xiang/models/Qwen2.5-VL-7B-Instruct,42,not_empty,next_token
A_0094,A,STEP2,BD,1,-1.0537006855010986,-0.42870065569877625,0.3486451208591461,0.6513548493385315,-1.0548336505889893,-0.42983368039131165,0.6513548493385315,1,1,"{""A"": ""color"", ""B"": ""size"", ""C"": ""orientation"", ""D"": ""position""}",/mnt/tidalfs-hssh01/dataset/xiang/models/Qwen2.5-VL-7B-Instruct,42,not_empty,next_token
A_0094,A,STEP2,CD,1,-1.5019290447235107,-0.25192904472351074,0.22270016372203827,0.7772998809814453,-1.5027116537094116,-0.25271162390708923,0.7772998809814453,1,1,"{""A"": ""color"", ""B"": ""size"", ""C"": ""orientation"", ""D"": ""position""}",/mnt/tidalfs-hssh01/dataset/xiang/models/Qwen2.5-VL-7B-Instruct,42,not_empty,next_token
A_0094,A,STEP2,ABC,1,-0.9740769863128662,-0.4740769863128662,0.3775406777858734,0.622459352016449,-0.9746232032775879,-0.4746232032775879,0.622459352016449,1,1,"{""A"": ""color"", ""B"": ""size"", ""C"": ""orientation"", ""D"": ""position""}",/mnt/tidalfs-hssh01/dataset/xiang/models/Qwen2.5-VL-7B-Instruct,42,not_empty,next_token
A_0094,A,STEP2,ABD,1,-0.8981232643127441,-0.5231232643127441,0.4073334038257599,0.5926665663719177,-0.8986709117889404,-0.5236709117889404,0.5926665663719177,1,1,"{""A"": ""color"", ""B"": ""size"", ""C"": ""orientation"", ""D"": ""position""}",/mnt/tidalfs-hssh01/dataset/xiang/models/Qwen2.5-VL-7B-Instruct,42,not_empty,next_token
A_0094,A,STEP2,ACD,1,-1.136871099472046,-0.38687101006507874,0.32082128524780273,0.6791786551475525,-1.1372199058532715,-0.3872198462486267,0.6791786551475525,1,1,"{""A"": ""color"", ""B"": ""size"", ""C"": ""orientation"", ""D"": ""position""}",/mnt/tidalfs-hssh01/dataset/xiang/models/Qwen2.5-VL-7B-Instruct,42,not_empty,next_token
A_0094,A,STEP2,BCD,1,-0.9740769863128662,-0.4740769863128662,0.3775406777858734,0.622459352016449,-0.9752131700515747,-0.4752131998538971,0.622459352016449,1,1,"{""A"": ""color"", ""B"": ""size"", ""C"": ""orientation"", ""D"": ""position""}",/mnt/tidalfs-hssh01/dataset/xiang/models/Qwen2.5-VL-7B-Instruct,42,not_empty,next_token
A_0094,A,STEP2,ABCD,1,-1.0537006855010986,-0.42870065569877625,0.3486451208591461,0.6513548493385315,-1.0541349649429321,-0.42913493514060974,0.6513548493385315,1,1,"{""A"": ""color"", ""B"": ""size"", ""C"": ""orientation"", ""D"": ""position""}",/mnt/tidalfs-hssh01/dataset/xiang/models/Qwen2.5-VL-7B-Instruct,42,not_empty,next_token
A_0094,A,FINAL,EMPTY,1,-0.7575989961624146,-0.6325989961624146,0.4687906503677368,0.531209409236908,-0.9736700057983398,-0.8486700057983398,0.531209409236908,1,1,"{""A"": ""color"", ""B"": ""size"", ""C"": ""orientation"", ""D"": ""position""}",/mnt/tidalfs-hssh01/dataset/xiang/models/Qwen2.5-VL-7B-Instruct,42,text_only,next_token
A_0094,A,FINAL,A,1,-0.825939416885376,-0.575939416885376,0.43782350420951843,0.562176525592804,-0.8319355845451355,-0.5819355845451355,0.562176525592804,1,1,"{""A"": ""color"", ""B"": ""size"", ""C"": ""orientation"", ""D"": ""position""}",/mnt/tidalfs-hssh01/dataset/xiang/models/Qwen2.5-VL-7B-Instruct,42,not_empty,next_token
A_0094,A,FINAL,B,1,-0.9740769863128662,-0.4740769863128662,0.3775406777858734,0.622459352016449,-0.9842839241027832,-0.4842839241027832,0.622459352016449,1,1,"{""A"": ""color"", ""B"": ""size"", ""C"": ""orientation"", ""D"": ""position""}",/mnt/tidalfs-hssh01/dataset/xiang/models/Qwen2.5-VL-7B-Instruct,42,not_empty,next_token
A_0094,A,FINAL,C,1,-1.0537006855010986,-0.42870065569877625,0.3486451208591461,0.6513548493385315,-1.0634181499481201,-0.4384181499481201,0.6513548493385315,1,1,"{""A"": ""color"", ""B"": ""size"", ""C"": ""orientation"", ""D"": ""position""}",/mnt/tidalfs-hssh01/dataset/xiang/models/Qwen2.5-VL-7B-Instruct,42,not_empty,next_token
A_0094,A,FINAL,D,1,-0.8981232643127441,-0.5231232643127441,0.4073334038257599,0.5926665663719177,-0.9094062447547913,-0.5344062447547913,0.5926665663719177,1,1,"{""A"": ""color"", ""B"": ""size"", ""C"": ""orientation"", ""D"": ""position""}",/mnt/tidalfs-hssh01/dataset/xiang/models/Qwen2.5-VL-7B-Instruct,42,not_empty,next_token
A_0094,A,FINAL,AB,1,-0.7575989961624146,-0.6325989961624146,0.4687906503677368,0.531209409236908,-0.7583557367324829,-0.6333557367324829,0.531209409236908,1,1,"{""A"": ""color"", ""B"": ""size"", ""C"": ""orientation"", ""D"": ""position""}",/mnt/tidalfs-hssh01/dataset/xiang/models/Qwen2.5-VL-7B-Instruct,42,not_empty,next_token
A_0094,A,FINAL,AC,1,-0.8981232643127441,-0.5231232643127441,0.4073334038257599,0.5926665663719177,-0.8991785645484924,-0.5241785645484924,0.5926665663719177,1,1,"{""A"": ""color"", ""B"": ""size"", ""C"": ""orientation"", ""D"": ""position""}",/mnt/tidalfs-hssh01/dataset/xiang/models/Qwen2.5-VL-7B-Instruct,42,not_empty,next_token
A_0094,A,FINAL,AD,1,-0.8981232643127441,-0.5231232643127441,0.4073334038257599,0.5926665663719177,-0.8995832204818726,-0.5245832204818726,0.5926665663719177,1,1,"{""A"": ""color"", ""B"": ""size"", ""C"": ""orientation"", ""D"": ""position""}",/mnt/tidalfs-hssh01/dataset/xiang/models/Qwen2.5-VL-7B-Instruct,42,not_empty,next_token
A_0094,A,FINAL,BC,1,-0.825939416885376,-0.575939416885376,0.43782350420951843,0.562176525592804,-0.8326082229614258,-0.5826082229614258,0.562176525592804,1,1,"{""A"": ""color"", ""B"": ""size"", ""C"": ""orientation"", ""D"": ""position""}",/mnt/tidalfs-hssh01/dataset/xiang/models/Qwen2.5-VL-7B-Instruct,42,not_empty,next_token
A_0094,A,FINAL,BD,1,-0.8981232643127441,-0.5231232643127441,0.4073334038257599,0.5926665663719177,-0.9021197557449341,-0.5271197557449341,0.5926665663719177,1,1,"{""A"": ""color"", ""B"": ""size"", ""C"": ""orientation"", ""D"": ""position""}",/mnt/tidalfs-hssh01/dataset/xiang/models/Qwen2.5-VL-7B-Instruct,42,not_empty,next_token
A_0094,A,FINAL,CD,1,-0.9740769863128662,-0.4740769863128662,0.3775406777858734,0.622459352016449,-0.9794908761978149,-0.47949084639549255,0.622459352016449,1,1,"{""A"": ""color"", ""B"": ""size"", ""C"": ""orientation"", ""D"": ""position""}",/mnt/tidalfs-hssh01/dataset/xiang/models/Qwen2.5-VL-7B-Instruct,42,not_empty,next_token
A_0094,A,FINAL,ABC,1,-0.825939416885376,-0.575939416885376,0.43782350420951843,0.562176525592804,-0.8271662592887878,-0.5771662592887878,0.562176525592804,1,1,"{""A"": ""color"", ""B"": ""size"", ""C"": ""orientation"", ""D"": ""position""}",/mnt/tidalfs-hssh01/dataset/xiang/models/Qwen2.5-VL-7B-Instruct,42,not_empty,next_token
A_0094,A,FINAL,ABD,1,-0.8981232643127441,-0.5231232643127441,0.4073334038257599,0.5926665663719177,-0.8990597724914551,-0.5240597724914551,0.5926665663719177,1,1,"{""A"": ""color"", ""B"": ""size"", ""C"": ""orientation"", ""D"": ""position""}",/mnt/tidalfs-hssh01/dataset/xiang/models/Qwen2.5-VL-7B-Instruct,42,not_empty,next_token
A_0094,A,FINAL,ACD,1,-0.9740769863128662,-0.4740769863128662,0.3775406777858734,0.622459352016449,-0.9748743772506714,-0.474874347448349,0.622459352016449,1,1,"{""A"": ""color"", ""B"": ""size"", ""C"": ""orientation"", ""D"": ""position""}",/mnt/tidalfs-hssh01/dataset/xiang/models/Qwen2.5-VL-7B-Instruct,42,not_empty,next_token
A_0094,A,FINAL,BCD,1,-0.8981232643127441,-0.5231232643127441,0.4073334038257599,0.5926665663719177,-0.9015963673591614,-0.5265963673591614,0.5926665663719177,1,1,"{""A"": ""color"", ""B"": ""size"", ""C"": ""orientation"", ""D"": ""position""}",/mnt/tidalfs-hssh01/dataset/xiang/models/Qwen2.5-VL-7B-Instruct,42,not_empty,next_token
A_0094,A,FINAL,ABCD,1,-0.8981232643127441,-0.5231232643127441,0.4073334038257599,0.5926665663719177,-0.8993627429008484,-0.5243627429008484,0.5926665663719177,1,1,"{""A"": ""color"", ""B"": ""size"", ""C"": ""orientation"", ""D"": ""position""}",/mnt/tidalfs-hssh01/dataset/xiang/models/Qwen2.5-VL-7B-Instruct,42,not_empty,next_token
A_0102,A,STEP1,EMPTY,1,-0.6931471824645996,-0.6931471824645996,0.5,0.5,-0.819155216217041,-0.819155216217041,0.5,0,0,"{""A"": ""size"", ""B"": ""orientation"", ""C"": ""position"", ""D"": ""color""}",/mnt/tidalfs-hssh01/dataset/xiang/models/Qwen2.5-VL-7B-Instruct,42,text_only,next_token
A_0102,A,STEP1,A,1,-0.9740769863128662,-0.4740769863128662,0.3775406777858734,0.622459352016449,-0.9751812815666199,-0.4751812815666199,0.622459352016449,1,1,"{""A"": ""size"", ""B"": ""orientation"", ""C"": ""position"", ""D"": ""color""}",/mnt/tidalfs-hssh01/dataset/xiang/models/Qwen2.5-VL-7B-Instruct,42,not_empty,next_token
A_0102,A,STEP1,B,1,-0.825939416885376,-0.575939416885376,0.43782350420951843,0.562176525592804,-0.829914927482605,-0.579914927482605,0.562176525592804,1,1,"{""A"": ""size"", ""B"": ""orientation"", ""C"": ""position"", ""D"": ""color""}",/mnt/tidalfs-hssh01/dataset/xiang/models/Qwen2.5-VL-7B-Instruct,42,not_empty,next_token
A_0102,A,STEP1,C,1,-0.6325989961624146,-0.7575989961624146,0.531209409236908,0.4687906503677368,-0.6356418132781982,-0.7606418132781982,0.4687906503677368,0,0,"{""A"": ""size"", ""B"": ""orientation"", ""C"": ""position"", ""D"": ""color""}",/mnt/tidalfs-hssh01/dataset/xiang/models/Qwen2.5-VL-7B-Instruct,42,not_empty,next_token
A_0102,A,STEP1,D,1,-0.825939416885376,-0.575939416885376,0.43782350420951843,0.562176525592804,-0.8284756541252136,-0.5784756541252136,0.562176525592804,1,1,"{""A"": ""size"", ""B"": ""orientation"", ""C"": ""position"", ""D"": ""color""}",/mnt/tidalfs-hssh01/dataset/xiang/models/Qwen2.5-VL-7B-Instruct,42,not_empty,next_token
A_0102,A,STEP1,AB,1,-0.825939416885376,-0.575939416885376,0.43782350420951843,0.562176525592804,-0.8263529539108276,-0.5763529539108276,0.562176525592804,1,1,"{""A"": ""size"", ""B"": ""orientation"", ""C"": ""position"", ""D"": ""color""}",/mnt/tidalfs-hssh01/dataset/xiang/models/Qwen2.5-VL-7B-Instruct,42,not_empty,next_token
A_0102,A,STEP1,AC,1,-1.136871099472046,-0.38687101006507874,0.32082128524780273,0.6791786551475525,-1.1371676921844482,-0.38716763257980347,0.6791786551475525,1,1,"{""A"": ""size"", ""B"": ""orientation"", ""C"": ""position"", ""D"": ""color""}",/mnt/tidalfs-hssh01/dataset/xiang/models/Qwen2.5-VL-7B-Instruct,42,not_empty,next_token
A_0102,A,STEP1,AD,1,-0.8981232643127441,-0.5231232643127441,0.4073334038257599,0.5926665663719177,-0.8985601663589478,-0.5235601663589478,0.5926665663719177,1,1,"{""A"": ""size"", ""B"": ""orientation"", ""C"": ""position"", ""D"": ""color""}",/mnt/tidalfs-hssh01/dataset/xiang/models/Qwen2.5-VL-7B-Instruct,42,not_empty,next_token
A_0102,A,STEP1,BC,1,-0.6931471824645996,-0.6931471824645996,0.5,0.5,-0.6944488286972046,-0.6944488286972046,0.5,0,0,"{""A"": ""size"", ""B"": ""orientation"", ""C"": ""position"", ""D"": ""color""}",/mnt/tidalfs-hssh01/dataset/xiang/models/Qwen2.5-VL-7B-Instruct,42,not_empty,next_token
A_0102,A,STEP1,BD,1,-0.8981232643127441,-0.5231232643127441,0.4073334038257599,0.5926665663719177,-0.8990569710731506,-0.5240569710731506,0.5926665663719177,1,1,"{""A"": ""size"", ""B"": ""orientation"", ""C"": ""position"", ""D"": ""color""}",/mnt/tidalfs-hssh01/dataset/xiang/models/Qwen2.5-VL-7B-Instruct,42,not_empty,next_token
A_0102,A,STEP1,CD,1,-0.6931471824645996,-0.6931471824645996,0.5,0.5,-0.6942806839942932,-0.6942806839942932,0.5,0,0,"{""A"": ""size"", ""B"": ""orientation"", ""C"": ""position"", ""D"": ""color""}",/mnt/tidalfs-hssh01/dataset/xiang/models/Qwen2.5-VL-7B-Instruct,42,not_empty,next_token
A_0102,A,STEP1,ABC,1,-1.1368709802627563,-0.38687101006507874,0.3208213150501251,0.6791786551475525,-1.1371735334396362,-0.38717353343963623,0.6791786551475525,1,1,"{""A"": ""size"", ""B"": ""orientation"", ""C"": ""position"", ""D"": ""color""}",/mnt/tidalfs-hssh01/dataset/xiang/models/Qwen2.5-VL-7B-Instruct,42,not_empty,next_token
A_0102,A,STEP1,ABD,1,-0.8981232643127441,-0.5231232643127441,0.4073334038257599,0.5926665663719177,-0.8983551263809204,-0.5233551263809204,0.5926665663719177,1,1,"{""A"": ""size"", ""B"": ""orientation"", ""C"": ""position"", ""D"": ""color""}",/mnt/tidalfs-hssh01/dataset/xiang/models/Qwen2.5-VL-7B-Instruct,42,not_empty,next_token
A_0102,A,STEP1,ACD,1,-1.1368709802627563,-0.38687101006507874,0.3208213150501251,0.6791786551475525,-1.1370233297348022,-0.38702329993247986,0.6791786551475525,1,1,"{""A"": ""size"", ""B"": ""orientation"", ""C"": ""position"", ""D"": ""color""}",/mnt/tidalfs-hssh01/dataset/xiang/models/Qwen2.5-VL-7B-Instruct,42,not_empty,next_token
A_0102,A,STEP1,BCD,1,-0.6931471824645996,-0.6931471824645996,0.5,0.5,-0.6935867071151733,-0.6935867071151733,0.5,0,0,"{""A"": ""size"", ""B"": ""orientation"", ""C"": ""position"", ""D"": ""color""}",/mnt/tidalfs-hssh01/dataset/xiang/models/Qwen2.5-VL-7B-Instruct,42,not_empty,next_token
A_0102,A,STEP1,ABCD,1,-1.0537006855010986,-0.42870065569877625,0.3486451208591461,0.6513548493385315,-1.0539337396621704,-0.4289337396621704,0.6513548493385315,1,1,"{""A"": ""size"", ""B"": ""orientation"", ""C"": ""position"", ""D"": ""color""}",/mnt/tidalfs-hssh01/dataset/xiang/models/Qwen2.5-VL-7B-Instruct,42,not_empty,next_token
A_0102,A,STEP2,EMPTY,1,-1.2234445810317993,-0.3484445810317993,0.29421499371528625,0.7057850360870361,-1.2687973976135254,-0.393797367811203,0.7057850360870361,1,1,"{""A"": ""size"", ""B"": ""orientation"", ""C"": ""position"", ""D"": ""color""}",/mnt/tidalfs-hssh01/dataset/xiang/models/Qwen2.5-VL-7B-Instruct,42,text_only,next_token
A_0102,A,STEP2,A,1,-1.1368709802627563,-0.38687101006507874,0.3208213150501251,0.6791786551475525,-1.138013482093811,-0.3880135118961334,0.6791786551475525,1,1,"{""A"": ""size"", ""B"": ""orientation"", ""C"": ""position"", ""D"": ""color""}",/mnt/tidalfs-hssh01/dataset/xiang/models/Qwen2.5-VL-7B-Instruct,42,not_empty,next_token
A_0102,A,STEP2,B,1,-0.9740769863128662,-0.4740769863128662,0.3775406777858734,0.622459352016449,-0.9792059659957886,-0.4792059361934662,0.622459352016449,1,1,"{""A"": ""size"", ""B"": ""orientation"", ""C"": ""position"", ""D"": ""color""}",/mnt/tidalfs-hssh01/dataset/xiang/models/Qwen2.5-VL-7B-Instruct,42,not_empty,next_token
A_0102,A,STEP2,C,1,-0.8981232643127441,-0.5231232643127441,0.4073334038257599,0.5926665663719177,-0.9000468254089355,-0.5250468254089355,0.5926665663719177,1,1,"{""A"": ""size"", ""B"": ""orientation"", ""C"": ""position"", ""D"": ""color""}",/mnt/tidalfs-hssh01/dataset/xiang/models/Qwen2.5-VL-7B-Instruct,42,not_empty,next_token
A_0102,A,STEP2,D,1,-0.9740769863128662,-0.4740769863128662,0.3775406777858734,0.622459352016449,-0.9760007858276367,-0.4760007858276367,0.622459352016449,1,1,"{""A"": ""size"", ""B"": ""orientation"", ""C"": ""position"", ""D"": ""color""}",/mnt/tidalfs-hssh01/dataset/xiang/models/Qwen2.5-VL-7B-Instruct,42,not_empty,next_token
A_0102,A,STEP2,AB,1,-0.825939416885376,-0.575939416885376,0.43782350420951843,0.562176525592804,-0.8272293210029602,-0.5772293210029602,0.562176525592804,1,1,"{""A"": ""size"", ""B"": ""orientation"", ""C"": ""position"", ""D"": ""color""}",/mnt/tidalfs-hssh01/dataset/xiang/models/Qwen2.5-VL-7B-Instruct,42,not_empty,next_token
A_0102,A,STEP2,AC,1,-0.9740769863128662,-0.4740769863128662,0.3775406777858734,0.622459352016449,-0.9743902683258057,-0.47439029812812805,0.622459352016449,1,1,"{""A"": ""size"", ""B"": ""orientation"", ""C"": ""position"", ""D"": ""color""}",/mnt/tidalfs-hssh01/dataset/xiang/models/Qwen2.5-VL-7B-Instruct,42,not_empty,next_token
A_0102,A,STEP2,AD,1,-1.2234445810317993,-0.3484445810317993,0.29421499371528625,0.7057850360870361,-1.2239153385162354,-0.34891536831855774,0.7057850360870361,1,1,"{""A"": ""size"", ""B"": ""orientation"", ""C"": ""position"", ""D"": ""color""}",/mnt/tidalfs-hssh01/dataset/xiang/models/Qwen2.5-VL-7B-Instruct,42,not_empty,next_token
A_0102,A,STEP2,BC,1,-0.825939416885376,-0.575939416885376,0.43782350420951843,0.562176525592804,-0.8277435898780823,-0.5777435898780823,0.562176525592804,1,1,"{""A"": ""size"", ""B"": ""orientation"", ""C"": ""position"", ""D"": ""color""}",/mnt/tidalfs-hssh01/dataset/xiang/models/Qwen2.5-VL-7B-Instruct,42,not_empty,next_token
A_0102,A,STEP2,BD,1,-0.8981232643127441,-0.5231232643127441,0.4073334038257599,0.5926665663719177,-0.9001872539520264,-0.5251872539520264,0.5926665663719177,1,1,"{""A"": ""size"", ""B"": ""orientation"", ""C"": ""position"", ""D"": ""color""}",/mnt/tidalfs-hssh01/dataset/xiang/models/Qwen2.5-VL-7B-Instruct,42,not_empty,next_token
A_0102,A,STEP2,CD,1,-0.7575989961624146,-0.6325989961624146,0.4687906503677368,0.531209409236908,-0.7586688995361328,-0.6336688995361328,0.531209409236908,1,1,"{""A"": ""size"", ""B"": ""orientation"", ""C"": ""position"", ""D"": ""color""}",/mnt/tidalfs-hssh01/dataset/xiang/models/Qwen2.5-VL-7B-Instruct,42,not_empty,next_token
A_0102,A,STEP2,ABC,1,-0.825939416885376,-0.575939416885376,0.43782350420951843,0.562176525592804,-0.8266463279724121,-0.5766463279724121,0.562176525592804,1,1,"{""A"": ""size"", ""B"": ""orientation"", ""C"": ""position"", ""D"": ""color""}",/mnt/tidalfs-hssh01/dataset/xiang/models/Qwen2.5-VL-7B-Instruct,42,not_empty,next_token
A_0102,A,STEP2,ABD,1,-0.9740769863128662,-0.4740769863128662,0.3775406777858734,0.622459352016449,-0.9748208522796631,-0.4748208224773407,0.622459352016449,1,1,"{""A"": ""size"", ""B"": ""orientation"", ""C"": ""position"", ""D"": ""color""}",/mnt/tidalfs-hssh01/dataset/xiang/models/Qwen2.5-VL-7B-Instruct,42,not_empty,next_token
A_0102,A,STEP2,ACD,1,-0.8981232643127441,-0.5231232643127441,0.4073334038257599,0.5926665663719177,-0.8983606100082397,-0.5233606100082397,0.5926665663719177,1,1,"{""A"": ""size"", ""B"": ""orientation"", ""C"": ""position"", ""D"": ""color""}",/mnt/tidalfs-hssh01/dataset/xiang/models/Qwen2.5-VL-7B-Instruct,42,not_empty,next_token
A_0102,A,STEP2,BCD,1,-0.825939416885376,-0.575939416885376,0.43782350420951843,0.562176525592804,-0.827064573764801,-0.577064573764801,0.562176525592804,1,1,"{""A"": ""size"", ""B"": ""orientation"", ""C"": ""position"", ""D"": ""color""}",/mnt/tidalfs-hssh01/dataset/xiang/models/Qwen2.5-VL-7B-Instruct,42,not_empty,next_token
A_0102,A,STEP2,ABCD,1,-0.825939416885376,-0.575939416885376,0.43782350420951843,0.562176525592804,-0.8263174891471863,-0.5763174891471863,0.562176525592804,1,1,"{""A"": ""size"", ""B"": ""orientation"", ""C"": ""position"", ""D"": ""color""}",/mnt/tidalfs-hssh01/dataset/xiang/models/Qwen2.5-VL-7B-Instruct,42,not_empty,next_token
A_0102,A,FINAL,EMPTY,0,-0.7575989961624146,-0.6325989961624146,0.4687906503677368,0.531209409236908,-1.0674777030944824,-0.9424777030944824,0.4687906503677368,1,0,"{""A"": ""size"", ""B"": ""orientation"", ""C"": ""position"", ""D"": ""color""}",/mnt/tidalfs-hssh01/dataset/xiang/models/Qwen2.5-VL-7B-Instruct,42,text_only,next_token
A_0102,A,FINAL,A,0,-0.8981232643127441,-0.5231232643127441,0.4073334038257599,0.5926665663719177,-0.9128466844558716,-0.5378466844558716,0.4073334038257599,1,0,"{""A"": ""size"", ""B"": ""orientation"", ""C"": ""position"", ""D"": ""color""}",/mnt/tidalfs-hssh01/dataset/xiang/models/Qwen2.5-VL-7B-Instruct,42,not_empty,next_token
A_0102,A,FINAL,B,0,-0.825939416885376,-0.575939416885376,0.43782350420951843,0.562176525592804,-0.8610583543777466,-0.6110583543777466,0.43782350420951843,1,0,"{""A"": ""size"", ""B"": ""orientation"", ""C"": ""position"", ""D"": ""color""}",/mnt/tidalfs-hssh01/dataset/xiang/models/Qwen2.5-VL-7B-Instruct,42,not_empty,next_token
A_0102,A,FINAL,C,0,-0.7575989961624146,-0.6325989961624146,0.4687906503677368,0.531209409236908,-0.7903133630752563,-0.6653133630752563,0.4687906503677368,1,0,"{""A"": ""size"", ""B"": ""orientation"", ""C"": ""position"", ""D"": ""color""}",/mnt/tidalfs-hssh01/dataset/xiang/models/Qwen2.5-VL-7B-Instruct,42,not_empty,next_token
A_0102,A,FINAL,D,0,-0.825939416885376,-0.575939416885376,0.43782350420951843,0.562176525592804,-0.8437479138374329,-0.5937479138374329,0.43782350420951843,1,0,"{""A"": ""size"", ""B"": ""orientation"", ""C"": ""position"", ""D"": ""color""}",/mnt/tidalfs-hssh01/dataset/xiang/models/Qwen2.5-VL-7B-Instruct,42,not_empty,next_token
A_0102,A,FINAL,AB,0,-0.6931471824645996,-0.6931471824645996,0.5,0.5,-0.6972835063934326,-0.6972835063934326,0.5,0,1,"{""A"": ""size"", ""B"": ""orientation"", ""C"": ""position"", ""D"": ""color""}",/mnt/tidalfs-hssh01/dataset/xiang/models/Qwen2.5-VL-7B-Instruct,42,not_empty,next_token
A_0102,A,FINAL,AC,0,-0.825939416885376,-0.575939416885376,0.43782350420951843,0.562176525592804,-0.8269270062446594,-0.5769270062446594,0.43782350420951843,1,0,"{""A"": ""size"", ""B"": ""orientation"", ""C"": ""position"", ""D"": ""color""}",/mnt/tidalfs-hssh01/dataset/xiang/models/Qwen2.5-VL-7B-Instruct,42,not_empty,next_token
A_0102,A,FINAL,AD,0,-0.825939416885376,-0.575939416885376,0.43782350420951843,0.562176525592804,-0.8275790810585022,-0.5775790810585022,0.43782350420951843,1,0,"{""A"": ""size"", ""B"": ""orientation"", ""C"": ""position"", ""D"": ""color""}",/mnt/tidalfs-hssh01/dataset/xiang/models/Qwen2.5-VL-7B-Instruct,42,not_empty,next_token
A_0102,A,FINAL,BC,0,-0.7575989961624146,-0.6325989961624146,0.4687906503677368,0.531209409236908,-0.776589572429657,-0.651589572429657,0.4687906503677368,1,0,"{""A"": ""size"", ""B"": ""orientation"", ""C"": ""position"", ""D"": ""color""}",/mnt/tidalfs-hssh01/dataset/xiang/models/Qwen2.5-VL-7B-Instruct,42,not_empty,next_token
A_0102,A,FINAL,BD,0,-0.825939416885376,-0.575939416885376,0.43782350420951843,0.562176525592804,-0.8414914608001709,-0.5914914608001709,0.43782350420951843,1,0,"{""A"": ""size"", ""B"": ""orientation"", ""C"": ""position"", ""D"": ""color""}",/mnt/tidalfs-hssh01/dataset/xiang/models/Qwen2.5-VL-7B-Instruct,42,not_empty,next_token
A_0102,A,FINAL,CD,0,-0.825939416885376,-0.575939416885376,0.43782350420951843,0.562176525592804,-0.8338131308555603,-0.5838131308555603,0.43782350420951843,1,0,"{""A"": ""size"", ""B"": ""orientation"", ""C"": ""position"", ""D"": ""color""}",/mnt/tidalfs-hssh01/dataset/xiang/models/Qwen2.5-VL-7B-Instruct,42,not_empty,next_token
A_0102,A,FINAL,ABC,0,-0.825939416885376,-0.575939416885376,0.43782350420951843,0.562176525592804,-0.8287152051925659,-0.5787152051925659,0.43782350420951843,1,0,"{""A"": ""size"", ""B"": ""orientation"", ""C"": ""position"", ""D"": ""color""}",/mnt/tidalfs-hssh01/dataset/xiang/models/Qwen2.5-VL-7B-Instruct,42,not_empty,next_token
A_0102,A,FINAL,ABD,0,-0.7575989961624146,-0.6325989961624146,0.4687906503677368,0.531209409236908,-0.75913405418396,-0.63413405418396,0.4687906503677368,1,0,"{""A"": ""size"", ""B"": ""orientation"", ""C"": ""position"", ""D"": ""color""}",/mnt/tidalfs-hssh01/dataset/xiang/models/Qwen2.5-VL-7B-Instruct,42,not_empty,next_token
A_0102,A,FINAL,ACD,0,-0.8981232643127441,-0.5231232643127441,0.4073334038257599,0.5926665663719177,-0.8989652395248413,-0.5239652395248413,0.4073334038257599,1,0,"{""A"": ""size"", ""B"": ""orientation"", ""C"": ""position"", ""D"": ""color""}",/mnt/tidalfs-hssh01/dataset/xiang/models/Qwen2.5-VL-7B-Instruct,42,not_empty,next_token
A_0102,A,FINAL,BCD,0,-0.825939416885376,-0.575939416885376,0.43782350420951843,0.562176525592804,-0.8346251249313354,-0.5846251249313354,0.43782350420951843,1,0,"{""A"": ""size"", ""B"": ""orientation"", ""C"": ""position"", ""D"": ""color""}",/mnt/tidalfs-hssh01/dataset/xiang/models/Qwen2.5-VL-7B-Instruct,42,not_empty,next_token
A_0102,A,FINAL,ABCD,0,-0.8981232643127441,-0.5231232643127441,0.4073334038257599,0.5926665663719177,-0.8993866443634033,-0.5243866443634033,0.4073334038257599,1,0,"{""A"": ""size"", ""B"": ""orientation"", ""C"": ""position"", ""D"": ""color""}",/mnt/tidalfs-hssh01/dataset/xiang/models/Qwen2.5-VL-7B-Instruct,42,not_empty,next_token
A_0110,A,STEP1,EMPTY,0,-0.6931471824645996,-0.6931471824645996,0.5,0.5,-0.819155216217041,-0.819155216217041,0.5,0,1,"{""A"": ""size"", ""B"": ""orientation"", ""C"": ""position"", ""D"": ""color""}",/mnt/tidalfs-hssh01/dataset/xiang/models/Qwen2.5-VL-7B-Instruct,42,text_only,next_token
A_0110,A,STEP1,A,0,-0.8981232643127441,-0.5231232643127441,0.4073334038257599,0.5926665663719177,-0.9000336527824402,-0.5250336527824402,0.4073334038257599,1,0,"{""A"": ""size"", ""B"": ""orientation"", ""C"": ""position"", ""D"": ""color""}",/mnt/tidalfs-hssh01/dataset/xiang/models/Qwen2.5-VL-7B-Instruct,42,not_empty,next_token
A_0110,A,STEP1,B,0,-0.825939416885376,-0.575939416885376,0.43782350420951843,0.562176525592804,-0.829914927482605,-0.579914927482605,0.43782350420951843,1,0,"{""A"": ""size"", ""B"": ""orientation"", ""C"": ""position"", ""D"": ""color""}",/mnt/tidalfs-hssh01/dataset/xiang/models/Qwen2.5-VL-7B-Instruct,42,not_empty,next_token
A_0110,A,STEP1,C,0,-0.6325989961624146,-0.7575989961624146,0.531209409236908,0.4687906503677368,-0.6354181170463562,-0.7604181170463562,0.531209409236908,0,1,"{""A"": ""size"", ""B"": ""orientation"", ""C"": ""position"", ""D"": ""color""}",/mnt/tidalfs-hssh01/dataset/xiang/models/Qwen2.5-VL-7B-Instruct,42,not_empty,next_token
A_0110,A,STEP1,D,0,-0.8981232643127441,-0.5231232643127441,0.4073334038257599,0.5926665663719177,-0.9017981886863708,-0.5267981886863708,0.4073334038257599,1,0,"{""A"": ""size"", ""B"": ""orientation"", ""C"": ""position"", ""D"": ""color""}",/mnt/tidalfs-hssh01/dataset/xiang/models/Qwen2.5-VL-7B-Instruct,42,not_empty,next_token
A_0110,A,STEP1,AB,0,-0.825939416885376,-0.575939416885376,0.43782350420951843,0.562176525592804,-0.8268791437149048,-0.5768791437149048,0.43782350420951843,1,0,"{""A"": ""size"", ""B"": ""orientation"", ""C"": ""position"", ""D"": ""color""}",/mnt/tidalfs-hssh01/dataset/xiang/models/Qwen2.5-VL-7B-Instruct,42,not_empty,next_token
A_0110,A,STEP1,AC,0,-0.7575989961624146,-0.6325989961624146,0.4687906503677368,0.531209409236908,-0.7581598162651062,-0.6331598162651062,0.4687906503677368,1,0,"{""A"": ""size"", ""B"": ""orientation"", ""C"": ""position"", ""D"": ""color""}",/mnt/tidalfs-hssh01/dataset/xiang/models/Qwen2.5-VL-7B-Instruct,42,not_empty,next_token
A_0110,A,STEP1,AD,0,-0.7575989961624146,-0.6325989961624146,0.4687906503677368,0.531209409236908,-0.7584182620048523,-0.6334182620048523,0.4687906503677368,1,0,"{""A"": ""size"", ""B"": ""orientation"", ""C"": ""position"", ""D"": ""color""}",/mnt/tidalfs-hssh01/dataset/xiang/models/Qwen2.5-VL-7B-Instruct,42,not_empty,next_token
A_0110,A,STEP1,BC,0,-0.7575989961624146,-0.6325989961624146,0.4687906503677368,0.531209409236908,-0.7588340044021606,-0.6338340044021606,0.4687906503677368,1,0,"{""A"": ""size"", ""B"": ""orientation"", ""C"": ""position"", ""D"": ""color""}",/mnt/tidalfs-hssh01/dataset/xiang/models/Qwen2.5-VL-7B-Instruct,42,not_empty,next_token
A_0110,A,STEP1,BD,0,-0.6931471824645996,-0.6931471824645996,0.5,0.5,-0.6946128606796265,-0.6946128606796265,0.5,0,1,"{""A"": ""size"", ""B"": ""orientation"", ""C"": ""position"", ""D"": ""color""}",/mnt/tidalfs-hssh01/dataset/xiang/models/Qwen2.5-VL-7B-Instruct,42,not_empty,next_token
A_0110,A,STEP1,CD,0,-0.6931471824645996,-0.6931471824645996,0.5,0.5,-0.6941729187965393,-0.6941729187965393,0.5,0,1,"{""A"": ""size"", ""B"": ""orientation"", ""C"": ""position"", ""D"": ""color""}",/mnt/tidalfs-hssh01/dataset/xiang/models/Qwen2.5-VL-7B-Instruct,42,not_empty,next_token
A_0110,A,STEP1,ABC,0,-0.7575989961624146,-0.6325989961624146,0.4687906503677368,0.531209409236908,-0.7580468058586121,-0.6330468058586121,0.4687906503677368,1,0,"{""A"": ""size"", ""B"": ""orientation"", ""C"": ""position"", ""D"": ""color""}",/mnt/tidalfs-hssh01/dataset/xiang/models/Qwen2.5-VL-7B-Instruct,42,not_empty,next_token
A_0110,A,STEP1,ABD,0,-0.7575989961624146,-0.6325989961624146,0.4687906503677368,0.531209409236908,-0.7581130266189575,-0.6331130266189575,0.4687906503677368,1,0,"{""A"": ""size"", ""B"": ""orientation"", ""C"": ""position"", ""D"": ""color""}",/mnt/tidalfs-hssh01/dataset/xiang/models/Qwen2.5-VL-7B-Instruct,42,not_empty,next_token
A_0110,A,STEP1,ACD,0,-0.7575989961624146,-0.6325989961624146,0.4687906503677368,0.531209409236908,-0.7578731179237366,-0.6328731179237366,0.4687906503677368,1,0,"{""A"": ""size"", ""B"": ""orientation"", ""C"": ""position"", ""D"": ""color""}",/mnt/tidalfs-hssh01/dataset/xiang/models/Qwen2.5-VL-7B-Instruct,42,not_empty,next_token
A_0110,A,STEP1,BCD,0,-0.6325989961624146,-0.7575989961624146,0.531209409236908,0.4687906503677368,-0.633184015750885,-0.758184015750885,0.531209409236908,0,1,"{""A"": ""size"", ""B"": ""orientation"", ""C"": ""position"", ""D"": ""color""}",/mnt/tidalfs-hssh01/dataset/xiang/models/Qwen2.5-VL-7B-Instruct,42,not_empty,next_token
A_0110,A,STEP1,ABCD,0,-0.7575989961624146,-0.6325989961624146,0.4687906503677368,0.531209409236908,-0.7579109072685242,-0.6329109072685242,0.4687906503677368,1,0,"{""A"": ""size"", ""B"": ""orientation"", ""C"": ""position"", ""D"": ""color""}",/mnt/tidalfs-hssh01/dataset/xiang/models/Qwen2.5-VL-7B-Instruct,42,not_empty,next_token
A_0110,A,STEP2,EMPTY,1,-1.2234445810317993,-0.3484445810317993,0.29421499371528625,0.7057850360870361,-1.2687973976135254,-0.393797367811203,0.7057850360870361,1,1,"{""A"": ""size"", ""B"": ""orientation"", ""C"": ""position"", ""D"": ""color""}",/mnt/tidalfs-hssh01/dataset/xiang/models/Qwen2.5-VL-7B-Instruct,42,text_only,next_token
A_0110,A,STEP2,A,1,-1.1368709802627563,-0.38687101006507874,0.3208213150501251,0.6791786551475525,-1.137786865234375,-0.387786865234375,0.6791786551475525,1,1,"{""A"": ""size"", ""B"": ""orientation"", ""C"": ""position"", ""D"": ""color""}",/mnt/tidalfs-hssh01/dataset/xiang/models/Qwen2.5-VL-7B-Instruct,42,not_empty,next_token
A_0110,A,STEP2,B,1,-0.9740769863128662,-0.4740769863128662,0.3775406777858734,0.622459352016449,-0.9792059659957886,-0.4792059361934662,0.622459352016449,1,1,"{""A"": ""size"", ""B"": ""orientation"", ""C"": ""position"", ""D"": ""color""}",/mnt/tidalfs-hssh01/dataset/xiang/models/Qwen2.5-VL-7B-Instruct,42,not_empty,next_token
A_0110,A,STEP2,C,1,-0.825939416885376,-0.575939416885376,0.43782350420951843,0.562176525592804,-0.8279662728309631,-0.5779662728309631,0.562176525592804,1,1,"{""A"": ""size"", ""B"": ""orientation"", ""C"": ""position"", ""D"": ""color""}",/mnt/tidalfs-hssh01/dataset/xiang/models/Qwen2.5-VL-7B-Instruct,42,not_empty,next_token
A_0110,A,STEP2,D,1,-1.0537006855010986,-0.42870065569877625,0.3486451208591461,0.6513548493385315,-1.055504560470581,-0.43050456047058105,0.6513548493385315,1,1,"{""A"": ""size"", ""B"": ""orientation"", ""C"": ""position"", ""D"": ""color""}",/mnt/tidalfs-hssh01/dataset/xiang/models/Qwen2.5-VL-7B-Instruct,42,not_empty,next_token
A_0110,A,STEP2,AB,1,-0.8981232643127441,-0.5231232643127441,0.4073334038257599,0.5926665663719177,-0.8996890783309937,-0.5246890783309937,0.5926665663719177,1,1,"{""A"": ""size"", ""B"": ""orientation"", ""C"": ""position"", ""D"": ""color""}",/mnt/tidalfs-hssh01/dataset/xiang/models/Qwen2.5-VL-7B-Instruct,42,not_empty,next_token
A_0110,A,STEP2,AC,1,-1.4061501026153564,-0.28115010261535645,0.24508503079414368,0.7549149990081787,-1.4065072536468506,-0.28150731325149536,0.7549149990081787,1,1,"{""A"": ""size"", ""B"": ""orientation"", ""C"": ""position"", ""D"": ""color""}",/mnt/tidalfs-hssh01/dataset/xiang/models/Qwen2.5-VL-7B-Instruct,42,not_empty,next_token
A_0110,A,STEP2,AD,1,-1.0537006855010986,-0.42870065569877625,0.3486451208591461,0.6513548493385315,-1.054628610610962,-0.4296285808086395,0.6513548493385315,1,1,"{""A"": ""size"", ""B"": ""orientation"", ""C"": ""position"", ""D"": ""color""}",/mnt/tidalfs-hssh01/dataset/xiang/models/Qwen2.5-VL-7B-Instruct,42,not_empty,next_token
A_0110,A,STEP2,BC,1,-0.8981232643127441,-0.5231232643127441,0.4073334038257599,0.5926665663719177,-0.9000890254974365,-0.5250890254974365,0.5926665663719177,1,1,"{""A"": ""size"", ""B"": ""orientation"", ""C"": ""position"", ""D"": ""color""}",/mnt/tidalfs-hssh01/dataset/xiang/models/Qwen2.5-VL-7B-Instruct,42,not_empty,next_token
A_0110,A,STEP2,BD,1,-0.8981232643127441,-0.5231232643127441,0.4073334038257599,0.5926665663719177,-0.8997541666030884,-0.5247541666030884,0.5926665663719177,1,1,"{""A"": ""size"", ""B"": ""orientation"", ""C"": ""position"", ""D"": ""color""}",/mnt/tidalfs-hssh01/dataset/xiang/models/Qwen2.5-VL-7B-Instruct,42,not_empty,next_token
A_0110,A,STEP2,CD,1,-0.825939416885376,-0.575939416885376,0.43782350420951843,0.562176525592804,-0.826636791229248,-0.576636791229248,0.562176525592804,1,1,"{""A"": ""size"", ""B"": ""orientation"", ""C"": ""position"", ""D"": ""color""}",/mnt/tidalfs-hssh01/dataset/xiang/models/Qwen2.5-VL-7B-Instruct,42,not_empty,next_token
A_0110,A,STEP2,ABC,1,-1.1368709802627563,-0.38687101006507874,0.3208213150501251,0.6791786551475525,-1.1378310918807983,-0.3878311216831207,0.6791786551475525,1,1,"{""A"": ""size"", ""B"": ""orientation"", ""C"": ""position"", ""D"": ""color""}",/mnt/tidalfs-hssh01/dataset/xiang/models/Qwen2.5-VL-7B-Instruct,42,not_empty,next_token
A_0110,A,STEP2,ABD,1,-0.9740769863128662,-0.4740769863128662,0.3775406777858734,0.622459352016449,-0.9748480916023254,-0.47484809160232544,0.622459352016449,1,1,"{""A"": ""size"", ""B"": ""orientation"", ""C"": ""position"", ""D"": ""color""}",/mnt/tidalfs-hssh01/dataset/xiang/models/Qwen2.5-VL-7B-Instruct,42,not_empty,next_token
A_0110,A,STEP2,ACD,1,-1.1368709802627563,-0.38687101006507874,0.3208213150501251,0.6791786551475525,-1.1372287273406982,-0.38722872734069824,0.6791786551475525,1,1,"{""A"": ""size"", ""B"": ""orientation"", ""C"": ""position"", ""D"": ""color""}",/mnt/tidalfs-hssh01/dataset/xiang/models/Qwen2.5-VL-7B-Instruct,42,not_empty,next_token
A_0110,A,STEP2,BCD,1,-0.825939416885376,-0.575939416885376,0.43782350420951843,0.562176525592804,-0.8270338177680969,-0.5770338177680969,0.562176525592804,1,1,"{""A"": ""size"", ""B"": ""orientation"", ""C"": ""position"", ""D"": ""color""}",/mnt/tidalfs-hssh01/dataset/xiang/models/Qwen2.5-VL-7B-Instruct,42,not_empty,next_token
A_0110,A,STEP2,ABCD,1,-1.053700566291809,-0.42870065569877625,0.3486451506614685,0.6513548493385315,-1.0544579029083252,-0.42945796251296997,0.6513548493385315,1,1,"{""A"": ""size"", ""B"": ""orientation"", ""C"": ""position"", ""D"": ""color""}",/mnt/tidalfs-hssh01/dataset/xiang/models/Qwen2.5-VL-7B-Instruct,42,not_empty,next_token
A_0110,A,FINAL,EMPTY,1,-0.7575989961624146,-0.6325989961624146,0.4687906503677368,0.531209409236908,-1.0674777030944824,-0.9424777030944824,0.531209409236908,1,1,"{""A"": ""size"", ""B"": ""orientation"", ""C"": ""position"", ""D"": ""color""}",/mnt/tidalfs-hssh01/dataset/xiang/models/Qwen2.5-VL-7B-Instruct,42,text_only,next_token
A_0110,A,FINAL,A,1,-0.8981232643127441,-0.5231232643127441,0.4073334038257599,0.5926665663719177,-0.9146147966384888,-0.5396147966384888,0.5926665663719177,1,1,"{""A"": ""size"", ""B"": ""orientation"", ""C"": ""position"", ""D"": ""color""}",/mnt/tidalfs-hssh01/dataset/xiang/models/Qwen2.5-VL-7B-Instruct,42,not_empty,next_token
A_0110,A,FINAL,B,1,-0.825939416885376,-0.575939416885376,0.43782350420951843,0.562176525592804,-0.8610583543777466,-0.6110583543777466,0.562176525592804,1,1,"{""A"": ""size"", ""B"": ""orientation"", ""C"": ""position"", ""D"": ""color""}",/mnt/tidalfs-hssh01/dataset/xiang/models/Qwen2.5-VL-7B-Instruct,42,not_empty,next_token
A_0110,A,FINAL,C,1,-0.7575989961624146,-0.6325989961624146,0.4687906503677368,0.531209409236908,-0.7881191968917847,-0.6631191968917847,0.531209409236908,1,1,"{""A"": ""size"", ""B"": ""orientation"", ""C"": ""position"", ""D"": ""color""}",/mnt/tidalfs-hssh01/dataset/xiang/models/Qwen2.5-VL-7B-Instruct,42,not_empty,next_token
A_0110,A,FINAL,D,1,-0.825939416885376,-0.575939416885376,0.43782350420951843,0.562176525592804,-0.8468918800354004,-0.5968918800354004,0.562176525592804,1,1,"{""A"": ""size"", ""B"": ""orientation"", ""C"": ""position"", ""D"": ""color""}",/mnt/tidalfs-hssh01/dataset/xiang/models/Qwen2.5-VL-7B-Instruct,42,not_empty,next_token
A_0110,A,FINAL,AB,1,-0.7575989961624146,-0.6325989961624146,0.4687906503677368,0.531209409236908,-0.7627906799316406,-0.6377906799316406,0.531209409236908,1,1,"{""A"": ""size"", ""B"": ""orientation"", ""C"": ""position"", ""D"": ""color""}",/mnt/tidalfs-hssh01/dataset/xiang/models/Qwen2.5-VL-7B-Instruct,42,not_empty,next_token
A_0110,A,FINAL,AC,1,-0.7575989961624146,-0.6325989961624146,0.4687906503677368,0.531209409236908,-0.7593158483505249,-0.6343158483505249,0.531209409236908,1,1,"{""A"": ""size"", ""B"": ""orientation"", ""C"": ""position"", ""D"": ""color""}",/mnt/tidalfs-hssh01/dataset/xiang/models/Qwen2.5-VL-7B-Instruct,42,not_empty,next_token
A_0110,A,FINAL,AD,1,-0.7575989961624146,-0.6325989961624146,0.4687906503677368,0.531209409236908,-0.760784924030304,-0.635784924030304,0.531209409236908,1,1,"{""A"": ""size"", ""B"": ""orientation"", ""C"": ""position"", ""D"": ""color""}",/mnt/tidalfs-hssh01/dataset/xiang/models/Qwen2.5-VL-7B-Instruct,42,not_empty,next_token
A_0110,A,FINAL,BC,1,-0.7575989961624146,-0.6325989961624146,0.4687906503677368,0.531209409236908,-0.7772483825683594,-0.6522483825683594,0.531209409236908,1,1,"{""A"": ""size"", ""B"": ""orientation"", ""C"": ""position"", ""D"": ""color""}",/mnt/tidalfs-hssh01/dataset/xiang/models/Qwen2.5-VL-7B-Instruct,42,not_empty,next_token
A_0110,A,FINAL,BD,1,-0.825939416885376,-0.575939416885376,0.43782350420951843,0.562176525592804,-0.8403910994529724,-0.5903910994529724,0.562176525592804,1,1,"{""A"": ""size"", ""B"": ""orientation"", ""C"": ""position"", ""D"": ""color""}",/mnt/tidalfs-hssh01/dataset/xiang/models/Qwen2.5-VL-7B-Instruct,42,not_empty,next_token
A_0110,A,FINAL,CD,1,-0.7575989961624146,-0.6325989961624146,0.4687906503677368,0.531209409236908,-0.7636268138885498,-0.6386268138885498,0.531209409236908,1,1,"{""A"": ""size"", ""B"": ""orientation"", ""C"": ""position"", ""D"": ""color""}",/mnt/tidalfs-hssh01/dataset/xiang/models/Qwen2.5-VL-7B-Instruct,42,not_empty,next_token
A_0110,A,FINAL,ABC,1,-0.7575989961624146,-0.6325989961624146,0.4687906503677368,0.531209409236908,-0.7632868885993958,-0.6382868885993958,0.531209409236908,1,1,"{""A"": ""size"", ""B"": ""orientation"", ""C"": ""position"", ""D"": ""color""}",/mnt/tidalfs-hssh01/dataset/xiang/models/Qwen2.5-VL-7B-Instruct,42,not_empty,next_token
A_0110,A,FINAL,ABD,1,-0.6931471824645996,-0.6931471824645996,0.5,0.5,-0.6960735321044922,-0.6960735321044922,0.5,0,0,"{""A"": ""size"", ""B"": ""orientation"", ""C"": ""position"", ""D"": ""color""}",/mnt/tidalfs-hssh01/dataset/xiang/models/Qwen2.5-VL-7B-Instruct,42,not_empty,next_token
A_0110,A,FINAL,ACD,1,-0.825939416885376,-0.575939416885376,0.43782350420951843,0.562176525592804,-0.8275726437568665,-0.5775726437568665,0.562176525592804,1,1,"{""A"": ""size"", ""B"": ""orientation"", ""C"": ""position"", ""D"": ""color""}",/mnt/tidalfs-hssh01/dataset/xiang/models/Qwen2.5-VL-7B-Instruct,42,not_empty,next_token
A_0110,A,FINAL,BCD,1,-0.825939416885376,-0.575939416885376,0.43782350420951843,0.562176525592804,-0.8321448564529419,-0.5821448564529419,0.562176525592804,1,1,"{""A"": ""size"", ""B"": ""orientation"", ""C"": ""position"", ""D"": ""color""}",/mnt/tidalfs-hssh01/dataset/xiang/models/Qwen2.5-VL-7B-Instruct,42,not_empty,next_token
A_0110,A,FINAL,ABCD,1,-0.7575989961624146,-0.6325989961624146,0.4687906503677368,0.531209409236908,-0.7628816366195679,-0.6378816366195679,0.531209409236908,1,1,"{""A"": ""size"", ""B"": ""orientation"", ""C"": ""position"", ""D"": ""color""}",/mnt/tidalfs-hssh01/dataset/xiang/models/Qwen2.5-VL-7B-Instruct,42,not_empty,next_token
A_0118,A,STEP1,EMPTY,1,-0.7575989961624146,-0.6325989961624146,0.4687906503677368,0.531209409236908,-0.8536394238471985,-0.7286394238471985,0.531209409236908,1,1,"{""A"": ""orientation"", ""B"": ""position"", ""C"": ""color"", ""D"": ""size""}",/mnt/tidalfs-hssh01/dataset/xiang/models/Qwen2.5-VL-7B-Instruct,42,text_only,next_token
A_0118,A,STEP1,A,1,-0.7575989961624146,-0.6325989961624146,0.4687906503677368,0.531209409236908,-0.7644864916801453,-0.6394864916801453,0.531209409236908,1,1,"{""A"": ""orientation"", ""B"": ""position"", ""C"": ""color"", ""D"": ""size""}",/mnt/tidalfs-hssh01/dataset/xiang/models/Qwen2.5-VL-7B-Instruct,42,not_empty,next_token
A_0118,A,STEP1,B,1,-0.825939416885376,-0.575939416885376,0.43782350420951843,0.562176525592804,-0.8280298113822937,-0.5780298113822937,0.562176525592804,1,1,"{""A"": ""orientation"", ""B"": ""position"", ""C"": ""color"", ""D"": ""size""}",/mnt/tidalfs-hssh01/dataset/xiang/models/Qwen2.5-VL-7B-Instruct,42,not_empty,next_token
A_0118,A,STEP1,C,1,-0.825939416885376,-0.575939416885376,0.43782350420951843,0.562176525592804,-0.8287026286125183,-0.5787026286125183,0.562176525592804,1,1,"{""A"": ""orientation"", ""B"": ""position"", ""C"": ""color"", ""D"": ""size""}",/mnt/tidalfs-hssh01/dataset/xiang/models/Qwen2.5-VL-7B-Instruct,42,not_empty,next_token
A_0118,A,STEP1,D,1,-0.8981232643127441,-0.5231232643127441,0.4073334038257599,0.5926665663719177,-0.9047233462333679,-0.5297233462333679,0.5926665663719177,1,1,"{""A"": ""orientation"", ""B"": ""position"", ""C"": ""color"", ""D"": ""size""}",/mnt/tidalfs-hssh01/dataset/xiang/models/Qwen2.5-VL-7B-Instruct,42,not_empty,next_token
A_0118,A,STEP1,AB,1,-0.7575989961624146,-0.6325989961624146,0.4687906503677368,0.531209409236908,-0.7584649920463562,-0.6334649920463562,0.531209409236908,1,1,"{""A"": ""orientation"", ""B"": ""position"", ""C"": ""color"", ""D"": ""size""}",/mnt/tidalfs-hssh01/dataset/xiang/models/Qwen2.5-VL-7B-Instruct,42,not_empty,next_token
A_0118,A,STEP1,AC,1,-0.825939416885376,-0.575939416885376,0.43782350420951843,0.562176525592804,-0.8264418244361877,-0.5764418244361877,0.562176525592804,1,1,"{""A"": ""orientation"", ""B"": ""position"", ""C"": ""color"", ""D"": ""size""}",/mnt/tidalfs-hssh01/dataset/xiang/models/Qwen2.5-VL-7B-Instruct,42,not_empty,next_token
A_0118,A,STEP1,AD,1,-0.825939416885376,-0.575939416885376,0.43782350420951843,0.562176525592804,-0.8271724581718445,-0.5771724581718445,0.562176525592804,1,1,"{""A"": ""orientation"", ""B"": ""position"", ""C"": ""color"", ""D"": ""size""}",/mnt/tidalfs-hssh01/dataset/xiang/models/Qwen2.5-VL-7B-Instruct,42,not_empty,next_token
A_0118,A,STEP1,BC,1,-0.8981232643127441,-0.5231232643127441,0.4073334038257599,0.5926665663719177,-0.8986491560935974,-0.5236491560935974,0.5926665663719177,1,1,"{""A"": ""orientation"", ""B"": ""position"", ""C"": ""color"", ""D"": ""size""}",/mnt/tidalfs-hssh01/dataset/xiang/models/Qwen2.5-VL-7B-Instruct,42,not_empty,next_token
A_0118,A,STEP1,BD,1,-0.9740769863128662,-0.4740769863128662,0.3775406777858734,0.622459352016449,-0.9745734930038452,-0.4745734930038452,0.622459352016449,1,1,"{""A"": ""orientation"", ""B"": ""position"", ""C"": ""color"", ""D"": ""size""}",/mnt/tidalfs-hssh01/dataset/xiang/models/Qwen2.5-VL-7B-Instruct,42,not_empty,next_token
A_0118,A,STEP1,CD,1,-0.9740769863128662,-0.4740769863128662,0.3775406777858734,0.622459352016449,-0.9743980765342712,-0.47439807653427124,0.622459352016449,1,1,"{""A"": ""orientation"", ""B"": ""position"", ""C"": ""color"", ""D"": ""size""}",/mnt/tidalfs-hssh01/dataset/xiang/models/Qwen2.5-VL-7B-Instruct,42,not_empty,next_token
A_0118,A,STEP1,ABC,1,-0.825939416885376,-0.575939416885376,0.43782350420951843,0.562176525592804,-0.8262223601341248,-0.5762223601341248,0.562176525592804,1,1,"{""A"": ""orientation"", ""B"": ""position"", ""C"": ""color"", ""D"": ""size""}",/mnt/tidalfs-hssh01/dataset/xiang/models/Qwen2.5-VL-7B-Instruct,42,not_empty,next_token
A_0118,A,STEP1,ABD,1,-0.8981232643127441,-0.5231232643127441,0.4073334038257599,0.5926665663719177,-0.8985573649406433,-0.5235573649406433,0.5926665663719177,1,1,"{""A"": ""orientation"", ""B"": ""position"", ""C"": ""color"", ""D"": ""size""}",/mnt/tidalfs-hssh01/dataset/xiang/models/Qwen2.5-VL-7B-Instruct,42,not_empty,next_token
A_0118,A,STEP1,ACD,1,-0.8981232643127441,-0.5231232643127441,0.4073334038257599,0.5926665663719177,-0.8983761072158813,-0.5233761072158813,0.5926665663719177,1,1,"{""A"": ""orientation"", ""B"": ""position"", ""C"": ""color"", ""D"": ""size""}",/mnt/tidalfs-hssh01/dataset/xiang/models/Qwen2.5-VL-7B-Instruct,42,not_empty,next_token
A_0118,A,STEP1,BCD,1,-0.8981232643127441,-0.5231232643127441,0.4073334038257599,0.5926665663719177,-0.8983249664306641,-0.5233249664306641,0.5926665663719177,1,1,"{""A"": ""orientation"", ""B"": ""position"", ""C"": ""color"", ""D"": ""size""}",/mnt/tidalfs-hssh01/dataset/xiang/models/Qwen2.5-VL-7B-Instruct,42,not_empty,next_token
A_0118,A,STEP1,ABCD,1,-0.8981232643127441,-0.5231232643127441,0.4073334038257599,0.5926665663719177,-0.8983486890792847,-0.5233486890792847,0.5926665663719177,1,1,"{""A"": ""orientation"", ""B"": ""position"", ""C"": ""color"", ""D"": ""size""}",/mnt/tidalfs-hssh01/dataset/xiang/models/Qwen2.5-VL-7B-Instruct,42,not_empty,next_token
A_0118,A,STEP2,EMPTY,0,-1.3132617473602295,-0.3132617473602295,0.26894140243530273,0.7310584783554077,-1.3575432300567627,-0.3575432002544403,0.26894140243530273,1,0,"{""A"": ""orientation"", ""B"": ""position"", ""C"": ""color"", ""D"": ""size""}",/mnt/tidalfs-hssh01/dataset/xiang/models/Qwen2.5-VL-7B-Instruct,42,text_only,next_token
A_0118,A,STEP2,A,0,-1.3132617473602295,-0.3132617473602295,0.26894140243530273,0.7310584783554077,-1.3183958530426025,-0.3183959126472473,0.26894140243530273,1,0,"{""A"": ""orientation"", ""B"": ""position"", ""C"": ""color"", ""D"": ""size""}",/mnt/tidalfs-hssh01/dataset/xiang/models/Qwen2.5-VL-7B-Instruct,42,not_empty,next_token
A_0118,A,STEP2,B,0,-1.1368709802627563,-0.38687101006507874,0.3208213150501251,0.6791786551475525,-1.138523817062378,-0.3885238468647003,0.3208213150501251,1,0,"{""A"": ""orientation"", ""B"": ""position"", ""C"": ""color"", ""D"": ""size""}",/mnt/tidalfs-hssh01/dataset/xiang/models/Qwen2.5-VL-7B-Instruct,42,not_empty,next_token
A_0118,A,STEP2,C,0,-1.1368709802627563,-0.38687101006507874,0.3208213150501251,0.6791786551475525,-1.1384496688842773,-0.38844969868659973,0.3208213150501251,1,0,"{""A"": ""orientation"", ""B"": ""position"", ""C"": ""color"", ""D"": ""size""}",/mnt/tidalfs-hssh01/dataset/xiang/models/Qwen2.5-VL-7B-Instruct,42,not_empty,next_token
A_0118,A,STEP2,D,0,-1.2234445810317993,-0.3484445810317993,0.29421499371528625,0.7057850360870361,-1.2257637977600098,-0.35076379776000977,0.29421499371528625,1,0,"{""A"": ""orientation"", ""B"": ""position"", ""C"": ""color"", ""D"": ""size""}",/mnt/tidalfs-hssh01/dataset/xiang/models/Qwen2.5-VL-7B-Instruct,42,not_empty,next_token
A_0118,A,STEP2,AB,0,-1.136871099472046,-0.38687101006507874,0.32082128524780273,0.6791786551475525,-1.138786792755127,-0.3887867331504822,0.32082128524780273,1,0,"{""A"": ""orientation"", ""B"": ""position"", ""C"": ""color"", ""D"": ""size""}",/mnt/tidalfs-hssh01/dataset/xiang/models/Qwen2.5-VL-7B-Instruct,42,not_empty,next_token
A_0118,A,STEP2,AC,0,-1.2234445810317993,-0.3484445810317993,0.29421499371528625,0.7057850360870361,-1.2240785360336304,-0.349078506231308,0.29421499371528625,1,0,"{""A"": ""orientation"", ""B"": ""position"", ""C"": ""color"", ""D"": ""size""}",/mnt/tidalfs-hssh01/dataset/xiang/models/Qwen2.5-VL-7B-Instruct,42,not_empty,next_token
A_0118,A,STEP2,AD,0,-1.1368709802627563,-0.38687101006507874,0.3208213150501251,0.6791786551475525,-1.1386454105377197,-0.3886454105377197,0.3208213150501251,1,0,"{""A"": ""orientation"", ""B"": ""position"", ""C"": ""color"", ""D"": ""size""}",/mnt/tidalfs-hssh01/dataset/xiang/models/Qwen2.5-VL-7B-Instruct,42,not_empty,next_token
A_0118,A,STEP2,BC,0,-1.2234445810317993,-0.3484445810317993,0.29421499371528625,0.7057850360870361,-1.224609136581421,-0.3496091067790985,0.29421499371528625,1,0,"{""A"": ""orientation"", ""B"": ""position"", ""C"": ""color"", ""D"": ""size""}",/mnt/tidalfs-hssh01/dataset/xiang/models/Qwen2.5-VL-7B-Instruct,42,not_empty,next_token
A_0118,A,STEP2,BD,0,-1.1368709802627563,-0.38687101006507874,0.3208213150501251,0.6791786551475525,-1.13801908493042,-0.3880190849304199,0.3208213150501251,1,0,"{""A"": ""orientation"", ""B"": ""position"", ""C"": ""color"", ""D"": ""size""}",/mnt/tidalfs-hssh01/dataset/xiang/models/Qwen2.5-VL-7B-Instruct,42,not_empty,next_token
A_0118,A,STEP2,CD,0,-1.0537006855010986,-0.42870065569877625,0.3486451208591461,0.6513548493385315,-1.054544448852539,-0.4295444190502167,0.3486451208591461,1,0,"{""A"": ""orientation"", ""B"": ""position"", ""C"": ""color"", ""D"": ""size""}",/mnt/tidalfs-hssh01/dataset/xiang/models/Qwen2.5-VL-7B-Instruct,42,not_empty,next_token
A_0118,A,STEP2,ABC,0,-1.1368709802627563,-0.38687101006507874,0.3208213150501251,0.6791786551475525,-1.1377900838851929,-0.38779011368751526,0.3208213150501251,1,0,"{""A"": ""orientation"", ""B"": ""position"", ""C"": ""color"", ""D"": ""size""}",/mnt/tidalfs-hssh01/dataset/xiang/models/Qwen2.5-VL-7B-Instruct,42,not_empty,next_token
A_0118,A,STEP2,ABD,0,-1.0537006855010986,-0.42870065569877625,0.3486451208591461,0.6513548493385315,-1.054473638534546,-0.4294736385345459,0.3486451208591461,1,0,"{""A"": ""orientation"", ""B"": ""position"", ""C"": ""color"", ""D"": ""size""}",/mnt/tidalfs-hssh01/dataset/xiang/models/Qwen2.5-VL-7B-Instruct,42,not_empty,next_token
A_0118,A,STEP2,ACD,0,-1.1368709802627563,-0.38687101006507874,0.3208213150501251,0.6791786551475525,-1.137284278869629,-0.3872843384742737,0.3208213150501251,1,0,"{""A"": ""orientation"", ""B"": ""position"", ""C"": ""color"", ""D"": ""size""}",/mnt/tidalfs-hssh01/dataset/xiang/models/Qwen2.5-VL-7B-Instruct,42,not_empty,next_token
A_0118,A,STEP2,BCD,0,-1.2234445810317993,-0.3484445810317993,0.29421499371528625,0.7057850360870361,-1.2238259315490723,-0.34882596135139465,0.29421499371528625,1,0,"{""A"": ""orientation"", ""B"": ""position"", ""C"": ""color"", ""D"": ""size""}",/mnt/tidalfs-hssh01/dataset/xiang/models/Qwen2.5-VL-7B-Instruct,42,not_empty,next_token
A_0118,A,STEP2,ABCD,0,-1.136871099472046,-0.38687101006507874,0.32082128524780273,0.6791786551475525,-1.1374545097351074,-0.38745445013046265,0.32082128524780273,1,0,"{""A"": ""orientation"", ""B"": ""position"", ""C"": ""color"", ""D"": ""size""}",/mnt/tidalfs-hssh01/dataset/xiang/models/Qwen2.5-VL-7B-Instruct,42,not_empty,next_token
A_0118,A,FINAL,EMPTY,1,-0.8259394764900208,-0.575939416885376,0.43782350420951843,0.562176525592804,-1.1369755268096924,-0.8869754672050476,0.562176525592804,1,1,"{""A"": ""orientation"", ""B"": ""position"", ""C"": ""color"", ""D"": ""size""}",/mnt/tidalfs-hssh01/dataset/xiang/models/Qwen2.5-VL-7B-Instruct,42,text_only,next_token
A_0118,A,FINAL,A,1,-0.8981232643127441,-0.5231232643127441,0.4073334038257599,0.5926665663719177,-0.9338021874427795,-0.5588021874427795,0.5926665663719177,1,1,"{""A"": ""orientation"", ""B"": ""position"", ""C"": ""color"", ""D"": ""size""}",/mnt/tidalfs-hssh01/dataset/xiang/models/Qwen2.5-VL-7B-Instruct,42,not_empty,next_token
A_0118,A,FINAL,B,1,-0.8981232643127441,-0.5231232643127441,0.4073334038257599,0.5926665663719177,-0.9216486215591431,-0.5466486215591431,0.5926665663719177,1,1,"{""A"": ""orientation"", ""B"": ""position"", ""C"": ""color"", ""D"": ""size""}",/mnt/tidalfs-hssh01/dataset/xiang/models/Qwen2.5-VL-7B-Instruct,42,not_empty,next_token
A_0118,A,FINAL,C,1,-0.8981232643127441,-0.5231232643127441,0.4073334038257599,0.5926665663719177,-0.9067662954330444,-0.5317662954330444,0.5926665663719177,1,1,"{""A"": ""orientation"", ""B"": ""position"", ""C"": ""color"", ""D"": ""size""}",/mnt/tidalfs-hssh01/dataset/xiang/models/Qwen2.5-VL-7B-Instruct,42,not_empty,next_token
A_0118,A,FINAL,D,1,-0.8981232643127441,-0.5231232643127441,0.4073334038257599,0.5926665663719177,-0.918960452079773,-0.543960452079773,0.5926665663719177,1,1,"{""A"": ""orientation"", ""B"": ""position"", ""C"": ""color"", ""D"": ""size""}",/mnt/tidalfs-hssh01/dataset/xiang/models/Qwen2.5-VL-7B-Instruct,42,not_empty,next_token
A_0118,A,FINAL,AB,1,-0.825939416885376,-0.575939416885376,0.43782350420951843,0.562176525592804,-0.8317501544952393,-0.5817501544952393,0.562176525592804,1,1,"{""A"": ""orientation"", ""B"": ""position"", ""C"": ""color"", ""D"": ""size""}",/mnt/tidalfs-hssh01/dataset/xiang/models/Qwen2.5-VL-7B-Instruct,42,not_empty,next_token
A_0118,A,FINAL,AC,1,-0.8981232643127441,-0.5231232643127441,0.4073334038257599,0.5926665663719177,-0.8993690013885498,-0.5243690013885498,0.5926665663719177,1,1,"{""A"": ""orientation"", ""B"": ""position"", ""C"": ""color"", ""D"": ""size""}",/mnt/tidalfs-hssh01/dataset/xiang/models/Qwen2.5-VL-7B-Instruct,42,not_empty,next_token
A_0118,A,FINAL,AD,1,-0.825939416885376,-0.575939416885376,0.43782350420951843,0.562176525592804,-0.8332201242446899,-0.5832201242446899,0.562176525592804,1,1,"{""A"": ""orientation"", ""B"": ""position"", ""C"": ""color"", ""D"": ""size""}",/mnt/tidalfs-hssh01/dataset/xiang/models/Qwen2.5-VL-7B-Instruct,42,not_empty,next_token
A_0118,A,FINAL,BC,1,-0.8981232643127441,-0.5231232643127441,0.4073334038257599,0.5926665663719177,-0.9014354944229126,-0.5264354944229126,0.5926665663719177,1,1,"{""A"": ""orientation"", ""B"": ""position"", ""C"": ""color"", ""D"": ""size""}",/mnt/tidalfs-hssh01/dataset/xiang/models/Qwen2.5-VL-7B-Instruct,42,not_empty,next_token
A_0118,A,FINAL,BD,1,-0.825939416885376,-0.575939416885376,0.43782350420951843,0.562176525592804,-0.8316663503646851,-0.5816663503646851,0.562176525592804,1,1,"{""A"": ""orientation"", ""B"": ""position"", ""C"": ""color"", ""D"": ""size""}",/mnt/tidalfs-hssh01/dataset/xiang/models/Qwen2.5-VL-7B-Instruct,42,not_empty,next_token
A_0118,A,FINAL,CD,1,-0.8981232643127441,-0.5231232643127441,0.4073334038257599,0.5926665663719177,-0.9006702899932861,-0.5256702899932861,0.5926665663719177,1,1,"{""A"": ""orientation"", ""B"": ""position"", ""C"": ""color"", ""D"": ""size""}",/mnt/tidalfs-hssh01/dataset/xiang/models/Qwen2.5-VL-7B-Instruct,42,not_empty,next_token
A_0118,A,FINAL,ABC,1,-0.825939416885376,-0.575939416885376,0.43782350420951843,0.562176525592804,-0.8287502527236938,-0.5787502527236938,0.562176525592804,1,1,"{""A"": ""orientation"", ""B"": ""position"", ""C"": ""color"", ""D"": ""size""}",/mnt/tidalfs-hssh01/dataset/xiang/models/Qwen2.5-VL-7B-Instruct,42,not_empty,next_token
A_0118,A,FINAL,ABD,1,-0.8981232643127441,-0.5231232643127441,0.4073334038257599,0.5926665663719177,-0.9008641242980957,-0.5258641242980957,0.5926665663719177,1,1,"{""A"": ""orientation"", ""B"": ""position"", ""C"": ""color"", ""D"": ""size""}",/mnt/tidalfs-hssh01/dataset/xiang/models/Qwen2.5-VL-7B-Instruct,42,not_empty,next_token
A_0118,A,FINAL,ACD,1,-0.8981232643127441,-0.5231232643127441,0.4073334038257599,0.5926665663719177,-0.8994206190109253,-0.5244206190109253,0.5926665663719177,1,1,"{""A"": ""orientation"", ""B"": ""position"", ""C"": ""color"", ""D"": ""size""}",/mnt/tidalfs-hssh01/dataset/xiang/models/Qwen2.5-VL-7B-Instruct,42,not_empty,next_token
A_0118,A,FINAL,BCD,1,-0.8981232643127441,-0.5231232643127441,0.4073334038257599,0.5926665663719177,-0.9003884196281433,-0.5253884196281433,0.5926665663719177,1,1,"{""A"": ""orientation"", ""B"": ""position"", ""C"": ""color"", ""D"": ""size""}",/mnt/tidalfs-hssh01/dataset/xiang/models/Qwen2.5-VL-7B-Instruct,42,not_empty,next_token
A_0118,A,FINAL,ABCD,1,-0.8981232643127441,-0.5231232643127441,0.4073334038257599,0.5926665663719177,-0.8998931050300598,-0.5248931050300598,0.5926665663719177,1,1,"{""A"": ""orientation"", ""B"": ""position"", ""C"": ""color"", ""D"": ""size""}",/mnt/tidalfs-hssh01/dataset/xiang/models/Qwen2.5-VL-7B-Instruct,42,not_empty,next_token
A_0126,A,STEP1,EMPTY,1,-0.7575989961624146,-0.6325989961624146,0.4687906503677368,0.531209409236908,-0.8536394238471985,-0.7286394238471985,0.531209409236908,1,1,"{""A"": ""orientation"", ""B"": ""position"", ""C"": ""color"", ""D"": ""size""}",/mnt/tidalfs-hssh01/dataset/xiang/models/Qwen2.5-VL-7B-Instruct,42,text_only,next_token
A_0126,A,STEP1,A,1,-1.2234444618225098,-0.3484445810317993,0.29421502351760864,0.7057850360870361,-1.2252774238586426,-0.35027748346328735,0.7057850360870361,1,1,"{""A"": ""orientation"", ""B"": ""position"", ""C"": ""color"", ""D"": ""size""}",/mnt/tidalfs-hssh01/dataset/xiang/models/Qwen2.5-VL-7B-Instruct,42,not_empty,next_token
A_0126,A,STEP1,B,1,-0.825939416885376,-0.575939416885376,0.43782350420951843,0.562176525592804,-0.8280855417251587,-0.5780855417251587,0.562176525592804,1,1,"{""A"": ""orientation"", ""B"": ""position"", ""C"": ""color"", ""D"": ""size""}",/mnt/tidalfs-hssh01/dataset/xiang/models/Qwen2.5-VL-7B-Instruct,42,not_empty,next_token
A_0126,A,STEP1,C,1,-0.825939416885376,-0.575939416885376,0.43782350420951843,0.562176525592804,-0.8315712809562683,-0.5815712809562683,0.562176525592804,1,1,"{""A"": ""orientation"", ""B"": ""position"", ""C"": ""color"", ""D"": ""size""}",/mnt/tidalfs-hssh01/dataset/xiang/models/Qwen2.5-VL-7B-Instruct,42,not_empty,next_token
A_0126,A,STEP1,D,1,-0.8981232643127441,-0.5231232643127441,0.4073334038257599,0.5926665663719177,-0.9012390375137329,-0.5262390375137329,0.5926665663719177,1,1,"{""A"": ""orientation"", ""B"": ""position"", ""C"": ""color"", ""D"": ""size""}",/mnt/tidalfs-hssh01/dataset/xiang/models/Qwen2.5-VL-7B-Instruct,42,not_empty,next_token
A_0126,A,STEP1,AB,1,-1.2234445810317993,-0.3484445810317993,0.29421499371528625,0.7057850360870361,-1.2240090370178223,-0.34900903701782227,0.7057850360870361,1,1,"{""A"": ""orientation"", ""B"": ""position"", ""C"": ""color"", ""D"": ""size""}",/mnt/tidalfs-hssh01/dataset/xiang/models/Qwen2.5-VL-7B-Instruct,42,not_empty,next_token
A_0126,A,STEP1,AC,1,-1.2234445810317993,-0.3484445810317993,0.29421499371528625,0.7057850360870361,-1.2239700555801392,-0.3489700257778168,0.7057850360870361,1,1,"{""A"": ""orientation"", ""B"": ""position"", ""C"": ""color"", ""D"": ""size""}",/mnt/tidalfs-hssh01/dataset/xiang/models/Qwen2.5-VL-7B-Instruct,42,not_empty,next_token
A_0126,A,STEP1,AD,1,-1.3132617473602295,-0.3132617473602295,0.26894140243530273,0.7310584783554077,-1.313917636871338,-0.3139176666736603,0.7310584783554077,1,1,"{""A"": ""orientation"", ""B"": ""position"", ""C"": ""color"", ""D"": ""size""}",/mnt/tidalfs-hssh01/dataset/xiang/models/Qwen2.5-VL-7B-Instruct,42,not_empty,next_token
A_0126,A,STEP1,BC,1,-0.825939416885376,-0.575939416885376,0.43782350420951843,0.562176525592804,-0.8263543844223022,-0.5763543844223022,0.562176525592804,1,1,"{""A"": ""orientation"", ""B"": ""position"", ""C"": ""color"", ""D"": ""size""}",/mnt/tidalfs-hssh01/dataset/xiang/models/Qwen2.5-VL-7B-Instruct,42,not_empty,next_token
A_0126,A,STEP1,BD,1,-0.825939416885376,-0.575939416885376,0.43782350420951843,0.562176525592804,-0.8265420794487,-0.5765420794487,0.562176525592804,1,1,"{""A"": ""orientation"", ""B"": ""position"", ""C"": ""color"", ""D"": ""size""}",/mnt/tidalfs-hssh01/dataset/xiang/models/Qwen2.5-VL-7B-Instruct,42,not_empty,next_token
A_0126,A,STEP1,CD,1,-0.8981232643127441,-0.5231232643127441,0.4073334038257599,0.5926665663719177,-0.8987683653831482,-0.5237683653831482,0.5926665663719177,1,1,"{""A"": ""orientation"", ""B"": ""position"", ""C"": ""color"", ""D"": ""size""}",/mnt/tidalfs-hssh01/dataset/xiang/models/Qwen2.5-VL-7B-Instruct,42,not_empty,next_token
A_0126,A,STEP1,ABC,1,-1.2234445810317993,-0.3484445810317993,0.29421499371528625,0.7057850360870361,-1.2238306999206543,-0.3488306701183319,0.7057850360870361,1,1,"{""A"": ""orientation"", ""B"": ""position"", ""C"": ""color"", ""D"": ""size""}",/mnt/tidalfs-hssh01/dataset/xiang/models/Qwen2.5-VL-7B-Instruct,42,not_empty,next_token
A_0126,A,STEP1,ABD,1,-1.2234445810317993,-0.3484445810317993,0.29421499371528625,0.7057850360870361,-1.2238534688949585,-0.3488534688949585,0.7057850360870361,1,1,"{""A"": ""orientation"", ""B"": ""position"", ""C"": ""color"", ""D"": ""size""}",/mnt/tidalfs-hssh01/dataset/xiang/models/Qwen2.5-VL-7B-Instruct,42,not_empty,next_token
A_0126,A,STEP1,ACD,1,-1.4061501026153564,-0.28115010261535645,0.24508503079414368,0.7549149990081787,-1.406430721282959,-0.2814306616783142,0.7549149990081787,1,1,"{""A"": ""orientation"", ""B"": ""position"", ""C"": ""color"", ""D"": ""size""}",/mnt/tidalfs-hssh01/dataset/xiang/models/Qwen2.5-VL-7B-Instruct,42,not_empty,next_token
A_0126,A,STEP1,BCD,1,-0.8981232643127441,-0.5231232643127441,0.4073334038257599,0.5926665663719177,-0.8983252644538879,-0.5233252644538879,0.5926665663719177,1,1,"{""A"": ""orientation"", ""B"": ""position"", ""C"": ""color"", ""D"": ""size""}",/mnt/tidalfs-hssh01/dataset/xiang/models/Qwen2.5-VL-7B-Instruct,42,not_empty,next_token
A_0126,A,STEP1,ABCD,1,-1.3132617473602295,-0.3132617473602295,0.26894140243530273,0.7310584783554077,-1.3134751319885254,-0.3134751319885254,0.7310584783554077,1,1,"{""A"": ""orientation"", ""B"": ""position"", ""C"": ""color"", ""D"": ""size""}",/mnt/tidalfs-hssh01/dataset/xiang/models/Qwen2.5-VL-7B-Instruct,42,not_empty,next_token
A_0126,A,STEP2,EMPTY,0,-1.3132617473602295,-0.3132617473602295,0.26894140243530273,0.7310584783554077,-1.3575432300567627,-0.3575432002544403,0.26894140243530273,1,0,"{""A"": ""orientation"", ""B"": ""position"", ""C"": ""color"", ""D"": ""size""}",/mnt/tidalfs-hssh01/dataset/xiang/models/Qwen2.5-VL-7B-Instruct,42,text_only,next_token
A_0126,A,STEP2,A,0,-1.2234444618225098,-0.3484445810317993,0.29421502351760864,0.7057850360870361,-1.225020408630371,-0.35002046823501587,0.29421502351760864,1,0,"{""A"": ""orientation"", ""B"": ""position"", ""C"": ""color"", ""D"": ""size""}",/mnt/tidalfs-hssh01/dataset/xiang/models/Qwen2.5-VL-7B-Instruct,42,not_empty,next_token
A_0126,A,STEP2,B,0,-1.1368709802627563,-0.38687101006507874,0.3208213150501251,0.6791786551475525,-1.13828706741333,-0.3882870674133301,0.3208213150501251,1,0,"{""A"": ""orientation"", ""B"": ""position"", ""C"": ""color"", ""D"": ""size""}",/mnt/tidalfs-hssh01/dataset/xiang/models/Qwen2.5-VL-7B-Instruct,42,not_empty,next_token
A_0126,A,STEP2,C,0,-1.1368709802627563,-0.38687101006507874,0.3208213150501251,0.6791786551475525,-1.1387856006622314,-0.38878560066223145,0.3208213150501251,1,0,"{""A"": ""orientation"", ""B"": ""position"", ""C"": ""color"", ""D"": ""size""}",/mnt/tidalfs-hssh01/dataset/xiang/models/Qwen2.5-VL-7B-Instruct,42,not_empty,next_token
A_0126,A,STEP2,D,0,-1.3132617473602295,-0.3132617473602295,0.26894140243530273,0.7310584783554077,-1.3144782781600952,-0.3144782781600952,0.26894140243530273,1,0,"{""A"": ""orientation"", ""B"": ""position"", ""C"": ""color"", ""D"": ""size""}",/mnt/tidalfs-hssh01/dataset/xiang/models/Qwen2.5-VL-7B-Instruct,42,not_empty,next_token
A_0126,A,STEP2,AB,0,-1.136871099472046,-0.38687101006507874,0.32082128524780273,0.6791786551475525,-1.1382009983062744,-0.38820093870162964,0.32082128524780273,1,0,"{""A"": ""orientation"", ""B"": ""position"", ""C"": ""color"", ""D"": ""size""}",/mnt/tidalfs-hssh01/dataset/xiang/models/Qwen2.5-VL-7B-Instruct,42,not_empty,next_token
A_0126,A,STEP2,AC,0,-1.4061501026153564,-0.28115010261535645,0.24508503079414368,0.7549149990081787,-1.4065543413162231,-0.28155437111854553,0.24508503079414368,1,0,"{""A"": ""orientation"", ""B"": ""position"", ""C"": ""color"", ""D"": ""size""}",/mnt/tidalfs-hssh01/dataset/xiang/models/Qwen2.5-VL-7B-Instruct,42,not_empty,next_token
A_0126,A,STEP2,AD,0,-1.3132617473602295,-0.3132617473602295,0.26894140243530273,0.7310584783554077,-1.3142383098602295,-0.3142382800579071,0.26894140243530273,1,0,"{""A"": ""orientation"", ""B"": ""position"", ""C"": ""color"", ""D"": ""size""}",/mnt/tidalfs-hssh01/dataset/xiang/models/Qwen2.5-VL-7B-Instruct,42,not_empty,next_token
A_0126,A,STEP2,BC,0,-1.4061501026153564,-0.28115010261535645,0.24508503079414368,0.7549149990081787,-1.4069448709487915,-0.2819448709487915,0.24508503079414368,1,0,"{""A"": ""orientation"", ""B"": ""position"", ""C"": ""color"", ""D"": ""size""}",/mnt/tidalfs-hssh01/dataset/xiang/models/Qwen2.5-VL-7B-Instruct,42,not_empty,next_token
A_0126,A,STEP2,BD,0,-1.136871099472046,-0.38687101006507874,0.32082128524780273,0.6791786551475525,-1.1382524967193604,-0.3882524371147156,0.32082128524780273,1,0,"{""A"": ""orientation"", ""B"": ""position"", ""C"": ""color"", ""D"": ""size""}",/mnt/tidalfs-hssh01/dataset/xiang/models/Qwen2.5-VL-7B-Instruct,42,not_empty,next_token
A_0126,A,STEP2,CD,0,-1.0537006855010986,-0.42870065569877625,0.3486451208591461,0.6513548493385315,-1.054722547531128,-0.42972251772880554,0.3486451208591461,1,0,"{""A"": ""orientation"", ""B"": ""position"", ""C"": ""color"", ""D"": ""size""}",/mnt/tidalfs-hssh01/dataset/xiang/models/Qwen2.5-VL-7B-Instruct,42,not_empty,next_token
A_0126,A,STEP2,ABC,0,-1.3132617473602295,-0.3132617473602295,0.26894140243530273,0.7310584783554077,-1.3140740394592285,-0.31407397985458374,0.26894140243530273,1,0,"{""A"": ""orientation"", ""B"": ""position"", ""C"": ""color"", ""D"": ""size""}",/mnt/tidalfs-hssh01/dataset/xiang/models/Qwen2.5-VL-7B-Instruct,42,not_empty,next_token
A_0126,A,STEP2,ABD,0,-1.1368709802627563,-0.38687101006507874,0.3208213150501251,0.6791786551475525,-1.1375049352645874,-0.3875049352645874,0.3208213150501251,1,0,"{""A"": ""orientation"", ""B"": ""position"", ""C"": ""color"", ""D"": ""size""}",/mnt/tidalfs-hssh01/dataset/xiang/models/Qwen2.5-VL-7B-Instruct,42,not_empty,next_token
A_0126,A,STEP2,ACD,0,-1.3132617473602295,-0.3132617473602295,0.26894140243530273,0.7310584783554077,-1.3135679960250854,-0.31356802582740784,0.26894140243530273,1,0,"{""A"": ""orientation"", ""B"": ""position"", ""C"": ""color"", ""D"": ""size""}",/mnt/tidalfs-hssh01/dataset/xiang/models/Qwen2.5-VL-7B-Instruct,42,not_empty,next_token
A_0126,A,STEP2,BCD,0,-1.2234445810317993,-0.3484445810317993,0.29421499371528625,0.7057850360870361,-1.2238022089004517,-0.3488021790981293,0.29421499371528625,1,0,"{""A"": ""orientation"", ""B"": ""position"", ""C"": ""color"", ""D"": ""size""}",/mnt/tidalfs-hssh01/dataset/xiang/models/Qwen2.5-VL-7B-Instruct,42,not_empty,next_token
A_0126,A,STEP2,ABCD,0,-1.2234445810317993,-0.3484445810317993,0.29421499371528625,0.7057850360870361,-1.2240713834762573,-0.34907135367393494,0.29421499371528625,1,0,"{""A"": ""orientation"", ""B"": ""position"", ""C"": ""color"", ""D"": ""size""}",/mnt/tidalfs-hssh01/dataset/xiang/models/Qwen2.5-VL-7B-Instruct,42,not_empty,next_token
A_0126,A,FINAL,EMPTY,1,-0.8259394764900208,-0.575939416885376,0.43782350420951843,0.562176525592804,-1.1369755268096924,-0.8869754672050476,0.562176525592804,1,1,"{""A"": ""orientation"", ""B"": ""position"", ""C"": ""color"", ""D"": ""size""}",/mnt/tidalfs-hssh01/dataset/xiang/models/Qwen2.5-VL-7B-Instruct,42,text_only,next_token
A_0126,A,FINAL,A,1,-0.9740769863128662,-0.4740769863128662,0.3775406777858734,0.622459352016449,-0.9876799583435059,-0.48767998814582825,0.622459352016449,1,1,"{""A"": ""orientation"", ""B"": ""position"", ""C"": ""color"", ""D"": ""size""}",/mnt/tidalfs-hssh01/dataset/xiang/models/Qwen2.5-VL-7B-Instruct,42,not_empty,next_token
A_0126,A,FINAL,B,1,-0.8981232643127441,-0.5231232643127441,0.4073334038257599,0.5926665663719177,-0.9183915853500366,-0.5433915853500366,0.5926665663719177,1,1,"{""A"": ""orientation"", ""B"": ""position"", ""C"": ""color"", ""D"": ""size""}",/mnt/tidalfs-hssh01/dataset/xiang/models/Qwen2.5-VL-7B-Instruct,42,not_empty,next_token
A_0126,A,FINAL,C,1,-0.8981232643127441,-0.5231232643127441,0.4073334038257599,0.5926665663719177,-0.9063037633895874,-0.5313037633895874,0.5926665663719177,1,1,"{""A"": ""orientation"", ""B"": ""position"", ""C"": ""color"", ""D"": ""size""}",/mnt/tidalfs-hssh01/dataset/xiang/models/Qwen2.5-VL-7B-Instruct,42,not_empty,next_token
A_0126,A,FINAL,D,1,-0.9740769863128662,-0.4740769863128662,0.3775406777858734,0.622459352016449,-0.9890617728233337,-0.48906177282333374,0.622459352016449,1,1,"{""A"": ""orientation"", ""B"": ""position"", ""C"": ""color"", ""D"": ""size""}",/mnt/tidalfs-hssh01/dataset/xiang/models/Qwen2.5-VL-7B-Instruct,42,not_empty,next_token
A_0126,A,FINAL,AB,1,-0.8981232643127441,-0.5231232643127441,0.4073334038257599,0.5926665663719177,-0.9020019769668579,-0.5270019769668579,0.5926665663719177,1,1,"{""A"": ""orientation"", ""B"": ""position"", ""C"": ""color"", ""D"": ""size""}",/mnt/tidalfs-hssh01/dataset/xiang/models/Qwen2.5-VL-7B-Instruct,42,not_empty,next_token
A_0126,A,FINAL,AC,1,-0.8981232643127441,-0.5231232643127441,0.4073334038257599,0.5926665663719177,-0.8995979428291321,-0.5245979428291321,0.5926665663719177,1,1,"{""A"": ""orientation"", ""B"": ""position"", ""C"": ""color"", ""D"": ""size""}",/mnt/tidalfs-hssh01/dataset/xiang/models/Qwen2.5-VL-7B-Instruct,42,not_empty,next_token
A_0126,A,FINAL,AD,1,-0.9740769863128662,-0.4740769863128662,0.3775406777858734,0.622459352016449,-0.9772599935531616,-0.4772599935531616,0.622459352016449,1,1,"{""A"": ""orientation"", ""B"": ""position"", ""C"": ""color"", ""D"": ""size""}",/mnt/tidalfs-hssh01/dataset/xiang/models/Qwen2.5-VL-7B-Instruct,42,not_empty,next_token
A_0126,A,FINAL,BC,1,-0.825939416885376,-0.575939416885376,0.43782350420951843,0.562176525592804,-0.8288818597793579,-0.5788818597793579,0.562176525592804,1,1,"{""A"": ""orientation"", ""B"": ""position"", ""C"": ""color"", ""D"": ""size""}",/mnt/tidalfs-hssh01/dataset/xiang/models/Qwen2.5-VL-7B-Instruct,42,not_empty,next_token
A_0126,A,FINAL,BD,1,-0.8981232643127441,-0.5231232643127441,0.4073334038257599,0.5926665663719177,-0.9015244245529175,-0.5265244245529175,0.5926665663719177,1,1,"{""A"": ""orientation"", ""B"": ""position"", ""C"": ""color"", ""D"": ""size""}",/mnt/tidalfs-hssh01/dataset/xiang/models/Qwen2.5-VL-7B-Instruct,42,not_empty,next_token
A_0126,A,FINAL,CD,1,-0.825939416885376,-0.575939416885376,0.43782350420951843,0.562176525592804,-0.8281992077827454,-0.5781992077827454,0.562176525592804,1,1,"{""A"": ""orientation"", ""B"": ""position"", ""C"": ""color"", ""D"": ""size""}",/mnt/tidalfs-hssh01/dataset/xiang/models/Qwen2.5-VL-7B-Instruct,42,not_empty,next_token
A_0126,A,FINAL,ABC,1,-0.8981232643127441,-0.5231232643127441,0.4073334038257599,0.5926665663719177,-0.8999372720718384,-0.5249372720718384,0.5926665663719177,1,1,"{""A"": ""orientation"", ""B"": ""position"", ""C"": ""color"", ""D"": ""size""}",/mnt/tidalfs-hssh01/dataset/xiang/models/Qwen2.5-VL-7B-Instruct,42,not_empty,next_token
A_0126,A,FINAL,ABD,1,-0.8981232643127441,-0.5231232643127441,0.4073334038257599,0.5926665663719177,-0.900155782699585,-0.525155782699585,0.5926665663719177,1,1,"{""A"": ""orientation"", ""B"": ""position"", ""C"": ""color"", ""D"": ""size""}",/mnt/tidalfs-hssh01/dataset/xiang/models/Qwen2.5-VL-7B-Instruct,42,not_empty,next_token
A_0126,A,FINAL,ACD,1,-0.9740769863128662,-0.4740769863128662,0.3775406777858734,0.622459352016449,-0.9749148488044739,-0.4749148488044739,0.622459352016449,1,1,"{""A"": ""orientation"", ""B"": ""position"", ""C"": ""color"", ""D"": ""size""}",/mnt/tidalfs-hssh01/dataset/xiang/models/Qwen2.5-VL-7B-Instruct,42,not_empty,next_token
A_0126,A,FINAL,BCD,1,-0.9740769863128662,-0.4740769863128662,0.3775406777858734,0.622459352016449,-0.9755059480667114,-0.4755059480667114,0.622459352016449,1,1,"{""A"": ""orientation"", ""B"": ""position"", ""C"": ""color"", ""D"": ""size""}",/mnt/tidalfs-hssh01/dataset/xiang/models/Qwen2.5-VL-7B-Instruct,42,not_empty,next_token
A_0126,A,FINAL,ABCD,1,-0.9740769863128662,-0.4740769863128662,0.3775406777858734,0.622459352016449,-0.9756160378456116,-0.4756160378456116,0.622459352016449,1,1,"{""A"": ""orientation"", ""B"": ""position"", ""C"": ""color"", ""D"": ""size""}",/mnt/tidalfs-hssh01/dataset/xiang/models/Qwen2.5-VL-7B-Instruct,42,not_empty,next_token
B_0006,B,STEP,EMPTY,0,-0.8981232643127441,-0.5231232643127441,0.4073334038257599,0.5926665663719177,-0.9199725389480591,-0.5449725389480591,0.4073334038257599,1,0,"{""A"": ""position"", ""B"": ""color"", ""C"": ""size"", ""D"": ""orientation""}",/mnt/tidalfs-hssh01/dataset/xiang/models/Qwen2.5-VL-7B-Instruct,42,text_only,next_token
B_0006,B,STEP,A,0,-0.7575989961624146,-0.6325989961624146,0.4687906503677368,0.531209409236908,-0.7590900659561157,-0.6340900659561157,0.4687906503677368,1,0,"{""A"": ""position"", ""B"": ""color"", ""C"": ""size"", ""D"": ""orientation""}",/mnt/tidalfs-hssh01/dataset/xiang/models/Qwen2.5-VL-7B-Instruct,42,not_empty,next_token
B_0006,B,STEP,B,0,-0.9740769863128662,-0.4740769863128662,0.3775406777858734,0.622459352016449,-0.975214958190918,-0.47521498799324036,0.3775406777858734,1,0,"{""A"": ""position"", ""B"": ""color"", ""C"": ""size"", ""D"": ""orientation""}",/mnt/tidalfs-hssh01/dataset/xiang/models/Qwen2.5-VL-7B-Instruct,42,not_empty,next_token
B_0006,B,STEP,C,0,-0.825939416885376,-0.575939416885376,0.43782350420951843,0.562176525592804,-0.8287182450294495,-0.5787182450294495,0.43782350420951843,1,0,"{""A"": ""position"", ""B"": ""color"", ""C"": ""size"", ""D"": ""orientation""}",/mnt/tidalfs-hssh01/dataset/xiang/models/Qwen2.5-VL-7B-Instruct,42,not_empty,next_token
B_0006,B,STEP,D,0,-0.825939416885376,-0.575939416885376,0.43782350420951843,0.562176525592804,-0.830412745475769,-0.580412745475769,0.43782350420951843,1,0,"{""A"": ""position"", ""B"": ""color"", ""C"": ""size"", ""D"": ""orientation""}",/mnt/tidalfs-hssh01/dataset/xiang/models/Qwen2.5-VL-7B-Instruct,42,not_empty,next_token
B_0006,B,STEP,AB,0,-0.8981232643127441,-0.5231232643127441,0.4073334038257599,0.5926665663719177,-0.898739218711853,-0.523739218711853,0.4073334038257599,1,0,"{""A"": ""position"", ""B"": ""color"", ""C"": ""size"", ""D"": ""orientation""}",/mnt/tidalfs-hssh01/dataset/xiang/models/Qwen2.5-VL-7B-Instruct,42,not_empty,next_token
B_0006,B,STEP,AC,0,-0.8981232643127441,-0.5231232643127441,0.4073334038257599,0.5926665663719177,-0.8985093832015991,-0.5235093832015991,0.4073334038257599,1,0,"{""A"": ""position"", ""B"": ""color"", ""C"": ""size"", ""D"": ""orientation""}",/mnt/tidalfs-hssh01/dataset/xiang/models/Qwen2.5-VL-7B-Instruct,42,not_empty,next_token
B_0006,B,STEP,AD,0,-0.825939416885376,-0.575939416885376,0.43782350420951843,0.562176525592804,-0.826555073261261,-0.576555073261261,0.43782350420951843,1,0,"{""A"": ""position"", ""B"": ""color"", ""C"": ""size"", ""D"": ""orientation""}",/mnt/tidalfs-hssh01/dataset/xiang/models/Qwen2.5-VL-7B-Instruct,42,not_empty,next_token
B_0006,B,STEP,BC,0,-0.8981232643127441,-0.5231232643127441,0.4073334038257599,0.5926665663719177,-0.898754358291626,-0.523754358291626,0.4073334038257599,1,0,"{""A"": ""position"", ""B"": ""color"", ""C"": ""size"", ""D"": ""orientation""}",/mnt/tidalfs-hssh01/dataset/xiang/models/Qwen2.5-VL-7B-Instruct,42,not_empty,next_token
B_0006,B,STEP,BD,0,-0.8981232643127441,-0.5231232643127441,0.4073334038257599,0.5926665663719177,-0.8989251852035522,-0.5239251852035522,0.4073334038257599,1,0,"{""A"": ""position"", ""B"": ""color"", ""C"": ""size"", ""D"": ""orientation""}",/mnt/tidalfs-hssh01/dataset/xiang/models/Qwen2.5-VL-7B-Instruct,42,not_empty,next_token
B_0006,B,STEP,CD,0,-0.825939416885376,-0.575939416885376,0.43782350420951843,0.562176525592804,-0.8268108367919922,-0.5768108367919922,0.43782350420951843,1,0,"{""A"": ""position"", ""B"": ""color"", ""C"": ""size"", ""D"": ""orientation""}",/mnt/tidalfs-hssh01/dataset/xiang/models/Qwen2.5-VL-7B-Instruct,42,not_empty,next_token
B_0006,B,STEP,ABC,0,-0.825939416885376,-0.575939416885376,0.43782350420951843,0.562176525592804,-0.8262953162193298,-0.5762953162193298,0.43782350420951843,1,0,"{""A"": ""position"", ""B"": ""color"", ""C"": ""size"", ""D"": ""orientation""}",/mnt/tidalfs-hssh01/dataset/xiang/models/Qwen2.5-VL-7B-Instruct,42,not_empty,next_token
B_0006,B,STEP,ABD,0,-0.8981232643127441,-0.5231232643127441,0.4073334038257599,0.5926665663719177,-0.8985210657119751,-0.5235210657119751,0.4073334038257599,1,0,"{""A"": ""position"", ""B"": ""color"", ""C"": ""size"", ""D"": ""orientation""}",/mnt/tidalfs-hssh01/dataset/xiang/models/Qwen2.5-VL-7B-Instruct,42,not_empty,next_token
B_0006,B,STEP,ACD,0,-0.825939416885376,-0.575939416885376,0.43782350420951843,0.562176525592804,-0.8263157606124878,-0.5763157606124878,0.43782350420951843,1,0,"{""A"": ""position"", ""B"": ""color"", ""C"": ""size"", ""D"": ""orientation""}",/mnt/tidalfs-hssh01/dataset/xiang/models/Qwen2.5-VL-7B-Instruct,42,not_empty,next_token
B_0006,B,STEP,BCD,0,-0.8981232643127441,-0.5231232643127441,0.4073334038257599,0.5926665663719177,-0.898628830909729,-0.523628830909729,0.4073334038257599,1,0,"{""A"": ""position"", ""B"": ""color"", ""C"": ""size"", ""D"": ""orientation""}",/mnt/tidalfs-hssh01/dataset/xiang/models/Qwen2.5-VL-7B-Instruct,42,not_empty,next_token
B_0006,B,STEP,ABCD,0,-0.8981232643127441,-0.5231232643127441,0.4073334038257599,0.5926665663719177,-0.8984817862510681,-0.5234817862510681,0.4073334038257599,1,0,"{""A"": ""position"", ""B"": ""color"", ""C"": ""size"", ""D"": ""orientation""}",/mnt/tidalfs-hssh01/dataset/xiang/models/Qwen2.5-VL-7B-Instruct,42,not_empty,next_token
B_0014,B,STEP,EMPTY,1,-0.9740769863128662,-0.4740769863128662,0.3775406777858734,0.622459352016449,-0.9828988313674927,-0.4828988313674927,0.622459352016449,1,1,"{""A"": ""color"", ""B"": ""size"", ""C"": ""orientation"", ""D"": ""position""}",/mnt/tidalfs-hssh01/dataset/xiang/models/Qwen2.5-VL-7B-Instruct,42,text_only,next_token
B_0014,B,STEP,A,1,-0.825939416885376,-0.575939416885376,0.43782350420951843,0.562176525592804,-0.8269744515419006,-0.5769744515419006,0.562176525592804,1,1,"{""A"": ""color"", ""B"": ""size"", ""C"": ""orientation"", ""D"": ""position""}",/mnt/tidalfs-hssh01/dataset/xiang/models/Qwen2.5-VL-7B-Instruct,42,not_empty,next_token
B_0014,B,STEP,B,1,-0.9740769863128662,-0.4740769863128662,0.3775406777858734,0.622459352016449,-0.9750934839248657,-0.4750934839248657,0.622459352016449,1,1,"{""A"": ""color"", ""B"": ""size"", ""C"": ""orientation"", ""D"": ""position""}",/mnt/tidalfs-hssh01/dataset/xiang/models/Qwen2.5-VL-7B-Instruct,42,not_empty,next_token
B_0014,B,STEP,C,1,-1.1368709802627563,-0.38687101006507874,0.3208213150501251,0.6791786551475525,-1.1379870176315308,-0.3879869878292084,0.6791786551475525,1,1,"{""A"": ""color"", ""B"": ""size"", ""C"": ""orientation"", ""D"": ""position""}",/mnt/tidalfs-hssh01/dataset/xiang/models/Qwen2.5-VL-7B-Instruct,42,not_empty,next_token
B_0014,B,STEP,D,1,-0.8981232643127441,-0.5231232643127441,0.4073334038257599,0.5926665663719177,-0.8994076251983643,-0.5244076251983643,0.5926665663719177,1,1,"{""A"": ""color"", ""B"": ""size"", ""C"": ""orientation"", ""D"": ""position""}",/mnt/tidalfs-hssh01/dataset/xiang/models/Qwen2.5-VL-7B-Instruct,42,not_empty,next_token
B_0014,B,STEP,AB,1,-0.8981232643127441,-0.5231232643127441,0.4073334038257599,0.5926665663719177,-0.8985550403594971,-0.5235550403594971,0.5926665663719177,1,1,"{""A"": ""color"", ""B"": ""size"", ""C"": ""orientation"", ""D"": ""position""}",/mnt/tidalfs-hssh01/dataset/xiang/models/Qwen2.5-VL-7B-Instruct,42,not_empty,next_token
B_0014,B,STEP,AC,1,-0.8981232643127441,-0.5231232643127441,0.4073334038257599,0.5926665663719177,-0.8985245227813721,-0.5235245227813721,0.5926665663719177,1,1,"{""A"": ""color"", ""B"": ""size"", ""C"": ""orientation"", ""D"": ""position""}",/mnt/tidalfs-hssh01/dataset/xiang/models/Qwen2.5-VL-7B-Instruct,42,not_empty,next_token
B_0014,B,STEP,AD,1,-0.825939416885376,-0.575939416885376,0.43782350420951843,0.562176525592804,-0.8264421820640564,-0.5764421820640564,0.562176525592804,1,1,"{""A"": ""color"", ""B"": ""size"", ""C"": ""orientation"", ""D"": ""position""}",/mnt/tidalfs-hssh01/dataset/xiang/models/Qwen2.5-VL-7B-Instruct,42,not_empty,next_token
B_0014,B,STEP,BC,1,-1.0537006855010986,-0.42870065569877625,0.3486451208591461,0.6513548493385315,-1.0542337894439697,-0.4292337894439697,0.6513548493385315,1,1,"{""A"": ""color"", ""B"": ""size"", ""C"": ""orientation"", ""D"": ""position""}",/mnt/tidalfs-hssh01/dataset/xiang/models/Qwen2.5-VL-7B-Instruct,42,not_empty,next_token
B_0014,B,STEP,BD,1,-0.8981232643127441,-0.5231232643127441,0.4073334038257599,0.5926665663719177,-0.8987621068954468,-0.5237621068954468,0.5926665663719177,1,1,"{""A"": ""color"", ""B"": ""size"", ""C"": ""orientation"", ""D"": ""position""}",/mnt/tidalfs-hssh01/dataset/xiang/models/Qwen2.5-VL-7B-Instruct,42,not_empty,next_token
B_0014,B,STEP,CD,1,-1.1368709802627563,-0.38687101006507874,0.3208213150501251,0.6791786551475525,-1.137416958808899,-0.3874169886112213,0.6791786551475525,1,1,"{""A"": ""color"", ""B"": ""size"", ""C"": ""orientation"", ""D"": ""position""}",/mnt/tidalfs-hssh01/dataset/xiang/models/Qwen2.5-VL-7B-Instruct,42,not_empty,next_token
B_0014,B,STEP,ABC,1,-0.825939416885376,-0.575939416885376,0.43782350420951843,0.562176525592804,-0.8262410759925842,-0.5762410759925842,0.562176525592804,1,1,"{""A"": ""color"", ""B"": ""size"", ""C"": ""orientation"", ""D"": ""position""}",/mnt/tidalfs-hssh01/dataset/xiang/models/Qwen2.5-VL-7B-Instruct,42,not_empty,next_token
B_0014,B,STEP,ABD,1,-0.825939416885376,-0.575939416885376,0.43782350420951843,0.562176525592804,-0.8262583017349243,-0.5762583017349243,0.562176525592804,1,1,"{""A"": ""color"", ""B"": ""size"", ""C"": ""orientation"", ""D"": ""position""}",/mnt/tidalfs-hssh01/dataset/xiang/models/Qwen2.5-VL-7B-Instruct,42,not_empty,next_token
B_0014,B,STEP,ACD,1,-0.9740769863128662,-0.4740769863128662,0.3775406777858734,0.622459352016449,-0.9744516611099243,-0.4744516611099243,0.622459352016449,1,1,"{""A"": ""color"", ""B"": ""size"", ""C"": ""orientation"", ""D"": ""position""}",/mnt/tidalfs-hssh01/dataset/xiang/models/Qwen2.5-VL-7B-Instruct,42,not_empty,next_token
B_0014,B,STEP,BCD,1,-0.9740769863128662,-0.4740769863128662,0.3775406777858734,0.622459352016449,-0.9746048450469971,-0.47460487484931946,0.622459352016449,1,1,"{""A"": ""color"", ""B"": ""size"", ""C"": ""orientation"", ""D"": ""position""}",/mnt/tidalfs-hssh01/dataset/xiang/models/Qwen2.5-VL-7B-Instruct,42,not_empty,next_token
B_0014,B,STEP,ABCD,1,-0.9740769863128662,-0.4740769863128662,0.3775406777858734,0.622459352016449,-0.9743319153785706,-0.47433191537857056,0.622459352016449,1,1,"{""A"": ""color"", ""B"": ""size"", ""C"": ""orientation"", ""D"": ""position""}",/mnt/tidalfs-hssh01/dataset/xiang/models/Qwen2.5-VL-7B-Instruct,42,not_empty,next_token
B_0022,B,STEP,EMPTY,1,-0.825939416885376,-0.575939416885376,0.43782350420951843,0.562176525592804,-0.8349793553352356,-0.5849793553352356,0.562176525592804,1,1,"{""A"": ""size"", ""B"": ""orientation"", ""C"": ""position"", ""D"": ""color""}",/mnt/tidalfs-hssh01/dataset/xiang/models/Qwen2.5-VL-7B-Instruct,42,text_only,next_token
B_0022,B,STEP,A,1,-0.8981232643127441,-0.5231232643127441,0.4073334038257599,0.5926665663719177,-0.8990103006362915,-0.5240103006362915,0.5926665663719177,1,1,"{""A"": ""size"", ""B"": ""orientation"", ""C"": ""position"", ""D"": ""color""}",/mnt/tidalfs-hssh01/dataset/xiang/models/Qwen2.5-VL-7B-Instruct,42,not_empty,next_token
B_0022,B,STEP,B,1,-0.7575989961624146,-0.6325989961624146,0.4687906503677368,0.531209409236908,-0.7592000961303711,-0.6342000961303711,0.531209409236908,1,1,"{""A"": ""size"", ""B"": ""orientation"", ""C"": ""position"", ""D"": ""color""}",/mnt/tidalfs-hssh01/dataset/xiang/models/Qwen2.5-VL-7B-Instruct,42,not_empty,next_token
B_0022,B,STEP,C,1,-0.825939416885376,-0.575939416885376,0.43782350420951843,0.562176525592804,-0.8274153470993042,-0.5774153470993042,0.562176525592804,1,1,"{""A"": ""size"", ""B"": ""orientation"", ""C"": ""position"", ""D"": ""color""}",/mnt/tidalfs-hssh01/dataset/xiang/models/Qwen2.5-VL-7B-Instruct,42,not_empty,next_token
B_0022,B,STEP,D,1,-0.7575989961624146,-0.6325989961624146,0.4687906503677368,0.531209409236908,-0.7591000199317932,-0.6341000199317932,0.531209409236908,1,1,"{""A"": ""size"", ""B"": ""orientation"", ""C"": ""position"", ""D"": ""color""}",/mnt/tidalfs-hssh01/dataset/xiang/models/Qwen2.5-VL-7B-Instruct,42,not_empty,next_token
B_0022,B,STEP,AB,1,-0.6931471824645996,-0.6931471824645996,0.5,0.5,-0.6936583518981934,-0.6936583518981934,0.5,0,0,"{""A"": ""size"", ""B"": ""orientation"", ""C"": ""position"", ""D"": ""color""}",/mnt/tidalfs-hssh01/dataset/xiang/models/Qwen2.5-VL-7B-Instruct,42,not_empty,next_token
B_0022,B,STEP,AC,1,-0.8981232643127441,-0.5231232643127441,0.4073334038257599,0.5926665663719177,-0.8984248042106628,-0.5234248042106628,0.5926665663719177,1,1,"{""A"": ""size"", ""B"": ""orientation"", ""C"": ""position"", ""D"": ""color""}",/mnt/tidalfs-hssh01/dataset/xiang/models/Qwen2.5-VL-7B-Instruct,42,not_empty,next_token
B_0022,B,STEP,AD,1,-0.825939416885376,-0.575939416885376,0.43782350420951843,0.562176525592804,-0.826379120349884,-0.576379120349884,0.562176525592804,1,1,"{""A"": ""size"", ""B"": ""orientation"", ""C"": ""position"", ""D"": ""color""}",/mnt/tidalfs-hssh01/dataset/xiang/models/Qwen2.5-VL-7B-Instruct,42,not_empty,next_token
B_0022,B,STEP,BC,1,-0.7575989961624146,-0.6325989961624146,0.4687906503677368,0.531209409236908,-0.758453369140625,-0.633453369140625,0.531209409236908,1,1,"{""A"": ""size"", ""B"": ""orientation"", ""C"": ""position"", ""D"": ""color""}",/mnt/tidalfs-hssh01/dataset/xiang/models/Qwen2.5-VL-7B-Instruct,42,not_empty,next_token
B_0022,B,STEP,BD,1,-0.825939416885376,-0.575939416885376,0.43782350420951843,0.562176525592804,-0.8266938924789429,-0.5766938924789429,0.562176525592804,1,1,"{""A"": ""size"", ""B"": ""orientation"", ""C"": ""position"", ""D"": ""color""}",/mnt/tidalfs-hssh01/dataset/xiang/models/Qwen2.5-VL-7B-Instruct,42,not_empty,next_token
B_0022,B,STEP,CD,1,-0.825939416885376,-0.575939416885376,0.43782350420951843,0.562176525592804,-0.8266270160675049,-0.5766270160675049,0.562176525592804,1,1,"{""A"": ""size"", ""B"": ""orientation"", ""C"": ""position"", ""D"": ""color""}",/mnt/tidalfs-hssh01/dataset/xiang/models/Qwen2.5-VL-7B-Instruct,42,not_empty,next_token
B_0022,B,STEP,ABC,1,-0.825939416885376,-0.575939416885376,0.43782350420951843,0.562176525592804,-0.826226532459259,-0.576226532459259,0.562176525592804,1,1,"{""A"": ""size"", ""B"": ""orientation"", ""C"": ""position"", ""D"": ""color""}",/mnt/tidalfs-hssh01/dataset/xiang/models/Qwen2.5-VL-7B-Instruct,42,not_empty,next_token
B_0022,B,STEP,ABD,1,-0.6931471824645996,-0.6931471824645996,0.5,0.5,-0.6934718489646912,-0.6934718489646912,0.5,0,0,"{""A"": ""size"", ""B"": ""orientation"", ""C"": ""position"", ""D"": ""color""}",/mnt/tidalfs-hssh01/dataset/xiang/models/Qwen2.5-VL-7B-Instruct,42,not_empty,next_token
B_0022,B,STEP,ACD,1,-0.825939416885376,-0.575939416885376,0.43782350420951843,0.562176525592804,-0.826187014579773,-0.576187014579773,0.562176525592804,1,1,"{""A"": ""size"", ""B"": ""orientation"", ""C"": ""position"", ""D"": ""color""}",/mnt/tidalfs-hssh01/dataset/xiang/models/Qwen2.5-VL-7B-Instruct,42,not_empty,next_token
B_0022,B,STEP,BCD,1,-0.7575989961624146,-0.6325989961624146,0.4687906503677368,0.531209409236908,-0.7583614587783813,-0.6333614587783813,0.531209409236908,1,1,"{""A"": ""size"", ""B"": ""orientation"", ""C"": ""position"", ""D"": ""color""}",/mnt/tidalfs-hssh01/dataset/xiang/models/Qwen2.5-VL-7B-Instruct,42,not_empty,next_token
B_0022,B,STEP,ABCD,1,-0.825939416885376,-0.575939416885376,0.43782350420951843,0.562176525592804,-0.826227605342865,-0.576227605342865,0.562176525592804,1,1,"{""A"": ""size"", ""B"": ""orientation"", ""C"": ""position"", ""D"": ""color""}",/mnt/tidalfs-hssh01/dataset/xiang/models/Qwen2.5-VL-7B-Instruct,42,not_empty,next_token
B_0030,B,STEP,EMPTY,1,-0.8981232643127441,-0.5231232643127441,0.4073334038257599,0.5926665663719177,-0.9087707996368408,-0.5337707996368408,0.5926665663719177,1,1,"{""A"": ""orientation"", ""B"": ""position"", ""C"": ""color"", ""D"": ""size""}",/mnt/tidalfs-hssh01/dataset/xiang/models/Qwen2.5-VL-7B-Instruct,42,text_only,next_token
B_0030,B,STEP,A,1,-0.6931471824645996,-0.6931471824645996,0.5,0.5,-0.694259524345398,-0.694259524345398,0.5,0,0,"{""A"": ""orientation"", ""B"": ""position"", ""C"": ""color"", ""D"": ""size""}",/mnt/tidalfs-hssh01/dataset/xiang/models/Qwen2.5-VL-7B-Instruct,42,not_empty,next_token
B_0030,B,STEP,B,1,-0.825939416885376,-0.575939416885376,0.43782350420951843,0.562176525592804,-0.8270713090896606,-0.5770713090896606,0.562176525592804,1,1,"{""A"": ""orientation"", ""B"": ""position"", ""C"": ""color"", ""D"": ""size""}",/mnt/tidalfs-hssh01/dataset/xiang/models/Qwen2.5-VL-7B-Instruct,42,not_empty,next_token
B_0030,B,STEP,C,1,-0.8981232643127441,-0.5231232643127441,0.4073334038257599,0.5926665663719177,-0.8988602161407471,-0.5238602161407471,0.5926665663719177,1,1,"{""A"": ""orientation"", ""B"": ""position"", ""C"": ""color"", ""D"": ""size""}",/mnt/tidalfs-hssh01/dataset/xiang/models/Qwen2.5-VL-7B-Instruct,42,not_empty,next_token
B_0030,B,STEP,D,1,-0.8981232643127441,-0.5231232643127441,0.4073334038257599,0.5926665663719177,-0.8993092775344849,-0.5243092775344849,0.5926665663719177,1,1,"{""A"": ""orientation"", ""B"": ""position"", ""C"": ""color"", ""D"": ""size""}",/mnt/tidalfs-hssh01/dataset/xiang/models/Qwen2.5-VL-7B-Instruct,42,not_empty,next_token
B_0030,B,STEP,AB,1,-0.825939416885376,-0.575939416885376,0.43782350420951843,0.562176525592804,-0.8266562819480896,-0.5766562819480896,0.562176525592804,1,1,"{""A"": ""orientation"", ""B"": ""position"", ""C"": ""color"", ""D"": ""size""}",/mnt/tidalfs-hssh01/dataset/xiang/models/Qwen2.5-VL-7B-Instruct,42,not_empty,next_token
B_0030,B,STEP,AC,1,-0.825939416885376,-0.575939416885376,0.43782350420951843,0.562176525592804,-0.8264391422271729,-0.5764391422271729,0.562176525592804,1,1,"{""A"": ""orientation"", ""B"": ""position"", ""C"": ""color"", ""D"": ""size""}",/mnt/tidalfs-hssh01/dataset/xiang/models/Qwen2.5-VL-7B-Instruct,42,not_empty,next_token
B_0030,B,STEP,AD,1,-0.7575989961624146,-0.6325989961624146,0.4687906503677368,0.531209409236908,-0.7581385970115662,-0.6331385970115662,0.531209409236908,1,1,"{""A"": ""orientation"", ""B"": ""position"", ""C"": ""color"", ""D"": ""size""}",/mnt/tidalfs-hssh01/dataset/xiang/models/Qwen2.5-VL-7B-Instruct,42,not_empty,next_token
B_0030,B,STEP,BC,1,-0.8981232643127441,-0.5231232643127441,0.4073334038257599,0.5926665663719177,-0.8985655307769775,-0.5235655307769775,0.5926665663719177,1,1,"{""A"": ""orientation"", ""B"": ""position"", ""C"": ""color"", ""D"": ""size""}",/mnt/tidalfs-hssh01/dataset/xiang/models/Qwen2.5-VL-7B-Instruct,42,not_empty,next_token
B_0030,B,STEP,BD,1,-0.7575989961624146,-0.6325989961624146,0.4687906503677368,0.531209409236908,-0.7579213976860046,-0.6329213976860046,0.531209409236908,1,1,"{""A"": ""orientation"", ""B"": ""position"", ""C"": ""color"", ""D"": ""size""}",/mnt/tidalfs-hssh01/dataset/xiang/models/Qwen2.5-VL-7B-Instruct,42,not_empty,next_token
B_0030,B,STEP,CD,1,-0.825939416885376,-0.575939416885376,0.43782350420951843,0.562176525592804,-0.8262506127357483,-0.5762506127357483,0.562176525592804,1,1,"{""A"": ""orientation"", ""B"": ""position"", ""C"": ""color"", ""D"": ""size""}",/mnt/tidalfs-hssh01/dataset/xiang/models/Qwen2.5-VL-7B-Instruct,42,not_empty,next_token
B_0030,B,STEP,ABC,1,-0.825939416885376,-0.575939416885376,0.43782350420951843,0.562176525592804,-0.8263602256774902,-0.5763602256774902,0.562176525592804,1,1,"{""A"": ""orientation"", ""B"": ""position"", ""C"": ""color"", ""D"": ""size""}",/mnt/tidalfs-hssh01/dataset/xiang/models/Qwen2.5-VL-7B-Instruct,42,not_empty,next_token
B_0030,B,STEP,ABD,1,-0.7575989961624146,-0.6325989961624146,0.4687906503677368,0.531209409236908,-0.7578725218772888,-0.6328725218772888,0.531209409236908,1,1,"{""A"": ""orientation"", ""B"": ""position"", ""C"": ""color"", ""D"": ""size""}",/mnt/tidalfs-hssh01/dataset/xiang/models/Qwen2.5-VL-7B-Instruct,42,not_empty,next_token
B_0030,B,STEP,ACD,1,-0.8981232643127441,-0.5231232643127441,0.4073334038257599,0.5926665663719177,-0.8983548283576965,-0.5233548283576965,0.5926665663719177,1,1,"{""A"": ""orientation"", ""B"": ""position"", ""C"": ""color"", ""D"": ""size""}",/mnt/tidalfs-hssh01/dataset/xiang/models/Qwen2.5-VL-7B-Instruct,42,not_empty,next_token
B_0030,B,STEP,BCD,1,-0.825939416885376,-0.575939416885376,0.43782350420951843,0.562176525592804,-0.8261817097663879,-0.5761817097663879,0.562176525592804,1,1,"{""A"": ""orientation"", ""B"": ""position"", ""C"": ""color"", ""D"": ""size""}",/mnt/tidalfs-hssh01/dataset/xiang/models/Qwen2.5-VL-7B-Instruct,42,not_empty,next_token
B_0030,B,STEP,ABCD,1,-0.8981232643127441,-0.5231232643127441,0.4073334038257599,0.5926665663719177,-0.8983914852142334,-0.5233914852142334,0.5926665663719177,1,1,"{""A"": ""orientation"", ""B"": ""position"", ""C"": ""color"", ""D"": ""size""}",/mnt/tidalfs-hssh01/dataset/xiang/models/Qwen2.5-VL-7B-Instruct,42,not_empty,next_token
B_0038,B,STEP,EMPTY,1,-0.8981232643127441,-0.5231232643127441,0.4073334038257599,0.5926665663719177,-0.9199725389480591,-0.5449725389480591,0.5926665663719177,1,1,"{""A"": ""position"", ""B"": ""color"", ""C"": ""size"", ""D"": ""orientation""}",/mnt/tidalfs-hssh01/dataset/xiang/models/Qwen2.5-VL-7B-Instruct,42,text_only,next_token
B_0038,B,STEP,A,1,-0.825939416885376,-0.575939416885376,0.43782350420951843,0.562176525592804,-0.828015148639679,-0.578015148639679,0.562176525592804,1,1,"{""A"": ""position"", ""B"": ""color"", ""C"": ""size"", ""D"": ""orientation""}",/mnt/tidalfs-hssh01/dataset/xiang/models/Qwen2.5-VL-7B-Instruct,42,not_empty,next_token
B_0038,B,STEP,B,1,-0.9740769863128662,-0.4740769863128662,0.3775406777858734,0.622459352016449,-0.975214958190918,-0.47521498799324036,0.622459352016449,1,1,"{""A"": ""position"", ""B"": ""color"", ""C"": ""size"", ""D"": ""orientation""}",/mnt/tidalfs-hssh01/dataset/xiang/models/Qwen2.5-VL-7B-Instruct,42,not_empty,next_token
B_0038,B,STEP,C,1,-0.825939416885376,-0.575939416885376,0.43782350420951843,0.562176525592804,-0.8287182450294495,-0.5787182450294495,0.562176525592804,1,1,"{""A"": ""position"", ""B"": ""color"", ""C"": ""size"", ""D"": ""orientation""}",/mnt/tidalfs-hssh01/dataset/xiang/models/Qwen2.5-VL-7B-Instruct,42,not_empty,next_token
B_0038,B,STEP,D,1,-0.9740769863128662,-0.4740769863128662,0.3775406777858734,0.622459352016449,-0.976794958114624,-0.4767949879169464,0.622459352016449,1,1,"{""A"": ""position"", ""B"": ""color"", ""C"": ""size"", ""D"": ""orientation""}",/mnt/tidalfs-hssh01/dataset/xiang/models/Qwen2.5-VL-7B-Instruct,42,not_empty,next_token
B_0038,B,STEP,AB,1,-0.8981232643127441,-0.5231232643127441,0.4073334038257599,0.5926665663719177,-0.8987821936607361,-0.5237821936607361,0.5926665663719177,1,1,"{""A"": ""position"", ""B"": ""color"", ""C"": ""size"", ""D"": ""orientation""}",/mnt/tidalfs-hssh01/dataset/xiang/models/Qwen2.5-VL-7B-Instruct,42,not_empty,next_token
B_0038,B,STEP,AC,1,-0.8981232643127441,-0.5231232643127441,0.4073334038257599,0.5926665663719177,-0.898501455783844,-0.523501455783844,0.5926665663719177,1,1,"{""A"": ""position"", ""B"": ""color"", ""C"": ""size"", ""D"": ""orientation""}",/mnt/tidalfs-hssh01/dataset/xiang/models/Qwen2.5-VL-7B-Instruct,42,not_empty,next_token
B_0038,B,STEP,AD,1,-0.825939416885376,-0.575939416885376,0.43782350420951843,0.562176525592804,-0.8268888592720032,-0.5768888592720032,0.562176525592804,1,1,"{""A"": ""position"", ""B"": ""color"", ""C"": ""size"", ""D"": ""orientation""}",/mnt/tidalfs-hssh01/dataset/xiang/models/Qwen2.5-VL-7B-Instruct,42,not_empty,next_token
B_0038,B,STEP,BC,1,-0.8981232643127441,-0.5231232643127441,0.4073334038257599,0.5926665663719177,-0.898754358291626,-0.523754358291626,0.5926665663719177,1,1,"{""A"": ""position"", ""B"": ""color"", ""C"": ""size"", ""D"": ""orientation""}",/mnt/tidalfs-hssh01/dataset/xiang/models/Qwen2.5-VL-7B-Instruct,42,not_empty,next_token
B_0038,B,STEP,BD,1,-0.8981232643127441,-0.5231232643127441,0.4073334038257599,0.5926665663719177,-0.8989238739013672,-0.5239238739013672,0.5926665663719177,1,1,"{""A"": ""position"", ""B"": ""color"", ""C"": ""size"", ""D"": ""orientation""}",/mnt/tidalfs-hssh01/dataset/xiang/models/Qwen2.5-VL-7B-Instruct,42,not_empty,next_token
B_0038,B,STEP,CD,1,-0.825939416885376,-0.575939416885376,0.43782350420951843,0.562176525592804,-0.8269920349121094,-0.5769920349121094,0.562176525592804,1,1,"{""A"": ""position"", ""B"": ""color"", ""C"": ""size"", ""D"": ""orientation""}",/mnt/tidalfs-hssh01/dataset/xiang/models/Qwen2.5-VL-7B-Instruct,42,not_empty,next_token
B_0038,B,STEP,ABC,1,-0.825939416885376,-0.575939416885376,0.43782350420951843,0.562176525592804,-0.8262948393821716,-0.5762948393821716,0.562176525592804,1,1,"{""A"": ""position"", ""B"": ""color"", ""C"": ""size"", ""D"": ""orientation""}",/mnt/tidalfs-hssh01/dataset/xiang/models/Qwen2.5-VL-7B-Instruct,42,not_empty,next_token
B_0038,B,STEP,ABD,1,-0.9740769863128662,-0.4740769863128662,0.3775406777858734,0.622459352016449,-0.9745184183120728,-0.47451841831207275,0.622459352016449,1,1,"{""A"": ""position"", ""B"": ""color"", ""C"": ""size"", ""D"": ""orientation""}",/mnt/tidalfs-hssh01/dataset/xiang/models/Qwen2.5-VL-7B-Instruct,42,not_empty,next_token
B_0038,B,STEP,ACD,1,-0.8981232643127441,-0.5231232643127441,0.4073334038257599,0.5926665663719177,-0.8984992504119873,-0.5234992504119873,0.5926665663719177,1,1,"{""A"": ""position"", ""B"": ""color"", ""C"": ""size"", ""D"": ""orientation""}",/mnt/tidalfs-hssh01/dataset/xiang/models/Qwen2.5-VL-7B-Instruct,42,not_empty,next_token
B_0038,B,STEP,BCD,1,-0.8981232643127441,-0.5231232643127441,0.4073334038257599,0.5926665663719177,-0.8985793590545654,-0.5235793590545654,0.5926665663719177,1,1,"{""A"": ""position"", ""B"": ""color"", ""C"": ""size"", ""D"": ""orientation""}",/mnt/tidalfs-hssh01/dataset/xiang/models/Qwen2.5-VL-7B-Instruct,42,not_empty,next_token
B_0038,B,STEP,ABCD,1,-0.9740769863128662,-0.4740769863128662,0.3775406777858734,0.622459352016449,-0.9744716882705688,-0.47447168827056885,0.622459352016449,1,1,"{""A"": ""position"", ""B"": ""color"", ""C"": ""size"", ""D"": ""orientation""}",/mnt/tidalfs-hssh01/dataset/xiang/models/Qwen2.5-VL-7B-Instruct,42,not_empty,next_token
B_0046,B,STEP,EMPTY,0,-0.9740769863128662,-0.4740769863128662,0.3775406777858734,0.622459352016449,-0.9828988313674927,-0.4828988313674927,0.3775406777858734,1,0,"{""A"": ""color"", ""B"": ""size"", ""C"": ""orientation"", ""D"": ""position""}",/mnt/tidalfs-hssh01/dataset/xiang/models/Qwen2.5-VL-7B-Instruct,42,text_only,next_token
B_0046,B,STEP,A,0,-0.825939416885376,-0.575939416885376,0.43782350420951843,0.562176525592804,-0.8269744515419006,-0.5769744515419006,0.43782350420951843,1,0,"{""A"": ""color"", ""B"": ""size"", ""C"": ""orientation"", ""D"": ""position""}",/mnt/tidalfs-hssh01/dataset/xiang/models/Qwen2.5-VL-7B-Instruct,42,not_empty,next_token
B_0046,B,STEP,B,0,-1.0537006855010986,-0.42870065569877625,0.3486451208591461,0.6513548493385315,-1.0547888278961182,-0.4297887682914734,0.3486451208591461,1,0,"{""A"": ""color"", ""B"": ""size"", ""C"": ""orientation"", ""D"": ""position""}",/mnt/tidalfs-hssh01/dataset/xiang/models/Qwen2.5-VL-7B-Instruct,42,not_empty,next_token
B_0046,B,STEP,C,0,-1.1368709802627563,-0.38687101006507874,0.3208213150501251,0.6791786551475525,-1.1379870176315308,-0.3879869878292084,0.3208213150501251,1,0,"{""A"": ""color"", ""B"": ""size"", ""C"": ""orientation"", ""D"": ""position""}",/mnt/tidalfs-hssh01/dataset/xiang/models/Qwen2.5-VL-7B-Instruct,42,not_empty,next_token
B_0046,B,STEP,D,0,-0.9740769863128662,-0.4740769863128662,0.3775406777858734,0.622459352016449,-0.9757544994354248,-0.4757544994354248,0.3775406777858734,1,0,"{""A"": ""color"", ""B"": ""size"", ""C"": ""orientation"", ""D"": ""position""}",/mnt/tidalfs-hssh01/dataset/xiang/models/Qwen2.5-VL-7B-Instruct,42,not_empty,next_token
B_0046,B,STEP,AB,0,-0.7575989961624146,-0.6325989961624146,0.4687906503677368,0.531209409236908,-0.7579630017280579,-0.6329630017280579,0.4687906503677368,1,0,"{""A"": ""color"", ""B"": ""size"", ""C"": ""orientation"", ""D"": ""position""}",/mnt/tidalfs-hssh01/dataset/xiang/models/Qwen2.5-VL-7B-Instruct,42,not_empty,next_token
B_0046,B,STEP,AC,0,-0.8981232643127441,-0.5231232643127441,0.4073334038257599,0.5926665663719177,-0.8985245227813721,-0.5235245227813721,0.4073334038257599,1,0,"{""A"": ""color"", ""B"": ""size"", ""C"": ""orientation"", ""D"": ""position""}",/mnt/tidalfs-hssh01/dataset/xiang/models/Qwen2.5-VL-7B-Instruct,42,not_empty,next_token
B_0046,B,STEP,AD,0,-0.7575989961624146,-0.6325989961624146,0.4687906503677368,0.531209409236908,-0.7581004500389099,-0.6331004500389099,0.4687906503677368,1,0,"{""A"": ""color"", ""B"": ""size"", ""C"": ""orientation"", ""D"": ""position""}",/mnt/tidalfs-hssh01/dataset/xiang/models/Qwen2.5-VL-7B-Instruct,42,not_empty,next_token
B_0046,B,STEP,BC,0,-0.9740769863128662,-0.4740769863128662,0.3775406777858734,0.622459352016449,-0.9748711585998535,-0.4748711585998535,0.3775406777858734,1,0,"{""A"": ""color"", ""B"": ""size"", ""C"": ""orientation"", ""D"": ""position""}",/mnt/tidalfs-hssh01/dataset/xiang/models/Qwen2.5-VL-7B-Instruct,42,not_empty,next_token
B_0046,B,STEP,BD,0,-0.8981232643127441,-0.5231232643127441,0.4073334038257599,0.5926665663719177,-0.8988582491874695,-0.5238582491874695,0.4073334038257599,1,0,"{""A"": ""color"", ""B"": ""size"", ""C"": ""orientation"", ""D"": ""position""}",/mnt/tidalfs-hssh01/dataset/xiang/models/Qwen2.5-VL-7B-Instruct,42,not_empty,next_token
B_0046,B,STEP,CD,0,-1.053700566291809,-0.42870065569877625,0.3486451506614685,0.6513548493385315,-1.0543367862701416,-0.4293368458747864,0.3486451506614685,1,0,"{""A"": ""color"", ""B"": ""size"", ""C"": ""orientation"", ""D"": ""position""}",/mnt/tidalfs-hssh01/dataset/xiang/models/Qwen2.5-VL-7B-Instruct,42,not_empty,next_token
B_0046,B,STEP,ABC,0,-0.825939416885376,-0.575939416885376,0.43782350420951843,0.562176525592804,-0.8262902498245239,-0.5762902498245239,0.43782350420951843,1,0,"{""A"": ""color"", ""B"": ""size"", ""C"": ""orientation"", ""D"": ""position""}",/mnt/tidalfs-hssh01/dataset/xiang/models/Qwen2.5-VL-7B-Instruct,42,not_empty,next_token
B_0046,B,STEP,ABD,0,-0.825939416885376,-0.575939416885376,0.43782350420951843,0.562176525592804,-0.8262637853622437,-0.5762637853622437,0.43782350420951843,1,0,"{""A"": ""color"", ""B"": ""size"", ""C"": ""orientation"", ""D"": ""position""}",/mnt/tidalfs-hssh01/dataset/xiang/models/Qwen2.5-VL-7B-Instruct,42,not_empty,next_token
B_0046,B,STEP,ACD,0,-0.9740769863128662,-0.4740769863128662,0.3775406777858734,0.622459352016449,-0.9743662476539612,-0.4743662476539612,0.3775406777858734,1,0,"{""A"": ""color"", ""B"": ""size"", ""C"": ""orientation"", ""D"": ""position""}",/mnt/tidalfs-hssh01/dataset/xiang/models/Qwen2.5-VL-7B-Instruct,42,not_empty,next_token
B_0046,B,STEP,BCD,0,-1.0537006855010986,-0.42870065569877625,0.3486451208591461,0.6513548493385315,-1.0542848110198975,-0.4292847812175751,0.3486451208591461,1,0,"{""A"": ""color"", ""B"": ""size"", ""C"": ""orientation"", ""D"": ""position""}",/mnt/tidalfs-hssh01/dataset/xiang/models/Qwen2.5-VL-7B-Instruct,42,not_empty,next_token
B_0046,B,STEP,ABCD,0,-0.8981232643127441,-0.5231232643127441,0.4073334038257599,0.5926665663719177,-0.8984046578407288,-0.5234046578407288,0.4073334038257599,1,0,"{""A"": ""color"", ""B"": ""size"", ""C"": ""orientation"", ""D"": ""position""}",/mnt/tidalfs-hssh01/dataset/xiang/models/Qwen2.5-VL-7B-Instruct,42,not_empty,next_token
B_0054,B,STEP,EMPTY,1,-0.825939416885376,-0.575939416885376,0.43782350420951843,0.562176525592804,-0.8349793553352356,-0.5849793553352356,0.562176525592804,1,1,"{""A"": ""size"", ""B"": ""orientation"", ""C"": ""position"", ""D"": ""color""}",/mnt/tidalfs-hssh01/dataset/xiang/models/Qwen2.5-VL-7B-Instruct,42,text_only,next_token
B_0054,B,STEP,A,1,-0.8981232643127441,-0.5231232643127441,0.4073334038257599,0.5926665663719177,-0.8990103006362915,-0.5240103006362915,0.5926665663719177,1,1,"{""A"": ""size"", ""B"": ""orientation"", ""C"": ""position"", ""D"": ""color""}",/mnt/tidalfs-hssh01/dataset/xiang/models/Qwen2.5-VL-7B-Instruct,42,not_empty,next_token
B_0054,B,STEP,B,1,-0.7575989961624146,-0.6325989961624146,0.4687906503677368,0.531209409236908,-0.7592000961303711,-0.6342000961303711,0.531209409236908,1,1,"{""A"": ""size"", ""B"": ""orientation"", ""C"": ""position"", ""D"": ""color""}",/mnt/tidalfs-hssh01/dataset/xiang/models/Qwen2.5-VL-7B-Instruct,42,not_empty,next_token
B_0054,B,STEP,C,1,-0.7575989961624146,-0.6325989961624146,0.4687906503677368,0.531209409236908,-0.759021520614624,-0.634021520614624,0.531209409236908,1,1,"{""A"": ""size"", ""B"": ""orientation"", ""C"": ""position"", ""D"": ""color""}",/mnt/tidalfs-hssh01/dataset/xiang/models/Qwen2.5-VL-7B-Instruct,42,not_empty,next_token
B_0054,B,STEP,D,1,-0.825939416885376,-0.575939416885376,0.43782350420951843,0.562176525592804,-0.8275613784790039,-0.5775613784790039,0.562176525592804,1,1,"{""A"": ""size"", ""B"": ""orientation"", ""C"": ""position"", ""D"": ""color""}",/mnt/tidalfs-hssh01/dataset/xiang/models/Qwen2.5-VL-7B-Instruct,42,not_empty,next_token
B_0054,B,STEP,AB,1,-0.6931471824645996,-0.6931471824645996,0.5,0.5,-0.6936583518981934,-0.6936583518981934,0.5,0,0,"{""A"": ""size"", ""B"": ""orientation"", ""C"": ""position"", ""D"": ""color""}",/mnt/tidalfs-hssh01/dataset/xiang/models/Qwen2.5-VL-7B-Instruct,42,not_empty,next_token
B_0054,B,STEP,AC,1,-0.8981232643127441,-0.5231232643127441,0.4073334038257599,0.5926665663719177,-0.8984575271606445,-0.5234575271606445,0.5926665663719177,1,1,"{""A"": ""size"", ""B"": ""orientation"", ""C"": ""position"", ""D"": ""color""}",/mnt/tidalfs-hssh01/dataset/xiang/models/Qwen2.5-VL-7B-Instruct,42,not_empty,next_token
B_0054,B,STEP,AD,1,-0.8981232643127441,-0.5231232643127441,0.4073334038257599,0.5926665663719177,-0.89857017993927,-0.52357017993927,0.5926665663719177,1,1,"{""A"": ""size"", ""B"": ""orientation"", ""C"": ""position"", ""D"": ""color""}",/mnt/tidalfs-hssh01/dataset/xiang/models/Qwen2.5-VL-7B-Instruct,42,not_empty,next_token
B_0054,B,STEP,BC,1,-0.7575989961624146,-0.6325989961624146,0.4687906503677368,0.531209409236908,-0.758733332157135,-0.633733332157135,0.531209409236908,1,1,"{""A"": ""size"", ""B"": ""orientation"", ""C"": ""position"", ""D"": ""color""}",/mnt/tidalfs-hssh01/dataset/xiang/models/Qwen2.5-VL-7B-Instruct,42,not_empty,next_token
B_0054,B,STEP,BD,1,-0.825939416885376,-0.575939416885376,0.43782350420951843,0.562176525592804,-0.8267309665679932,-0.5767309665679932,0.562176525592804,1,1,"{""A"": ""size"", ""B"": ""orientation"", ""C"": ""position"", ""D"": ""color""}",/mnt/tidalfs-hssh01/dataset/xiang/models/Qwen2.5-VL-7B-Instruct,42,not_empty,next_token
B_0054,B,STEP,CD,1,-0.7575989961624146,-0.6325989961624146,0.4687906503677368,0.531209409236908,-0.7582088708877563,-0.6332088708877563,0.531209409236908,1,1,"{""A"": ""size"", ""B"": ""orientation"", ""C"": ""position"", ""D"": ""color""}",/mnt/tidalfs-hssh01/dataset/xiang/models/Qwen2.5-VL-7B-Instruct,42,not_empty,next_token
B_0054,B,STEP,ABC,1,-0.7575989961624146,-0.6325989961624146,0.4687906503677368,0.531209409236908,-0.7579650282859802,-0.6329650282859802,0.531209409236908,1,1,"{""A"": ""size"", ""B"": ""orientation"", ""C"": ""position"", ""D"": ""color""}",/mnt/tidalfs-hssh01/dataset/xiang/models/Qwen2.5-VL-7B-Instruct,42,not_empty,next_token
B_0054,B,STEP,ABD,1,-0.6931471824645996,-0.6931471824645996,0.5,0.5,-0.6934807896614075,-0.6934807896614075,0.5,0,0,"{""A"": ""size"", ""B"": ""orientation"", ""C"": ""position"", ""D"": ""color""}",/mnt/tidalfs-hssh01/dataset/xiang/models/Qwen2.5-VL-7B-Instruct,42,not_empty,next_token
B_0054,B,STEP,ACD,1,-0.8981232643127441,-0.5231232643127441,0.4073334038257599,0.5926665663719177,-0.898326575756073,-0.523326575756073,0.5926665663719177,1,1,"{""A"": ""size"", ""B"": ""orientation"", ""C"": ""position"", ""D"": ""color""}",/mnt/tidalfs-hssh01/dataset/xiang/models/Qwen2.5-VL-7B-Instruct,42,not_empty,next_token
B_0054,B,STEP,BCD,1,-0.825939416885376,-0.575939416885376,0.43782350420951843,0.562176525592804,-0.8266131281852722,-0.5766131281852722,0.562176525592804,1,1,"{""A"": ""size"", ""B"": ""orientation"", ""C"": ""position"", ""D"": ""color""}",/mnt/tidalfs-hssh01/dataset/xiang/models/Qwen2.5-VL-7B-Instruct,42,not_empty,next_token
B_0054,B,STEP,ABCD,1,-0.825939416885376,-0.575939416885376,0.43782350420951843,0.562176525592804,-0.8263126015663147,-0.5763126015663147,0.562176525592804,1,1,"{""A"": ""size"", ""B"": ""orientation"", ""C"": ""position"", ""D"": ""color""}",/mnt/tidalfs-hssh01/dataset/xiang/models/Qwen2.5-VL-7B-Instruct,42,not_empty,next_token
B_0062,B,STEP,EMPTY,0,-0.8981232643127441,-0.5231232643127441,0.4073334038257599,0.5926665663719177,-0.9087707996368408,-0.5337707996368408,0.4073334038257599,1,0,"{""A"": ""orientation"", ""B"": ""position"", ""C"": ""color"", ""D"": ""size""}",/mnt/tidalfs-hssh01/dataset/xiang/models/Qwen2.5-VL-7B-Instruct,42,text_only,next_token
B_0062,B,STEP,A,0,-0.825939416885376,-0.575939416885376,0.43782350420951843,0.562176525592804,-0.8267313241958618,-0.5767313241958618,0.43782350420951843,1,0,"{""A"": ""orientation"", ""B"": ""position"", ""C"": ""color"", ""D"": ""size""}",/mnt/tidalfs-hssh01/dataset/xiang/models/Qwen2.5-VL-7B-Instruct,42,not_empty,next_token
B_0062,B,STEP,B,0,-0.825939416885376,-0.575939416885376,0.43782350420951843,0.562176525592804,-0.8270713090896606,-0.5770713090896606,0.43782350420951843,1,0,"{""A"": ""orientation"", ""B"": ""position"", ""C"": ""color"", ""D"": ""size""}",/mnt/tidalfs-hssh01/dataset/xiang/models/Qwen2.5-VL-7B-Instruct,42,not_empty,next_token
B_0062,B,STEP,C,0,-0.8981232643127441,-0.5231232643127441,0.4073334038257599,0.5926665663719177,-0.8988602161407471,-0.5238602161407471,0.4073334038257599,1,0,"{""A"": ""orientation"", ""B"": ""position"", ""C"": ""color"", ""D"": ""size""}",/mnt/tidalfs-hssh01/dataset/xiang/models/Qwen2.5-VL-7B-Instruct,42,not_empty,next_token
B_0062,B,STEP,D,0,-0.8981232643127441,-0.5231232643127441,0.4073334038257599,0.5926665663719177,-0.8992534875869751,-0.5242534875869751,0.4073334038257599,1,0,"{""A"": ""orientation"", ""B"": ""position"", ""C"": ""color"", ""D"": ""size""}",/mnt/tidalfs-hssh01/dataset/xiang/models/Qwen2.5-VL-7B-Instruct,42,not_empty,next_token
B_0062,B,STEP,AB,0,-0.8981232643127441,-0.5231232643127441,0.4073334038257599,0.5926665663719177,-0.898700475692749,-0.523700475692749,0.4073334038257599,1,0,"{""A"": ""orientation"", ""B"": ""position"", ""C"": ""color"", ""D"": ""size""}",/mnt/tidalfs-hssh01/dataset/xiang/models/Qwen2.5-VL-7B-Instruct,42,not_empty,next_token
B_0062,B,STEP,AC,0,-0.9740769863128662,-0.4740769863128662,0.3775406777858734,0.622459352016449,-0.9745405912399292,-0.4745405912399292,0.3775406777858734,1,0,"{""A"": ""orientation"", ""B"": ""position"", ""C"": ""color"", ""D"": ""size""}",/mnt/tidalfs-hssh01/dataset/xiang/models/Qwen2.5-VL-7B-Instruct,42,not_empty,next_token
B_0062,B,STEP,AD,0,-0.8981232643127441,-0.5231232643127441,0.4073334038257599,0.5926665663719177,-0.8986555337905884,-0.5236555337905884,0.4073334038257599,1,0,"{""A"": ""orientation"", ""B"": ""position"", ""C"": ""color"", ""D"": ""size""}",/mnt/tidalfs-hssh01/dataset/xiang/models/Qwen2.5-VL-7B-Instruct,42,not_empty,next_token
B_0062,B,STEP,BC,0,-0.8981232643127441,-0.5231232643127441,0.4073334038257599,0.5926665663719177,-0.8985655307769775,-0.5235655307769775,0.4073334038257599,1,0,"{""A"": ""orientation"", ""B"": ""position"", ""C"": ""color"", ""D"": ""size""}",/mnt/tidalfs-hssh01/dataset/xiang/models/Qwen2.5-VL-7B-Instruct,42,not_empty,next_token
B_0062,B,STEP,BD,0,-0.8981232643127441,-0.5231232643127441,0.4073334038257599,0.5926665663719177,-0.8985228538513184,-0.5235228538513184,0.4073334038257599,1,0,"{""A"": ""orientation"", ""B"": ""position"", ""C"": ""color"", ""D"": ""size""}",/mnt/tidalfs-hssh01/dataset/xiang/models/Qwen2.5-VL-7B-Instruct,42,not_empty,next_token
B_0062,B,STEP,CD,0,-0.8981232643127441,-0.5231232643127441,0.4073334038257599,0.5926665663719177,-0.8984227776527405,-0.5234227776527405,0.4073334038257599,1,0,"{""A"": ""orientation"", ""B"": ""position"", ""C"": ""color"", ""D"": ""size""}",/mnt/tidalfs-hssh01/dataset/xiang/models/Qwen2.5-VL-7B-Instruct,42,not_empty,next_token
B_0062,B,STEP,ABC,0,-0.8981232643127441,-0.5231232643127441,0.4073334038257599,0.5926665663719177,-0.8985378742218018,-0.5235378742218018,0.4073334038257599,1,0,"{""A"": ""orientation"", ""B"": ""position"", ""C"": ""color"", ""D"": ""size""}",/mnt/tidalfs-hssh01/dataset/xiang/models/Qwen2.5-VL-7B-Instruct,42,not_empty,next_token
B_0062,B,STEP,ABD,0,-0.8981232643127441,-0.5231232643127441,0.4073334038257599,0.5926665663719177,-0.8984688520431519,-0.5234688520431519,0.4073334038257599,1,0,"{""A"": ""orientation"", ""B"": ""position"", ""C"": ""color"", ""D"": ""size""}",/mnt/tidalfs-hssh01/dataset/xiang/models/Qwen2.5-VL-7B-Instruct,42,not_empty,next_token
B_0062,B,STEP,ACD,0,-0.8981232643127441,-0.5231232643127441,0.4073334038257599,0.5926665663719177,-0.8983901739120483,-0.5233901739120483,0.4073334038257599,1,0,"{""A"": ""orientation"", ""B"": ""position"", ""C"": ""color"", ""D"": ""size""}",/mnt/tidalfs-hssh01/dataset/xiang/models/Qwen2.5-VL-7B-Instruct,42,not_empty,next_token
B_0062,B,STEP,BCD,0,-0.8981232643127441,-0.5231232643127441,0.4073334038257599,0.5926665663719177,-0.8984308838844299,-0.5234308838844299,0.4073334038257599,1,0,"{""A"": ""orientation"", ""B"": ""position"", ""C"": ""color"", ""D"": ""size""}",/mnt/tidalfs-hssh01/dataset/xiang/models/Qwen2.5-VL-7B-Instruct,42,not_empty,next_token
B_0062,B,STEP,ABCD,0,-0.9740769863128662,-0.4740769863128662,0.3775406777858734,0.622459352016449,-0.9743853211402893,-0.4743853211402893,0.3775406777858734,1,0,"{""A"": ""orientation"", ""B"": ""position"", ""C"": ""color"", ""D"": ""size""}",/mnt/tidalfs-hssh01/dataset/xiang/models/Qwen2.5-VL-7B-Instruct,42,not_empty,next_token
B_0070,B,STEP,EMPTY,1,-0.8981232643127441,-0.5231232643127441,0.4073334038257599,0.5926665663719177,-0.9199725389480591,-0.5449725389480591,0.5926665663719177,1,1,"{""A"": ""position"", ""B"": ""color"", ""C"": ""size"", ""D"": ""orientation""}",/mnt/tidalfs-hssh01/dataset/xiang/models/Qwen2.5-VL-7B-Instruct,42,text_only,next_token
B_0070,B,STEP,A,1,-0.7575989961624146,-0.6325989961624146,0.4687906503677368,0.531209409236908,-0.7590900659561157,-0.6340900659561157,0.531209409236908,1,1,"{""A"": ""position"", ""B"": ""color"", ""C"": ""size"", ""D"": ""orientation""}",/mnt/tidalfs-hssh01/dataset/xiang/models/Qwen2.5-VL-7B-Instruct,42,not_empty,next_token
B_0070,B,STEP,B,1,-0.9740769863128662,-0.4740769863128662,0.3775406777858734,0.622459352016449,-0.9755319356918335,-0.4755319356918335,0.622459352016449,1,1,"{""A"": ""position"", ""B"": ""color"", ""C"": ""size"", ""D"": ""orientation""}",/mnt/tidalfs-hssh01/dataset/xiang/models/Qwen2.5-VL-7B-Instruct,42,not_empty,next_token
B_0070,B,STEP,C,1,-0.9740769863128662,-0.4740769863128662,0.3775406777858734,0.622459352016449,-0.975752592086792,-0.475752592086792,0.622459352016449,1,1,"{""A"": ""position"", ""B"": ""color"", ""C"": ""size"", ""D"": ""orientation""}",/mnt/tidalfs-hssh01/dataset/xiang/models/Qwen2.5-VL-7B-Instruct,42,not_empty,next_token
B_0070,B,STEP,D,1,-0.825939416885376,-0.575939416885376,0.43782350420951843,0.562176525592804,-0.830412745475769,-0.580412745475769,0.562176525592804,1,1,"{""A"": ""position"", ""B"": ""color"", ""C"": ""size"", ""D"": ""orientation""}",/mnt/tidalfs-hssh01/dataset/xiang/models/Qwen2.5-VL-7B-Instruct,42,not_empty,next_token
B_0070,B,STEP,AB,1,-0.8981232643127441,-0.5231232643127441,0.4073334038257599,0.5926665663719177,-0.8987698554992676,-0.5237698554992676,0.5926665663719177,1,1,"{""A"": ""position"", ""B"": ""color"", ""C"": ""size"", ""D"": ""orientation""}",/mnt/tidalfs-hssh01/dataset/xiang/models/Qwen2.5-VL-7B-Instruct,42,not_empty,next_token
B_0070,B,STEP,AC,1,-0.8981232643127441,-0.5231232643127441,0.4073334038257599,0.5926665663719177,-0.8985034227371216,-0.5235034227371216,0.5926665663719177,1,1,"{""A"": ""position"", ""B"": ""color"", ""C"": ""size"", ""D"": ""orientation""}",/mnt/tidalfs-hssh01/dataset/xiang/models/Qwen2.5-VL-7B-Instruct,42,not_empty,next_token
B_0070,B,STEP,AD,1,-0.825939416885376,-0.575939416885376,0.43782350420951843,0.562176525592804,-0.826555073261261,-0.576555073261261,0.562176525592804,1,1,"{""A"": ""position"", ""B"": ""color"", ""C"": ""size"", ""D"": ""orientation""}",/mnt/tidalfs-hssh01/dataset/xiang/models/Qwen2.5-VL-7B-Instruct,42,not_empty,next_token
B_0070,B,STEP,BC,1,-0.9740769863128662,-0.4740769863128662,0.3775406777858734,0.622459352016449,-0.9747999310493469,-0.4747999310493469,0.622459352016449,1,1,"{""A"": ""position"", ""B"": ""color"", ""C"": ""size"", ""D"": ""orientation""}",/mnt/tidalfs-hssh01/dataset/xiang/models/Qwen2.5-VL-7B-Instruct,42,not_empty,next_token
B_0070,B,STEP,BD,1,-0.8981232643127441,-0.5231232643127441,0.4073334038257599,0.5926665663719177,-0.8990422487258911,-0.5240422487258911,0.5926665663719177,1,1,"{""A"": ""position"", ""B"": ""color"", ""C"": ""size"", ""D"": ""orientation""}",/mnt/tidalfs-hssh01/dataset/xiang/models/Qwen2.5-VL-7B-Instruct,42,not_empty,next_token
B_0070,B,STEP,CD,1,-0.9740769863128662,-0.4740769863128662,0.3775406777858734,0.622459352016449,-0.9747158288955688,-0.47471582889556885,0.622459352016449,1,1,"{""A"": ""position"", ""B"": ""color"", ""C"": ""size"", ""D"": ""orientation""}",/mnt/tidalfs-hssh01/dataset/xiang/models/Qwen2.5-VL-7B-Instruct,42,not_empty,next_token
B_0070,B,STEP,ABC,1,-0.8981232643127441,-0.5231232643127441,0.4073334038257599,0.5926665663719177,-0.8984819650650024,-0.5234819650650024,0.5926665663719177,1,1,"{""A"": ""position"", ""B"": ""color"", ""C"": ""size"", ""D"": ""orientation""}",/mnt/tidalfs-hssh01/dataset/xiang/models/Qwen2.5-VL-7B-Instruct,42,not_empty,next_token
B_0070,B,STEP,ABD,1,-0.8981232643127441,-0.5231232643127441,0.4073334038257599,0.5926665663719177,-0.8984718322753906,-0.5234718322753906,0.5926665663719177,1,1,"{""A"": ""position"", ""B"": ""color"", ""C"": ""size"", ""D"": ""orientation""}",/mnt/tidalfs-hssh01/dataset/xiang/models/Qwen2.5-VL-7B-Instruct,42,not_empty,next_token
B_0070,B,STEP,ACD,1,-0.8981232643127441,-0.5231232643127441,0.4073334038257599,0.5926665663719177,-0.8984436988830566,-0.5234436988830566,0.5926665663719177,1,1,"{""A"": ""position"", ""B"": ""color"", ""C"": ""size"", ""D"": ""orientation""}",/mnt/tidalfs-hssh01/dataset/xiang/models/Qwen2.5-VL-7B-Instruct,42,not_empty,next_token
B_0070,B,STEP,BCD,1,-0.9740769863128662,-0.4740769863128662,0.3775406777858734,0.622459352016449,-0.9745994806289673,-0.4745994806289673,0.622459352016449,1,1,"{""A"": ""position"", ""B"": ""color"", ""C"": ""size"", ""D"": ""orientation""}",/mnt/tidalfs-hssh01/dataset/xiang/models/Qwen2.5-VL-7B-Instruct,42,not_empty,next_token
B_0070,B,STEP,ABCD,1,-0.9740769863128662,-0.4740769863128662,0.3775406777858734,0.622459352016449,-0.9743953347206116,-0.4743953347206116,0.622459352016449,1,1,"{""A"": ""position"", ""B"": ""color"", ""C"": ""size"", ""D"": ""orientation""}",/mnt/tidalfs-hssh01/dataset/xiang/models/Qwen2.5-VL-7B-Instruct,42,not_empty,next_token
B_0078,B,STEP,EMPTY,1,-0.9740769863128662,-0.4740769863128662,0.3775406777858734,0.622459352016449,-0.9828988313674927,-0.4828988313674927,0.622459352016449,1,1,"{""A"": ""color"", ""B"": ""size"", ""C"": ""orientation"", ""D"": ""position""}",/mnt/tidalfs-hssh01/dataset/xiang/models/Qwen2.5-VL-7B-Instruct,42,text_only,next_token
B_0078,B,STEP,A,1,-0.8981232643127441,-0.5231232643127441,0.4073334038257599,0.5926665663719177,-0.8992325067520142,-0.5242325067520142,0.5926665663719177,1,1,"{""A"": ""color"", ""B"": ""size"", ""C"": ""orientation"", ""D"": ""position""}",/mnt/tidalfs-hssh01/dataset/xiang/models/Qwen2.5-VL-7B-Instruct,42,not_empty,next_token
B_0078,B,STEP,B,1,-1.0537006855010986,-0.42870065569877625,0.3486451208591461,0.6513548493385315,-1.0547888278961182,-0.4297887682914734,0.6513548493385315,1,1,"{""A"": ""color"", ""B"": ""size"", ""C"": ""orientation"", ""D"": ""position""}",/mnt/tidalfs-hssh01/dataset/xiang/models/Qwen2.5-VL-7B-Instruct,42,not_empty,next_token
B_0078,B,STEP,C,1,-0.8981232643127441,-0.5231232643127441,0.4073334038257599,0.5926665663719177,-0.8999212384223938,-0.5249212384223938,0.5926665663719177,1,1,"{""A"": ""color"", ""B"": ""size"", ""C"": ""orientation"", ""D"": ""position""}",/mnt/tidalfs-hssh01/dataset/xiang/models/Qwen2.5-VL-7B-Instruct,42,not_empty,next_token
B_0078,B,STEP,D,1,-0.9740769863128662,-0.4740769863128662,0.3775406777858734,0.622459352016449,-0.9757544994354248,-0.4757544994354248,0.622459352016449,1,1,"{""A"": ""color"", ""B"": ""size"", ""C"": ""orientation"", ""D"": ""position""}",/mnt/tidalfs-hssh01/dataset/xiang/models/Qwen2.5-VL-7B-Instruct,42,not_empty,next_token
B_0078,B,STEP,AB,1,-0.825939416885376,-0.575939416885376,0.43782350420951843,0.562176525592804,-0.8263639211654663,-0.5763639211654663,0.562176525592804,1,1,"{""A"": ""color"", ""B"": ""size"", ""C"": ""orientation"", ""D"": ""position""}",/mnt/tidalfs-hssh01/dataset/xiang/models/Qwen2.5-VL-7B-Instruct,42,not_empty,next_token
B_0078,B,STEP,AC,1,-0.825939416885376,-0.575939416885376,0.43782350420951843,0.562176525592804,-0.8264452219009399,-0.5764452219009399,0.562176525592804,1,1,"{""A"": ""color"", ""B"": ""size"", ""C"": ""orientation"", ""D"": ""position""}",/mnt/tidalfs-hssh01/dataset/xiang/models/Qwen2.5-VL-7B-Instruct,42,not_empty,next_token
B_0078,B,STEP,AD,1,-0.825939416885376,-0.575939416885376,0.43782350420951843,0.562176525592804,-0.8263810873031616,-0.5763810873031616,0.562176525592804,1,1,"{""A"": ""color"", ""B"": ""size"", ""C"": ""orientation"", ""D"": ""position""}",/mnt/tidalfs-hssh01/dataset/xiang/models/Qwen2.5-VL-7B-Instruct,42,not_empty,next_token
B_0078,B,STEP,BC,1,-0.8981232643127441,-0.5231232643127441,0.4073334038257599,0.5926665663719177,-0.8990539908409119,-0.5240539908409119,0.5926665663719177,1,1,"{""A"": ""color"", ""B"": ""size"", ""C"": ""orientation"", ""D"": ""position""}",/mnt/tidalfs-hssh01/dataset/xiang/models/Qwen2.5-VL-7B-Instruct,42,not_empty,next_token
B_0078,B,STEP,BD,1,-0.8981232643127441,-0.5231232643127441,0.4073334038257599,0.5926665663719177,-0.8988582491874695,-0.5238582491874695,0.5926665663719177,1,1,"{""A"": ""color"", ""B"": ""size"", ""C"": ""orientation"", ""D"": ""position""}",/mnt/tidalfs-hssh01/dataset/xiang/models/Qwen2.5-VL-7B-Instruct,42,not_empty,next_token
B_0078,B,STEP,CD,1,-0.6931471824645996,-0.6931471824645996,0.5,0.5,-0.693934977054596,-0.693934977054596,0.5,0,0,"{""A"": ""color"", ""B"": ""size"", ""C"": ""orientation"", ""D"": ""position""}",/mnt/tidalfs-hssh01/dataset/xiang/models/Qwen2.5-VL-7B-Instruct,42,not_empty,next_token
B_0078,B,STEP,ABC,1,-0.7575989961624146,-0.6325989961624146,0.4687906503677368,0.531209409236908,-0.7579598426818848,-0.6329598426818848,0.531209409236908,1,1,"{""A"": ""color"", ""B"": ""size"", ""C"": ""orientation"", ""D"": ""position""}",/mnt/tidalfs-hssh01/dataset/xiang/models/Qwen2.5-VL-7B-Instruct,42,not_empty,next_token
B_0078,B,STEP,ABD,1,-0.825939416885376,-0.575939416885376,0.43782350420951843,0.562176525592804,-0.8262815475463867,-0.5762815475463867,0.562176525592804,1,1,"{""A"": ""color"", ""B"": ""size"", ""C"": ""orientation"", ""D"": ""position""}",/mnt/tidalfs-hssh01/dataset/xiang/models/Qwen2.5-VL-7B-Instruct,42,not_empty,next_token
B_0078,B,STEP,ACD,1,-0.825939416885376,-0.575939416885376,0.43782350420951843,0.562176525592804,-0.8262736797332764,-0.5762736797332764,0.562176525592804,1,1,"{""A"": ""color"", ""B"": ""size"", ""C"": ""orientation"", ""D"": ""position""}",/mnt/tidalfs-hssh01/dataset/xiang/models/Qwen2.5-VL-7B-Instruct,42,not_empty,next_token
B_0078,B,STEP,BCD,1,-0.8981232643127441,-0.5231232643127441,0.4073334038257599,0.5926665663719177,-0.8987579941749573,-0.5237579941749573,0.5926665663719177,1,1,"{""A"": ""color"", ""B"": ""size"", ""C"": ""orientation"", ""D"": ""position""}",/mnt/tidalfs-hssh01/dataset/xiang/models/Qwen2.5-VL-7B-Instruct,42,not_empty,next_token
B_0078,B,STEP,ABCD,1,-0.825939416885376,-0.575939416885376,0.43782350420951843,0.562176525592804,-0.8261895775794983,-0.5761895775794983,0.562176525592804,1,1,"{""A"": ""color"", ""B"": ""size"", ""C"": ""orientation"", ""D"": ""position""}",/mnt/tidalfs-hssh01/dataset/xiang/models/Qwen2.5-VL-7B-Instruct,42,not_empty,next_token
B_0086,B,STEP,EMPTY,1,-0.825939416885376,-0.575939416885376,0.43782350420951843,0.562176525592804,-0.8349793553352356,-0.5849793553352356,0.562176525592804,1,1,"{""A"": ""size"", ""B"": ""orientation"", ""C"": ""position"", ""D"": ""color""}",/mnt/tidalfs-hssh01/dataset/xiang/models/Qwen2.5-VL-7B-Instruct,42,text_only,next_token
B_0086,B,STEP,A,1,-0.8981232643127441,-0.5231232643127441,0.4073334038257599,0.5926665663719177,-0.8990103006362915,-0.5240103006362915,0.5926665663719177,1,1,"{""A"": ""size"", ""B"": ""orientation"", ""C"": ""position"", ""D"": ""color""}",/mnt/tidalfs-hssh01/dataset/xiang/models/Qwen2.5-VL-7B-Instruct,42,not_empty,next_token
B_0086,B,STEP,B,1,-0.7575989961624146,-0.6325989961624146,0.4687906503677368,0.531209409236908,-0.7592000961303711,-0.6342000961303711,0.531209409236908,1,1,"{""A"": ""size"", ""B"": ""orientation"", ""C"": ""position"", ""D"": ""color""}",/mnt/tidalfs-hssh01/dataset/xiang/models/Qwen2.5-VL-7B-Instruct,42,not_empty,next_token
B_0086,B,STEP,C,1,-0.825939416885376,-0.575939416885376,0.43782350420951843,0.562176525592804,-0.8274153470993042,-0.5774153470993042,0.562176525592804,1,1,"{""A"": ""size"", ""B"": ""orientation"", ""C"": ""position"", ""D"": ""color""}",/mnt/tidalfs-hssh01/dataset/xiang/models/Qwen2.5-VL-7B-Instruct,42,not_empty,next_token
B_0086,B,STEP,D,1,-0.7575989961624146,-0.6325989961624146,0.4687906503677368,0.531209409236908,-0.7591000199317932,-0.6341000199317932,0.531209409236908,1,1,"{""A"": ""size"", ""B"": ""orientation"", ""C"": ""position"", ""D"": ""color""}",/mnt/tidalfs-hssh01/dataset/xiang/models/Qwen2.5-VL-7B-Instruct,42,not_empty,next_token
B_0086,B,STEP,AB,1,-0.6931471824645996,-0.6931471824645996,0.5,0.5,-0.6936583518981934,-0.6936583518981934,0.5,0,0,"{""A"": ""size"", ""B"": ""orientation"", ""C"": ""position"", ""D"": ""color""}",/mnt/tidalfs-hssh01/dataset/xiang/models/Qwen2.5-VL-7B-Instruct,42,not_empty,next_token
B_0086,B,STEP,AC,1,-0.8981232643127441,-0.5231232643127441,0.4073334038257599,0.5926665663719177,-0.8984248042106628,-0.5234248042106628,0.5926665663719177,1,1,"{""A"": ""size"", ""B"": ""orientation"", ""C"": ""position"", ""D"": ""color""}",/mnt/tidalfs-hssh01/dataset/xiang/models/Qwen2.5-VL-7B-Instruct,42,not_empty,next_token
B_0086,B,STEP,AD,1,-0.825939416885376,-0.575939416885376,0.43782350420951843,0.562176525592804,-0.826379120349884,-0.576379120349884,0.562176525592804,1,1,"{""A"": ""size"", ""B"": ""orientation"", ""C"": ""position"", ""D"": ""color""}",/mnt/tidalfs-hssh01/dataset/xiang/models/Qwen2.5-VL-7B-Instruct,42,not_empty,next_token
B_0086,B,STEP,BC,1,-0.7575989961624146,-0.6325989961624146,0.4687906503677368,0.531209409236908,-0.758453369140625,-0.633453369140625,0.531209409236908,1,1,"{""A"": ""size"", ""B"": ""orientation"", ""C"": ""position"", ""D"": ""color""}",/mnt/tidalfs-hssh01/dataset/xiang/models/Qwen2.5-VL-7B-Instruct,42,not_empty,next_token
B_0086,B,STEP,BD,1,-0.825939416885376,-0.575939416885376,0.43782350420951843,0.562176525592804,-0.8266938924789429,-0.5766938924789429,0.562176525592804,1,1,"{""A"": ""size"", ""B"": ""orientation"", ""C"": ""position"", ""D"": ""color""}",/mnt/tidalfs-hssh01/dataset/xiang/models/Qwen2.5-VL-7B-Instruct,42,not_empty,next_token
B_0086,B,STEP,CD,1,-0.825939416885376,-0.575939416885376,0.43782350420951843,0.562176525592804,-0.8266270160675049,-0.5766270160675049,0.562176525592804,1,1,"{""A"": ""size"", ""B"": ""orientation"", ""C"": ""position"", ""D"": ""color""}",/mnt/tidalfs-hssh01/dataset/xiang/models/Qwen2.5-VL-7B-Instruct,42,not_empty,next_token
B_0086,B,STEP,ABC,1,-0.825939416885376,-0.575939416885376,0.43782350420951843,0.562176525592804,-0.826226532459259,-0.576226532459259,0.562176525592804,1,1,"{""A"": ""size"", ""B"": ""orientation"", ""C"": ""position"", ""D"": ""color""}",/mnt/tidalfs-hssh01/dataset/xiang/models/Qwen2.5-VL-7B-Instruct,42,not_empty,next_token
B_0086,B,STEP,ABD,1,-0.6931471824645996,-0.6931471824645996,0.5,0.5,-0.6934718489646912,-0.6934718489646912,0.5,0,0,"{""A"": ""size"", ""B"": ""orientation"", ""C"": ""position"", ""D"": ""color""}",/mnt/tidalfs-hssh01/dataset/xiang/models/Qwen2.5-VL-7B-Instruct,42,not_empty,next_token
B_0086,B,STEP,ACD,1,-0.825939416885376,-0.575939416885376,0.43782350420951843,0.562176525592804,-0.826187014579773,-0.576187014579773,0.562176525592804,1,1,"{""A"": ""size"", ""B"": ""orientation"", ""C"": ""position"", ""D"": ""color""}",/mnt/tidalfs-hssh01/dataset/xiang/models/Qwen2.5-VL-7B-Instruct,42,not_empty,next_token
B_0086,B,STEP,BCD,1,-0.7575989961624146,-0.6325989961624146,0.4687906503677368,0.531209409236908,-0.7583614587783813,-0.6333614587783813,0.531209409236908,1,1,"{""A"": ""size"", ""B"": ""orientation"", ""C"": ""position"", ""D"": ""color""}",/mnt/tidalfs-hssh01/dataset/xiang/models/Qwen2.5-VL-7B-Instruct,42,not_empty,next_token
B_0086,B,STEP,ABCD,1,-0.825939416885376,-0.575939416885376,0.43782350420951843,0.562176525592804,-0.826227605342865,-0.576227605342865,0.562176525592804,1,1,"{""A"": ""size"", ""B"": ""orientation"", ""C"": ""position"", ""D"": ""color""}",/mnt/tidalfs-hssh01/dataset/xiang/models/Qwen2.5-VL-7B-Instruct,42,not_empty,next_token
B_0094,B,STEP,EMPTY,1,-0.8981232643127441,-0.5231232643127441,0.4073334038257599,0.5926665663719177,-0.9087707996368408,-0.5337707996368408,0.5926665663719177,1,1,"{""A"": ""orientation"", ""B"": ""position"", ""C"": ""color"", ""D"": ""size""}",/mnt/tidalfs-hssh01/dataset/xiang/models/Qwen2.5-VL-7B-Instruct,42,text_only,next_token
B_0094,B,STEP,A,1,-0.6931471824645996,-0.6931471824645996,0.5,0.5,-0.694259524345398,-0.694259524345398,0.5,0,0,"{""A"": ""orientation"", ""B"": ""position"", ""C"": ""color"", ""D"": ""size""}",/mnt/tidalfs-hssh01/dataset/xiang/models/Qwen2.5-VL-7B-Instruct,42,not_empty,next_token
B_0094,B,STEP,B,1,-0.825939416885376,-0.575939416885376,0.43782350420951843,0.562176525592804,-0.8270713090896606,-0.5770713090896606,0.562176525592804,1,1,"{""A"": ""orientation"", ""B"": ""position"", ""C"": ""color"", ""D"": ""size""}",/mnt/tidalfs-hssh01/dataset/xiang/models/Qwen2.5-VL-7B-Instruct,42,not_empty,next_token
B_0094,B,STEP,C,1,-0.825939416885376,-0.575939416885376,0.43782350420951843,0.562176525592804,-0.8267386555671692,-0.5767386555671692,0.562176525592804,1,1,"{""A"": ""orientation"", ""B"": ""position"", ""C"": ""color"", ""D"": ""size""}",/mnt/tidalfs-hssh01/dataset/xiang/models/Qwen2.5-VL-7B-Instruct,42,not_empty,next_token
B_0094,B,STEP,D,1,-0.8981232643127441,-0.5231232643127441,0.4073334038257599,0.5926665663719177,-0.8992534875869751,-0.5242534875869751,0.5926665663719177,1,1,"{""A"": ""orientation"", ""B"": ""position"", ""C"": ""color"", ""D"": ""size""}",/mnt/tidalfs-hssh01/dataset/xiang/models/Qwen2.5-VL-7B-Instruct,42,not_empty,next_token
B_0094,B,STEP,AB,1,-0.825939416885376,-0.575939416885376,0.43782350420951843,0.562176525592804,-0.8266562819480896,-0.5766562819480896,0.562176525592804,1,1,"{""A"": ""orientation"", ""B"": ""position"", ""C"": ""color"", ""D"": ""size""}",/mnt/tidalfs-hssh01/dataset/xiang/models/Qwen2.5-VL-7B-Instruct,42,not_empty,next_token
B_0094,B,STEP,AC,1,-0.7575989961624146,-0.6325989961624146,0.4687906503677368,0.531209409236908,-0.7581346035003662,-0.6331346035003662,0.531209409236908,1,1,"{""A"": ""orientation"", ""B"": ""position"", ""C"": ""color"", ""D"": ""size""}",/mnt/tidalfs-hssh01/dataset/xiang/models/Qwen2.5-VL-7B-Instruct,42,not_empty,next_token
B_0094,B,STEP,AD,1,-0.7575989961624146,-0.6325989961624146,0.4687906503677368,0.531209409236908,-0.7582812309265137,-0.6332812309265137,0.531209409236908,1,1,"{""A"": ""orientation"", ""B"": ""position"", ""C"": ""color"", ""D"": ""size""}",/mnt/tidalfs-hssh01/dataset/xiang/models/Qwen2.5-VL-7B-Instruct,42,not_empty,next_token
B_0094,B,STEP,BC,1,-0.8981232643127441,-0.5231232643127441,0.4073334038257599,0.5926665663719177,-0.8987576365470886,-0.5237576365470886,0.5926665663719177,1,1,"{""A"": ""orientation"", ""B"": ""position"", ""C"": ""color"", ""D"": ""size""}",/mnt/tidalfs-hssh01/dataset/xiang/models/Qwen2.5-VL-7B-Instruct,42,not_empty,next_token
B_0094,B,STEP,BD,1,-0.8981232643127441,-0.5231232643127441,0.4073334038257599,0.5926665663719177,-0.8985228538513184,-0.5235228538513184,0.5926665663719177,1,1,"{""A"": ""orientation"", ""B"": ""position"", ""C"": ""color"", ""D"": ""size""}",/mnt/tidalfs-hssh01/dataset/xiang/models/Qwen2.5-VL-7B-Instruct,42,not_empty,next_token
B_0094,B,STEP,CD,1,-0.8981232643127441,-0.5231232643127441,0.4073334038257599,0.5926665663719177,-0.898444652557373,-0.523444652557373,0.5926665663719177,1,1,"{""A"": ""orientation"", ""B"": ""position"", ""C"": ""color"", ""D"": ""size""}",/mnt/tidalfs-hssh01/dataset/xiang/models/Qwen2.5-VL-7B-Instruct,42,not_empty,next_token
B_0094,B,STEP,ABC,1,-0.7575989961624146,-0.6325989961624146,0.4687906503677368,0.531209409236908,-0.7579985857009888,-0.6329985857009888,0.531209409236908,1,1,"{""A"": ""orientation"", ""B"": ""position"", ""C"": ""color"", ""D"": ""size""}",/mnt/tidalfs-hssh01/dataset/xiang/models/Qwen2.5-VL-7B-Instruct,42,not_empty,next_token
B_0094,B,STEP,ABD,1,-0.825939416885376,-0.575939416885376,0.43782350420951843,0.562176525592804,-0.8263369798660278,-0.5763369798660278,0.562176525592804,1,1,"{""A"": ""orientation"", ""B"": ""position"", ""C"": ""color"", ""D"": ""size""}",/mnt/tidalfs-hssh01/dataset/xiang/models/Qwen2.5-VL-7B-Instruct,42,not_empty,next_token
B_0094,B,STEP,ACD,1,-0.8981232643127441,-0.5231232643127441,0.4073334038257599,0.5926665663719177,-0.8983654975891113,-0.5233654975891113,0.5926665663719177,1,1,"{""A"": ""orientation"", ""B"": ""position"", ""C"": ""color"", ""D"": ""size""}",/mnt/tidalfs-hssh01/dataset/xiang/models/Qwen2.5-VL-7B-Instruct,42,not_empty,next_token
B_0094,B,STEP,BCD,1,-0.8981232643127441,-0.5231232643127441,0.4073334038257599,0.5926665663719177,-0.8984354734420776,-0.5234354734420776,0.5926665663719177,1,1,"{""A"": ""orientation"", ""B"": ""position"", ""C"": ""color"", ""D"": ""size""}",/mnt/tidalfs-hssh01/dataset/xiang/models/Qwen2.5-VL-7B-Instruct,42,not_empty,next_token
B_0094,B,STEP,ABCD,1,-0.825939416885376,-0.575939416885376,0.43782350420951843,0.562176525592804,-0.8262197971343994,-0.5762197971343994,0.562176525592804,1,1,"{""A"": ""orientation"", ""B"": ""position"", ""C"": ""color"", ""D"": ""size""}",/mnt/tidalfs-hssh01/dataset/xiang/models/Qwen2.5-VL-7B-Instruct,42,not_empty,next_token
B_0102,B,STEP,EMPTY,1,-0.8981232643127441,-0.5231232643127441,0.4073334038257599,0.5926665663719177,-0.9199725389480591,-0.5449725389480591,0.5926665663719177,1,1,"{""A"": ""position"", ""B"": ""color"", ""C"": ""size"", ""D"": ""orientation""}",/mnt/tidalfs-hssh01/dataset/xiang/models/Qwen2.5-VL-7B-Instruct,42,text_only,next_token
B_0102,B,STEP,A,1,-0.7575989961624146,-0.6325989961624146,0.4687906503677368,0.531209409236908,-0.7590900659561157,-0.6340900659561157,0.531209409236908,1,1,"{""A"": ""position"", ""B"": ""color"", ""C"": ""size"", ""D"": ""orientation""}",/mnt/tidalfs-hssh01/dataset/xiang/models/Qwen2.5-VL-7B-Instruct,42,not_empty,next_token
B_0102,B,STEP,B,1,-0.9740769863128662,-0.4740769863128662,0.3775406777858734,0.622459352016449,-0.9755319356918335,-0.4755319356918335,0.622459352016449,1,1,"{""A"": ""position"", ""B"": ""color"", ""C"": ""size"", ""D"": ""orientation""}",/mnt/tidalfs-hssh01/dataset/xiang/models/Qwen2.5-VL-7B-Instruct,42,not_empty,next_token
B_0102,B,STEP,C,1,-0.9740769863128662,-0.4740769863128662,0.3775406777858734,0.622459352016449,-0.975752592086792,-0.475752592086792,0.622459352016449,1,1,"{""A"": ""position"", ""B"": ""color"", ""C"": ""size"", ""D"": ""orientation""}",/mnt/tidalfs-hssh01/dataset/xiang/models/Qwen2.5-VL-7B-Instruct,42,not_empty,next_token
B_0102,B,STEP,D,1,-0.825939416885376,-0.575939416885376,0.43782350420951843,0.562176525592804,-0.830412745475769,-0.580412745475769,0.562176525592804,1,1,"{""A"": ""position"", ""B"": ""color"", ""C"": ""size"", ""D"": ""orientation""}",/mnt/tidalfs-hssh01/dataset/xiang/models/Qwen2.5-VL-7B-Instruct,42,not_empty,next_token
B_0102,B,STEP,AB,1,-0.8981232643127441,-0.5231232643127441,0.4073334038257599,0.5926665663719177,-0.8987698554992676,-0.5237698554992676,0.5926665663719177,1,1,"{""A"": ""position"", ""B"": ""color"", ""C"": ""size"", ""D"": ""orientation""}",/mnt/tidalfs-hssh01/dataset/xiang/models/Qwen2.5-VL-7B-Instruct,42,not_empty,next_token
B_0102,B,STEP,AC,1,-0.8981232643127441,-0.5231232643127441,0.4073334038257599,0.5926665663719177,-0.8985034227371216,-0.5235034227371216,0.5926665663719177,1,1,"{""A"": ""position"", ""B"": ""color"", ""C"": ""size"", ""D"": ""orientation""}",/mnt/tidalfs-hssh01/dataset/xiang/models/Qwen2.5-VL-7B-Instruct,42,not_empty,next_token
B_0102,B,STEP,AD,1,-0.825939416885376,-0.575939416885376,0.43782350420951843,0.562176525592804,-0.826555073261261,-0.576555073261261,0.562176525592804,1,1,"{""A"": ""position"", ""B"": ""color"", ""C"": ""size"", ""D"": ""orientation""}",/mnt/tidalfs-hssh01/dataset/xiang/models/Qwen2.5-VL-7B-Instruct,42,not_empty,next_token
B_0102,B,STEP,BC,1,-0.9740769863128662,-0.4740769863128662,0.3775406777858734,0.622459352016449,-0.9747999310493469,-0.4747999310493469,0.622459352016449,1,1,"{""A"": ""position"", ""B"": ""color"", ""C"": ""size"", ""D"": ""orientation""}",/mnt/tidalfs-hssh01/dataset/xiang/models/Qwen2.5-VL-7B-Instruct,42,not_empty,next_token
B_0102,B,STEP,BD,1,-0.8981232643127441,-0.5231232643127441,0.4073334038257599,0.5926665663719177,-0.8990422487258911,-0.5240422487258911,0.5926665663719177,1,1,"{""A"": ""position"", ""B"": ""color"", ""C"": ""size"", ""D"": ""orientation""}",/mnt/tidalfs-hssh01/dataset/xiang/models/Qwen2.5-VL-7B-Instruct,42,not_empty,next_token
B_0102,B,STEP,CD,1,-0.9740769863128662,-0.4740769863128662,0.3775406777858734,0.622459352016449,-0.9747158288955688,-0.47471582889556885,0.622459352016449,1,1,"{""A"": ""position"", ""B"": ""color"", ""C"": ""size"", ""D"": ""orientation""}",/mnt/tidalfs-hssh01/dataset/xiang/models/Qwen2.5-VL-7B-Instruct,42,not_empty,next_token
B_0102,B,STEP,ABC,1,-0.8981232643127441,-0.5231232643127441,0.4073334038257599,0.5926665663719177,-0.8984819650650024,-0.5234819650650024,0.5926665663719177,1,1,"{""A"": ""position"", ""B"": ""color"", ""C"": ""size"", ""D"": ""orientation""}",/mnt/tidalfs-hssh01/dataset/xiang/models/Qwen2.5-VL-7B-Instruct,42,not_empty,next_token
B_0102,B,STEP,ABD,1,-0.8981232643127441,-0.5231232643127441,0.4073334038257599,0.5926665663719177,-0.8984718322753906,-0.5234718322753906,0.5926665663719177,1,1,"{""A"": ""position"", ""B"": ""color"", ""C"": ""size"", ""D"": ""orientation""}",/mnt/tidalfs-hssh01/dataset/xiang/models/Qwen2.5-VL-7B-Instruct,42,not_empty,next_token
B_0102,B,STEP,ACD,1,-0.8981232643127441,-0.5231232643127441,0.4073334038257599,0.5926665663719177,-0.8984436988830566,-0.5234436988830566,0.5926665663719177,1,1,"{""A"": ""position"", ""B"": ""color"", ""C"": ""size"", ""D"": ""orientation""}",/mnt/tidalfs-hssh01/dataset/xiang/models/Qwen2.5-VL-7B-Instruct,42,not_empty,next_token
B_0102,B,STEP,BCD,1,-0.9740769863128662,-0.4740769863128662,0.3775406777858734,0.622459352016449,-0.9745994806289673,-0.4745994806289673,0.622459352016449,1,1,"{""A"": ""position"", ""B"": ""color"", ""C"": ""size"", ""D"": ""orientation""}",/mnt/tidalfs-hssh01/dataset/xiang/models/Qwen2.5-VL-7B-Instruct,42,not_empty,next_token
B_0102,B,STEP,ABCD,1,-0.9740769863128662,-0.4740769863128662,0.3775406777858734,0.622459352016449,-0.9743953347206116,-0.4743953347206116,0.622459352016449,1,1,"{""A"": ""position"", ""B"": ""color"", ""C"": ""size"", ""D"": ""orientation""}",/mnt/tidalfs-hssh01/dataset/xiang/models/Qwen2.5-VL-7B-Instruct,42,not_empty,next_token
B_0110,B,STEP,EMPTY,0,-0.9740769863128662,-0.4740769863128662,0.3775406777858734,0.622459352016449,-0.9828988313674927,-0.4828988313674927,0.3775406777858734,1,0,"{""A"": ""color"", ""B"": ""size"", ""C"": ""orientation"", ""D"": ""position""}",/mnt/tidalfs-hssh01/dataset/xiang/models/Qwen2.5-VL-7B-Instruct,42,text_only,next_token
B_0110,B,STEP,A,0,-0.825939416885376,-0.575939416885376,0.43782350420951843,0.562176525592804,-0.8269744515419006,-0.5769744515419006,0.43782350420951843,1,0,"{""A"": ""color"", ""B"": ""size"", ""C"": ""orientation"", ""D"": ""position""}",/mnt/tidalfs-hssh01/dataset/xiang/models/Qwen2.5-VL-7B-Instruct,42,not_empty,next_token
B_0110,B,STEP,B,0,-1.0537006855010986,-0.42870065569877625,0.3486451208591461,0.6513548493385315,-1.0547888278961182,-0.4297887682914734,0.3486451208591461,1,0,"{""A"": ""color"", ""B"": ""size"", ""C"": ""orientation"", ""D"": ""position""}",/mnt/tidalfs-hssh01/dataset/xiang/models/Qwen2.5-VL-7B-Instruct,42,not_empty,next_token
B_0110,B,STEP,C,0,-1.1368709802627563,-0.38687101006507874,0.3208213150501251,0.6791786551475525,-1.1379870176315308,-0.3879869878292084,0.3208213150501251,1,0,"{""A"": ""color"", ""B"": ""size"", ""C"": ""orientation"", ""D"": ""position""}",/mnt/tidalfs-hssh01/dataset/xiang/models/Qwen2.5-VL-7B-Instruct,42,not_empty,next_token
B_0110,B,STEP,D,0,-0.9740769863128662,-0.4740769863128662,0.3775406777858734,0.622459352016449,-0.9757544994354248,-0.4757544994354248,0.3775406777858734,1,0,"{""A"": ""color"", ""B"": ""size"", ""C"": ""orientation"", ""D"": ""position""}",/mnt/tidalfs-hssh01/dataset/xiang/models/Qwen2.5-VL-7B-Instruct,42,not_empty,next_token
B_0110,B,STEP,AB,0,-0.7575989961624146,-0.6325989961624146,0.4687906503677368,0.531209409236908,-0.7579630017280579,-0.6329630017280579,0.4687906503677368,1,0,"{""A"": ""color"", ""B"": ""size"", ""C"": ""orientation"", ""D"": ""position""}",/mnt/tidalfs-hssh01/dataset/xiang/models/Qwen2.5-VL-7B-Instruct,42,not_empty,next_token
B_0110,B,STEP,AC,0,-0.8981232643127441,-0.5231232643127441,0.4073334038257599,0.5926665663719177,-0.8985245227813721,-0.5235245227813721,0.4073334038257599,1,0,"{""A"": ""color"", ""B"": ""size"", ""C"": ""orientation"", ""D"": ""position""}",/mnt/tidalfs-hssh01/dataset/xiang/models/Qwen2.5-VL-7B-Instruct,42,not_empty,next_token
B_0110,B,STEP,AD,0,-0.7575989961624146,-0.6325989961624146,0.4687906503677368,0.531209409236908,-0.7581004500389099,-0.6331004500389099,0.4687906503677368,1,0,"{""A"": ""color"", ""B"": ""size"", ""C"": ""orientation"", ""D"": ""position""}",/mnt/tidalfs-hssh01/dataset/xiang/models/Qwen2.5-VL-7B-Instruct,42,not_empty,next_token
B_0110,B,STEP,BC,0,-0.9740769863128662,-0.4740769863128662,0.3775406777858734,0.622459352016449,-0.9748711585998535,-0.4748711585998535,0.3775406777858734,1,0,"{""A"": ""color"", ""B"": ""size"", ""C"": ""orientation"", ""D"": ""position""}",/mnt/tidalfs-hssh01/dataset/xiang/models/Qwen2.5-VL-7B-Instruct,42,not_empty,next_token
B_0110,B,STEP,BD,0,-0.8981232643127441,-0.5231232643127441,0.4073334038257599,0.5926665663719177,-0.8988582491874695,-0.5238582491874695,0.4073334038257599,1,0,"{""A"": ""color"", ""B"": ""size"", ""C"": ""orientation"", ""D"": ""position""}",/mnt/tidalfs-hssh01/dataset/xiang/models/Qwen2.5-VL-7B-Instruct,42,not_empty,next_token
B_0110,B,STEP,CD,0,-1.053700566291809,-0.42870065569877625,0.3486451506614685,0.6513548493385315,-1.0543367862701416,-0.4293368458747864,0.3486451506614685,1,0,"{""A"": ""color"", ""B"": ""size"", ""C"": ""orientation"", ""D"": ""position""}",/mnt/tidalfs-hssh01/dataset/xiang/models/Qwen2.5-VL-7B-Instruct,42,not_empty,next_token
B_0110,B,STEP,ABC,0,-0.825939416885376,-0.575939416885376,0.43782350420951843,0.562176525592804,-0.8262902498245239,-0.5762902498245239,0.43782350420951843,1,0,"{""A"": ""color"", ""B"": ""size"", ""C"": ""orientation"", ""D"": ""position""}",/mnt/tidalfs-hssh01/dataset/xiang/models/Qwen2.5-VL-7B-Instruct,42,not_empty,next_token
B_0110,B,STEP,ABD,0,-0.825939416885376,-0.575939416885376,0.43782350420951843,0.562176525592804,-0.8262637853622437,-0.5762637853622437,0.43782350420951843,1,0,"{""A"": ""color"", ""B"": ""size"", ""C"": ""orientation"", ""D"": ""position""}",/mnt/tidalfs-hssh01/dataset/xiang/models/Qwen2.5-VL-7B-Instruct,42,not_empty,next_token
B_0110,B,STEP,ACD,0,-0.9740769863128662,-0.4740769863128662,0.3775406777858734,0.622459352016449,-0.9743662476539612,-0.4743662476539612,0.3775406777858734,1,0,"{""A"": ""color"", ""B"": ""size"", ""C"": ""orientation"", ""D"": ""position""}",/mnt/tidalfs-hssh01/dataset/xiang/models/Qwen2.5-VL-7B-Instruct,42,not_empty,next_token
B_0110,B,STEP,BCD,0,-1.0537006855010986,-0.42870065569877625,0.3486451208591461,0.6513548493385315,-1.0542848110198975,-0.4292847812175751,0.3486451208591461,1,0,"{""A"": ""color"", ""B"": ""size"", ""C"": ""orientation"", ""D"": ""position""}",/mnt/tidalfs-hssh01/dataset/xiang/models/Qwen2.5-VL-7B-Instruct,42,not_empty,next_token
B_0110,B,STEP,ABCD,0,-0.8981232643127441,-0.5231232643127441,0.4073334038257599,0.5926665663719177,-0.8984046578407288,-0.5234046578407288,0.4073334038257599,1,0,"{""A"": ""color"", ""B"": ""size"", ""C"": ""orientation"", ""D"": ""position""}",/mnt/tidalfs-hssh01/dataset/xiang/models/Qwen2.5-VL-7B-Instruct,42,not_empty,next_token
B_0118,B,STEP,EMPTY,1,-0.825939416885376,-0.575939416885376,0.43782350420951843,0.562176525592804,-0.8349793553352356,-0.5849793553352356,0.562176525592804,1,1,"{""A"": ""size"", ""B"": ""orientation"", ""C"": ""position"", ""D"": ""color""}",/mnt/tidalfs-hssh01/dataset/xiang/models/Qwen2.5-VL-7B-Instruct,42,text_only,next_token
B_0118,B,STEP,A,1,-0.6931471824645996,-0.6931471824645996,0.5,0.5,-0.6942474842071533,-0.6942474842071533,0.5,0,0,"{""A"": ""size"", ""B"": ""orientation"", ""C"": ""position"", ""D"": ""color""}",/mnt/tidalfs-hssh01/dataset/xiang/models/Qwen2.5-VL-7B-Instruct,42,not_empty,next_token
B_0118,B,STEP,B,1,-1.0537006855010986,-0.42870065569877625,0.3486451208591461,0.6513548493385315,-1.0545393228530884,-0.429539293050766,0.6513548493385315,1,1,"{""A"": ""size"", ""B"": ""orientation"", ""C"": ""position"", ""D"": ""color""}",/mnt/tidalfs-hssh01/dataset/xiang/models/Qwen2.5-VL-7B-Instruct,42,not_empty,next_token
B_0118,B,STEP,C,1,-0.7575989961624146,-0.6325989961624146,0.4687906503677368,0.531209409236908,-0.759021520614624,-0.634021520614624,0.531209409236908,1,1,"{""A"": ""size"", ""B"": ""orientation"", ""C"": ""position"", ""D"": ""color""}",/mnt/tidalfs-hssh01/dataset/xiang/models/Qwen2.5-VL-7B-Instruct,42,not_empty,next_token
B_0118,B,STEP,D,1,-0.825939416885376,-0.575939416885376,0.43782350420951843,0.562176525592804,-0.8275613784790039,-0.5775613784790039,0.562176525592804,1,1,"{""A"": ""size"", ""B"": ""orientation"", ""C"": ""position"", ""D"": ""color""}",/mnt/tidalfs-hssh01/dataset/xiang/models/Qwen2.5-VL-7B-Instruct,42,not_empty,next_token
B_0118,B,STEP,AB,1,-0.825939416885376,-0.575939416885376,0.43782350420951843,0.562176525592804,-0.8265458345413208,-0.5765458345413208,0.562176525592804,1,1,"{""A"": ""size"", ""B"": ""orientation"", ""C"": ""position"", ""D"": ""color""}",/mnt/tidalfs-hssh01/dataset/xiang/models/Qwen2.5-VL-7B-Instruct,42,not_empty,next_token
B_0118,B,STEP,AC,1,-0.825939416885376,-0.575939416885376,0.43782350420951843,0.562176525592804,-0.8263104557991028,-0.5763104557991028,0.562176525592804,1,1,"{""A"": ""size"", ""B"": ""orientation"", ""C"": ""position"", ""D"": ""color""}",/mnt/tidalfs-hssh01/dataset/xiang/models/Qwen2.5-VL-7B-Instruct,42,not_empty,next_token
B_0118,B,STEP,AD,1,-0.825939416885376,-0.575939416885376,0.43782350420951843,0.562176525592804,-0.8266156315803528,-0.5766156315803528,0.562176525592804,1,1,"{""A"": ""size"", ""B"": ""orientation"", ""C"": ""position"", ""D"": ""color""}",/mnt/tidalfs-hssh01/dataset/xiang/models/Qwen2.5-VL-7B-Instruct,42,not_empty,next_token
B_0118,B,STEP,BC,1,-1.1368709802627563,-0.38687101006507874,0.3208213150501251,0.6791786551475525,-1.1375669240951538,-0.3875668942928314,0.6791786551475525,1,1,"{""A"": ""size"", ""B"": ""orientation"", ""C"": ""position"", ""D"": ""color""}",/mnt/tidalfs-hssh01/dataset/xiang/models/Qwen2.5-VL-7B-Instruct,42,not_empty,next_token
B_0118,B,STEP,BD,1,-1.053700566291809,-0.42870065569877625,0.3486451506614685,0.6513548493385315,-1.0542681217193604,-0.4292681813240051,0.6513548493385315,1,1,"{""A"": ""size"", ""B"": ""orientation"", ""C"": ""position"", ""D"": ""color""}",/mnt/tidalfs-hssh01/dataset/xiang/models/Qwen2.5-VL-7B-Instruct,42,not_empty,next_token
B_0118,B,STEP,CD,1,-0.7575989961624146,-0.6325989961624146,0.4687906503677368,0.531209409236908,-0.7582088708877563,-0.6332088708877563,0.531209409236908,1,1,"{""A"": ""size"", ""B"": ""orientation"", ""C"": ""position"", ""D"": ""color""}",/mnt/tidalfs-hssh01/dataset/xiang/models/Qwen2.5-VL-7B-Instruct,42,not_empty,next_token
B_0118,B,STEP,ABC,1,-0.825939416885376,-0.575939416885376,0.43782350420951843,0.562176525592804,-0.8263147473335266,-0.5763147473335266,0.562176525592804,1,1,"{""A"": ""size"", ""B"": ""orientation"", ""C"": ""position"", ""D"": ""color""}",/mnt/tidalfs-hssh01/dataset/xiang/models/Qwen2.5-VL-7B-Instruct,42,not_empty,next_token
B_0118,B,STEP,ABD,1,-0.7575989961624146,-0.6325989961624146,0.4687906503677368,0.531209409236908,-0.7580645680427551,-0.6330645680427551,0.531209409236908,1,1,"{""A"": ""size"", ""B"": ""orientation"", ""C"": ""position"", ""D"": ""color""}",/mnt/tidalfs-hssh01/dataset/xiang/models/Qwen2.5-VL-7B-Instruct,42,not_empty,next_token
B_0118,B,STEP,ACD,1,-0.825939416885376,-0.575939416885376,0.43782350420951843,0.562176525592804,-0.8262614011764526,-0.5762614011764526,0.562176525592804,1,1,"{""A"": ""size"", ""B"": ""orientation"", ""C"": ""position"", ""D"": ""color""}",/mnt/tidalfs-hssh01/dataset/xiang/models/Qwen2.5-VL-7B-Instruct,42,not_empty,next_token
B_0118,B,STEP,BCD,1,-1.1368709802627563,-0.38687101006507874,0.3208213150501251,0.6791786551475525,-1.1373530626296997,-0.3873530626296997,0.6791786551475525,1,1,"{""A"": ""size"", ""B"": ""orientation"", ""C"": ""position"", ""D"": ""color""}",/mnt/tidalfs-hssh01/dataset/xiang/models/Qwen2.5-VL-7B-Instruct,42,not_empty,next_token
B_0118,B,STEP,ABCD,1,-0.7575989961624146,-0.6325989961624146,0.4687906503677368,0.531209409236908,-0.7579883933067322,-0.6329883933067322,0.531209409236908,1,1,"{""A"": ""size"", ""B"": ""orientation"", ""C"": ""position"", ""D"": ""color""}",/mnt/tidalfs-hssh01/dataset/xiang/models/Qwen2.5-VL-7B-Instruct,42,not_empty,next_token
B_0126,B,STEP,EMPTY,1,-0.8981232643127441,-0.5231232643127441,0.4073334038257599,0.5926665663719177,-0.9087707996368408,-0.5337707996368408,0.5926665663719177,1,1,"{""A"": ""orientation"", ""B"": ""position"", ""C"": ""color"", ""D"": ""size""}",/mnt/tidalfs-hssh01/dataset/xiang/models/Qwen2.5-VL-7B-Instruct,42,text_only,next_token
B_0126,B,STEP,A,1,-0.6931471824645996,-0.6931471824645996,0.5,0.5,-0.694259524345398,-0.694259524345398,0.5,0,0,"{""A"": ""orientation"", ""B"": ""position"", ""C"": ""color"", ""D"": ""size""}",/mnt/tidalfs-hssh01/dataset/xiang/models/Qwen2.5-VL-7B-Instruct,42,not_empty,next_token
B_0126,B,STEP,B,1,-0.825939416885376,-0.575939416885376,0.43782350420951843,0.562176525592804,-0.8270713090896606,-0.5770713090896606,0.562176525592804,1,1,"{""A"": ""orientation"", ""B"": ""position"", ""C"": ""color"", ""D"": ""size""}",/mnt/tidalfs-hssh01/dataset/xiang/models/Qwen2.5-VL-7B-Instruct,42,not_empty,next_token
B_0126,B,STEP,C,1,-0.8981232643127441,-0.5231232643127441,0.4073334038257599,0.5926665663719177,-0.8988602161407471,-0.5238602161407471,0.5926665663719177,1,1,"{""A"": ""orientation"", ""B"": ""position"", ""C"": ""color"", ""D"": ""size""}",/mnt/tidalfs-hssh01/dataset/xiang/models/Qwen2.5-VL-7B-Instruct,42,not_empty,next_token
B_0126,B,STEP,D,1,-0.8981232643127441,-0.5231232643127441,0.4073334038257599,0.5926665663719177,-0.8993092775344849,-0.5243092775344849,0.5926665663719177,1,1,"{""A"": ""orientation"", ""B"": ""position"", ""C"": ""color"", ""D"": ""size""}",/mnt/tidalfs-hssh01/dataset/xiang/models/Qwen2.5-VL-7B-Instruct,42,not_empty,next_token
B_0126,B,STEP,AB,1,-0.825939416885376,-0.575939416885376,0.43782350420951843,0.562176525592804,-0.8266562819480896,-0.5766562819480896,0.562176525592804,1,1,"{""A"": ""orientation"", ""B"": ""position"", ""C"": ""color"", ""D"": ""size""}",/mnt/tidalfs-hssh01/dataset/xiang/models/Qwen2.5-VL-7B-Instruct,42,not_empty,next_token
B_0126,B,STEP,AC,1,-0.825939416885376,-0.575939416885376,0.43782350420951843,0.562176525592804,-0.8264391422271729,-0.5764391422271729,0.562176525592804,1,1,"{""A"": ""orientation"", ""B"": ""position"", ""C"": ""color"", ""D"": ""size""}",/mnt/tidalfs-hssh01/dataset/xiang/models/Qwen2.5-VL-7B-Instruct,42,not_empty,next_token
B_0126,B,STEP,AD,1,-0.7575989961624146,-0.6325989961624146,0.4687906503677368,0.531209409236908,-0.7581385970115662,-0.6331385970115662,0.531209409236908,1,1,"{""A"": ""orientation"", ""B"": ""position"", ""C"": ""color"", ""D"": ""size""}",/mnt/tidalfs-hssh01/dataset/xiang/models/Qwen2.5-VL-7B-Instruct,42,not_empty,next_token
B_0126,B,STEP,BC,1,-0.8981232643127441,-0.5231232643127441,0.4073334038257599,0.5926665663719177,-0.8985655307769775,-0.5235655307769775,0.5926665663719177,1,1,"{""A"": ""orientation"", ""B"": ""position"", ""C"": ""color"", ""D"": ""size""}",/mnt/tidalfs-hssh01/dataset/xiang/models/Qwen2.5-VL-7B-Instruct,42,not_empty,next_token
B_0126,B,STEP,BD,1,-0.7575989961624146,-0.6325989961624146,0.4687906503677368,0.531209409236908,-0.7579213976860046,-0.6329213976860046,0.531209409236908,1,1,"{""A"": ""orientation"", ""B"": ""position"", ""C"": ""color"", ""D"": ""size""}",/mnt/tidalfs-hssh01/dataset/xiang/models/Qwen2.5-VL-7B-Instruct,42,not_empty,next_token
B_0126,B,STEP,CD,1,-0.825939416885376,-0.575939416885376,0.43782350420951843,0.562176525592804,-0.8262506127357483,-0.5762506127357483,0.562176525592804,1,1,"{""A"": ""orientation"", ""B"": ""position"", ""C"": ""color"", ""D"": ""size""}",/mnt/tidalfs-hssh01/dataset/xiang/models/Qwen2.5-VL-7B-Instruct,42,not_empty,next_token
B_0126,B,STEP,ABC,1,-0.825939416885376,-0.575939416885376,0.43782350420951843,0.562176525592804,-0.8263602256774902,-0.5763602256774902,0.562176525592804,1,1,"{""A"": ""orientation"", ""B"": ""position"", ""C"": ""color"", ""D"": ""size""}",/mnt/tidalfs-hssh01/dataset/xiang/models/Qwen2.5-VL-7B-Instruct,42,not_empty,next_token
B_0126,B,STEP,ABD,1,-0.7575989961624146,-0.6325989961624146,0.4687906503677368,0.531209409236908,-0.7578725218772888,-0.6328725218772888,0.531209409236908,1,1,"{""A"": ""orientation"", ""B"": ""position"", ""C"": ""color"", ""D"": ""size""}",/mnt/tidalfs-hssh01/dataset/xiang/models/Qwen2.5-VL-7B-Instruct,42,not_empty,next_token
B_0126,B,STEP,ACD,1,-0.8981232643127441,-0.5231232643127441,0.4073334038257599,0.5926665663719177,-0.8983548283576965,-0.5233548283576965,0.5926665663719177,1,1,"{""A"": ""orientation"", ""B"": ""position"", ""C"": ""color"", ""D"": ""size""}",/mnt/tidalfs-hssh01/dataset/xiang/models/Qwen2.5-VL-7B-Instruct,42,not_empty,next_token
B_0126,B,STEP,BCD,1,-0.825939416885376,-0.575939416885376,0.43782350420951843,0.562176525592804,-0.8261817097663879,-0.5761817097663879,0.562176525592804,1,1,"{""A"": ""orientation"", ""B"": ""position"", ""C"": ""color"", ""D"": ""size""}",/mnt/tidalfs-hssh01/dataset/xiang/models/Qwen2.5-VL-7B-Instruct,42,not_empty,next_token
B_0126,B,STEP,ABCD,1,-0.8981232643127441,-0.5231232643127441,0.4073334038257599,0.5926665663719177,-0.8983914852142334,-0.5233914852142334,0.5926665663719177,1,1,"{""A"": ""orientation"", ""B"": ""position"", ""C"": ""color"", ""D"": ""size""}",/mnt/tidalfs-hssh01/dataset/xiang/models/Qwen2.5-VL-7B-Instruct,42,not_empty,next_token
