sample_id,probe,target_field,subset,ground_truth,logp_0,logp_1,p_0,p_1,candidate_loglik_0,candidate_loglik_1,p_correct,prediction,correct,cue_styles,model_name,seed,empty_mode,scoring_mode
A_0001,A,STEP1,EMPTY,1,-0.6931471824645996,-0.6931471824645996,0.5,0.5,-0.7521441578865051,-0.7521441578865051,0.5,0,0,"{""A"": ""position"", ""B"": ""color"", ""C"": ""size"", ""D"": ""orientation""}",/mnt/tidalfs-hssh01/dataset/xiang/models/Qwen2.5-VL-7B-Instruct,42,text_only,next_token
A_0001,A,STEP1,A,1,-0.7575989961624146,-0.6325989961624146,0.4687906503677368,0.531209409236908,-0.7601996660232544,-0.6351996660232544,0.531209409236908,1,1,"{""A"": ""position"", ""B"": ""color"", ""C"": ""size"", ""D"": ""orientation""}",/mnt/tidalfs-hssh01/dataset/xiang/models/Qwen2.5-VL-7B-Instruct,42,not_empty,next_token
A_0001,A,STEP1,B,1,-0.6931471824645996,-0.6931471824645996,0.5,0.5,-0.6952781677246094,-0.6952781677246094,0.5,0,0,"{""A"": ""position"", ""B"": ""color"", ""C"": ""size"", ""D"": ""orientation""}",/mnt/tidalfs-hssh01/dataset/xiang/models/Qwen2.5-VL-7B-Instruct,42,not_empty,next_token
A_0001,A,STEP1,C,1,-0.6931471824645996,-0.6931471824645996,0.5,0.5,-0.6965280771255493,-0.6965280771255493,0.5,0,0,"{""A"": ""position"", ""B"": ""color"", ""C"": ""size"", ""D"": ""orientation""}",/mnt/tidalfs-hssh01/dataset/xiang/models/Qwen2.5-VL-7B-Instruct,42,not_empty,next_token
A_0001,A,STEP1,D,1,-0.9740769863128662,-0.4740769863128662,0.3775406777858734,0.622459352016449,-0.9777901768684387,-0.4777901768684387,0.622459352016449,1,1,"{""A"": ""position"", ""B"": ""color"", ""C"": ""size"", ""D"": ""orientation""}",/mnt/tidalfs-hssh01/dataset/xiang/models/Qwen2.5-VL-7B-Instruct,42,not_empty,next_token
A_0001,A,STEP1,AB,1,-0.7575989961624146,-0.6325989961624146,0.4687906503677368,0.531209409236908,-0.7580143809318542,-0.6330143809318542,0.531209409236908,1,1,"{""A"": ""position"", ""B"": ""color"", ""C"": ""size"", ""D"": ""orientation""}",/mnt/tidalfs-hssh01/dataset/xiang/models/Qwen2.5-VL-7B-Instruct,42,not_empty,next_token
A_0001,A,STEP1,AC,1,-0.8981232643127441,-0.5231232643127441,0.4073334038257599,0.5926665663719177,-0.8984909057617188,-0.5234909057617188,0.5926665663719177,1,1,"{""A"": ""position"", ""B"": ""color"", ""C"": ""size"", ""D"": ""orientation""}",/mnt/tidalfs-hssh01/dataset/xiang/models/Qwen2.5-VL-7B-Instruct,42,not_empty,next_token
A_0001,A,STEP1,AD,1,-0.7575989961624146,-0.6325989961624146,0.4687906503677368,0.531209409236908,-0.7588132619857788,-0.6338132619857788,0.531209409236908,1,1,"{""A"": ""position"", ""B"": ""color"", ""C"": ""size"", ""D"": ""orientation""}",/mnt/tidalfs-hssh01/dataset/xiang/models/Qwen2.5-VL-7B-Instruct,42,not_empty,next_token
A_0001,A,STEP1,BC,1,-0.825939416885376,-0.575939416885376,0.43782350420951843,0.562176525592804,-0.8266457319259644,-0.5766457319259644,0.562176525592804,1,1,"{""A"": ""position"", ""B"": ""color"", ""C"": ""size"", ""D"": ""orientation""}",/mnt/tidalfs-hssh01/dataset/xiang/models/Qwen2.5-VL-7B-Instruct,42,not_empty,next_token
A_0001,A,STEP1,BD,1,-0.825939416885376,-0.575939416885376,0.43782350420951843,0.562176525592804,-0.8270543217658997,-0.5770543217658997,0.562176525592804,1,1,"{""A"": ""position"", ""B"": ""color"", ""C"": ""size"", ""D"": ""orientation""}",/mnt/tidalfs-hssh01/dataset/xiang/models/Qwen2.5-VL-7B-Instruct,42,not_empty,next_token
A_0001,A,STEP1,CD,1,-0.7575989961624146,-0.6325989961624146,0.4687906503677368,0.531209409236908,-0.7588961124420166,-0.6338961124420166,0.531209409236908,1,1,"{""A"": ""position"", ""B"": ""color"", ""C"": ""size"", ""D"": ""orientation""}",/mnt/tidalfs-hssh01/dataset/xiang/models/Qwen2.5-VL-7B-Instruct,42,not_empty,next_token
A_0001,A,STEP1,ABC,1,-0.9740769863128662,-0.4740769863128662,0.3775406777858734,0.622459352016449,-0.9743421673774719,-0.4743421673774719,0.622459352016449,1,1,"{""A"": ""position"", ""B"": ""color"", ""C"": ""size"", ""D"": ""orientation""}",/mnt/tidalfs-hssh01/dataset/xiang/models/Qwen2.5-VL-7B-Instruct,42,not_empty,next_token
A_0001,A,STEP1,ABD,1,-0.825939416885376,-0.575939416885376,0.43782350420951843,0.562176525592804,-0.826221227645874,-0.576221227645874,0.562176525592804,1,1,"{""A"": ""position"", ""B"": ""color"", ""C"": ""size"", ""D"": ""orientation""}",/mnt/tidalfs-hssh01/dataset/xiang/models/Qwen2.5-VL-7B-Instruct,42,not_empty,next_token
A_0001,A,STEP1,ACD,1,-0.9740769863128662,-0.4740769863128662,0.3775406777858734,0.622459352016449,-0.9743639230728149,-0.47436389327049255,0.622459352016449,1,1,"{""A"": ""position"", ""B"": ""color"", ""C"": ""size"", ""D"": ""orientation""}",/mnt/tidalfs-hssh01/dataset/xiang/models/Qwen2.5-VL-7B-Instruct,42,not_empty,next_token
A_0001,A,STEP1,BCD,1,-0.8981232643127441,-0.5231232643127441,0.4073334038257599,0.5926665663719177,-0.8984627723693848,-0.5234627723693848,0.5926665663719177,1,1,"{""A"": ""position"", ""B"": ""color"", ""C"": ""size"", ""D"": ""orientation""}",/mnt/tidalfs-hssh01/dataset/xiang/models/Qwen2.5-VL-7B-Instruct,42,not_empty,next_token
A_0001,A,STEP1,ABCD,1,-0.9740769863128662,-0.4740769863128662,0.3775406777858734,0.622459352016449,-0.9742630124092102,-0.4742630124092102,0.622459352016449,1,1,"{""A"": ""position"", ""B"": ""color"", ""C"": ""size"", ""D"": ""orientation""}",/mnt/tidalfs-hssh01/dataset/xiang/models/Qwen2.5-VL-7B-Instruct,42,not_empty,next_token
A_0001,A,STEP2,EMPTY,1,-1.1368709802627563,-0.38687101006507874,0.3208213150501251,0.6791786551475525,-1.1873528957366943,-0.4373529553413391,0.6791786551475525,1,1,"{""A"": ""position"", ""B"": ""color"", ""C"": ""size"", ""D"": ""orientation""}",/mnt/tidalfs-hssh01/dataset/xiang/models/Qwen2.5-VL-7B-Instruct,42,text_only,next_token
A_0001,A,STEP2,A,1,-1.0537006855010986,-0.42870065569877625,0.3486451208591461,0.6513548493385315,-1.0558043718338013,-0.43080440163612366,0.6513548493385315,1,1,"{""A"": ""position"", ""B"": ""color"", ""C"": ""size"", ""D"": ""orientation""}",/mnt/tidalfs-hssh01/dataset/xiang/models/Qwen2.5-VL-7B-Instruct,42,not_empty,next_token
A_0001,A,STEP2,B,1,-0.8981232643127441,-0.5231232643127441,0.4073334038257599,0.5926665663719177,-0.9001257419586182,-0.5251257419586182,0.5926665663719177,1,1,"{""A"": ""position"", ""B"": ""color"", ""C"": ""size"", ""D"": ""orientation""}",/mnt/tidalfs-hssh01/dataset/xiang/models/Qwen2.5-VL-7B-Instruct,42,not_empty,next_token
A_0001,A,STEP2,C,1,-0.8981232643127441,-0.5231232643127441,0.4073334038257599,0.5926665663719177,-0.8998823761940002,-0.5248823761940002,0.5926665663719177,1,1,"{""A"": ""position"", ""B"": ""color"", ""C"": ""size"", ""D"": ""orientation""}",/mnt/tidalfs-hssh01/dataset/xiang/models/Qwen2.5-VL-7B-Instruct,42,not_empty,next_token
A_0001,A,STEP2,D,1,-1.5019290447235107,-0.25192904472351074,0.22270016372203827,0.7772998809814453,-1.5044355392456055,-0.25443553924560547,0.7772998809814453,1,1,"{""A"": ""position"", ""B"": ""color"", ""C"": ""size"", ""D"": ""orientation""}",/mnt/tidalfs-hssh01/dataset/xiang/models/Qwen2.5-VL-7B-Instruct,42,not_empty,next_token
A_0001,A,STEP2,AB,1,-0.6931471824645996,-0.6931471824645996,0.5,0.5,-0.6942435503005981,-0.6942435503005981,0.5,0,0,"{""A"": ""position"", ""B"": ""color"", ""C"": ""size"", ""D"": ""orientation""}",/mnt/tidalfs-hssh01/dataset/xiang/models/Qwen2.5-VL-7B-Instruct,42,not_empty,next_token
A_0001,A,STEP2,AC,1,-0.825939416885376,-0.575939416885376,0.43782350420951843,0.562176525592804,-0.826461911201477,-0.576461911201477,0.562176525592804,1,1,"{""A"": ""position"", ""B"": ""color"", ""C"": ""size"", ""D"": ""orientation""}",/mnt/tidalfs-hssh01/dataset/xiang/models/Qwen2.5-VL-7B-Instruct,42,not_empty,next_token
A_0001,A,STEP2,AD,1,-0.825939416885376,-0.575939416885376,0.43782350420951843,0.562176525592804,-0.827907383441925,-0.577907383441925,0.562176525592804,1,1,"{""A"": ""position"", ""B"": ""color"", ""C"": ""size"", ""D"": ""orientation""}",/mnt/tidalfs-hssh01/dataset/xiang/models/Qwen2.5-VL-7B-Instruct,42,not_empty,next_token
A_0001,A,STEP2,BC,1,-0.825939416885376,-0.575939416885376,0.43782350420951843,0.562176525592804,-0.8269189596176147,-0.5769189596176147,0.562176525592804,1,1,"{""A"": ""position"", ""B"": ""color"", ""C"": ""size"", ""D"": ""orientation""}",/mnt/tidalfs-hssh01/dataset/xiang/models/Qwen2.5-VL-7B-Instruct,42,not_empty,next_token
A_0001,A,STEP2,BD,1,-0.8981232643127441,-0.5231232643127441,0.4073334038257599,0.5926665663719177,-0.8992553353309631,-0.5242553353309631,0.5926665663719177,1,1,"{""A"": ""position"", ""B"": ""color"", ""C"": ""size"", ""D"": ""orientation""}",/mnt/tidalfs-hssh01/dataset/xiang/models/Qwen2.5-VL-7B-Instruct,42,not_empty,next_token
A_0001,A,STEP2,CD,1,-0.825939416885376,-0.575939416885376,0.43782350420951843,0.562176525592804,-0.8270318508148193,-0.5770318508148193,0.562176525592804,1,1,"{""A"": ""position"", ""B"": ""color"", ""C"": ""size"", ""D"": ""orientation""}",/mnt/tidalfs-hssh01/dataset/xiang/models/Qwen2.5-VL-7B-Instruct,42,not_empty,next_token
A_0001,A,STEP2,ABC,1,-0.575939416885376,-0.825939416885376,0.562176525592804,0.43782350420951843,-0.576577365398407,-0.826577365398407,0.43782350420951843,0,0,"{""A"": ""position"", ""B"": ""color"", ""C"": ""size"", ""D"": ""orientation""}",/mnt/tidalfs-hssh01/dataset/xiang/models/Qwen2.5-VL-7B-Instruct,42,not_empty,next_token
A_0001,A,STEP2,ABD,1,-0.6325989961624146,-0.7575989961624146,0.531209409236908,0.4687906503677368,-0.6333452463150024,-0.7583452463150024,0.4687906503677368,0,0,"{""A"": ""position"", ""B"": ""color"", ""C"": ""size"", ""D"": ""orientation""}",/mnt/tidalfs-hssh01/dataset/xiang/models/Qwen2.5-VL-7B-Instruct,42,not_empty,next_token
A_0001,A,STEP2,ACD,1,-0.7575989961624146,-0.6325989961624146,0.4687906503677368,0.531209409236908,-0.7580022215843201,-0.6330022215843201,0.531209409236908,1,1,"{""A"": ""position"", ""B"": ""color"", ""C"": ""size"", ""D"": ""orientation""}",/mnt/tidalfs-hssh01/dataset/xiang/models/Qwen2.5-VL-7B-Instruct,42,not_empty,next_token
A_0001,A,STEP2,BCD,1,-0.825939416885376,-0.575939416885376,0.43782350420951843,0.562176525592804,-0.8266996741294861,-0.5766996741294861,0.562176525592804,1,1,"{""A"": ""position"", ""B"": ""color"", ""C"": ""size"", ""D"": ""orientation""}",/mnt/tidalfs-hssh01/dataset/xiang/models/Qwen2.5-VL-7B-Instruct,42,not_empty,next_token
A_0001,A,STEP2,ABCD,1,-0.6325989961624146,-0.7575989961624146,0.531209409236908,0.4687906503677368,-0.6331584453582764,-0.7581584453582764,0.4687906503677368,0,0,"{""A"": ""position"", ""B"": ""color"", ""C"": ""size"", ""D"": ""orientation""}",/mnt/tidalfs-hssh01/dataset/xiang/models/Qwen2.5-VL-7B-Instruct,42,not_empty,next_token
A_0001,A,FINAL,EMPTY,0,-0.825939416885376,-0.575939416885376,0.43782350420951843,0.562176525592804,-1.032974123954773,-0.782974123954773,0.43782350420951843,1,0,"{""A"": ""position"", ""B"": ""color"", ""C"": ""size"", ""D"": ""orientation""}",/mnt/tidalfs-hssh01/dataset/xiang/models/Qwen2.5-VL-7B-Instruct,42,text_only,next_token
A_0001,A,FINAL,A,0,-0.825939416885376,-0.575939416885376,0.43782350420951843,0.562176525592804,-0.8441141843795776,-0.5941141843795776,0.43782350420951843,1,0,"{""A"": ""position"", ""B"": ""color"", ""C"": ""size"", ""D"": ""orientation""}",/mnt/tidalfs-hssh01/dataset/xiang/models/Qwen2.5-VL-7B-Instruct,42,not_empty,next_token
A_0001,A,FINAL,B,0,-0.7575989961624146,-0.6325989961624146,0.4687906503677368,0.531209409236908,-0.7723475694656372,-0.6473475694656372,0.4687906503677368,1,0,"{""A"": ""position"", ""B"": ""color"", ""C"": ""size"", ""D"": ""orientation""}",/mnt/tidalfs-hssh01/dataset/xiang/models/Qwen2.5-VL-7B-Instruct,42,not_empty,next_token
A_0001,A,FINAL,C,0,-0.825939416885376,-0.575939416885376,0.43782350420951843,0.562176525592804,-0.8405668139457703,-0.5905668139457703,0.43782350420951843,1,0,"{""A"": ""position"", ""B"": ""color"", ""C"": ""size"", ""D"": ""orientation""}",/mnt/tidalfs-hssh01/dataset/xiang/models/Qwen2.5-VL-7B-Instruct,42,not_empty,next_token
A_0001,A,FINAL,D,0,-1.053700566291809,-0.42870065569877625,0.3486451506614685,0.6513548493385315,-1.076493740081787,-0.4514937996864319,0.3486451506614685,1,0,"{""A"": ""position"", ""B"": ""color"", ""C"": ""size"", ""D"": ""orientation""}",/mnt/tidalfs-hssh01/dataset/xiang/models/Qwen2.5-VL-7B-Instruct,42,not_empty,next_token
A_0001,A,FINAL,AB,0,-0.6931471824645996,-0.6931471824645996,0.5,0.5,-0.6952663660049438,-0.6952663660049438,0.5,0,1,"{""A"": ""position"", ""B"": ""color"", ""C"": ""size"", ""D"": ""orientation""}",/mnt/tidalfs-hssh01/dataset/xiang/models/Qwen2.5-VL-7B-Instruct,42,not_empty,next_token
A_0001,A,FINAL,AC,0,-0.825939416885376,-0.575939416885376,0.43782350420951843,0.562176525592804,-0.827228307723999,-0.577228307723999,0.43782350420951843,1,0,"{""A"": ""position"", ""B"": ""color"", ""C"": ""size"", ""D"": ""orientation""}",/mnt/tidalfs-hssh01/dataset/xiang/models/Qwen2.5-VL-7B-Instruct,42,not_empty,next_token
A_0001,A,FINAL,AD,0,-0.9740769863128662,-0.4740769863128662,0.3775406777858734,0.622459352016449,-0.9781070351600647,-0.4781070351600647,0.3775406777858734,1,0,"{""A"": ""position"", ""B"": ""color"", ""C"": ""size"", ""D"": ""orientation""}",/mnt/tidalfs-hssh01/dataset/xiang/models/Qwen2.5-VL-7B-Instruct,42,not_empty,next_token
A_0001,A,FINAL,BC,0,-0.7575989961624146,-0.6325989961624146,0.4687906503677368,0.531209409236908,-0.7608028650283813,-0.6358028650283813,0.4687906503677368,1,0,"{""A"": ""position"", ""B"": ""color"", ""C"": ""size"", ""D"": ""orientation""}",/mnt/tidalfs-hssh01/dataset/xiang/models/Qwen2.5-VL-7B-Instruct,42,not_empty,next_token
A_0001,A,FINAL,BD,0,-0.825939416885376,-0.575939416885376,0.43782350420951843,0.562176525592804,-0.8317471742630005,-0.5817471742630005,0.43782350420951843,1,0,"{""A"": ""position"", ""B"": ""color"", ""C"": ""size"", ""D"": ""orientation""}",/mnt/tidalfs-hssh01/dataset/xiang/models/Qwen2.5-VL-7B-Instruct,42,not_empty,next_token
A_0001,A,FINAL,CD,0,-0.8981232643127441,-0.5231232643127441,0.4073334038257599,0.5926665663719177,-0.9077074527740479,-0.5327074527740479,0.4073334038257599,1,0,"{""A"": ""position"", ""B"": ""color"", ""C"": ""size"", ""D"": ""orientation""}",/mnt/tidalfs-hssh01/dataset/xiang/models/Qwen2.5-VL-7B-Instruct,42,not_empty,next_token
A_0001,A,FINAL,ABC,0,-0.6931471824645996,-0.6931471824645996,0.5,0.5,-0.6951463222503662,-0.6951463222503662,0.5,0,1,"{""A"": ""position"", ""B"": ""color"", ""C"": ""size"", ""D"": ""orientation""}",/mnt/tidalfs-hssh01/dataset/xiang/models/Qwen2.5-VL-7B-Instruct,42,not_empty,next_token
A_0001,A,FINAL,ABD,0,-0.8981232643127441,-0.5231232643127441,0.4073334038257599,0.5926665663719177,-0.8995277285575867,-0.5245277285575867,0.4073334038257599,1,0,"{""A"": ""position"", ""B"": ""color"", ""C"": ""size"", ""D"": ""orientation""}",/mnt/tidalfs-hssh01/dataset/xiang/models/Qwen2.5-VL-7B-Instruct,42,not_empty,next_token
A_0001,A,FINAL,ACD,0,-0.8981232643127441,-0.5231232643127441,0.4073334038257599,0.5926665663719177,-0.8994010090827942,-0.5244010090827942,0.4073334038257599,1,0,"{""A"": ""position"", ""B"": ""color"", ""C"": ""size"", ""D"": ""orientation""}",/mnt/tidalfs-hssh01/dataset/xiang/models/Qwen2.5-VL-7B-Instruct,42,not_empty,next_token
A_0001,A,FINAL,BCD,0,-0.8981232643127441,-0.5231232643127441,0.4073334038257599,0.5926665663719177,-0.901079535484314,-0.526079535484314,0.4073334038257599,1,0,"{""A"": ""position"", ""B"": ""color"", ""C"": ""size"", ""D"": ""orientation""}",/mnt/tidalfs-hssh01/dataset/xiang/models/Qwen2.5-VL-7B-Instruct,42,not_empty,next_token
A_0001,A,FINAL,ABCD,0,-0.8981232643127441,-0.5231232643127441,0.4073334038257599,0.5926665663719177,-0.8991801142692566,-0.5241801142692566,0.4073334038257599,1,0,"{""A"": ""position"", ""B"": ""color"", ""C"": ""size"", ""D"": ""orientation""}",/mnt/tidalfs-hssh01/dataset/xiang/models/Qwen2.5-VL-7B-Instruct,42,not_empty,next_token
A_0009,A,STEP1,EMPTY,0,-0.6931471824645996,-0.6931471824645996,0.5,0.5,-0.7521441578865051,-0.7521441578865051,0.5,0,1,"{""A"": ""position"", ""B"": ""color"", ""C"": ""size"", ""D"": ""orientation""}",/mnt/tidalfs-hssh01/dataset/xiang/models/Qwen2.5-VL-7B-Instruct,42,text_only,next_token
A_0009,A,STEP1,A,0,-0.6931471824645996,-0.6931471824645996,0.5,0.5,-0.695659339427948,-0.695659339427948,0.5,0,1,"{""A"": ""position"", ""B"": ""color"", ""C"": ""size"", ""D"": ""orientation""}",/mnt/tidalfs-hssh01/dataset/xiang/models/Qwen2.5-VL-7B-Instruct,42,not_empty,next_token
A_0009,A,STEP1,B,0,-0.6931471824645996,-0.6931471824645996,0.5,0.5,-0.6952781677246094,-0.6952781677246094,0.5,0,1,"{""A"": ""position"", ""B"": ""color"", ""C"": ""size"", ""D"": ""orientation""}",/mnt/tidalfs-hssh01/dataset/xiang/models/Qwen2.5-VL-7B-Instruct,42,not_empty,next_token
A_0009,A,STEP1,C,0,-0.6931471824645996,-0.6931471824645996,0.5,0.5,-0.6952361464500427,-0.6952361464500427,0.5,0,1,"{""A"": ""position"", ""B"": ""color"", ""C"": ""size"", ""D"": ""orientation""}",/mnt/tidalfs-hssh01/dataset/xiang/models/Qwen2.5-VL-7B-Instruct,42,not_empty,next_token
A_0009,A,STEP1,D,0,-0.825939416885376,-0.575939416885376,0.43782350420951843,0.562176525592804,-0.8328023552894592,-0.5828023552894592,0.43782350420951843,1,0,"{""A"": ""position"", ""B"": ""color"", ""C"": ""size"", ""D"": ""orientation""}",/mnt/tidalfs-hssh01/dataset/xiang/models/Qwen2.5-VL-7B-Instruct,42,not_empty,next_token
A_0009,A,STEP1,AB,0,-0.6931471824645996,-0.6931471824645996,0.5,0.5,-0.6935794353485107,-0.6935794353485107,0.5,0,1,"{""A"": ""position"", ""B"": ""color"", ""C"": ""size"", ""D"": ""orientation""}",/mnt/tidalfs-hssh01/dataset/xiang/models/Qwen2.5-VL-7B-Instruct,42,not_empty,next_token
A_0009,A,STEP1,AC,0,-0.825939416885376,-0.575939416885376,0.43782350420951843,0.562176525592804,-0.8263320922851562,-0.5763320922851562,0.43782350420951843,1,0,"{""A"": ""position"", ""B"": ""color"", ""C"": ""size"", ""D"": ""orientation""}",/mnt/tidalfs-hssh01/dataset/xiang/models/Qwen2.5-VL-7B-Instruct,42,not_empty,next_token
A_0009,A,STEP1,AD,0,-0.825939416885376,-0.575939416885376,0.43782350420951843,0.562176525592804,-0.8270623683929443,-0.5770623683929443,0.43782350420951843,1,0,"{""A"": ""position"", ""B"": ""color"", ""C"": ""size"", ""D"": ""orientation""}",/mnt/tidalfs-hssh01/dataset/xiang/models/Qwen2.5-VL-7B-Instruct,42,not_empty,next_token
A_0009,A,STEP1,BC,0,-0.7575989961624146,-0.6325989961624146,0.4687906503677368,0.531209409236908,-0.7582226991653442,-0.6332226991653442,0.4687906503677368,1,0,"{""A"": ""position"", ""B"": ""color"", ""C"": ""size"", ""D"": ""orientation""}",/mnt/tidalfs-hssh01/dataset/xiang/models/Qwen2.5-VL-7B-Instruct,42,not_empty,next_token
A_0009,A,STEP1,BD,0,-0.8981232643127441,-0.5231232643127441,0.4073334038257599,0.5926665663719177,-0.8990029692649841,-0.5240029692649841,0.4073334038257599,1,0,"{""A"": ""position"", ""B"": ""color"", ""C"": ""size"", ""D"": ""orientation""}",/mnt/tidalfs-hssh01/dataset/xiang/models/Qwen2.5-VL-7B-Instruct,42,not_empty,next_token
A_0009,A,STEP1,CD,0,-0.825939416885376,-0.575939416885376,0.43782350420951843,0.562176525592804,-0.8270922303199768,-0.5770922303199768,0.43782350420951843,1,0,"{""A"": ""position"", ""B"": ""color"", ""C"": ""size"", ""D"": ""orientation""}",/mnt/tidalfs-hssh01/dataset/xiang/models/Qwen2.5-VL-7B-Instruct,42,not_empty,next_token
A_0009,A,STEP1,ABC,0,-0.825939416885376,-0.575939416885376,0.43782350420951843,0.562176525592804,-0.8261701464653015,-0.5761701464653015,0.43782350420951843,1,0,"{""A"": ""position"", ""B"": ""color"", ""C"": ""size"", ""D"": ""orientation""}",/mnt/tidalfs-hssh01/dataset/xiang/models/Qwen2.5-VL-7B-Instruct,42,not_empty,next_token
A_0009,A,STEP1,ABD,0,-0.825939416885376,-0.575939416885376,0.43782350420951843,0.562176525592804,-0.8262399435043335,-0.5762399435043335,0.43782350420951843,1,0,"{""A"": ""position"", ""B"": ""color"", ""C"": ""size"", ""D"": ""orientation""}",/mnt/tidalfs-hssh01/dataset/xiang/models/Qwen2.5-VL-7B-Instruct,42,not_empty,next_token
A_0009,A,STEP1,ACD,0,-0.8981232643127441,-0.5231232643127441,0.4073334038257599,0.5926665663719177,-0.8984265327453613,-0.5234265327453613,0.4073334038257599,1,0,"{""A"": ""position"", ""B"": ""color"", ""C"": ""size"", ""D"": ""orientation""}",/mnt/tidalfs-hssh01/dataset/xiang/models/Qwen2.5-VL-7B-Instruct,42,not_empty,next_token
A_0009,A,STEP1,BCD,0,-0.9740769863128662,-0.4740769863128662,0.3775406777858734,0.622459352016449,-0.9743541479110718,-0.47435417771339417,0.3775406777858734,1,0,"{""A"": ""position"", ""B"": ""color"", ""C"": ""size"", ""D"": ""orientation""}",/mnt/tidalfs-hssh01/dataset/xiang/models/Qwen2.5-VL-7B-Instruct,42,not_empty,next_token
A_0009,A,STEP1,ABCD,0,-0.9740769863128662,-0.4740769863128662,0.3775406777858734,0.622459352016449,-0.9742546677589417,-0.47425466775894165,0.3775406777858734,1,0,"{""A"": ""position"", ""B"": ""color"", ""C"": ""size"", ""D"": ""orientation""}",/mnt/tidalfs-hssh01/dataset/xiang/models/Qwen2.5-VL-7B-Instruct,42,not_empty,next_token
A_0009,A,STEP2,EMPTY,1,-1.1368709802627563,-0.38687101006507874,0.3208213150501251,0.6791786551475525,-1.1873528957366943,-0.4373529553413391,0.6791786551475525,1,1,"{""A"": ""position"", ""B"": ""color"", ""C"": ""size"", ""D"": ""orientation""}",/mnt/tidalfs-hssh01/dataset/xiang/models/Qwen2.5-VL-7B-Instruct,42,text_only,next_token
A_0009,A,STEP2,A,1,-0.9740769863128662,-0.4740769863128662,0.3775406777858734,0.622459352016449,-0.976046621799469,-0.476046621799469,0.622459352016449,1,1,"{""A"": ""position"", ""B"": ""color"", ""C"": ""size"", ""D"": ""orientation""}",/mnt/tidalfs-hssh01/dataset/xiang/models/Qwen2.5-VL-7B-Instruct,42,not_empty,next_token
A_0009,A,STEP2,B,1,-0.8981232643127441,-0.5231232643127441,0.4073334038257599,0.5926665663719177,-0.9001257419586182,-0.5251257419586182,0.5926665663719177,1,1,"{""A"": ""position"", ""B"": ""color"", ""C"": ""size"", ""D"": ""orientation""}",/mnt/tidalfs-hssh01/dataset/xiang/models/Qwen2.5-VL-7B-Instruct,42,not_empty,next_token
A_0009,A,STEP2,C,1,-1.2234445810317993,-0.3484445810317993,0.29421499371528625,0.7057850360870361,-1.2249228954315186,-0.34992292523384094,0.7057850360870361,1,1,"{""A"": ""position"", ""B"": ""color"", ""C"": ""size"", ""D"": ""orientation""}",/mnt/tidalfs-hssh01/dataset/xiang/models/Qwen2.5-VL-7B-Instruct,42,not_empty,next_token
A_0009,A,STEP2,D,1,-1.2234445810317993,-0.3484445810317993,0.29421499371528625,0.7057850360870361,-1.2276611328125,-0.3526611626148224,0.7057850360870361,1,1,"{""A"": ""position"", ""B"": ""color"", ""C"": ""size"", ""D"": ""orientation""}",/mnt/tidalfs-hssh01/dataset/xiang/models/Qwen2.5-VL-7B-Instruct,42,not_empty,next_token
A_0009,A,STEP2,AB,1,-0.7575989961624146,-0.6325989961624146,0.4687906503677368,0.531209409236908,-0.7584482431411743,-0.6334482431411743,0.531209409236908,1,1,"{""A"": ""position"", ""B"": ""color"", ""C"": ""size"", ""D"": ""orientation""}",/mnt/tidalfs-hssh01/dataset/xiang/models/Qwen2.5-VL-7B-Instruct,42,not_empty,next_token
A_0009,A,STEP2,AC,1,-1.4061501026153564,-0.28115010261535645,0.24508503079414368,0.7549149990081787,-1.4064395427703857,-0.28143957257270813,0.7549149990081787,1,1,"{""A"": ""position"", ""B"": ""color"", ""C"": ""size"", ""D"": ""orientation""}",/mnt/tidalfs-hssh01/dataset/xiang/models/Qwen2.5-VL-7B-Instruct,42,not_empty,next_token
A_0009,A,STEP2,AD,1,-0.9740769863128662,-0.4740769863128662,0.3775406777858734,0.622459352016449,-0.9756172299385071,-0.4756172299385071,0.622459352016449,1,1,"{""A"": ""position"", ""B"": ""color"", ""C"": ""size"", ""D"": ""orientation""}",/mnt/tidalfs-hssh01/dataset/xiang/models/Qwen2.5-VL-7B-Instruct,42,not_empty,next_token
A_0009,A,STEP2,BC,1,-1.1368709802627563,-0.38687101006507874,0.3208213150501251,0.6791786551475525,-1.1376681327819824,-0.3876681327819824,0.6791786551475525,1,1,"{""A"": ""position"", ""B"": ""color"", ""C"": ""size"", ""D"": ""orientation""}",/mnt/tidalfs-hssh01/dataset/xiang/models/Qwen2.5-VL-7B-Instruct,42,not_empty,next_token
A_0009,A,STEP2,BD,1,-0.8981232643127441,-0.5231232643127441,0.4073334038257599,0.5926665663719177,-0.9000710248947144,-0.5250710248947144,0.5926665663719177,1,1,"{""A"": ""position"", ""B"": ""color"", ""C"": ""size"", ""D"": ""orientation""}",/mnt/tidalfs-hssh01/dataset/xiang/models/Qwen2.5-VL-7B-Instruct,42,not_empty,next_token
A_0009,A,STEP2,CD,1,-1.3132617473602295,-0.3132617473602295,0.26894140243530273,0.7310584783554077,-1.3141708374023438,-0.3141708970069885,0.7310584783554077,1,1,"{""A"": ""position"", ""B"": ""color"", ""C"": ""size"", ""D"": ""orientation""}",/mnt/tidalfs-hssh01/dataset/xiang/models/Qwen2.5-VL-7B-Instruct,42,not_empty,next_token
A_0009,A,STEP2,ABC,1,-1.1368709802627563,-0.38687101006507874,0.3208213150501251,0.6791786551475525,-1.1374207735061646,-0.38742077350616455,0.6791786551475525,1,1,"{""A"": ""position"", ""B"": ""color"", ""C"": ""size"", ""D"": ""orientation""}",/mnt/tidalfs-hssh01/dataset/xiang/models/Qwen2.5-VL-7B-Instruct,42,not_empty,next_token
A_0009,A,STEP2,ABD,1,-0.6325989961624146,-0.7575989961624146,0.531209409236908,0.4687906503677368,-0.6333204507827759,-0.7583204507827759,0.4687906503677368,0,0,"{""A"": ""position"", ""B"": ""color"", ""C"": ""size"", ""D"": ""orientation""}",/mnt/tidalfs-hssh01/dataset/xiang/models/Qwen2.5-VL-7B-Instruct,42,not_empty,next_token
A_0009,A,STEP2,ACD,1,-1.6004126071929932,-0.22541262209415436,0.2018132209777832,0.7981867790222168,-1.6006540060043335,-0.2256539911031723,0.7981867790222168,1,1,"{""A"": ""position"", ""B"": ""color"", ""C"": ""size"", ""D"": ""orientation""}",/mnt/tidalfs-hssh01/dataset/xiang/models/Qwen2.5-VL-7B-Instruct,42,not_empty,next_token
A_0009,A,STEP2,BCD,1,-1.2234445810317993,-0.3484445810317993,0.29421499371528625,0.7057850360870361,-1.2238657474517822,-0.3488657474517822,0.7057850360870361,1,1,"{""A"": ""position"", ""B"": ""color"", ""C"": ""size"", ""D"": ""orientation""}",/mnt/tidalfs-hssh01/dataset/xiang/models/Qwen2.5-VL-7B-Instruct,42,not_empty,next_token
A_0009,A,STEP2,ABCD,1,-1.2234445810317993,-0.3484445810317993,0.29421499371528625,0.7057850360870361,-1.2238178253173828,-0.3488178253173828,0.7057850360870361,1,1,"{""A"": ""position"", ""B"": ""color"", ""C"": ""size"", ""D"": ""orientation""}",/mnt/tidalfs-hssh01/dataset/xiang/models/Qwen2.5-VL-7B-Instruct,42,not_empty,next_token
A_0009,A,FINAL,EMPTY,1,-0.825939416885376,-0.575939416885376,0.43782350420951843,0.562176525592804,-1.032974123954773,-0.782974123954773,0.562176525592804,1,1,"{""A"": ""position"", ""B"": ""color"", ""C"": ""size"", ""D"": ""orientation""}",/mnt/tidalfs-hssh01/dataset/xiang/models/Qwen2.5-VL-7B-Instruct,42,text_only,next_token
A_0009,A,FINAL,A,1,-0.825939416885376,-0.575939416885376,0.43782350420951843,0.562176525592804,-0.8462235331535339,-0.5962235331535339,0.562176525592804,1,1,"{""A"": ""position"", ""B"": ""color"", ""C"": ""size"", ""D"": ""orientation""}",/mnt/tidalfs-hssh01/dataset/xiang/models/Qwen2.5-VL-7B-Instruct,42,not_empty,next_token
A_0009,A,FINAL,B,1,-0.7575989961624146,-0.6325989961624146,0.4687906503677368,0.531209409236908,-0.7723475694656372,-0.6473475694656372,0.531209409236908,1,1,"{""A"": ""position"", ""B"": ""color"", ""C"": ""size"", ""D"": ""orientation""}",/mnt/tidalfs-hssh01/dataset/xiang/models/Qwen2.5-VL-7B-Instruct,42,not_empty,next_token
A_0009,A,FINAL,C,1,-0.8981232643127441,-0.5231232643127441,0.4073334038257599,0.5926665663719177,-0.9070677757263184,-0.5320677757263184,0.5926665663719177,1,1,"{""A"": ""position"", ""B"": ""color"", ""C"": ""size"", ""D"": ""orientation""}",/mnt/tidalfs-hssh01/dataset/xiang/models/Qwen2.5-VL-7B-Instruct,42,not_empty,next_token
A_0009,A,FINAL,D,1,-0.8981232643127441,-0.5231232643127441,0.4073334038257599,0.5926665663719177,-0.947605311870575,-0.572605311870575,0.5926665663719177,1,1,"{""A"": ""position"", ""B"": ""color"", ""C"": ""size"", ""D"": ""orientation""}",/mnt/tidalfs-hssh01/dataset/xiang/models/Qwen2.5-VL-7B-Instruct,42,not_empty,next_token
A_0009,A,FINAL,AB,1,-0.6931471824645996,-0.6931471824645996,0.5,0.5,-0.69500333070755,-0.69500333070755,0.5,0,0,"{""A"": ""position"", ""B"": ""color"", ""C"": ""size"", ""D"": ""orientation""}",/mnt/tidalfs-hssh01/dataset/xiang/models/Qwen2.5-VL-7B-Instruct,42,not_empty,next_token
A_0009,A,FINAL,AC,1,-0.825939416885376,-0.575939416885376,0.43782350420951843,0.562176525592804,-0.8274644017219543,-0.5774644017219543,0.562176525592804,1,1,"{""A"": ""position"", ""B"": ""color"", ""C"": ""size"", ""D"": ""orientation""}",/mnt/tidalfs-hssh01/dataset/xiang/models/Qwen2.5-VL-7B-Instruct,42,not_empty,next_token
A_0009,A,FINAL,AD,1,-0.8981232643127441,-0.5231232643127441,0.4073334038257599,0.5926665663719177,-0.9026461839675903,-0.5276461839675903,0.5926665663719177,1,1,"{""A"": ""position"", ""B"": ""color"", ""C"": ""size"", ""D"": ""orientation""}",/mnt/tidalfs-hssh01/dataset/xiang/models/Qwen2.5-VL-7B-Instruct,42,not_empty,next_token
A_0009,A,FINAL,BC,1,-0.7575989961624146,-0.6325989961624146,0.4687906503677368,0.531209409236908,-0.7607599496841431,-0.6357599496841431,0.531209409236908,1,1,"{""A"": ""position"", ""B"": ""color"", ""C"": ""size"", ""D"": ""orientation""}",/mnt/tidalfs-hssh01/dataset/xiang/models/Qwen2.5-VL-7B-Instruct,42,not_empty,next_token
A_0009,A,FINAL,BD,1,-0.8981232643127441,-0.5231232643127441,0.4073334038257599,0.5926665663719177,-0.9042872786521912,-0.5292872786521912,0.5926665663719177,1,1,"{""A"": ""position"", ""B"": ""color"", ""C"": ""size"", ""D"": ""orientation""}",/mnt/tidalfs-hssh01/dataset/xiang/models/Qwen2.5-VL-7B-Instruct,42,not_empty,next_token
A_0009,A,FINAL,CD,1,-0.8981232643127441,-0.5231232643127441,0.4073334038257599,0.5926665663719177,-0.9033915996551514,-0.5283915996551514,0.5926665663719177,1,1,"{""A"": ""position"", ""B"": ""color"", ""C"": ""size"", ""D"": ""orientation""}",/mnt/tidalfs-hssh01/dataset/xiang/models/Qwen2.5-VL-7B-Instruct,42,not_empty,next_token
A_0009,A,FINAL,ABC,1,-0.7575989961624146,-0.6325989961624146,0.4687906503677368,0.531209409236908,-0.7588856816291809,-0.6338856816291809,0.531209409236908,1,1,"{""A"": ""position"", ""B"": ""color"", ""C"": ""size"", ""D"": ""orientation""}",/mnt/tidalfs-hssh01/dataset/xiang/models/Qwen2.5-VL-7B-Instruct,42,not_empty,next_token
A_0009,A,FINAL,ABD,1,-0.8981232643127441,-0.5231232643127441,0.4073334038257599,0.5926665663719177,-0.8994264602661133,-0.5244264602661133,0.5926665663719177,1,1,"{""A"": ""position"", ""B"": ""color"", ""C"": ""size"", ""D"": ""orientation""}",/mnt/tidalfs-hssh01/dataset/xiang/models/Qwen2.5-VL-7B-Instruct,42,not_empty,next_token
A_0009,A,FINAL,ACD,1,-0.9740769863128662,-0.4740769863128662,0.3775406777858734,0.622459352016449,-0.9751112461090088,-0.4751112163066864,0.622459352016449,1,1,"{""A"": ""position"", ""B"": ""color"", ""C"": ""size"", ""D"": ""orientation""}",/mnt/tidalfs-hssh01/dataset/xiang/models/Qwen2.5-VL-7B-Instruct,42,not_empty,next_token
A_0009,A,FINAL,BCD,1,-0.8981232643127441,-0.5231232643127441,0.4073334038257599,0.5926665663719177,-0.9003550410270691,-0.5253550410270691,0.5926665663719177,1,1,"{""A"": ""position"", ""B"": ""color"", ""C"": ""size"", ""D"": ""orientation""}",/mnt/tidalfs-hssh01/dataset/xiang/models/Qwen2.5-VL-7B-Instruct,42,not_empty,next_token
A_0009,A,FINAL,ABCD,1,-0.9740769863128662,-0.4740769863128662,0.3775406777858734,0.622459352016449,-0.9750860929489136,-0.4750860929489136,0.622459352016449,1,1,"{""A"": ""position"", ""B"": ""color"", ""C"": ""size"", ""D"": ""orientation""}",/mnt/tidalfs-hssh01/dataset/xiang/models/Qwen2.5-VL-7B-Instruct,42,not_empty,next_token
A_0017,A,STEP1,EMPTY,0,-0.825939416885376,-0.575939416885376,0.43782350420951843,0.562176525592804,-0.8866772651672363,-0.6366772651672363,0.43782350420951843,1,0,"{""A"": ""color"", ""B"": ""size"", ""C"": ""orientation"", ""D"": ""position""}",/mnt/tidalfs-hssh01/dataset/xiang/models/Qwen2.5-VL-7B-Instruct,42,text_only,next_token
A_0017,A,STEP1,A,0,-0.6325989961624146,-0.7575989961624146,0.531209409236908,0.4687906503677368,-0.6342206597328186,-0.7592206597328186,0.531209409236908,0,1,"{""A"": ""color"", ""B"": ""size"", ""C"": ""orientation"", ""D"": ""position""}",/mnt/tidalfs-hssh01/dataset/xiang/models/Qwen2.5-VL-7B-Instruct,42,not_empty,next_token
A_0017,A,STEP1,B,0,-0.8981232643127441,-0.5231232643127441,0.4073334038257599,0.5926665663719177,-0.9003609418869019,-0.5253609418869019,0.4073334038257599,1,0,"{""A"": ""color"", ""B"": ""size"", ""C"": ""orientation"", ""D"": ""position""}",/mnt/tidalfs-hssh01/dataset/xiang/models/Qwen2.5-VL-7B-Instruct,42,not_empty,next_token
A_0017,A,STEP1,C,0,-0.9740769863128662,-0.4740769863128662,0.3775406777858734,0.622459352016449,-0.981826663017273,-0.48182669281959534,0.3775406777858734,1,0,"{""A"": ""color"", ""B"": ""size"", ""C"": ""orientation"", ""D"": ""position""}",/mnt/tidalfs-hssh01/dataset/xiang/models/Qwen2.5-VL-7B-Instruct,42,not_empty,next_token
A_0017,A,STEP1,D,0,-0.9740769863128662,-0.4740769863128662,0.3775406777858734,0.622459352016449,-0.9776468276977539,-0.4776468276977539,0.3775406777858734,1,0,"{""A"": ""color"", ""B"": ""size"", ""C"": ""orientation"", ""D"": ""position""}",/mnt/tidalfs-hssh01/dataset/xiang/models/Qwen2.5-VL-7B-Instruct,42,not_empty,next_token
A_0017,A,STEP1,AB,0,-0.825939416885376,-0.575939416885376,0.43782350420951843,0.562176525592804,-0.8262333273887634,-0.5762333273887634,0.43782350420951843,1,0,"{""A"": ""color"", ""B"": ""size"", ""C"": ""orientation"", ""D"": ""position""}",/mnt/tidalfs-hssh01/dataset/xiang/models/Qwen2.5-VL-7B-Instruct,42,not_empty,next_token
A_0017,A,STEP1,AC,0,-0.7575989961624146,-0.6325989961624146,0.4687906503677368,0.531209409236908,-0.758022129535675,-0.633022129535675,0.4687906503677368,1,0,"{""A"": ""color"", ""B"": ""size"", ""C"": ""orientation"", ""D"": ""position""}",/mnt/tidalfs-hssh01/dataset/xiang/models/Qwen2.5-VL-7B-Instruct,42,not_empty,next_token
A_0017,A,STEP1,AD,0,-0.825939416885376,-0.575939416885376,0.43782350420951843,0.562176525592804,-0.826427698135376,-0.576427698135376,0.43782350420951843,1,0,"{""A"": ""color"", ""B"": ""size"", ""C"": ""orientation"", ""D"": ""position""}",/mnt/tidalfs-hssh01/dataset/xiang/models/Qwen2.5-VL-7B-Instruct,42,not_empty,next_token
A_0017,A,STEP1,BC,0,-1.0537006855010986,-0.42870065569877625,0.3486451208591461,0.6513548493385315,-1.0549166202545166,-0.4299165606498718,0.3486451208591461,1,0,"{""A"": ""color"", ""B"": ""size"", ""C"": ""orientation"", ""D"": ""position""}",/mnt/tidalfs-hssh01/dataset/xiang/models/Qwen2.5-VL-7B-Instruct,42,not_empty,next_token
A_0017,A,STEP1,BD,0,-0.9740769863128662,-0.4740769863128662,0.3775406777858734,0.622459352016449,-0.9748591184616089,-0.4748591482639313,0.3775406777858734,1,0,"{""A"": ""color"", ""B"": ""size"", ""C"": ""orientation"", ""D"": ""position""}",/mnt/tidalfs-hssh01/dataset/xiang/models/Qwen2.5-VL-7B-Instruct,42,not_empty,next_token
A_0017,A,STEP1,CD,0,-0.825939416885376,-0.575939416885376,0.43782350420951843,0.562176525592804,-0.8275344967842102,-0.5775344967842102,0.43782350420951843,1,0,"{""A"": ""color"", ""B"": ""size"", ""C"": ""orientation"", ""D"": ""position""}",/mnt/tidalfs-hssh01/dataset/xiang/models/Qwen2.5-VL-7B-Instruct,42,not_empty,next_token
A_0017,A,STEP1,ABC,0,-0.9740769863128662,-0.4740769863128662,0.3775406777858734,0.622459352016449,-0.9743039608001709,-0.4743039608001709,0.3775406777858734,1,0,"{""A"": ""color"", ""B"": ""size"", ""C"": ""orientation"", ""D"": ""position""}",/mnt/tidalfs-hssh01/dataset/xiang/models/Qwen2.5-VL-7B-Instruct,42,not_empty,next_token
A_0017,A,STEP1,ABD,0,-0.8981232643127441,-0.5231232643127441,0.4073334038257599,0.5926665663719177,-0.8983500003814697,-0.5233500003814697,0.4073334038257599,1,0,"{""A"": ""color"", ""B"": ""size"", ""C"": ""orientation"", ""D"": ""position""}",/mnt/tidalfs-hssh01/dataset/xiang/models/Qwen2.5-VL-7B-Instruct,42,not_empty,next_token
A_0017,A,STEP1,ACD,0,-0.8981232643127441,-0.5231232643127441,0.4073334038257599,0.5926665663719177,-0.8984251618385315,-0.5234251618385315,0.4073334038257599,1,0,"{""A"": ""color"", ""B"": ""size"", ""C"": ""orientation"", ""D"": ""position""}",/mnt/tidalfs-hssh01/dataset/xiang/models/Qwen2.5-VL-7B-Instruct,42,not_empty,next_token
A_0017,A,STEP1,BCD,0,-0.9740769863128662,-0.4740769863128662,0.3775406777858734,0.622459352016449,-0.9746965169906616,-0.474696546792984,0.3775406777858734,1,0,"{""A"": ""color"", ""B"": ""size"", ""C"": ""orientation"", ""D"": ""position""}",/mnt/tidalfs-hssh01/dataset/xiang/models/Qwen2.5-VL-7B-Instruct,42,not_empty,next_token
A_0017,A,STEP1,ABCD,0,-0.9740769863128662,-0.4740769863128662,0.3775406777858734,0.622459352016449,-0.9742807149887085,-0.4742807149887085,0.3775406777858734,1,0,"{""A"": ""color"", ""B"": ""size"", ""C"": ""orientation"", ""D"": ""position""}",/mnt/tidalfs-hssh01/dataset/xiang/models/Qwen2.5-VL-7B-Instruct,42,not_empty,next_token
A_0017,A,STEP2,EMPTY,1,-1.1368709802627563,-0.38687101006507874,0.3208213150501251,0.6791786551475525,-1.166052222251892,-0.4160521924495697,0.6791786551475525,1,1,"{""A"": ""color"", ""B"": ""size"", ""C"": ""orientation"", ""D"": ""position""}",/mnt/tidalfs-hssh01/dataset/xiang/models/Qwen2.5-VL-7B-Instruct,42,text_only,next_token
A_0017,A,STEP2,A,1,-1.1368709802627563,-0.38687101006507874,0.3208213150501251,0.6791786551475525,-1.138103723526001,-0.38810375332832336,0.6791786551475525,1,1,"{""A"": ""color"", ""B"": ""size"", ""C"": ""orientation"", ""D"": ""position""}",/mnt/tidalfs-hssh01/dataset/xiang/models/Qwen2.5-VL-7B-Instruct,42,not_empty,next_token
A_0017,A,STEP2,B,1,-1.0537006855010986,-0.42870065569877625,0.3486451208591461,0.6513548493385315,-1.0553741455078125,-0.4303741157054901,0.6513548493385315,1,1,"{""A"": ""color"", ""B"": ""size"", ""C"": ""orientation"", ""D"": ""position""}",/mnt/tidalfs-hssh01/dataset/xiang/models/Qwen2.5-VL-7B-Instruct,42,not_empty,next_token
A_0017,A,STEP2,C,1,-1.1368709802627563,-0.38687101006507874,0.3208213150501251,0.6791786551475525,-1.1390414237976074,-0.3890414237976074,0.6791786551475525,1,1,"{""A"": ""color"", ""B"": ""size"", ""C"": ""orientation"", ""D"": ""position""}",/mnt/tidalfs-hssh01/dataset/xiang/models/Qwen2.5-VL-7B-Instruct,42,not_empty,next_token
A_0017,A,STEP2,D,1,-1.1368709802627563,-0.38687101006507874,0.3208213150501251,0.6791786551475525,-1.1389763355255127,-0.38897639513015747,0.6791786551475525,1,1,"{""A"": ""color"", ""B"": ""size"", ""C"": ""orientation"", ""D"": ""position""}",/mnt/tidalfs-hssh01/dataset/xiang/models/Qwen2.5-VL-7B-Instruct,42,not_empty,next_token
A_0017,A,STEP2,AB,1,-0.825939416885376,-0.575939416885376,0.43782350420951843,0.562176525592804,-0.8268575072288513,-0.5768575072288513,0.562176525592804,1,1,"{""A"": ""color"", ""B"": ""size"", ""C"": ""orientation"", ""D"": ""position""}",/mnt/tidalfs-hssh01/dataset/xiang/models/Qwen2.5-VL-7B-Instruct,42,not_empty,next_token
A_0017,A,STEP2,AC,1,-0.825939416885376,-0.575939416885376,0.43782350420951843,0.562176525592804,-0.8264377117156982,-0.5764377117156982,0.562176525592804,1,1,"{""A"": ""color"", ""B"": ""size"", ""C"": ""orientation"", ""D"": ""position""}",/mnt/tidalfs-hssh01/dataset/xiang/models/Qwen2.5-VL-7B-Instruct,42,not_empty,next_token
A_0017,A,STEP2,AD,1,-1.0537006855010986,-0.42870065569877625,0.3486451208591461,0.6513548493385315,-1.054436445236206,-0.42943641543388367,0.6513548493385315,1,1,"{""A"": ""color"", ""B"": ""size"", ""C"": ""orientation"", ""D"": ""position""}",/mnt/tidalfs-hssh01/dataset/xiang/models/Qwen2.5-VL-7B-Instruct,42,not_empty,next_token
A_0017,A,STEP2,BC,1,-0.825939416885376,-0.575939416885376,0.43782350420951843,0.562176525592804,-0.8275207281112671,-0.5775207281112671,0.562176525592804,1,1,"{""A"": ""color"", ""B"": ""size"", ""C"": ""orientation"", ""D"": ""position""}",/mnt/tidalfs-hssh01/dataset/xiang/models/Qwen2.5-VL-7B-Instruct,42,not_empty,next_token
A_0017,A,STEP2,BD,1,-1.1368709802627563,-0.38687101006507874,0.3208213150501251,0.6791786551475525,-1.1380372047424316,-0.38803720474243164,0.6791786551475525,1,1,"{""A"": ""color"", ""B"": ""size"", ""C"": ""orientation"", ""D"": ""position""}",/mnt/tidalfs-hssh01/dataset/xiang/models/Qwen2.5-VL-7B-Instruct,42,not_empty,next_token
A_0017,A,STEP2,CD,1,-0.9740769863128662,-0.4740769863128662,0.3775406777858734,0.622459352016449,-0.9755614995956421,-0.4755614995956421,0.622459352016449,1,1,"{""A"": ""color"", ""B"": ""size"", ""C"": ""orientation"", ""D"": ""position""}",/mnt/tidalfs-hssh01/dataset/xiang/models/Qwen2.5-VL-7B-Instruct,42,not_empty,next_token
A_0017,A,STEP2,ABC,1,-0.6931471824645996,-0.6931471824645996,0.5,0.5,-0.6937463879585266,-0.6937463879585266,0.5,0,0,"{""A"": ""color"", ""B"": ""size"", ""C"": ""orientation"", ""D"": ""position""}",/mnt/tidalfs-hssh01/dataset/xiang/models/Qwen2.5-VL-7B-Instruct,42,not_empty,next_token
A_0017,A,STEP2,ABD,1,-0.8981232643127441,-0.5231232643127441,0.4073334038257599,0.5926665663719177,-0.8985775709152222,-0.5235775709152222,0.5926665663719177,1,1,"{""A"": ""color"", ""B"": ""size"", ""C"": ""orientation"", ""D"": ""position""}",/mnt/tidalfs-hssh01/dataset/xiang/models/Qwen2.5-VL-7B-Instruct,42,not_empty,next_token
A_0017,A,STEP2,ACD,1,-0.825939416885376,-0.575939416885376,0.43782350420951843,0.562176525592804,-0.8263216018676758,-0.5763216018676758,0.562176525592804,1,1,"{""A"": ""color"", ""B"": ""size"", ""C"": ""orientation"", ""D"": ""position""}",/mnt/tidalfs-hssh01/dataset/xiang/models/Qwen2.5-VL-7B-Instruct,42,not_empty,next_token
A_0017,A,STEP2,BCD,1,-0.825939416885376,-0.575939416885376,0.43782350420951843,0.562176525592804,-0.8268879055976868,-0.5768879055976868,0.562176525592804,1,1,"{""A"": ""color"", ""B"": ""size"", ""C"": ""orientation"", ""D"": ""position""}",/mnt/tidalfs-hssh01/dataset/xiang/models/Qwen2.5-VL-7B-Instruct,42,not_empty,next_token
A_0017,A,STEP2,ABCD,1,-0.6931471824645996,-0.6931471824645996,0.5,0.5,-0.6936527490615845,-0.6936527490615845,0.5,0,0,"{""A"": ""color"", ""B"": ""size"", ""C"": ""orientation"", ""D"": ""position""}",/mnt/tidalfs-hssh01/dataset/xiang/models/Qwen2.5-VL-7B-Instruct,42,not_empty,next_token
A_0017,A,FINAL,EMPTY,1,-0.7575989961624146,-0.6325989961624146,0.4687906503677368,0.531209409236908,-0.9736700057983398,-0.8486700057983398,0.531209409236908,1,1,"{""A"": ""color"", ""B"": ""size"", ""C"": ""orientation"", ""D"": ""position""}",/mnt/tidalfs-hssh01/dataset/xiang/models/Qwen2.5-VL-7B-Instruct,42,text_only,next_token
A_0017,A,FINAL,A,1,-0.825939416885376,-0.575939416885376,0.43782350420951843,0.562176525592804,-0.8319355845451355,-0.5819355845451355,0.562176525592804,1,1,"{""A"": ""color"", ""B"": ""size"", ""C"": ""orientation"", ""D"": ""position""}",/mnt/tidalfs-hssh01/dataset/xiang/models/Qwen2.5-VL-7B-Instruct,42,not_empty,next_token
A_0017,A,FINAL,B,1,-0.9740769863128662,-0.4740769863128662,0.3775406777858734,0.622459352016449,-0.9842839241027832,-0.4842839241027832,0.622459352016449,1,1,"{""A"": ""color"", ""B"": ""size"", ""C"": ""orientation"", ""D"": ""position""}",/mnt/tidalfs-hssh01/dataset/xiang/models/Qwen2.5-VL-7B-Instruct,42,not_empty,next_token
A_0017,A,FINAL,C,1,-0.8981232643127441,-0.5231232643127441,0.4073334038257599,0.5926665663719177,-0.9219778776168823,-0.5469778776168823,0.5926665663719177,1,1,"{""A"": ""color"", ""B"": ""size"", ""C"": ""orientation"", ""D"": ""position""}",/mnt/tidalfs-hssh01/dataset/xiang/models/Qwen2.5-VL-7B-Instruct,42,not_empty,next_token
A_0017,A,FINAL,D,1,-0.8981232643127441,-0.5231232643127441,0.4073334038257599,0.5926665663719177,-0.914612352848053,-0.539612352848053,0.5926665663719177,1,1,"{""A"": ""color"", ""B"": ""size"", ""C"": ""orientation"", ""D"": ""position""}",/mnt/tidalfs-hssh01/dataset/xiang/models/Qwen2.5-VL-7B-Instruct,42,not_empty,next_token
A_0017,A,FINAL,AB,1,-0.7575989961624146,-0.6325989961624146,0.4687906503677368,0.531209409236908,-0.7583557367324829,-0.6333557367324829,0.531209409236908,1,1,"{""A"": ""color"", ""B"": ""size"", ""C"": ""orientation"", ""D"": ""position""}",/mnt/tidalfs-hssh01/dataset/xiang/models/Qwen2.5-VL-7B-Instruct,42,not_empty,next_token
A_0017,A,FINAL,AC,1,-0.8981232643127441,-0.5231232643127441,0.4073334038257599,0.5926665663719177,-0.8991402387619019,-0.5241402387619019,0.5926665663719177,1,1,"{""A"": ""color"", ""B"": ""size"", ""C"": ""orientation"", ""D"": ""position""}",/mnt/tidalfs-hssh01/dataset/xiang/models/Qwen2.5-VL-7B-Instruct,42,not_empty,next_token
A_0017,A,FINAL,AD,1,-0.8981232643127441,-0.5231232643127441,0.4073334038257599,0.5926665663719177,-0.9000160694122314,-0.5250160694122314,0.5926665663719177,1,1,"{""A"": ""color"", ""B"": ""size"", ""C"": ""orientation"", ""D"": ""position""}",/mnt/tidalfs-hssh01/dataset/xiang/models/Qwen2.5-VL-7B-Instruct,42,not_empty,next_token
A_0017,A,FINAL,BC,1,-0.8981232643127441,-0.5231232643127441,0.4073334038257599,0.5926665663719177,-0.906234085559845,-0.531234085559845,0.5926665663719177,1,1,"{""A"": ""color"", ""B"": ""size"", ""C"": ""orientation"", ""D"": ""position""}",/mnt/tidalfs-hssh01/dataset/xiang/models/Qwen2.5-VL-7B-Instruct,42,not_empty,next_token
A_0017,A,FINAL,BD,1,-0.8981232643127441,-0.5231232643127441,0.4073334038257599,0.5926665663719177,-0.9022717475891113,-0.5272717475891113,0.5926665663719177,1,1,"{""A"": ""color"", ""B"": ""size"", ""C"": ""orientation"", ""D"": ""position""}",/mnt/tidalfs-hssh01/dataset/xiang/models/Qwen2.5-VL-7B-Instruct,42,not_empty,next_token
A_0017,A,FINAL,CD,1,-0.825939416885376,-0.575939416885376,0.43782350420951843,0.562176525592804,-0.834861695766449,-0.584861695766449,0.562176525592804,1,1,"{""A"": ""color"", ""B"": ""size"", ""C"": ""orientation"", ""D"": ""position""}",/mnt/tidalfs-hssh01/dataset/xiang/models/Qwen2.5-VL-7B-Instruct,42,not_empty,next_token
A_0017,A,FINAL,ABC,1,-0.825939416885376,-0.575939416885376,0.43782350420951843,0.562176525592804,-0.827263355255127,-0.577263355255127,0.562176525592804,1,1,"{""A"": ""color"", ""B"": ""size"", ""C"": ""orientation"", ""D"": ""position""}",/mnt/tidalfs-hssh01/dataset/xiang/models/Qwen2.5-VL-7B-Instruct,42,not_empty,next_token
A_0017,A,FINAL,ABD,1,-0.8981232643127441,-0.5231232643127441,0.4073334038257599,0.5926665663719177,-0.8988885283470154,-0.5238885283470154,0.5926665663719177,1,1,"{""A"": ""color"", ""B"": ""size"", ""C"": ""orientation"", ""D"": ""position""}",/mnt/tidalfs-hssh01/dataset/xiang/models/Qwen2.5-VL-7B-Instruct,42,not_empty,next_token
A_0017,A,FINAL,ACD,1,-0.8981232643127441,-0.5231232643127441,0.4073334038257599,0.5926665663719177,-0.8993467092514038,-0.5243467092514038,0.5926665663719177,1,1,"{""A"": ""color"", ""B"": ""size"", ""C"": ""orientation"", ""D"": ""position""}",/mnt/tidalfs-hssh01/dataset/xiang/models/Qwen2.5-VL-7B-Instruct,42,not_empty,next_token
A_0017,A,FINAL,BCD,1,-0.9740769863128662,-0.4740769863128662,0.3775406777858734,0.622459352016449,-0.9767332673072815,-0.4767332673072815,0.622459352016449,1,1,"{""A"": ""color"", ""B"": ""size"", ""C"": ""orientation"", ""D"": ""position""}",/mnt/tidalfs-hssh01/dataset/xiang/models/Qwen2.5-VL-7B-Instruct,42,not_empty,next_token
A_0017,A,FINAL,ABCD,1,-0.8981232643127441,-0.5231232643127441,0.4073334038257599,0.5926665663719177,-0.8993265628814697,-0.5243265628814697,0.5926665663719177,1,1,"{""A"": ""color"", ""B"": ""size"", ""C"": ""orientation"", ""D"": ""position""}",/mnt/tidalfs-hssh01/dataset/xiang/models/Qwen2.5-VL-7B-Instruct,42,not_empty,next_token
A_0025,A,STEP1,EMPTY,1,-0.825939416885376,-0.575939416885376,0.43782350420951843,0.562176525592804,-0.8866772651672363,-0.6366772651672363,0.562176525592804,1,1,"{""A"": ""color"", ""B"": ""size"", ""C"": ""orientation"", ""D"": ""position""}",/mnt/tidalfs-hssh01/dataset/xiang/models/Qwen2.5-VL-7B-Instruct,42,text_only,next_token
A_0025,A,STEP1,A,1,-0.9740769863128662,-0.4740769863128662,0.3775406777858734,0.622459352016449,-0.9758946895599365,-0.4758947193622589,0.622459352016449,1,1,"{""A"": ""color"", ""B"": ""size"", ""C"": ""orientation"", ""D"": ""position""}",/mnt/tidalfs-hssh01/dataset/xiang/models/Qwen2.5-VL-7B-Instruct,42,not_empty,next_token
A_0025,A,STEP1,B,1,-0.8981232643127441,-0.5231232643127441,0.4073334038257599,0.5926665663719177,-0.9003609418869019,-0.5253609418869019,0.5926665663719177,1,1,"{""A"": ""color"", ""B"": ""size"", ""C"": ""orientation"", ""D"": ""position""}",/mnt/tidalfs-hssh01/dataset/xiang/models/Qwen2.5-VL-7B-Instruct,42,not_empty,next_token
A_0025,A,STEP1,C,1,-1.3132617473602295,-0.3132617473602295,0.26894140243530273,0.7310584783554077,-1.3148443698883057,-0.31484439969062805,0.7310584783554077,1,1,"{""A"": ""color"", ""B"": ""size"", ""C"": ""orientation"", ""D"": ""position""}",/mnt/tidalfs-hssh01/dataset/xiang/models/Qwen2.5-VL-7B-Instruct,42,not_empty,next_token
A_0025,A,STEP1,D,1,-0.9740769863128662,-0.4740769863128662,0.3775406777858734,0.622459352016449,-0.9776468276977539,-0.4776468276977539,0.622459352016449,1,1,"{""A"": ""color"", ""B"": ""size"", ""C"": ""orientation"", ""D"": ""position""}",/mnt/tidalfs-hssh01/dataset/xiang/models/Qwen2.5-VL-7B-Instruct,42,not_empty,next_token
A_0025,A,STEP1,AB,1,-1.0537006855010986,-0.42870065569877625,0.3486451208591461,0.6513548493385315,-1.0539897680282593,-0.4289897680282593,0.6513548493385315,1,1,"{""A"": ""color"", ""B"": ""size"", ""C"": ""orientation"", ""D"": ""position""}",/mnt/tidalfs-hssh01/dataset/xiang/models/Qwen2.5-VL-7B-Instruct,42,not_empty,next_token
A_0025,A,STEP1,AC,1,-0.9740769863128662,-0.4740769863128662,0.3775406777858734,0.622459352016449,-0.9745209813117981,-0.4745209813117981,0.622459352016449,1,1,"{""A"": ""color"", ""B"": ""size"", ""C"": ""orientation"", ""D"": ""position""}",/mnt/tidalfs-hssh01/dataset/xiang/models/Qwen2.5-VL-7B-Instruct,42,not_empty,next_token
A_0025,A,STEP1,AD,1,-1.1368709802627563,-0.38687101006507874,0.3208213150501251,0.6791786551475525,-1.1374709606170654,-0.38747096061706543,0.6791786551475525,1,1,"{""A"": ""color"", ""B"": ""size"", ""C"": ""orientation"", ""D"": ""position""}",/mnt/tidalfs-hssh01/dataset/xiang/models/Qwen2.5-VL-7B-Instruct,42,not_empty,next_token
A_0025,A,STEP1,BC,1,-0.9740769863128662,-0.4740769863128662,0.3775406777858734,0.622459352016449,-0.9748984575271606,-0.47489845752716064,0.622459352016449,1,1,"{""A"": ""color"", ""B"": ""size"", ""C"": ""orientation"", ""D"": ""position""}",/mnt/tidalfs-hssh01/dataset/xiang/models/Qwen2.5-VL-7B-Instruct,42,not_empty,next_token
A_0025,A,STEP1,BD,1,-0.9740769863128662,-0.4740769863128662,0.3775406777858734,0.622459352016449,-0.9748591184616089,-0.4748591482639313,0.622459352016449,1,1,"{""A"": ""color"", ""B"": ""size"", ""C"": ""orientation"", ""D"": ""position""}",/mnt/tidalfs-hssh01/dataset/xiang/models/Qwen2.5-VL-7B-Instruct,42,not_empty,next_token
A_0025,A,STEP1,CD,1,-1.4061501026153564,-0.28115010261535645,0.24508503079414368,0.7549149990081787,-1.4069337844848633,-0.2819337248802185,0.7549149990081787,1,1,"{""A"": ""color"", ""B"": ""size"", ""C"": ""orientation"", ""D"": ""position""}",/mnt/tidalfs-hssh01/dataset/xiang/models/Qwen2.5-VL-7B-Instruct,42,not_empty,next_token
A_0025,A,STEP1,ABC,1,-1.1368709802627563,-0.38687101006507874,0.3208213150501251,0.6791786551475525,-1.1370433568954468,-0.38704338669776917,0.6791786551475525,1,1,"{""A"": ""color"", ""B"": ""size"", ""C"": ""orientation"", ""D"": ""position""}",/mnt/tidalfs-hssh01/dataset/xiang/models/Qwen2.5-VL-7B-Instruct,42,not_empty,next_token
A_0025,A,STEP1,ABD,1,-1.1368709802627563,-0.38687101006507874,0.3208213150501251,0.6791786551475525,-1.1370763778686523,-0.38707640767097473,0.6791786551475525,1,1,"{""A"": ""color"", ""B"": ""size"", ""C"": ""orientation"", ""D"": ""position""}",/mnt/tidalfs-hssh01/dataset/xiang/models/Qwen2.5-VL-7B-Instruct,42,not_empty,next_token
A_0025,A,STEP1,ACD,1,-1.1368709802627563,-0.38687101006507874,0.3208213150501251,0.6791786551475525,-1.137117862701416,-0.387117862701416,0.6791786551475525,1,1,"{""A"": ""color"", ""B"": ""size"", ""C"": ""orientation"", ""D"": ""position""}",/mnt/tidalfs-hssh01/dataset/xiang/models/Qwen2.5-VL-7B-Instruct,42,not_empty,next_token
A_0025,A,STEP1,BCD,1,-0.8981232643127441,-0.5231232643127441,0.4073334038257599,0.5926665663719177,-0.898856520652771,-0.523856520652771,0.5926665663719177,1,1,"{""A"": ""color"", ""B"": ""size"", ""C"": ""orientation"", ""D"": ""position""}",/mnt/tidalfs-hssh01/dataset/xiang/models/Qwen2.5-VL-7B-Instruct,42,not_empty,next_token
A_0025,A,STEP1,ABCD,1,-1.053700566291809,-0.42870065569877625,0.3486451506614685,0.6513548493385315,-1.0538713932037354,-0.4288714528083801,0.6513548493385315,1,1,"{""A"": ""color"", ""B"": ""size"", ""C"": ""orientation"", ""D"": ""position""}",/mnt/tidalfs-hssh01/dataset/xiang/models/Qwen2.5-VL-7B-Instruct,42,not_empty,next_token
A_0025,A,STEP2,EMPTY,0,-1.1368709802627563,-0.38687101006507874,0.3208213150501251,0.6791786551475525,-1.166052222251892,-0.4160521924495697,0.3208213150501251,1,0,"{""A"": ""color"", ""B"": ""size"", ""C"": ""orientation"", ""D"": ""position""}",/mnt/tidalfs-hssh01/dataset/xiang/models/Qwen2.5-VL-7B-Instruct,42,text_only,next_token
A_0025,A,STEP2,A,0,-1.1368709802627563,-0.38687101006507874,0.3208213150501251,0.6791786551475525,-1.1380829811096191,-0.3880830407142639,0.3208213150501251,1,0,"{""A"": ""color"", ""B"": ""size"", ""C"": ""orientation"", ""D"": ""position""}",/mnt/tidalfs-hssh01/dataset/xiang/models/Qwen2.5-VL-7B-Instruct,42,not_empty,next_token
A_0025,A,STEP2,B,0,-1.0537006855010986,-0.42870065569877625,0.3486451208591461,0.6513548493385315,-1.0553741455078125,-0.4303741157054901,0.3486451208591461,1,0,"{""A"": ""color"", ""B"": ""size"", ""C"": ""orientation"", ""D"": ""position""}",/mnt/tidalfs-hssh01/dataset/xiang/models/Qwen2.5-VL-7B-Instruct,42,not_empty,next_token
A_0025,A,STEP2,C,0,-1.7014133930206299,-0.2014133334159851,0.18242549896240234,0.8175744414329529,-1.7026395797729492,-0.20263953506946564,0.18242549896240234,1,0,"{""A"": ""color"", ""B"": ""size"", ""C"": ""orientation"", ""D"": ""position""}",/mnt/tidalfs-hssh01/dataset/xiang/models/Qwen2.5-VL-7B-Instruct,42,not_empty,next_token
A_0025,A,STEP2,D,0,-1.1368709802627563,-0.38687101006507874,0.3208213150501251,0.6791786551475525,-1.1389763355255127,-0.38897639513015747,0.3208213150501251,1,0,"{""A"": ""color"", ""B"": ""size"", ""C"": ""orientation"", ""D"": ""position""}",/mnt/tidalfs-hssh01/dataset/xiang/models/Qwen2.5-VL-7B-Instruct,42,not_empty,next_token
A_0025,A,STEP2,AB,0,-0.825939416885376,-0.575939416885376,0.43782350420951843,0.562176525592804,-0.8266257643699646,-0.5766257643699646,0.43782350420951843,1,0,"{""A"": ""color"", ""B"": ""size"", ""C"": ""orientation"", ""D"": ""position""}",/mnt/tidalfs-hssh01/dataset/xiang/models/Qwen2.5-VL-7B-Instruct,42,not_empty,next_token
A_0025,A,STEP2,AC,0,-1.1368709802627563,-0.38687101006507874,0.3208213150501251,0.6791786551475525,-1.1373521089553833,-0.3873520791530609,0.3208213150501251,1,0,"{""A"": ""color"", ""B"": ""size"", ""C"": ""orientation"", ""D"": ""position""}",/mnt/tidalfs-hssh01/dataset/xiang/models/Qwen2.5-VL-7B-Instruct,42,not_empty,next_token
A_0025,A,STEP2,AD,0,-1.1368709802627563,-0.38687101006507874,0.3208213150501251,0.6791786551475525,-1.137675404548645,-0.387675404548645,0.3208213150501251,1,0,"{""A"": ""color"", ""B"": ""size"", ""C"": ""orientation"", ""D"": ""position""}",/mnt/tidalfs-hssh01/dataset/xiang/models/Qwen2.5-VL-7B-Instruct,42,not_empty,next_token
A_0025,A,STEP2,BC,0,-1.1368709802627563,-0.38687101006507874,0.3208213150501251,0.6791786551475525,-1.1380695104599,-0.3880695402622223,0.3208213150501251,1,0,"{""A"": ""color"", ""B"": ""size"", ""C"": ""orientation"", ""D"": ""position""}",/mnt/tidalfs-hssh01/dataset/xiang/models/Qwen2.5-VL-7B-Instruct,42,not_empty,next_token
A_0025,A,STEP2,BD,0,-1.1368709802627563,-0.38687101006507874,0.3208213150501251,0.6791786551475525,-1.1380372047424316,-0.38803720474243164,0.3208213150501251,1,0,"{""A"": ""color"", ""B"": ""size"", ""C"": ""orientation"", ""D"": ""position""}",/mnt/tidalfs-hssh01/dataset/xiang/models/Qwen2.5-VL-7B-Instruct,42,not_empty,next_token
A_0025,A,STEP2,CD,0,-1.5019290447235107,-0.25192904472351074,0.22270016372203827,0.7772998809814453,-1.502645492553711,-0.25264543294906616,0.22270016372203827,1,0,"{""A"": ""color"", ""B"": ""size"", ""C"": ""orientation"", ""D"": ""position""}",/mnt/tidalfs-hssh01/dataset/xiang/models/Qwen2.5-VL-7B-Instruct,42,not_empty,next_token
A_0025,A,STEP2,ABC,0,-0.9740769863128662,-0.4740769863128662,0.3775406777858734,0.622459352016449,-0.9745935201644897,-0.47459352016448975,0.3775406777858734,1,0,"{""A"": ""color"", ""B"": ""size"", ""C"": ""orientation"", ""D"": ""position""}",/mnt/tidalfs-hssh01/dataset/xiang/models/Qwen2.5-VL-7B-Instruct,42,not_empty,next_token
A_0025,A,STEP2,ABD,0,-0.8981232643127441,-0.5231232643127441,0.4073334038257599,0.5926665663719177,-0.8985787034034729,-0.5235787034034729,0.4073334038257599,1,0,"{""A"": ""color"", ""B"": ""size"", ""C"": ""orientation"", ""D"": ""position""}",/mnt/tidalfs-hssh01/dataset/xiang/models/Qwen2.5-VL-7B-Instruct,42,not_empty,next_token
A_0025,A,STEP2,ACD,0,-1.1368709802627563,-0.38687101006507874,0.3208213150501251,0.6791786551475525,-1.1372061967849731,-0.38720622658729553,0.3208213150501251,1,0,"{""A"": ""color"", ""B"": ""size"", ""C"": ""orientation"", ""D"": ""position""}",/mnt/tidalfs-hssh01/dataset/xiang/models/Qwen2.5-VL-7B-Instruct,42,not_empty,next_token
A_0025,A,STEP2,BCD,0,-1.0537006855010986,-0.42870065569877625,0.3486451208591461,0.6513548493385315,-1.0547046661376953,-0.4297046661376953,0.3486451208591461,1,0,"{""A"": ""color"", ""B"": ""size"", ""C"": ""orientation"", ""D"": ""position""}",/mnt/tidalfs-hssh01/dataset/xiang/models/Qwen2.5-VL-7B-Instruct,42,not_empty,next_token
A_0025,A,STEP2,ABCD,0,-1.0537006855010986,-0.42870065569877625,0.3486451208591461,0.6513548493385315,-1.0540542602539062,-0.42905429005622864,0.3486451208591461,1,0,"{""A"": ""color"", ""B"": ""size"", ""C"": ""orientation"", ""D"": ""position""}",/mnt/tidalfs-hssh01/dataset/xiang/models/Qwen2.5-VL-7B-Instruct,42,not_empty,next_token
A_0025,A,FINAL,EMPTY,1,-0.7575989961624146,-0.6325989961624146,0.4687906503677368,0.531209409236908,-0.9736700057983398,-0.8486700057983398,0.531209409236908,1,1,"{""A"": ""color"", ""B"": ""size"", ""C"": ""orientation"", ""D"": ""position""}",/mnt/tidalfs-hssh01/dataset/xiang/models/Qwen2.5-VL-7B-Instruct,42,text_only,next_token
A_0025,A,FINAL,A,1,-0.8981232643127441,-0.5231232643127441,0.4073334038257599,0.5926665663719177,-0.904700517654419,-0.529700517654419,0.5926665663719177,1,1,"{""A"": ""color"", ""B"": ""size"", ""C"": ""orientation"", ""D"": ""position""}",/mnt/tidalfs-hssh01/dataset/xiang/models/Qwen2.5-VL-7B-Instruct,42,not_empty,next_token
A_0025,A,FINAL,B,1,-0.9740769863128662,-0.4740769863128662,0.3775406777858734,0.622459352016449,-0.9842839241027832,-0.4842839241027832,0.622459352016449,1,1,"{""A"": ""color"", ""B"": ""size"", ""C"": ""orientation"", ""D"": ""position""}",/mnt/tidalfs-hssh01/dataset/xiang/models/Qwen2.5-VL-7B-Instruct,42,not_empty,next_token
A_0025,A,FINAL,C,1,-1.0537006855010986,-0.42870065569877625,0.3486451208591461,0.6513548493385315,-1.0634181499481201,-0.4384181499481201,0.6513548493385315,1,1,"{""A"": ""color"", ""B"": ""size"", ""C"": ""orientation"", ""D"": ""position""}",/mnt/tidalfs-hssh01/dataset/xiang/models/Qwen2.5-VL-7B-Instruct,42,not_empty,next_token
A_0025,A,FINAL,D,1,-0.8981232643127441,-0.5231232643127441,0.4073334038257599,0.5926665663719177,-0.914612352848053,-0.539612352848053,0.5926665663719177,1,1,"{""A"": ""color"", ""B"": ""size"", ""C"": ""orientation"", ""D"": ""position""}",/mnt/tidalfs-hssh01/dataset/xiang/models/Qwen2.5-VL-7B-Instruct,42,not_empty,next_token
A_0025,A,FINAL,AB,1,-0.825939416885376,-0.575939416885376,0.43782350420951843,0.562176525592804,-0.8267139792442322,-0.5767139792442322,0.562176525592804,1,1,"{""A"": ""color"", ""B"": ""size"", ""C"": ""orientation"", ""D"": ""position""}",/mnt/tidalfs-hssh01/dataset/xiang/models/Qwen2.5-VL-7B-Instruct,42,not_empty,next_token
A_0025,A,FINAL,AC,1,-0.825939416885376,-0.575939416885376,0.43782350420951843,0.562176525592804,-0.8271546363830566,-0.5771546363830566,0.562176525592804,1,1,"{""A"": ""color"", ""B"": ""size"", ""C"": ""orientation"", ""D"": ""position""}",/mnt/tidalfs-hssh01/dataset/xiang/models/Qwen2.5-VL-7B-Instruct,42,not_empty,next_token
A_0025,A,FINAL,AD,1,-0.8981232643127441,-0.5231232643127441,0.4073334038257599,0.5926665663719177,-0.8994209170341492,-0.5244209170341492,0.5926665663719177,1,1,"{""A"": ""color"", ""B"": ""size"", ""C"": ""orientation"", ""D"": ""position""}",/mnt/tidalfs-hssh01/dataset/xiang/models/Qwen2.5-VL-7B-Instruct,42,not_empty,next_token
A_0025,A,FINAL,BC,1,-0.825939416885376,-0.575939416885376,0.43782350420951843,0.562176525592804,-0.8326082229614258,-0.5826082229614258,0.562176525592804,1,1,"{""A"": ""color"", ""B"": ""size"", ""C"": ""orientation"", ""D"": ""position""}",/mnt/tidalfs-hssh01/dataset/xiang/models/Qwen2.5-VL-7B-Instruct,42,not_empty,next_token
A_0025,A,FINAL,BD,1,-0.8981232643127441,-0.5231232643127441,0.4073334038257599,0.5926665663719177,-0.9022717475891113,-0.5272717475891113,0.5926665663719177,1,1,"{""A"": ""color"", ""B"": ""size"", ""C"": ""orientation"", ""D"": ""position""}",/mnt/tidalfs-hssh01/dataset/xiang/models/Qwen2.5-VL-7B-Instruct,42,not_empty,next_token
A_0025,A,FINAL,CD,1,-0.8981232643127441,-0.5231232643127441,0.4073334038257599,0.5926665663719177,-0.905521035194397,-0.530521035194397,0.5926665663719177,1,1,"{""A"": ""color"", ""B"": ""size"", ""C"": ""orientation"", ""D"": ""position""}",/mnt/tidalfs-hssh01/dataset/xiang/models/Qwen2.5-VL-7B-Instruct,42,not_empty,next_token
A_0025,A,FINAL,ABC,1,-0.825939416885376,-0.575939416885376,0.43782350420951843,0.562176525592804,-0.8270725607872009,-0.5770725607872009,0.562176525592804,1,1,"{""A"": ""color"", ""B"": ""size"", ""C"": ""orientation"", ""D"": ""position""}",/mnt/tidalfs-hssh01/dataset/xiang/models/Qwen2.5-VL-7B-Instruct,42,not_empty,next_token
A_0025,A,FINAL,ABD,1,-0.8981232643127441,-0.5231232643127441,0.4073334038257599,0.5926665663719177,-0.8989078998565674,-0.5239078998565674,0.5926665663719177,1,1,"{""A"": ""color"", ""B"": ""size"", ""C"": ""orientation"", ""D"": ""position""}",/mnt/tidalfs-hssh01/dataset/xiang/models/Qwen2.5-VL-7B-Instruct,42,not_empty,next_token
A_0025,A,FINAL,ACD,1,-0.9740769863128662,-0.4740769863128662,0.3775406777858734,0.622459352016449,-0.9751967191696167,-0.4751967489719391,0.622459352016449,1,1,"{""A"": ""color"", ""B"": ""size"", ""C"": ""orientation"", ""D"": ""position""}",/mnt/tidalfs-hssh01/dataset/xiang/models/Qwen2.5-VL-7B-Instruct,42,not_empty,next_token
A_0025,A,FINAL,BCD,1,-0.8981232643127441,-0.5231232643127441,0.4073334038257599,0.5926665663719177,-0.9015337228775024,-0.5265337228775024,0.5926665663719177,1,1,"{""A"": ""color"", ""B"": ""size"", ""C"": ""orientation"", ""D"": ""position""}",/mnt/tidalfs-hssh01/dataset/xiang/models/Qwen2.5-VL-7B-Instruct,42,not_empty,next_token
A_0025,A,FINAL,ABCD,1,-0.9740769863128662,-0.4740769863128662,0.3775406777858734,0.622459352016449,-0.9752715826034546,-0.475271612405777,0.622459352016449,1,1,"{""A"": ""color"", ""B"": ""size"", ""C"": ""orientation"", ""D"": ""position""}",/mnt/tidalfs-hssh01/dataset/xiang/models/Qwen2.5-VL-7B-Instruct,42,not_empty,next_token
A_0033,A,STEP1,EMPTY,1,-0.6931471824645996,-0.6931471824645996,0.5,0.5,-0.819155216217041,-0.819155216217041,0.5,0,0,"{""A"": ""size"", ""B"": ""orientation"", ""C"": ""position"", ""D"": ""color""}",/mnt/tidalfs-hssh01/dataset/xiang/models/Qwen2.5-VL-7B-Instruct,42,text_only,next_token
A_0033,A,STEP1,A,1,-0.8981232643127441,-0.5231232643127441,0.4073334038257599,0.5926665663719177,-0.9000336527824402,-0.5250336527824402,0.5926665663719177,1,1,"{""A"": ""size"", ""B"": ""orientation"", ""C"": ""position"", ""D"": ""color""}",/mnt/tidalfs-hssh01/dataset/xiang/models/Qwen2.5-VL-7B-Instruct,42,not_empty,next_token
A_0033,A,STEP1,B,1,-1.4061501026153564,-0.28115010261535645,0.24508503079414368,0.7549149990081787,-1.408461093902588,-0.28346115350723267,0.7549149990081787,1,1,"{""A"": ""size"", ""B"": ""orientation"", ""C"": ""position"", ""D"": ""color""}",/mnt/tidalfs-hssh01/dataset/xiang/models/Qwen2.5-VL-7B-Instruct,42,not_empty,next_token
A_0033,A,STEP1,C,1,-0.6325989961624146,-0.7575989961624146,0.531209409236908,0.4687906503677368,-0.6356418132781982,-0.7606418132781982,0.4687906503677368,0,0,"{""A"": ""size"", ""B"": ""orientation"", ""C"": ""position"", ""D"": ""color""}",/mnt/tidalfs-hssh01/dataset/xiang/models/Qwen2.5-VL-7B-Instruct,42,not_empty,next_token
A_0033,A,STEP1,D,1,-0.8981232643127441,-0.5231232643127441,0.4073334038257599,0.5926665663719177,-0.9017981886863708,-0.5267981886863708,0.5926665663719177,1,1,"{""A"": ""size"", ""B"": ""orientation"", ""C"": ""position"", ""D"": ""color""}",/mnt/tidalfs-hssh01/dataset/xiang/models/Qwen2.5-VL-7B-Instruct,42,not_empty,next_token
A_0033,A,STEP1,AB,1,-0.8981232643127441,-0.5231232643127441,0.4073334038257599,0.5926665663719177,-0.8988406658172607,-0.5238406658172607,0.5926665663719177,1,1,"{""A"": ""size"", ""B"": ""orientation"", ""C"": ""position"", ""D"": ""color""}",/mnt/tidalfs-hssh01/dataset/xiang/models/Qwen2.5-VL-7B-Instruct,42,not_empty,next_token
A_0033,A,STEP1,AC,1,-0.7575989961624146,-0.6325989961624146,0.4687906503677368,0.531209409236908,-0.7584019303321838,-0.6334019303321838,0.531209409236908,1,1,"{""A"": ""size"", ""B"": ""orientation"", ""C"": ""position"", ""D"": ""color""}",/mnt/tidalfs-hssh01/dataset/xiang/models/Qwen2.5-VL-7B-Instruct,42,not_empty,next_token
A_0033,A,STEP1,AD,1,-0.7575989961624146,-0.6325989961624146,0.4687906503677368,0.531209409236908,-0.7584182620048523,-0.6334182620048523,0.531209409236908,1,1,"{""A"": ""size"", ""B"": ""orientation"", ""C"": ""position"", ""D"": ""color""}",/mnt/tidalfs-hssh01/dataset/xiang/models/Qwen2.5-VL-7B-Instruct,42,not_empty,next_token
A_0033,A,STEP1,BC,1,-1.7014133930206299,-0.2014133334159851,0.18242549896240234,0.8175744414329529,-1.70205557346344,-0.20205560326576233,0.8175744414329529,1,1,"{""A"": ""size"", ""B"": ""orientation"", ""C"": ""position"", ""D"": ""color""}",/mnt/tidalfs-hssh01/dataset/xiang/models/Qwen2.5-VL-7B-Instruct,42,not_empty,next_token
A_0033,A,STEP1,BD,1,-1.4061501026153564,-0.28115010261535645,0.24508503079414368,0.7549149990081787,-1.4070053100585938,-0.28200531005859375,0.7549149990081787,1,1,"{""A"": ""size"", ""B"": ""orientation"", ""C"": ""position"", ""D"": ""color""}",/mnt/tidalfs-hssh01/dataset/xiang/models/Qwen2.5-VL-7B-Instruct,42,not_empty,next_token
A_0033,A,STEP1,CD,1,-0.6325989961624146,-0.7575989961624146,0.531209409236908,0.4687906503677368,-0.6338198781013489,-0.7588198781013489,0.4687906503677368,0,0,"{""A"": ""size"", ""B"": ""orientation"", ""C"": ""position"", ""D"": ""color""}",/mnt/tidalfs-hssh01/dataset/xiang/models/Qwen2.5-VL-7B-Instruct,42,not_empty,next_token
A_0033,A,STEP1,ABC,1,-0.9740769863128662,-0.4740769863128662,0.3775406777858734,0.622459352016449,-0.9744926691055298,-0.4744926691055298,0.622459352016449,1,1,"{""A"": ""size"", ""B"": ""orientation"", ""C"": ""position"", ""D"": ""color""}",/mnt/tidalfs-hssh01/dataset/xiang/models/Qwen2.5-VL-7B-Instruct,42,not_empty,next_token
A_0033,A,STEP1,ABD,1,-0.8981232643127441,-0.5231232643127441,0.4073334038257599,0.5926665663719177,-0.8985530138015747,-0.5235530138015747,0.5926665663719177,1,1,"{""A"": ""size"", ""B"": ""orientation"", ""C"": ""position"", ""D"": ""color""}",/mnt/tidalfs-hssh01/dataset/xiang/models/Qwen2.5-VL-7B-Instruct,42,not_empty,next_token
A_0033,A,STEP1,ACD,1,-0.7575989961624146,-0.6325989961624146,0.4687906503677368,0.531209409236908,-0.7579172849655151,-0.6329172849655151,0.531209409236908,1,1,"{""A"": ""size"", ""B"": ""orientation"", ""C"": ""position"", ""D"": ""color""}",/mnt/tidalfs-hssh01/dataset/xiang/models/Qwen2.5-VL-7B-Instruct,42,not_empty,next_token
A_0033,A,STEP1,BCD,1,-1.7014133930206299,-0.2014133334159851,0.18242549896240234,0.8175744414329529,-1.7017097473144531,-0.2017097771167755,0.8175744414329529,1,1,"{""A"": ""size"", ""B"": ""orientation"", ""C"": ""position"", ""D"": ""color""}",/mnt/tidalfs-hssh01/dataset/xiang/models/Qwen2.5-VL-7B-Instruct,42,not_empty,next_token
A_0033,A,STEP1,ABCD,1,-0.8981232643127441,-0.5231232643127441,0.4073334038257599,0.5926665663719177,-0.8984196186065674,-0.5234196186065674,0.5926665663719177,1,1,"{""A"": ""size"", ""B"": ""orientation"", ""C"": ""position"", ""D"": ""color""}",/mnt/tidalfs-hssh01/dataset/xiang/models/Qwen2.5-VL-7B-Instruct,42,not_empty,next_token
A_0033,A,STEP2,EMPTY,0,-1.2234445810317993,-0.3484445810317993,0.29421499371528625,0.7057850360870361,-1.2687973976135254,-0.393797367811203,0.29421499371528625,1,0,"{""A"": ""size"", ""B"": ""orientation"", ""C"": ""position"", ""D"": ""color""}",/mnt/tidalfs-hssh01/dataset/xiang/models/Qwen2.5-VL-7B-Instruct,42,text_only,next_token
A_0033,A,STEP2,A,0,-1.1368709802627563,-0.38687101006507874,0.3208213150501251,0.6791786551475525,-1.137786865234375,-0.387786865234375,0.3208213150501251,1,0,"{""A"": ""size"", ""B"": ""orientation"", ""C"": ""position"", ""D"": ""color""}",/mnt/tidalfs-hssh01/dataset/xiang/models/Qwen2.5-VL-7B-Instruct,42,not_empty,next_token
A_0033,A,STEP2,B,0,-0.9740769863128662,-0.4740769863128662,0.3775406777858734,0.622459352016449,-0.9773802757263184,-0.47738030552864075,0.3775406777858734,1,0,"{""A"": ""size"", ""B"": ""orientation"", ""C"": ""position"", ""D"": ""color""}",/mnt/tidalfs-hssh01/dataset/xiang/models/Qwen2.5-VL-7B-Instruct,42,not_empty,next_token
A_0033,A,STEP2,C,0,-0.8981232643127441,-0.5231232643127441,0.4073334038257599,0.5926665663719177,-0.9000468254089355,-0.5250468254089355,0.4073334038257599,1,0,"{""A"": ""size"", ""B"": ""orientation"", ""C"": ""position"", ""D"": ""color""}",/mnt/tidalfs-hssh01/dataset/xiang/models/Qwen2.5-VL-7B-Instruct,42,not_empty,next_token
A_0033,A,STEP2,D,0,-1.0537006855010986,-0.42870065569877625,0.3486451208591461,0.6513548493385315,-1.055504560470581,-0.43050456047058105,0.3486451208591461,1,0,"{""A"": ""size"", ""B"": ""orientation"", ""C"": ""position"", ""D"": ""color""}",/mnt/tidalfs-hssh01/dataset/xiang/models/Qwen2.5-VL-7B-Instruct,42,not_empty,next_token
A_0033,A,STEP2,AB,0,-0.825939416885376,-0.575939416885376,0.43782350420951843,0.562176525592804,-0.8274083137512207,-0.5774083137512207,0.43782350420951843,1,0,"{""A"": ""size"", ""B"": ""orientation"", ""C"": ""position"", ""D"": ""color""}",/mnt/tidalfs-hssh01/dataset/xiang/models/Qwen2.5-VL-7B-Instruct,42,not_empty,next_token
A_0033,A,STEP2,AC,0,-1.4061501026153564,-0.28115010261535645,0.24508503079414368,0.7549149990081787,-1.406489372253418,-0.28148940205574036,0.24508503079414368,1,0,"{""A"": ""size"", ""B"": ""orientation"", ""C"": ""position"", ""D"": ""color""}",/mnt/tidalfs-hssh01/dataset/xiang/models/Qwen2.5-VL-7B-Instruct,42,not_empty,next_token
A_0033,A,STEP2,AD,0,-1.0537006855010986,-0.42870065569877625,0.3486451208591461,0.6513548493385315,-1.054628610610962,-0.4296285808086395,0.3486451208591461,1,0,"{""A"": ""size"", ""B"": ""orientation"", ""C"": ""position"", ""D"": ""color""}",/mnt/tidalfs-hssh01/dataset/xiang/models/Qwen2.5-VL-7B-Instruct,42,not_empty,next_token
A_0033,A,STEP2,BC,0,-0.8981232643127441,-0.5231232643127441,0.4073334038257599,0.5926665663719177,-0.90032958984375,-0.52532958984375,0.4073334038257599,1,0,"{""A"": ""size"", ""B"": ""orientation"", ""C"": ""position"", ""D"": ""color""}",/mnt/tidalfs-hssh01/dataset/xiang/models/Qwen2.5-VL-7B-Instruct,42,not_empty,next_token
A_0033,A,STEP2,BD,0,-0.9740769863128662,-0.4740769863128662,0.3775406777858734,0.622459352016449,-0.9755487442016602,-0.47554874420166016,0.3775406777858734,1,0,"{""A"": ""size"", ""B"": ""orientation"", ""C"": ""position"", ""D"": ""color""}",/mnt/tidalfs-hssh01/dataset/xiang/models/Qwen2.5-VL-7B-Instruct,42,not_empty,next_token
A_0033,A,STEP2,CD,0,-0.8981232643127441,-0.5231232643127441,0.4073334038257599,0.5926665663719177,-0.8988699913024902,-0.5238699913024902,0.4073334038257599,1,0,"{""A"": ""size"", ""B"": ""orientation"", ""C"": ""position"", ""D"": ""color""}",/mnt/tidalfs-hssh01/dataset/xiang/models/Qwen2.5-VL-7B-Instruct,42,not_empty,next_token
A_0033,A,STEP2,ABC,0,-1.1368709802627563,-0.38687101006507874,0.3208213150501251,0.6791786551475525,-1.1378378868103027,-0.3878379166126251,0.3208213150501251,1,0,"{""A"": ""size"", ""B"": ""orientation"", ""C"": ""position"", ""D"": ""color""}",/mnt/tidalfs-hssh01/dataset/xiang/models/Qwen2.5-VL-7B-Instruct,42,not_empty,next_token
A_0033,A,STEP2,ABD,0,-0.9740769863128662,-0.4740769863128662,0.3775406777858734,0.622459352016449,-0.9748589992523193,-0.47485899925231934,0.3775406777858734,1,0,"{""A"": ""size"", ""B"": ""orientation"", ""C"": ""position"", ""D"": ""color""}",/mnt/tidalfs-hssh01/dataset/xiang/models/Qwen2.5-VL-7B-Instruct,42,not_empty,next_token
A_0033,A,STEP2,ACD,0,-1.1368709802627563,-0.38687101006507874,0.3208213150501251,0.6791786551475525,-1.1371279954910278,-0.38712796568870544,0.3208213150501251,1,0,"{""A"": ""size"", ""B"": ""orientation"", ""C"": ""position"", ""D"": ""color""}",/mnt/tidalfs-hssh01/dataset/xiang/models/Qwen2.5-VL-7B-Instruct,42,not_empty,next_token
A_0033,A,STEP2,BCD,0,-0.825939416885376,-0.575939416885376,0.43782350420951843,0.562176525592804,-0.8269051909446716,-0.5769051909446716,0.43782350420951843,1,0,"{""A"": ""size"", ""B"": ""orientation"", ""C"": ""position"", ""D"": ""color""}",/mnt/tidalfs-hssh01/dataset/xiang/models/Qwen2.5-VL-7B-Instruct,42,not_empty,next_token
A_0033,A,STEP2,ABCD,0,-1.0537006855010986,-0.42870065569877625,0.3486451208591461,0.6513548493385315,-1.0544005632400513,-0.42940056324005127,0.3486451208591461,1,0,"{""A"": ""size"", ""B"": ""orientation"", ""C"": ""position"", ""D"": ""color""}",/mnt/tidalfs-hssh01/dataset/xiang/models/Qwen2.5-VL-7B-Instruct,42,not_empty,next_token
A_0033,A,FINAL,EMPTY,1,-0.7575989961624146,-0.6325989961624146,0.4687906503677368,0.531209409236908,-1.0674777030944824,-0.9424777030944824,0.531209409236908,1,1,"{""A"": ""size"", ""B"": ""orientation"", ""C"": ""position"", ""D"": ""color""}",/mnt/tidalfs-hssh01/dataset/xiang/models/Qwen2.5-VL-7B-Instruct,42,text_only,next_token
A_0033,A,FINAL,A,1,-0.8981232643127441,-0.5231232643127441,0.4073334038257599,0.5926665663719177,-0.9146147966384888,-0.5396147966384888,0.5926665663719177,1,1,"{""A"": ""size"", ""B"": ""orientation"", ""C"": ""position"", ""D"": ""color""}",/mnt/tidalfs-hssh01/dataset/xiang/models/Qwen2.5-VL-7B-Instruct,42,not_empty,next_token
A_0033,A,FINAL,B,1,-0.9740769863128662,-0.4740769863128662,0.3775406777858734,0.622459352016449,-1.0059685707092285,-0.5059685707092285,0.622459352016449,1,1,"{""A"": ""size"", ""B"": ""orientation"", ""C"": ""position"", ""D"": ""color""}",/mnt/tidalfs-hssh01/dataset/xiang/models/Qwen2.5-VL-7B-Instruct,42,not_empty,next_token
A_0033,A,FINAL,C,1,-0.7575989961624146,-0.6325989961624146,0.4687906503677368,0.531209409236908,-0.7903133630752563,-0.6653133630752563,0.531209409236908,1,1,"{""A"": ""size"", ""B"": ""orientation"", ""C"": ""position"", ""D"": ""color""}",/mnt/tidalfs-hssh01/dataset/xiang/models/Qwen2.5-VL-7B-Instruct,42,not_empty,next_token
A_0033,A,FINAL,D,1,-0.825939416885376,-0.575939416885376,0.43782350420951843,0.562176525592804,-0.8468918800354004,-0.5968918800354004,0.562176525592804,1,1,"{""A"": ""size"", ""B"": ""orientation"", ""C"": ""position"", ""D"": ""color""}",/mnt/tidalfs-hssh01/dataset/xiang/models/Qwen2.5-VL-7B-Instruct,42,not_empty,next_token
A_0033,A,FINAL,AB,1,-0.7575989961624146,-0.6325989961624146,0.4687906503677368,0.531209409236908,-0.7627891302108765,-0.6377891302108765,0.531209409236908,1,1,"{""A"": ""size"", ""B"": ""orientation"", ""C"": ""position"", ""D"": ""color""}",/mnt/tidalfs-hssh01/dataset/xiang/models/Qwen2.5-VL-7B-Instruct,42,not_empty,next_token
A_0033,A,FINAL,AC,1,-0.825939416885376,-0.575939416885376,0.43782350420951843,0.562176525592804,-0.8276616334915161,-0.5776616334915161,0.562176525592804,1,1,"{""A"": ""size"", ""B"": ""orientation"", ""C"": ""position"", ""D"": ""color""}",/mnt/tidalfs-hssh01/dataset/xiang/models/Qwen2.5-VL-7B-Instruct,42,not_empty,next_token
A_0033,A,FINAL,AD,1,-0.7575989961624146,-0.6325989961624146,0.4687906503677368,0.531209409236908,-0.760784924030304,-0.635784924030304,0.531209409236908,1,1,"{""A"": ""size"", ""B"": ""orientation"", ""C"": ""position"", ""D"": ""color""}",/mnt/tidalfs-hssh01/dataset/xiang/models/Qwen2.5-VL-7B-Instruct,42,not_empty,next_token
A_0033,A,FINAL,BC,1,-0.7575989961624146,-0.6325989961624146,0.4687906503677368,0.531209409236908,-0.7709290981292725,-0.6459290981292725,0.531209409236908,1,1,"{""A"": ""size"", ""B"": ""orientation"", ""C"": ""position"", ""D"": ""color""}",/mnt/tidalfs-hssh01/dataset/xiang/models/Qwen2.5-VL-7B-Instruct,42,not_empty,next_token
A_0033,A,FINAL,BD,1,-0.825939416885376,-0.575939416885376,0.43782350420951843,0.562176525592804,-0.8356859087944031,-0.5856859087944031,0.562176525592804,1,1,"{""A"": ""size"", ""B"": ""orientation"", ""C"": ""position"", ""D"": ""color""}",/mnt/tidalfs-hssh01/dataset/xiang/models/Qwen2.5-VL-7B-Instruct,42,not_empty,next_token
A_0033,A,FINAL,CD,1,-0.7575989961624146,-0.6325989961624146,0.4687906503677368,0.531209409236908,-0.7624086737632751,-0.6374086737632751,0.531209409236908,1,1,"{""A"": ""size"", ""B"": ""orientation"", ""C"": ""position"", ""D"": ""color""}",/mnt/tidalfs-hssh01/dataset/xiang/models/Qwen2.5-VL-7B-Instruct,42,not_empty,next_token
A_0033,A,FINAL,ABC,1,-0.6931471824645996,-0.6931471824645996,0.5,0.5,-0.6975792050361633,-0.6975792050361633,0.5,0,0,"{""A"": ""size"", ""B"": ""orientation"", ""C"": ""position"", ""D"": ""color""}",/mnt/tidalfs-hssh01/dataset/xiang/models/Qwen2.5-VL-7B-Instruct,42,not_empty,next_token
A_0033,A,FINAL,ABD,1,-0.6931471824645996,-0.6931471824645996,0.5,0.5,-0.6959815621376038,-0.6959815621376038,0.5,0,0,"{""A"": ""size"", ""B"": ""orientation"", ""C"": ""position"", ""D"": ""color""}",/mnt/tidalfs-hssh01/dataset/xiang/models/Qwen2.5-VL-7B-Instruct,42,not_empty,next_token
A_0033,A,FINAL,ACD,1,-0.7575989961624146,-0.6325989961624146,0.4687906503677368,0.531209409236908,-0.7592528462409973,-0.6342528462409973,0.531209409236908,1,1,"{""A"": ""size"", ""B"": ""orientation"", ""C"": ""position"", ""D"": ""color""}",/mnt/tidalfs-hssh01/dataset/xiang/models/Qwen2.5-VL-7B-Instruct,42,not_empty,next_token
A_0033,A,FINAL,BCD,1,-0.825939416885376,-0.575939416885376,0.43782350420951843,0.562176525592804,-0.830736517906189,-0.580736517906189,0.562176525592804,1,1,"{""A"": ""size"", ""B"": ""orientation"", ""C"": ""position"", ""D"": ""color""}",/mnt/tidalfs-hssh01/dataset/xiang/models/Qwen2.5-VL-7B-Instruct,42,not_empty,next_token
A_0033,A,FINAL,ABCD,1,-0.7575989961624146,-0.6325989961624146,0.4687906503677368,0.531209409236908,-0.7617709040641785,-0.6367709040641785,0.531209409236908,1,1,"{""A"": ""size"", ""B"": ""orientation"", ""C"": ""position"", ""D"": ""color""}",/mnt/tidalfs-hssh01/dataset/xiang/models/Qwen2.5-VL-7B-Instruct,42,not_empty,next_token
A_0041,A,STEP1,EMPTY,0,-0.6931471824645996,-0.6931471824645996,0.5,0.5,-0.819155216217041,-0.819155216217041,0.5,0,1,"{""A"": ""size"", ""B"": ""orientation"", ""C"": ""position"", ""D"": ""color""}",/mnt/tidalfs-hssh01/dataset/xiang/models/Qwen2.5-VL-7B-Instruct,42,text_only,next_token
A_0041,A,STEP1,A,0,-0.9740769863128662,-0.4740769863128662,0.3775406777858734,0.622459352016449,-0.9751812815666199,-0.4751812815666199,0.3775406777858734,1,0,"{""A"": ""size"", ""B"": ""orientation"", ""C"": ""position"", ""D"": ""color""}",/mnt/tidalfs-hssh01/dataset/xiang/models/Qwen2.5-VL-7B-Instruct,42,not_empty,next_token
A_0041,A,STEP1,B,0,-1.4061501026153564,-0.28115010261535645,0.24508503079414368,0.7549149990081787,-1.408461093902588,-0.28346115350723267,0.24508503079414368,1,0,"{""A"": ""size"", ""B"": ""orientation"", ""C"": ""position"", ""D"": ""color""}",/mnt/tidalfs-hssh01/dataset/xiang/models/Qwen2.5-VL-7B-Instruct,42,not_empty,next_token
A_0041,A,STEP1,C,0,-0.6325989961624146,-0.7575989961624146,0.531209409236908,0.4687906503677368,-0.6356418132781982,-0.7606418132781982,0.531209409236908,0,1,"{""A"": ""size"", ""B"": ""orientation"", ""C"": ""position"", ""D"": ""color""}",/mnt/tidalfs-hssh01/dataset/xiang/models/Qwen2.5-VL-7B-Instruct,42,not_empty,next_token
A_0041,A,STEP1,D,0,-0.8981232643127441,-0.5231232643127441,0.4073334038257599,0.5926665663719177,-0.9017981886863708,-0.5267981886863708,0.4073334038257599,1,0,"{""A"": ""size"", ""B"": ""orientation"", ""C"": ""position"", ""D"": ""color""}",/mnt/tidalfs-hssh01/dataset/xiang/models/Qwen2.5-VL-7B-Instruct,42,not_empty,next_token
A_0041,A,STEP1,AB,0,-0.8981232643127441,-0.5231232643127441,0.4073334038257599,0.5926665663719177,-0.8985679149627686,-0.5235679149627686,0.4073334038257599,1,0,"{""A"": ""size"", ""B"": ""orientation"", ""C"": ""position"", ""D"": ""color""}",/mnt/tidalfs-hssh01/dataset/xiang/models/Qwen2.5-VL-7B-Instruct,42,not_empty,next_token
A_0041,A,STEP1,AC,0,-1.136871099472046,-0.38687101006507874,0.32082128524780273,0.6791786551475525,-1.1371676921844482,-0.38716763257980347,0.32082128524780273,1,0,"{""A"": ""size"", ""B"": ""orientation"", ""C"": ""position"", ""D"": ""color""}",/mnt/tidalfs-hssh01/dataset/xiang/models/Qwen2.5-VL-7B-Instruct,42,not_empty,next_token
A_0041,A,STEP1,AD,0,-0.825939416885376,-0.575939416885376,0.43782350420951843,0.562176525592804,-0.8266286253929138,-0.5766286253929138,0.43782350420951843,1,0,"{""A"": ""size"", ""B"": ""orientation"", ""C"": ""position"", ""D"": ""color""}",/mnt/tidalfs-hssh01/dataset/xiang/models/Qwen2.5-VL-7B-Instruct,42,not_empty,next_token
A_0041,A,STEP1,BC,0,-1.7014133930206299,-0.2014133334159851,0.18242549896240234,0.8175744414329529,-1.70205557346344,-0.20205560326576233,0.18242549896240234,1,0,"{""A"": ""size"", ""B"": ""orientation"", ""C"": ""position"", ""D"": ""color""}",/mnt/tidalfs-hssh01/dataset/xiang/models/Qwen2.5-VL-7B-Instruct,42,not_empty,next_token
A_0041,A,STEP1,BD,0,-1.4061501026153564,-0.28115010261535645,0.24508503079414368,0.7549149990081787,-1.4070053100585938,-0.28200531005859375,0.24508503079414368,1,0,"{""A"": ""size"", ""B"": ""orientation"", ""C"": ""position"", ""D"": ""color""}",/mnt/tidalfs-hssh01/dataset/xiang/models/Qwen2.5-VL-7B-Instruct,42,not_empty,next_token
A_0041,A,STEP1,CD,0,-0.6325989961624146,-0.7575989961624146,0.531209409236908,0.4687906503677368,-0.6338198781013489,-0.7588198781013489,0.531209409236908,0,1,"{""A"": ""size"", ""B"": ""orientation"", ""C"": ""position"", ""D"": ""color""}",/mnt/tidalfs-hssh01/dataset/xiang/models/Qwen2.5-VL-7B-Instruct,42,not_empty,next_token
A_0041,A,STEP1,ABC,0,-1.2234445810317993,-0.3484445810317993,0.29421499371528625,0.7057850360870361,-1.2237045764923096,-0.34870460629463196,0.29421499371528625,1,0,"{""A"": ""size"", ""B"": ""orientation"", ""C"": ""position"", ""D"": ""color""}",/mnt/tidalfs-hssh01/dataset/xiang/models/Qwen2.5-VL-7B-Instruct,42,not_empty,next_token
A_0041,A,STEP1,ABD,0,-0.9740769863128662,-0.4740769863128662,0.3775406777858734,0.622459352016449,-0.974319338798523,-0.47431930899620056,0.3775406777858734,1,0,"{""A"": ""size"", ""B"": ""orientation"", ""C"": ""position"", ""D"": ""color""}",/mnt/tidalfs-hssh01/dataset/xiang/models/Qwen2.5-VL-7B-Instruct,42,not_empty,next_token
A_0041,A,STEP1,ACD,0,-1.2234444618225098,-0.3484445810317993,0.29421502351760864,0.7057850360870361,-1.2236015796661377,-0.34860163927078247,0.29421502351760864,1,0,"{""A"": ""size"", ""B"": ""orientation"", ""C"": ""position"", ""D"": ""color""}",/mnt/tidalfs-hssh01/dataset/xiang/models/Qwen2.5-VL-7B-Instruct,42,not_empty,next_token
A_0041,A,STEP1,BCD,0,-1.7014133930206299,-0.2014133334159851,0.18242549896240234,0.8175744414329529,-1.7017097473144531,-0.2017097771167755,0.18242549896240234,1,0,"{""A"": ""size"", ""B"": ""orientation"", ""C"": ""position"", ""D"": ""color""}",/mnt/tidalfs-hssh01/dataset/xiang/models/Qwen2.5-VL-7B-Instruct,42,not_empty,next_token
A_0041,A,STEP1,ABCD,0,-1.1368709802627563,-0.38687101006507874,0.3208213150501251,0.6791786551475525,-1.1370656490325928,-0.3870656490325928,0.3208213150501251,1,0,"{""A"": ""size"", ""B"": ""orientation"", ""C"": ""position"", ""D"": ""color""}",/mnt/tidalfs-hssh01/dataset/xiang/models/Qwen2.5-VL-7B-Instruct,42,not_empty,next_token
A_0041,A,STEP2,EMPTY,0,-1.2234445810317993,-0.3484445810317993,0.29421499371528625,0.7057850360870361,-1.2687973976135254,-0.393797367811203,0.29421499371528625,1,0,"{""A"": ""size"", ""B"": ""orientation"", ""C"": ""position"", ""D"": ""color""}",/mnt/tidalfs-hssh01/dataset/xiang/models/Qwen2.5-VL-7B-Instruct,42,text_only,next_token
A_0041,A,STEP2,A,0,-1.1368709802627563,-0.38687101006507874,0.3208213150501251,0.6791786551475525,-1.138013482093811,-0.3880135118961334,0.3208213150501251,1,0,"{""A"": ""size"", ""B"": ""orientation"", ""C"": ""position"", ""D"": ""color""}",/mnt/tidalfs-hssh01/dataset/xiang/models/Qwen2.5-VL-7B-Instruct,42,not_empty,next_token
A_0041,A,STEP2,B,0,-0.9740769863128662,-0.4740769863128662,0.3775406777858734,0.622459352016449,-0.9773802757263184,-0.47738030552864075,0.3775406777858734,1,0,"{""A"": ""size"", ""B"": ""orientation"", ""C"": ""position"", ""D"": ""color""}",/mnt/tidalfs-hssh01/dataset/xiang/models/Qwen2.5-VL-7B-Instruct,42,not_empty,next_token
A_0041,A,STEP2,C,0,-0.8981232643127441,-0.5231232643127441,0.4073334038257599,0.5926665663719177,-0.9000468254089355,-0.5250468254089355,0.4073334038257599,1,0,"{""A"": ""size"", ""B"": ""orientation"", ""C"": ""position"", ""D"": ""color""}",/mnt/tidalfs-hssh01/dataset/xiang/models/Qwen2.5-VL-7B-Instruct,42,not_empty,next_token
A_0041,A,STEP2,D,0,-1.0537006855010986,-0.42870065569877625,0.3486451208591461,0.6513548493385315,-1.055504560470581,-0.43050456047058105,0.3486451208591461,1,0,"{""A"": ""size"", ""B"": ""orientation"", ""C"": ""position"", ""D"": ""color""}",/mnt/tidalfs-hssh01/dataset/xiang/models/Qwen2.5-VL-7B-Instruct,42,not_empty,next_token
A_0041,A,STEP2,AB,0,-0.6931471824645996,-0.6931471824645996,0.5,0.5,-0.6944747567176819,-0.6944747567176819,0.5,0,1,"{""A"": ""size"", ""B"": ""orientation"", ""C"": ""position"", ""D"": ""color""}",/mnt/tidalfs-hssh01/dataset/xiang/models/Qwen2.5-VL-7B-Instruct,42,not_empty,next_token
A_0041,A,STEP2,AC,0,-0.9740769863128662,-0.4740769863128662,0.3775406777858734,0.622459352016449,-0.9743902683258057,-0.47439029812812805,0.3775406777858734,1,0,"{""A"": ""size"", ""B"": ""orientation"", ""C"": ""position"", ""D"": ""color""}",/mnt/tidalfs-hssh01/dataset/xiang/models/Qwen2.5-VL-7B-Instruct,42,not_empty,next_token
A_0041,A,STEP2,AD,0,-1.2234445810317993,-0.3484445810317993,0.29421499371528625,0.7057850360870361,-1.2240121364593506,-0.349012166261673,0.29421499371528625,1,0,"{""A"": ""size"", ""B"": ""orientation"", ""C"": ""position"", ""D"": ""color""}",/mnt/tidalfs-hssh01/dataset/xiang/models/Qwen2.5-VL-7B-Instruct,42,not_empty,next_token
A_0041,A,STEP2,BC,0,-0.8981232643127441,-0.5231232643127441,0.4073334038257599,0.5926665663719177,-0.90032958984375,-0.52532958984375,0.4073334038257599,1,0,"{""A"": ""size"", ""B"": ""orientation"", ""C"": ""position"", ""D"": ""color""}",/mnt/tidalfs-hssh01/dataset/xiang/models/Qwen2.5-VL-7B-Instruct,42,not_empty,next_token
A_0041,A,STEP2,BD,0,-0.9740769863128662,-0.4740769863128662,0.3775406777858734,0.622459352016449,-0.9755487442016602,-0.47554874420166016,0.3775406777858734,1,0,"{""A"": ""size"", ""B"": ""orientation"", ""C"": ""position"", ""D"": ""color""}",/mnt/tidalfs-hssh01/dataset/xiang/models/Qwen2.5-VL-7B-Instruct,42,not_empty,next_token
A_0041,A,STEP2,CD,0,-0.8981232643127441,-0.5231232643127441,0.4073334038257599,0.5926665663719177,-0.8988699913024902,-0.5238699913024902,0.4073334038257599,1,0,"{""A"": ""size"", ""B"": ""orientation"", ""C"": ""position"", ""D"": ""color""}",/mnt/tidalfs-hssh01/dataset/xiang/models/Qwen2.5-VL-7B-Instruct,42,not_empty,next_token
A_0041,A,STEP2,ABC,0,-0.825939416885376,-0.575939416885376,0.43782350420951843,0.562176525592804,-0.8266738653182983,-0.5766738653182983,0.43782350420951843,1,0,"{""A"": ""size"", ""B"": ""orientation"", ""C"": ""position"", ""D"": ""color""}",/mnt/tidalfs-hssh01/dataset/xiang/models/Qwen2.5-VL-7B-Instruct,42,not_empty,next_token
A_0041,A,STEP2,ABD,0,-0.9740769863128662,-0.4740769863128662,0.3775406777858734,0.622459352016449,-0.9746168851852417,-0.4746168851852417,0.3775406777858734,1,0,"{""A"": ""size"", ""B"": ""orientation"", ""C"": ""position"", ""D"": ""color""}",/mnt/tidalfs-hssh01/dataset/xiang/models/Qwen2.5-VL-7B-Instruct,42,not_empty,next_token
A_0041,A,STEP2,ACD,0,-0.825939416885376,-0.575939416885376,0.43782350420951843,0.562176525592804,-0.8261492252349854,-0.5761492252349854,0.43782350420951843,1,0,"{""A"": ""size"", ""B"": ""orientation"", ""C"": ""position"", ""D"": ""color""}",/mnt/tidalfs-hssh01/dataset/xiang/models/Qwen2.5-VL-7B-Instruct,42,not_empty,next_token
A_0041,A,STEP2,BCD,0,-0.825939416885376,-0.575939416885376,0.43782350420951843,0.562176525592804,-0.8269051909446716,-0.5769051909446716,0.43782350420951843,1,0,"{""A"": ""size"", ""B"": ""orientation"", ""C"": ""position"", ""D"": ""color""}",/mnt/tidalfs-hssh01/dataset/xiang/models/Qwen2.5-VL-7B-Instruct,42,not_empty,next_token
A_0041,A,STEP2,ABCD,0,-0.7575989961624146,-0.6325989961624146,0.4687906503677368,0.531209409236908,-0.7581538558006287,-0.6331538558006287,0.4687906503677368,1,0,"{""A"": ""size"", ""B"": ""orientation"", ""C"": ""position"", ""D"": ""color""}",/mnt/tidalfs-hssh01/dataset/xiang/models/Qwen2.5-VL-7B-Instruct,42,not_empty,next_token
A_0041,A,FINAL,EMPTY,0,-0.7575989961624146,-0.6325989961624146,0.4687906503677368,0.531209409236908,-1.0674777030944824,-0.9424777030944824,0.4687906503677368,1,0,"{""A"": ""size"", ""B"": ""orientation"", ""C"": ""position"", ""D"": ""color""}",/mnt/tidalfs-hssh01/dataset/xiang/models/Qwen2.5-VL-7B-Instruct,42,text_only,next_token
A_0041,A,FINAL,A,0,-0.8981232643127441,-0.5231232643127441,0.4073334038257599,0.5926665663719177,-0.9128466844558716,-0.5378466844558716,0.4073334038257599,1,0,"{""A"": ""size"", ""B"": ""orientation"", ""C"": ""position"", ""D"": ""color""}",/mnt/tidalfs-hssh01/dataset/xiang/models/Qwen2.5-VL-7B-Instruct,42,not_empty,next_token
A_0041,A,FINAL,B,0,-0.9740769863128662,-0.4740769863128662,0.3775406777858734,0.622459352016449,-1.0059685707092285,-0.5059685707092285,0.3775406777858734,1,0,"{""A"": ""size"", ""B"": ""orientation"", ""C"": ""position"", ""D"": ""color""}",/mnt/tidalfs-hssh01/dataset/xiang/models/Qwen2.5-VL-7B-Instruct,42,not_empty,next_token
A_0041,A,FINAL,C,0,-0.7575989961624146,-0.6325989961624146,0.4687906503677368,0.531209409236908,-0.7903133630752563,-0.6653133630752563,0.4687906503677368,1,0,"{""A"": ""size"", ""B"": ""orientation"", ""C"": ""position"", ""D"": ""color""}",/mnt/tidalfs-hssh01/dataset/xiang/models/Qwen2.5-VL-7B-Instruct,42,not_empty,next_token
A_0041,A,FINAL,D,0,-0.825939416885376,-0.575939416885376,0.43782350420951843,0.562176525592804,-0.8468918800354004,-0.5968918800354004,0.43782350420951843,1,0,"{""A"": ""size"", ""B"": ""orientation"", ""C"": ""position"", ""D"": ""color""}",/mnt/tidalfs-hssh01/dataset/xiang/models/Qwen2.5-VL-7B-Instruct,42,not_empty,next_token
A_0041,A,FINAL,AB,0,-0.6931471824645996,-0.6931471824645996,0.5,0.5,-0.6953505873680115,-0.6953505873680115,0.5,0,1,"{""A"": ""size"", ""B"": ""orientation"", ""C"": ""position"", ""D"": ""color""}",/mnt/tidalfs-hssh01/dataset/xiang/models/Qwen2.5-VL-7B-Instruct,42,not_empty,next_token
A_0041,A,FINAL,AC,0,-0.825939416885376,-0.575939416885376,0.43782350420951843,0.562176525592804,-0.8269270062446594,-0.5769270062446594,0.43782350420951843,1,0,"{""A"": ""size"", ""B"": ""orientation"", ""C"": ""position"", ""D"": ""color""}",/mnt/tidalfs-hssh01/dataset/xiang/models/Qwen2.5-VL-7B-Instruct,42,not_empty,next_token
A_0041,A,FINAL,AD,0,-0.7575989961624146,-0.6325989961624146,0.4687906503677368,0.531209409236908,-0.7601379752159119,-0.6351379752159119,0.4687906503677368,1,0,"{""A"": ""size"", ""B"": ""orientation"", ""C"": ""position"", ""D"": ""color""}",/mnt/tidalfs-hssh01/dataset/xiang/models/Qwen2.5-VL-7B-Instruct,42,not_empty,next_token
A_0041,A,FINAL,BC,0,-0.7575989961624146,-0.6325989961624146,0.4687906503677368,0.531209409236908,-0.7709290981292725,-0.6459290981292725,0.4687906503677368,1,0,"{""A"": ""size"", ""B"": ""orientation"", ""C"": ""position"", ""D"": ""color""}",/mnt/tidalfs-hssh01/dataset/xiang/models/Qwen2.5-VL-7B-Instruct,42,not_empty,next_token
A_0041,A,FINAL,BD,0,-0.825939416885376,-0.575939416885376,0.43782350420951843,0.562176525592804,-0.8356859087944031,-0.5856859087944031,0.43782350420951843,1,0,"{""A"": ""size"", ""B"": ""orientation"", ""C"": ""position"", ""D"": ""color""}",/mnt/tidalfs-hssh01/dataset/xiang/models/Qwen2.5-VL-7B-Instruct,42,not_empty,next_token
A_0041,A,FINAL,CD,0,-0.7575989961624146,-0.6325989961624146,0.4687906503677368,0.531209409236908,-0.7624086737632751,-0.6374086737632751,0.4687906503677368,1,0,"{""A"": ""size"", ""B"": ""orientation"", ""C"": ""position"", ""D"": ""color""}",/mnt/tidalfs-hssh01/dataset/xiang/models/Qwen2.5-VL-7B-Instruct,42,not_empty,next_token
A_0041,A,FINAL,ABC,0,-0.7575989961624146,-0.6325989961624146,0.4687906503677368,0.531209409236908,-0.7605183720588684,-0.6355183720588684,0.4687906503677368,1,0,"{""A"": ""size"", ""B"": ""orientation"", ""C"": ""position"", ""D"": ""color""}",/mnt/tidalfs-hssh01/dataset/xiang/models/Qwen2.5-VL-7B-Instruct,42,not_empty,next_token
A_0041,A,FINAL,ABD,0,-0.7575989961624146,-0.6325989961624146,0.4687906503677368,0.531209409236908,-0.7594088912010193,-0.6344088912010193,0.4687906503677368,1,0,"{""A"": ""size"", ""B"": ""orientation"", ""C"": ""position"", ""D"": ""color""}",/mnt/tidalfs-hssh01/dataset/xiang/models/Qwen2.5-VL-7B-Instruct,42,not_empty,next_token
A_0041,A,FINAL,ACD,0,-0.825939416885376,-0.575939416885376,0.43782350420951843,0.562176525592804,-0.8269606828689575,-0.5769606828689575,0.43782350420951843,1,0,"{""A"": ""size"", ""B"": ""orientation"", ""C"": ""position"", ""D"": ""color""}",/mnt/tidalfs-hssh01/dataset/xiang/models/Qwen2.5-VL-7B-Instruct,42,not_empty,next_token
A_0041,A,FINAL,BCD,0,-0.825939416885376,-0.575939416885376,0.43782350420951843,0.562176525592804,-0.830736517906189,-0.580736517906189,0.43782350420951843,1,0,"{""A"": ""size"", ""B"": ""orientation"", ""C"": ""position"", ""D"": ""color""}",/mnt/tidalfs-hssh01/dataset/xiang/models/Qwen2.5-VL-7B-Instruct,42,not_empty,next_token
A_0041,A,FINAL,ABCD,0,-0.825939416885376,-0.575939416885376,0.43782350420951843,0.562176525592804,-0.8278745412826538,-0.5778745412826538,0.43782350420951843,1,0,"{""A"": ""size"", ""B"": ""orientation"", ""C"": ""position"", ""D"": ""color""}",/mnt/tidalfs-hssh01/dataset/xiang/models/Qwen2.5-VL-7B-Instruct,42,not_empty,next_token
A_0049,A,STEP1,EMPTY,1,-0.7575989961624146,-0.6325989961624146,0.4687906503677368,0.531209409236908,-0.8536394238471985,-0.7286394238471985,0.531209409236908,1,1,"{""A"": ""orientation"", ""B"": ""position"", ""C"": ""color"", ""D"": ""size""}",/mnt/tidalfs-hssh01/dataset/xiang/models/Qwen2.5-VL-7B-Instruct,42,text_only,next_token
A_0049,A,STEP1,A,1,-1.2234444618225098,-0.3484445810317993,0.29421502351760864,0.7057850360870361,-1.2252774238586426,-0.35027748346328735,0.7057850360870361,1,1,"{""A"": ""orientation"", ""B"": ""position"", ""C"": ""color"", ""D"": ""size""}",/mnt/tidalfs-hssh01/dataset/xiang/models/Qwen2.5-VL-7B-Instruct,42,not_empty,next_token
A_0049,A,STEP1,B,1,-0.825939416885376,-0.575939416885376,0.43782350420951843,0.562176525592804,-0.8280855417251587,-0.5780855417251587,0.562176525592804,1,1,"{""A"": ""orientation"", ""B"": ""position"", ""C"": ""color"", ""D"": ""size""}",/mnt/tidalfs-hssh01/dataset/xiang/models/Qwen2.5-VL-7B-Instruct,42,not_empty,next_token
A_0049,A,STEP1,C,1,-0.825939416885376,-0.575939416885376,0.43782350420951843,0.562176525592804,-0.8315712809562683,-0.5815712809562683,0.562176525592804,1,1,"{""A"": ""orientation"", ""B"": ""position"", ""C"": ""color"", ""D"": ""size""}",/mnt/tidalfs-hssh01/dataset/xiang/models/Qwen2.5-VL-7B-Instruct,42,not_empty,next_token
A_0049,A,STEP1,D,1,-0.8981232643127441,-0.5231232643127441,0.4073334038257599,0.5926665663719177,-0.9047233462333679,-0.5297233462333679,0.5926665663719177,1,1,"{""A"": ""orientation"", ""B"": ""position"", ""C"": ""color"", ""D"": ""size""}",/mnt/tidalfs-hssh01/dataset/xiang/models/Qwen2.5-VL-7B-Instruct,42,not_empty,next_token
A_0049,A,STEP1,AB,1,-1.2234445810317993,-0.3484445810317993,0.29421499371528625,0.7057850360870361,-1.2240090370178223,-0.34900903701782227,0.7057850360870361,1,1,"{""A"": ""orientation"", ""B"": ""position"", ""C"": ""color"", ""D"": ""size""}",/mnt/tidalfs-hssh01/dataset/xiang/models/Qwen2.5-VL-7B-Instruct,42,not_empty,next_token
A_0049,A,STEP1,AC,1,-1.2234445810317993,-0.3484445810317993,0.29421499371528625,0.7057850360870361,-1.2239700555801392,-0.3489700257778168,0.7057850360870361,1,1,"{""A"": ""orientation"", ""B"": ""position"", ""C"": ""color"", ""D"": ""size""}",/mnt/tidalfs-hssh01/dataset/xiang/models/Qwen2.5-VL-7B-Instruct,42,not_empty,next_token
A_0049,A,STEP1,AD,1,-1.3132617473602295,-0.3132617473602295,0.26894140243530273,0.7310584783554077,-1.314075231552124,-0.3140752911567688,0.7310584783554077,1,1,"{""A"": ""orientation"", ""B"": ""position"", ""C"": ""color"", ""D"": ""size""}",/mnt/tidalfs-hssh01/dataset/xiang/models/Qwen2.5-VL-7B-Instruct,42,not_empty,next_token
A_0049,A,STEP1,BC,1,-0.825939416885376,-0.575939416885376,0.43782350420951843,0.562176525592804,-0.8263543844223022,-0.5763543844223022,0.562176525592804,1,1,"{""A"": ""orientation"", ""B"": ""position"", ""C"": ""color"", ""D"": ""size""}",/mnt/tidalfs-hssh01/dataset/xiang/models/Qwen2.5-VL-7B-Instruct,42,not_empty,next_token
A_0049,A,STEP1,BD,1,-0.9740769863128662,-0.4740769863128662,0.3775406777858734,0.622459352016449,-0.974552571773529,-0.47455257177352905,0.622459352016449,1,1,"{""A"": ""orientation"", ""B"": ""position"", ""C"": ""color"", ""D"": ""size""}",/mnt/tidalfs-hssh01/dataset/xiang/models/Qwen2.5-VL-7B-Instruct,42,not_empty,next_token
A_0049,A,STEP1,CD,1,-0.9740769863128662,-0.4740769863128662,0.3775406777858734,0.622459352016449,-0.9745523929595947,-0.47455236315727234,0.622459352016449,1,1,"{""A"": ""orientation"", ""B"": ""position"", ""C"": ""color"", ""D"": ""size""}",/mnt/tidalfs-hssh01/dataset/xiang/models/Qwen2.5-VL-7B-Instruct,42,not_empty,next_token
A_0049,A,STEP1,ABC,1,-1.2234445810317993,-0.3484445810317993,0.29421499371528625,0.7057850360870361,-1.2238306999206543,-0.3488306701183319,0.7057850360870361,1,1,"{""A"": ""orientation"", ""B"": ""position"", ""C"": ""color"", ""D"": ""size""}",/mnt/tidalfs-hssh01/dataset/xiang/models/Qwen2.5-VL-7B-Instruct,42,not_empty,next_token
A_0049,A,STEP1,ABD,1,-1.3132617473602295,-0.3132617473602295,0.26894140243530273,0.7310584783554077,-1.3136036396026611,-0.31360363960266113,0.7310584783554077,1,1,"{""A"": ""orientation"", ""B"": ""position"", ""C"": ""color"", ""D"": ""size""}",/mnt/tidalfs-hssh01/dataset/xiang/models/Qwen2.5-VL-7B-Instruct,42,not_empty,next_token
A_0049,A,STEP1,ACD,1,-1.4061501026153564,-0.28115010261535645,0.24508503079414368,0.7549149990081787,-1.4063831567764282,-0.2813831567764282,0.7549149990081787,1,1,"{""A"": ""orientation"", ""B"": ""position"", ""C"": ""color"", ""D"": ""size""}",/mnt/tidalfs-hssh01/dataset/xiang/models/Qwen2.5-VL-7B-Instruct,42,not_empty,next_token
A_0049,A,STEP1,BCD,1,-0.8981232643127441,-0.5231232643127441,0.4073334038257599,0.5926665663719177,-0.8983913660049438,-0.5233913660049438,0.5926665663719177,1,1,"{""A"": ""orientation"", ""B"": ""position"", ""C"": ""color"", ""D"": ""size""}",/mnt/tidalfs-hssh01/dataset/xiang/models/Qwen2.5-VL-7B-Instruct,42,not_empty,next_token
A_0049,A,STEP1,ABCD,1,-1.5019290447235107,-0.25192904472351074,0.22270016372203827,0.7772998809814453,-1.5021568536758423,-0.2521568834781647,0.7772998809814453,1,1,"{""A"": ""orientation"", ""B"": ""position"", ""C"": ""color"", ""D"": ""size""}",/mnt/tidalfs-hssh01/dataset/xiang/models/Qwen2.5-VL-7B-Instruct,42,not_empty,next_token
A_0049,A,STEP2,EMPTY,1,-1.3132617473602295,-0.3132617473602295,0.26894140243530273,0.7310584783554077,-1.3575432300567627,-0.3575432002544403,0.7310584783554077,1,1,"{""A"": ""orientation"", ""B"": ""position"", ""C"": ""color"", ""D"": ""size""}",/mnt/tidalfs-hssh01/dataset/xiang/models/Qwen2.5-VL-7B-Instruct,42,text_only,next_token
A_0049,A,STEP2,A,1,-1.2234444618225098,-0.3484445810317993,0.29421502351760864,0.7057850360870361,-1.225020408630371,-0.35002046823501587,0.7057850360870361,1,1,"{""A"": ""orientation"", ""B"": ""position"", ""C"": ""color"", ""D"": ""size""}",/mnt/tidalfs-hssh01/dataset/xiang/models/Qwen2.5-VL-7B-Instruct,42,not_empty,next_token
A_0049,A,STEP2,B,1,-1.1368709802627563,-0.38687101006507874,0.3208213150501251,0.6791786551475525,-1.13828706741333,-0.3882870674133301,0.6791786551475525,1,1,"{""A"": ""orientation"", ""B"": ""position"", ""C"": ""color"", ""D"": ""size""}",/mnt/tidalfs-hssh01/dataset/xiang/models/Qwen2.5-VL-7B-Instruct,42,not_empty,next_token
A_0049,A,STEP2,C,1,-1.1368709802627563,-0.38687101006507874,0.3208213150501251,0.6791786551475525,-1.1387856006622314,-0.38878560066223145,0.6791786551475525,1,1,"{""A"": ""orientation"", ""B"": ""position"", ""C"": ""color"", ""D"": ""size""}",/mnt/tidalfs-hssh01/dataset/xiang/models/Qwen2.5-VL-7B-Instruct,42,not_empty,next_token
A_0049,A,STEP2,D,1,-1.2234445810317993,-0.3484445810317993,0.29421499371528625,0.7057850360870361,-1.2257637977600098,-0.35076379776000977,0.7057850360870361,1,1,"{""A"": ""orientation"", ""B"": ""position"", ""C"": ""color"", ""D"": ""size""}",/mnt/tidalfs-hssh01/dataset/xiang/models/Qwen2.5-VL-7B-Instruct,42,not_empty,next_token
A_0049,A,STEP2,AB,1,-1.136871099472046,-0.38687101006507874,0.32082128524780273,0.6791786551475525,-1.1382009983062744,-0.38820093870162964,0.6791786551475525,1,1,"{""A"": ""orientation"", ""B"": ""position"", ""C"": ""color"", ""D"": ""size""}",/mnt/tidalfs-hssh01/dataset/xiang/models/Qwen2.5-VL-7B-Instruct,42,not_empty,next_token
A_0049,A,STEP2,AC,1,-1.4061501026153564,-0.28115010261535645,0.24508503079414368,0.7549149990081787,-1.4065543413162231,-0.28155437111854553,0.7549149990081787,1,1,"{""A"": ""orientation"", ""B"": ""position"", ""C"": ""color"", ""D"": ""size""}",/mnt/tidalfs-hssh01/dataset/xiang/models/Qwen2.5-VL-7B-Instruct,42,not_empty,next_token
A_0049,A,STEP2,AD,1,-1.1368709802627563,-0.38687101006507874,0.3208213150501251,0.6791786551475525,-1.1381133794784546,-0.3881133794784546,0.6791786551475525,1,1,"{""A"": ""orientation"", ""B"": ""position"", ""C"": ""color"", ""D"": ""size""}",/mnt/tidalfs-hssh01/dataset/xiang/models/Qwen2.5-VL-7B-Instruct,42,not_empty,next_token
A_0049,A,STEP2,BC,1,-1.4061501026153564,-0.28115010261535645,0.24508503079414368,0.7549149990081787,-1.4069448709487915,-0.2819448709487915,0.7549149990081787,1,1,"{""A"": ""orientation"", ""B"": ""position"", ""C"": ""color"", ""D"": ""size""}",/mnt/tidalfs-hssh01/dataset/xiang/models/Qwen2.5-VL-7B-Instruct,42,not_empty,next_token
A_0049,A,STEP2,BD,1,-1.1368709802627563,-0.38687101006507874,0.3208213150501251,0.6791786551475525,-1.137892246246338,-0.3878922760486603,0.6791786551475525,1,1,"{""A"": ""orientation"", ""B"": ""position"", ""C"": ""color"", ""D"": ""size""}",/mnt/tidalfs-hssh01/dataset/xiang/models/Qwen2.5-VL-7B-Instruct,42,not_empty,next_token
A_0049,A,STEP2,CD,1,-1.053700566291809,-0.42870065569877625,0.3486451506614685,0.6513548493385315,-1.0546026229858398,-0.4296026825904846,0.6513548493385315,1,1,"{""A"": ""orientation"", ""B"": ""position"", ""C"": ""color"", ""D"": ""size""}",/mnt/tidalfs-hssh01/dataset/xiang/models/Qwen2.5-VL-7B-Instruct,42,not_empty,next_token
A_0049,A,STEP2,ABC,1,-1.3132617473602295,-0.3132617473602295,0.26894140243530273,0.7310584783554077,-1.3140740394592285,-0.31407397985458374,0.7310584783554077,1,1,"{""A"": ""orientation"", ""B"": ""position"", ""C"": ""color"", ""D"": ""size""}",/mnt/tidalfs-hssh01/dataset/xiang/models/Qwen2.5-VL-7B-Instruct,42,not_empty,next_token
A_0049,A,STEP2,ABD,1,-0.8981232643127441,-0.5231232643127441,0.4073334038257599,0.5926665663719177,-0.8987530469894409,-0.5237530469894409,0.5926665663719177,1,1,"{""A"": ""orientation"", ""B"": ""position"", ""C"": ""color"", ""D"": ""size""}",/mnt/tidalfs-hssh01/dataset/xiang/models/Qwen2.5-VL-7B-Instruct,42,not_empty,next_token
A_0049,A,STEP2,ACD,1,-1.4061501026153564,-0.28115010261535645,0.24508503079414368,0.7549149990081787,-1.406427264213562,-0.281427264213562,0.7549149990081787,1,1,"{""A"": ""orientation"", ""B"": ""position"", ""C"": ""color"", ""D"": ""size""}",/mnt/tidalfs-hssh01/dataset/xiang/models/Qwen2.5-VL-7B-Instruct,42,not_empty,next_token
A_0049,A,STEP2,BCD,1,-1.3132617473602295,-0.3132617473602295,0.26894140243530273,0.7310584783554077,-1.3136847019195557,-0.3136846721172333,0.7310584783554077,1,1,"{""A"": ""orientation"", ""B"": ""position"", ""C"": ""color"", ""D"": ""size""}",/mnt/tidalfs-hssh01/dataset/xiang/models/Qwen2.5-VL-7B-Instruct,42,not_empty,next_token
A_0049,A,STEP2,ABCD,1,-1.3132617473602295,-0.3132617473602295,0.26894140243530273,0.7310584783554077,-1.313840627670288,-0.3138405680656433,0.7310584783554077,1,1,"{""A"": ""orientation"", ""B"": ""position"", ""C"": ""color"", ""D"": ""size""}",/mnt/tidalfs-hssh01/dataset/xiang/models/Qwen2.5-VL-7B-Instruct,42,not_empty,next_token
A_0049,A,FINAL,EMPTY,0,-0.8259394764900208,-0.575939416885376,0.43782350420951843,0.562176525592804,-1.1369755268096924,-0.8869754672050476,0.43782350420951843,1,0,"{""A"": ""orientation"", ""B"": ""position"", ""C"": ""color"", ""D"": ""size""}",/mnt/tidalfs-hssh01/dataset/xiang/models/Qwen2.5-VL-7B-Instruct,42,text_only,next_token
A_0049,A,FINAL,A,0,-0.9740769863128662,-0.4740769863128662,0.3775406777858734,0.622459352016449,-0.9876799583435059,-0.48767998814582825,0.3775406777858734,1,0,"{""A"": ""orientation"", ""B"": ""position"", ""C"": ""color"", ""D"": ""size""}",/mnt/tidalfs-hssh01/dataset/xiang/models/Qwen2.5-VL-7B-Instruct,42,not_empty,next_token
A_0049,A,FINAL,B,0,-0.8981232643127441,-0.5231232643127441,0.4073334038257599,0.5926665663719177,-0.9183915853500366,-0.5433915853500366,0.4073334038257599,1,0,"{""A"": ""orientation"", ""B"": ""position"", ""C"": ""color"", ""D"": ""size""}",/mnt/tidalfs-hssh01/dataset/xiang/models/Qwen2.5-VL-7B-Instruct,42,not_empty,next_token
A_0049,A,FINAL,C,0,-0.8981232643127441,-0.5231232643127441,0.4073334038257599,0.5926665663719177,-0.9063037633895874,-0.5313037633895874,0.4073334038257599,1,0,"{""A"": ""orientation"", ""B"": ""position"", ""C"": ""color"", ""D"": ""size""}",/mnt/tidalfs-hssh01/dataset/xiang/models/Qwen2.5-VL-7B-Instruct,42,not_empty,next_token
A_0049,A,FINAL,D,0,-0.8981232643127441,-0.5231232643127441,0.4073334038257599,0.5926665663719177,-0.918960452079773,-0.543960452079773,0.4073334038257599,1,0,"{""A"": ""orientation"", ""B"": ""position"", ""C"": ""color"", ""D"": ""size""}",/mnt/tidalfs-hssh01/dataset/xiang/models/Qwen2.5-VL-7B-Instruct,42,not_empty,next_token
A_0049,A,FINAL,AB,0,-0.8981232643127441,-0.5231232643127441,0.4073334038257599,0.5926665663719177,-0.9020019769668579,-0.5270019769668579,0.4073334038257599,1,0,"{""A"": ""orientation"", ""B"": ""position"", ""C"": ""color"", ""D"": ""size""}",/mnt/tidalfs-hssh01/dataset/xiang/models/Qwen2.5-VL-7B-Instruct,42,not_empty,next_token
A_0049,A,FINAL,AC,0,-0.8981232643127441,-0.5231232643127441,0.4073334038257599,0.5926665663719177,-0.8995979428291321,-0.5245979428291321,0.4073334038257599,1,0,"{""A"": ""orientation"", ""B"": ""position"", ""C"": ""color"", ""D"": ""size""}",/mnt/tidalfs-hssh01/dataset/xiang/models/Qwen2.5-VL-7B-Instruct,42,not_empty,next_token
A_0049,A,FINAL,AD,0,-0.9740769863128662,-0.4740769863128662,0.3775406777858734,0.622459352016449,-0.9774577617645264,-0.47745776176452637,0.3775406777858734,1,0,"{""A"": ""orientation"", ""B"": ""position"", ""C"": ""color"", ""D"": ""size""}",/mnt/tidalfs-hssh01/dataset/xiang/models/Qwen2.5-VL-7B-Instruct,42,not_empty,next_token
A_0049,A,FINAL,BC,0,-0.825939416885376,-0.575939416885376,0.43782350420951843,0.562176525592804,-0.8288818597793579,-0.5788818597793579,0.43782350420951843,1,0,"{""A"": ""orientation"", ""B"": ""position"", ""C"": ""color"", ""D"": ""size""}",/mnt/tidalfs-hssh01/dataset/xiang/models/Qwen2.5-VL-7B-Instruct,42,not_empty,next_token
A_0049,A,FINAL,BD,0,-0.8981232643127441,-0.5231232643127441,0.4073334038257599,0.5926665663719177,-0.9029777646064758,-0.5279777646064758,0.4073334038257599,1,0,"{""A"": ""orientation"", ""B"": ""position"", ""C"": ""color"", ""D"": ""size""}",/mnt/tidalfs-hssh01/dataset/xiang/models/Qwen2.5-VL-7B-Instruct,42,not_empty,next_token
A_0049,A,FINAL,CD,0,-0.8981232643127441,-0.5231232643127441,0.4073334038257599,0.5926665663719177,-0.9010255336761475,-0.5260255336761475,0.4073334038257599,1,0,"{""A"": ""orientation"", ""B"": ""position"", ""C"": ""color"", ""D"": ""size""}",/mnt/tidalfs-hssh01/dataset/xiang/models/Qwen2.5-VL-7B-Instruct,42,not_empty,next_token
A_0049,A,FINAL,ABC,0,-0.8981232643127441,-0.5231232643127441,0.4073334038257599,0.5926665663719177,-0.8999372720718384,-0.5249372720718384,0.4073334038257599,1,0,"{""A"": ""orientation"", ""B"": ""position"", ""C"": ""color"", ""D"": ""size""}",/mnt/tidalfs-hssh01/dataset/xiang/models/Qwen2.5-VL-7B-Instruct,42,not_empty,next_token
A_0049,A,FINAL,ABD,0,-0.9740769863128662,-0.4740769863128662,0.3775406777858734,0.622459352016449,-0.9758030772209167,-0.47580307722091675,0.3775406777858734,1,0,"{""A"": ""orientation"", ""B"": ""position"", ""C"": ""color"", ""D"": ""size""}",/mnt/tidalfs-hssh01/dataset/xiang/models/Qwen2.5-VL-7B-Instruct,42,not_empty,next_token
A_0049,A,FINAL,ACD,0,-0.9740769863128662,-0.4740769863128662,0.3775406777858734,0.622459352016449,-0.974868893623352,-0.47486886382102966,0.3775406777858734,1,0,"{""A"": ""orientation"", ""B"": ""position"", ""C"": ""color"", ""D"": ""size""}",/mnt/tidalfs-hssh01/dataset/xiang/models/Qwen2.5-VL-7B-Instruct,42,not_empty,next_token
A_0049,A,FINAL,BCD,0,-0.8981232643127441,-0.5231232643127441,0.4073334038257599,0.5926665663719177,-0.899954080581665,-0.524954080581665,0.4073334038257599,1,0,"{""A"": ""orientation"", ""B"": ""position"", ""C"": ""color"", ""D"": ""size""}",/mnt/tidalfs-hssh01/dataset/xiang/models/Qwen2.5-VL-7B-Instruct,42,not_empty,next_token
A_0049,A,FINAL,ABCD,0,-1.0537006855010986,-0.42870065569877625,0.3486451208591461,0.6513548493385315,-1.0548540353775024,-0.42985406517982483,0.3486451208591461,1,0,"{""A"": ""orientation"", ""B"": ""position"", ""C"": ""color"", ""D"": ""size""}",/mnt/tidalfs-hssh01/dataset/xiang/models/Qwen2.5-VL-7B-Instruct,42,not_empty,next_token
A_0057,A,STEP1,EMPTY,1,-0.7575989961624146,-0.6325989961624146,0.4687906503677368,0.531209409236908,-0.8536394238471985,-0.7286394238471985,0.531209409236908,1,1,"{""A"": ""orientation"", ""B"": ""position"", ""C"": ""color"", ""D"": ""size""}",/mnt/tidalfs-hssh01/dataset/xiang/models/Qwen2.5-VL-7B-Instruct,42,text_only,next_token
A_0057,A,STEP1,A,1,-1.2234444618225098,-0.3484445810317993,0.29421502351760864,0.7057850360870361,-1.2252774238586426,-0.35027748346328735,0.7057850360870361,1,1,"{""A"": ""orientation"", ""B"": ""position"", ""C"": ""color"", ""D"": ""size""}",/mnt/tidalfs-hssh01/dataset/xiang/models/Qwen2.5-VL-7B-Instruct,42,not_empty,next_token
A_0057,A,STEP1,B,1,-0.825939416885376,-0.575939416885376,0.43782350420951843,0.562176525592804,-0.8280855417251587,-0.5780855417251587,0.562176525592804,1,1,"{""A"": ""orientation"", ""B"": ""position"", ""C"": ""color"", ""D"": ""size""}",/mnt/tidalfs-hssh01/dataset/xiang/models/Qwen2.5-VL-7B-Instruct,42,not_empty,next_token
A_0057,A,STEP1,C,1,-0.825939416885376,-0.575939416885376,0.43782350420951843,0.562176525592804,-0.8287026286125183,-0.5787026286125183,0.562176525592804,1,1,"{""A"": ""orientation"", ""B"": ""position"", ""C"": ""color"", ""D"": ""size""}",/mnt/tidalfs-hssh01/dataset/xiang/models/Qwen2.5-VL-7B-Instruct,42,not_empty,next_token
A_0057,A,STEP1,D,1,-0.8981232643127441,-0.5231232643127441,0.4073334038257599,0.5926665663719177,-0.9012390375137329,-0.5262390375137329,0.5926665663719177,1,1,"{""A"": ""orientation"", ""B"": ""position"", ""C"": ""color"", ""D"": ""size""}",/mnt/tidalfs-hssh01/dataset/xiang/models/Qwen2.5-VL-7B-Instruct,42,not_empty,next_token
A_0057,A,STEP1,AB,1,-1.2234445810317993,-0.3484445810317993,0.29421499371528625,0.7057850360870361,-1.2240090370178223,-0.34900903701782227,0.7057850360870361,1,1,"{""A"": ""orientation"", ""B"": ""position"", ""C"": ""color"", ""D"": ""size""}",/mnt/tidalfs-hssh01/dataset/xiang/models/Qwen2.5-VL-7B-Instruct,42,not_empty,next_token
A_0057,A,STEP1,AC,1,-1.3132617473602295,-0.3132617473602295,0.26894140243530273,0.7310584783554077,-1.313734769821167,-0.313734769821167,0.7310584783554077,1,1,"{""A"": ""orientation"", ""B"": ""position"", ""C"": ""color"", ""D"": ""size""}",/mnt/tidalfs-hssh01/dataset/xiang/models/Qwen2.5-VL-7B-Instruct,42,not_empty,next_token
A_0057,A,STEP1,AD,1,-1.3132617473602295,-0.3132617473602295,0.26894140243530273,0.7310584783554077,-1.313917636871338,-0.3139176666736603,0.7310584783554077,1,1,"{""A"": ""orientation"", ""B"": ""position"", ""C"": ""color"", ""D"": ""size""}",/mnt/tidalfs-hssh01/dataset/xiang/models/Qwen2.5-VL-7B-Instruct,42,not_empty,next_token
A_0057,A,STEP1,BC,1,-0.8981232643127441,-0.5231232643127441,0.4073334038257599,0.5926665663719177,-0.898585319519043,-0.523585319519043,0.5926665663719177,1,1,"{""A"": ""orientation"", ""B"": ""position"", ""C"": ""color"", ""D"": ""size""}",/mnt/tidalfs-hssh01/dataset/xiang/models/Qwen2.5-VL-7B-Instruct,42,not_empty,next_token
A_0057,A,STEP1,BD,1,-0.825939416885376,-0.575939416885376,0.43782350420951843,0.562176525592804,-0.8265420794487,-0.5765420794487,0.562176525592804,1,1,"{""A"": ""orientation"", ""B"": ""position"", ""C"": ""color"", ""D"": ""size""}",/mnt/tidalfs-hssh01/dataset/xiang/models/Qwen2.5-VL-7B-Instruct,42,not_empty,next_token
A_0057,A,STEP1,CD,1,-0.8981232643127441,-0.5231232643127441,0.4073334038257599,0.5926665663719177,-0.8986594080924988,-0.5236594080924988,0.5926665663719177,1,1,"{""A"": ""orientation"", ""B"": ""position"", ""C"": ""color"", ""D"": ""size""}",/mnt/tidalfs-hssh01/dataset/xiang/models/Qwen2.5-VL-7B-Instruct,42,not_empty,next_token
A_0057,A,STEP1,ABC,1,-1.3132617473602295,-0.3132617473602295,0.26894140243530273,0.7310584783554077,-1.3135615587234497,-0.3135615587234497,0.7310584783554077,1,1,"{""A"": ""orientation"", ""B"": ""position"", ""C"": ""color"", ""D"": ""size""}",/mnt/tidalfs-hssh01/dataset/xiang/models/Qwen2.5-VL-7B-Instruct,42,not_empty,next_token
A_0057,A,STEP1,ABD,1,-1.2234445810317993,-0.3484445810317993,0.29421499371528625,0.7057850360870361,-1.2238534688949585,-0.3488534688949585,0.7057850360870361,1,1,"{""A"": ""orientation"", ""B"": ""position"", ""C"": ""color"", ""D"": ""size""}",/mnt/tidalfs-hssh01/dataset/xiang/models/Qwen2.5-VL-7B-Instruct,42,not_empty,next_token
A_0057,A,STEP1,ACD,1,-1.4061501026153564,-0.28115010261535645,0.24508503079414368,0.7549149990081787,-1.4064526557922363,-0.2814527153968811,0.7549149990081787,1,1,"{""A"": ""orientation"", ""B"": ""position"", ""C"": ""color"", ""D"": ""size""}",/mnt/tidalfs-hssh01/dataset/xiang/models/Qwen2.5-VL-7B-Instruct,42,not_empty,next_token
A_0057,A,STEP1,BCD,1,-0.825939416885376,-0.575939416885376,0.43782350420951843,0.562176525592804,-0.8261277079582214,-0.5761277079582214,0.562176525592804,1,1,"{""A"": ""orientation"", ""B"": ""position"", ""C"": ""color"", ""D"": ""size""}",/mnt/tidalfs-hssh01/dataset/xiang/models/Qwen2.5-VL-7B-Instruct,42,not_empty,next_token
A_0057,A,STEP1,ABCD,1,-1.2234445810317993,-0.3484445810317993,0.29421499371528625,0.7057850360870361,-1.223671555519104,-0.348671555519104,0.7057850360870361,1,1,"{""A"": ""orientation"", ""B"": ""position"", ""C"": ""color"", ""D"": ""size""}",/mnt/tidalfs-hssh01/dataset/xiang/models/Qwen2.5-VL-7B-Instruct,42,not_empty,next_token
A_0057,A,STEP2,EMPTY,1,-1.3132617473602295,-0.3132617473602295,0.26894140243530273,0.7310584783554077,-1.3575432300567627,-0.3575432002544403,0.7310584783554077,1,1,"{""A"": ""orientation"", ""B"": ""position"", ""C"": ""color"", ""D"": ""size""}",/mnt/tidalfs-hssh01/dataset/xiang/models/Qwen2.5-VL-7B-Instruct,42,text_only,next_token
A_0057,A,STEP2,A,1,-1.2234444618225098,-0.3484445810317993,0.29421502351760864,0.7057850360870361,-1.225020408630371,-0.35002046823501587,0.7057850360870361,1,1,"{""A"": ""orientation"", ""B"": ""position"", ""C"": ""color"", ""D"": ""size""}",/mnt/tidalfs-hssh01/dataset/xiang/models/Qwen2.5-VL-7B-Instruct,42,not_empty,next_token
A_0057,A,STEP2,B,1,-1.1368709802627563,-0.38687101006507874,0.3208213150501251,0.6791786551475525,-1.13828706741333,-0.3882870674133301,0.6791786551475525,1,1,"{""A"": ""orientation"", ""B"": ""position"", ""C"": ""color"", ""D"": ""size""}",/mnt/tidalfs-hssh01/dataset/xiang/models/Qwen2.5-VL-7B-Instruct,42,not_empty,next_token
A_0057,A,STEP2,C,1,-1.1368709802627563,-0.38687101006507874,0.3208213150501251,0.6791786551475525,-1.1384496688842773,-0.38844969868659973,0.6791786551475525,1,1,"{""A"": ""orientation"", ""B"": ""position"", ""C"": ""color"", ""D"": ""size""}",/mnt/tidalfs-hssh01/dataset/xiang/models/Qwen2.5-VL-7B-Instruct,42,not_empty,next_token
A_0057,A,STEP2,D,1,-1.3132617473602295,-0.3132617473602295,0.26894140243530273,0.7310584783554077,-1.3144782781600952,-0.3144782781600952,0.7310584783554077,1,1,"{""A"": ""orientation"", ""B"": ""position"", ""C"": ""color"", ""D"": ""size""}",/mnt/tidalfs-hssh01/dataset/xiang/models/Qwen2.5-VL-7B-Instruct,42,not_empty,next_token
A_0057,A,STEP2,AB,1,-1.136871099472046,-0.38687101006507874,0.32082128524780273,0.6791786551475525,-1.1382009983062744,-0.38820093870162964,0.6791786551475525,1,1,"{""A"": ""orientation"", ""B"": ""position"", ""C"": ""color"", ""D"": ""size""}",/mnt/tidalfs-hssh01/dataset/xiang/models/Qwen2.5-VL-7B-Instruct,42,not_empty,next_token
A_0057,A,STEP2,AC,1,-1.2234445810317993,-0.3484445810317993,0.29421499371528625,0.7057850360870361,-1.2239412069320679,-0.34894120693206787,0.7057850360870361,1,1,"{""A"": ""orientation"", ""B"": ""position"", ""C"": ""color"", ""D"": ""size""}",/mnt/tidalfs-hssh01/dataset/xiang/models/Qwen2.5-VL-7B-Instruct,42,not_empty,next_token
A_0057,A,STEP2,AD,1,-1.3132617473602295,-0.3132617473602295,0.26894140243530273,0.7310584783554077,-1.3142383098602295,-0.3142382800579071,0.7310584783554077,1,1,"{""A"": ""orientation"", ""B"": ""position"", ""C"": ""color"", ""D"": ""size""}",/mnt/tidalfs-hssh01/dataset/xiang/models/Qwen2.5-VL-7B-Instruct,42,not_empty,next_token
A_0057,A,STEP2,BC,1,-1.3132617473602295,-0.3132617473602295,0.26894140243530273,0.7310584783554077,-1.314172625541687,-0.314172625541687,0.7310584783554077,1,1,"{""A"": ""orientation"", ""B"": ""position"", ""C"": ""color"", ""D"": ""size""}",/mnt/tidalfs-hssh01/dataset/xiang/models/Qwen2.5-VL-7B-Instruct,42,not_empty,next_token
A_0057,A,STEP2,BD,1,-1.136871099472046,-0.38687101006507874,0.32082128524780273,0.6791786551475525,-1.1382524967193604,-0.3882524371147156,0.6791786551475525,1,1,"{""A"": ""orientation"", ""B"": ""position"", ""C"": ""color"", ""D"": ""size""}",/mnt/tidalfs-hssh01/dataset/xiang/models/Qwen2.5-VL-7B-Instruct,42,not_empty,next_token
A_0057,A,STEP2,CD,1,-1.1368709802627563,-0.38687101006507874,0.3208213150501251,0.6791786551475525,-1.1373692750930786,-0.387369304895401,0.6791786551475525,1,1,"{""A"": ""orientation"", ""B"": ""position"", ""C"": ""color"", ""D"": ""size""}",/mnt/tidalfs-hssh01/dataset/xiang/models/Qwen2.5-VL-7B-Instruct,42,not_empty,next_token
A_0057,A,STEP2,ABC,1,-1.1368709802627563,-0.38687101006507874,0.3208213150501251,0.6791786551475525,-1.1378345489501953,-0.3878346085548401,0.6791786551475525,1,1,"{""A"": ""orientation"", ""B"": ""position"", ""C"": ""color"", ""D"": ""size""}",/mnt/tidalfs-hssh01/dataset/xiang/models/Qwen2.5-VL-7B-Instruct,42,not_empty,next_token
A_0057,A,STEP2,ABD,1,-1.1368709802627563,-0.38687101006507874,0.3208213150501251,0.6791786551475525,-1.1375049352645874,-0.3875049352645874,0.6791786551475525,1,1,"{""A"": ""orientation"", ""B"": ""position"", ""C"": ""color"", ""D"": ""size""}",/mnt/tidalfs-hssh01/dataset/xiang/models/Qwen2.5-VL-7B-Instruct,42,not_empty,next_token
A_0057,A,STEP2,ACD,1,-1.1368709802627563,-0.38687101006507874,0.3208213150501251,0.6791786551475525,-1.137206792831421,-0.3872067928314209,0.6791786551475525,1,1,"{""A"": ""orientation"", ""B"": ""position"", ""C"": ""color"", ""D"": ""size""}",/mnt/tidalfs-hssh01/dataset/xiang/models/Qwen2.5-VL-7B-Instruct,42,not_empty,next_token
A_0057,A,STEP2,BCD,1,-1.1368709802627563,-0.38687101006507874,0.3208213150501251,0.6791786551475525,-1.137174129486084,-0.38717418909072876,0.6791786551475525,1,1,"{""A"": ""orientation"", ""B"": ""position"", ""C"": ""color"", ""D"": ""size""}",/mnt/tidalfs-hssh01/dataset/xiang/models/Qwen2.5-VL-7B-Instruct,42,not_empty,next_token
A_0057,A,STEP2,ABCD,1,-1.0537006855010986,-0.42870065569877625,0.3486451208591461,0.6513548493385315,-1.0543593168258667,-0.4293593466281891,0.6513548493385315,1,1,"{""A"": ""orientation"", ""B"": ""position"", ""C"": ""color"", ""D"": ""size""}",/mnt/tidalfs-hssh01/dataset/xiang/models/Qwen2.5-VL-7B-Instruct,42,not_empty,next_token
A_0057,A,FINAL,EMPTY,0,-0.8259394764900208,-0.575939416885376,0.43782350420951843,0.562176525592804,-1.1369755268096924,-0.8869754672050476,0.43782350420951843,1,0,"{""A"": ""orientation"", ""B"": ""position"", ""C"": ""color"", ""D"": ""size""}",/mnt/tidalfs-hssh01/dataset/xiang/models/Qwen2.5-VL-7B-Instruct,42,text_only,next_token
A_0057,A,FINAL,A,0,-0.9740769863128662,-0.4740769863128662,0.3775406777858734,0.622459352016449,-0.9876799583435059,-0.48767998814582825,0.3775406777858734,1,0,"{""A"": ""orientation"", ""B"": ""position"", ""C"": ""color"", ""D"": ""size""}",/mnt/tidalfs-hssh01/dataset/xiang/models/Qwen2.5-VL-7B-Instruct,42,not_empty,next_token
A_0057,A,FINAL,B,0,-0.8981232643127441,-0.5231232643127441,0.4073334038257599,0.5926665663719177,-0.9183915853500366,-0.5433915853500366,0.4073334038257599,1,0,"{""A"": ""orientation"", ""B"": ""position"", ""C"": ""color"", ""D"": ""size""}",/mnt/tidalfs-hssh01/dataset/xiang/models/Qwen2.5-VL-7B-Instruct,42,not_empty,next_token
A_0057,A,FINAL,C,0,-0.8981232643127441,-0.5231232643127441,0.4073334038257599,0.5926665663719177,-0.9067662954330444,-0.5317662954330444,0.4073334038257599,1,0,"{""A"": ""orientation"", ""B"": ""position"", ""C"": ""color"", ""D"": ""size""}",/mnt/tidalfs-hssh01/dataset/xiang/models/Qwen2.5-VL-7B-Instruct,42,not_empty,next_token
A_0057,A,FINAL,D,0,-0.9740769863128662,-0.4740769863128662,0.3775406777858734,0.622459352016449,-0.9890617728233337,-0.48906177282333374,0.3775406777858734,1,0,"{""A"": ""orientation"", ""B"": ""position"", ""C"": ""color"", ""D"": ""size""}",/mnt/tidalfs-hssh01/dataset/xiang/models/Qwen2.5-VL-7B-Instruct,42,not_empty,next_token
A_0057,A,FINAL,AB,0,-0.8981232643127441,-0.5231232643127441,0.4073334038257599,0.5926665663719177,-0.9020019769668579,-0.5270019769668579,0.4073334038257599,1,0,"{""A"": ""orientation"", ""B"": ""position"", ""C"": ""color"", ""D"": ""size""}",/mnt/tidalfs-hssh01/dataset/xiang/models/Qwen2.5-VL-7B-Instruct,42,not_empty,next_token
A_0057,A,FINAL,AC,0,-0.9740769863128662,-0.4740769863128662,0.3775406777858734,0.622459352016449,-0.9748355746269226,-0.4748355746269226,0.3775406777858734,1,0,"{""A"": ""orientation"", ""B"": ""position"", ""C"": ""color"", ""D"": ""size""}",/mnt/tidalfs-hssh01/dataset/xiang/models/Qwen2.5-VL-7B-Instruct,42,not_empty,next_token
A_0057,A,FINAL,AD,0,-0.9740769863128662,-0.4740769863128662,0.3775406777858734,0.622459352016449,-0.9772599935531616,-0.4772599935531616,0.3775406777858734,1,0,"{""A"": ""orientation"", ""B"": ""position"", ""C"": ""color"", ""D"": ""size""}",/mnt/tidalfs-hssh01/dataset/xiang/models/Qwen2.5-VL-7B-Instruct,42,not_empty,next_token
A_0057,A,FINAL,BC,0,-0.8981232643127441,-0.5231232643127441,0.4073334038257599,0.5926665663719177,-0.9007495641708374,-0.5257495641708374,0.4073334038257599,1,0,"{""A"": ""orientation"", ""B"": ""position"", ""C"": ""color"", ""D"": ""size""}",/mnt/tidalfs-hssh01/dataset/xiang/models/Qwen2.5-VL-7B-Instruct,42,not_empty,next_token
A_0057,A,FINAL,BD,0,-0.8981232643127441,-0.5231232643127441,0.4073334038257599,0.5926665663719177,-0.9015244245529175,-0.5265244245529175,0.4073334038257599,1,0,"{""A"": ""orientation"", ""B"": ""position"", ""C"": ""color"", ""D"": ""size""}",/mnt/tidalfs-hssh01/dataset/xiang/models/Qwen2.5-VL-7B-Instruct,42,not_empty,next_token
A_0057,A,FINAL,CD,0,-0.8981232643127441,-0.5231232643127441,0.4073334038257599,0.5926665663719177,-0.8992788791656494,-0.5242788791656494,0.4073334038257599,1,0,"{""A"": ""orientation"", ""B"": ""position"", ""C"": ""color"", ""D"": ""size""}",/mnt/tidalfs-hssh01/dataset/xiang/models/Qwen2.5-VL-7B-Instruct,42,not_empty,next_token
A_0057,A,FINAL,ABC,0,-0.825939416885376,-0.575939416885376,0.43782350420951843,0.562176525592804,-0.827428936958313,-0.577428936958313,0.43782350420951843,1,0,"{""A"": ""orientation"", ""B"": ""position"", ""C"": ""color"", ""D"": ""size""}",/mnt/tidalfs-hssh01/dataset/xiang/models/Qwen2.5-VL-7B-Instruct,42,not_empty,next_token
A_0057,A,FINAL,ABD,0,-0.8981232643127441,-0.5231232643127441,0.4073334038257599,0.5926665663719177,-0.900155782699585,-0.525155782699585,0.4073334038257599,1,0,"{""A"": ""orientation"", ""B"": ""position"", ""C"": ""color"", ""D"": ""size""}",/mnt/tidalfs-hssh01/dataset/xiang/models/Qwen2.5-VL-7B-Instruct,42,not_empty,next_token
A_0057,A,FINAL,ACD,0,-0.8981232643127441,-0.5231232643127441,0.4073334038257599,0.5926665663719177,-0.899101734161377,-0.524101734161377,0.4073334038257599,1,0,"{""A"": ""orientation"", ""B"": ""position"", ""C"": ""color"", ""D"": ""size""}",/mnt/tidalfs-hssh01/dataset/xiang/models/Qwen2.5-VL-7B-Instruct,42,not_empty,next_token
A_0057,A,FINAL,BCD,0,-0.9740769863128662,-0.4740769863128662,0.3775406777858734,0.622459352016449,-0.9754968285560608,-0.4754968285560608,0.3775406777858734,1,0,"{""A"": ""orientation"", ""B"": ""position"", ""C"": ""color"", ""D"": ""size""}",/mnt/tidalfs-hssh01/dataset/xiang/models/Qwen2.5-VL-7B-Instruct,42,not_empty,next_token
A_0057,A,FINAL,ABCD,0,-1.0537006855010986,-0.42870065569877625,0.3486451208591461,0.6513548493385315,-1.0548791885375977,-0.42987918853759766,0.3486451208591461,1,0,"{""A"": ""orientation"", ""B"": ""position"", ""C"": ""color"", ""D"": ""size""}",/mnt/tidalfs-hssh01/dataset/xiang/models/Qwen2.5-VL-7B-Instruct,42,not_empty,next_token
A_0065,A,STEP1,EMPTY,0,-0.6931471824645996,-0.6931471824645996,0.5,0.5,-0.7521441578865051,-0.7521441578865051,0.5,0,1,"{""A"": ""position"", ""B"": ""color"", ""C"": ""size"", ""D"": ""orientation""}",/mnt/tidalfs-hssh01/dataset/xiang/models/Qwen2.5-VL-7B-Instruct,42,text_only,next_token
A_0065,A,STEP1,A,0,-0.6931471824645996,-0.6931471824645996,0.5,0.5,-0.695659339427948,-0.695659339427948,0.5,0,1,"{""A"": ""position"", ""B"": ""color"", ""C"": ""size"", ""D"": ""orientation""}",/mnt/tidalfs-hssh01/dataset/xiang/models/Qwen2.5-VL-7B-Instruct,42,not_empty,next_token
A_0065,A,STEP1,B,0,-0.6931471824645996,-0.6931471824645996,0.5,0.5,-0.6952781677246094,-0.6952781677246094,0.5,0,1,"{""A"": ""position"", ""B"": ""color"", ""C"": ""size"", ""D"": ""orientation""}",/mnt/tidalfs-hssh01/dataset/xiang/models/Qwen2.5-VL-7B-Instruct,42,not_empty,next_token
A_0065,A,STEP1,C,0,-0.6931471824645996,-0.6931471824645996,0.5,0.5,-0.6952361464500427,-0.6952361464500427,0.5,0,1,"{""A"": ""position"", ""B"": ""color"", ""C"": ""size"", ""D"": ""orientation""}",/mnt/tidalfs-hssh01/dataset/xiang/models/Qwen2.5-VL-7B-Instruct,42,not_empty,next_token
A_0065,A,STEP1,D,0,-0.9740769863128662,-0.4740769863128662,0.3775406777858734,0.622459352016449,-0.9777901768684387,-0.4777901768684387,0.3775406777858734,1,0,"{""A"": ""position"", ""B"": ""color"", ""C"": ""size"", ""D"": ""orientation""}",/mnt/tidalfs-hssh01/dataset/xiang/models/Qwen2.5-VL-7B-Instruct,42,not_empty,next_token
A_0065,A,STEP1,AB,0,-0.6931471824645996,-0.6931471824645996,0.5,0.5,-0.6935794353485107,-0.6935794353485107,0.5,0,1,"{""A"": ""position"", ""B"": ""color"", ""C"": ""size"", ""D"": ""orientation""}",/mnt/tidalfs-hssh01/dataset/xiang/models/Qwen2.5-VL-7B-Instruct,42,not_empty,next_token
A_0065,A,STEP1,AC,0,-0.825939416885376,-0.575939416885376,0.43782350420951843,0.562176525592804,-0.8263320922851562,-0.5763320922851562,0.43782350420951843,1,0,"{""A"": ""position"", ""B"": ""color"", ""C"": ""size"", ""D"": ""orientation""}",/mnt/tidalfs-hssh01/dataset/xiang/models/Qwen2.5-VL-7B-Instruct,42,not_empty,next_token
A_0065,A,STEP1,AD,0,-0.825939416885376,-0.575939416885376,0.43782350420951843,0.562176525592804,-0.8273614645004272,-0.5773614645004272,0.43782350420951843,1,0,"{""A"": ""position"", ""B"": ""color"", ""C"": ""size"", ""D"": ""orientation""}",/mnt/tidalfs-hssh01/dataset/xiang/models/Qwen2.5-VL-7B-Instruct,42,not_empty,next_token
A_0065,A,STEP1,BC,0,-0.7575989961624146,-0.6325989961624146,0.4687906503677368,0.531209409236908,-0.7582226991653442,-0.6332226991653442,0.4687906503677368,1,0,"{""A"": ""position"", ""B"": ""color"", ""C"": ""size"", ""D"": ""orientation""}",/mnt/tidalfs-hssh01/dataset/xiang/models/Qwen2.5-VL-7B-Instruct,42,not_empty,next_token
A_0065,A,STEP1,BD,0,-0.825939416885376,-0.575939416885376,0.43782350420951843,0.562176525592804,-0.8270543217658997,-0.5770543217658997,0.43782350420951843,1,0,"{""A"": ""position"", ""B"": ""color"", ""C"": ""size"", ""D"": ""orientation""}",/mnt/tidalfs-hssh01/dataset/xiang/models/Qwen2.5-VL-7B-Instruct,42,not_empty,next_token
A_0065,A,STEP1,CD,0,-0.825939416885376,-0.575939416885376,0.43782350420951843,0.562176525592804,-0.8267457485198975,-0.5767457485198975,0.43782350420951843,1,0,"{""A"": ""position"", ""B"": ""color"", ""C"": ""size"", ""D"": ""orientation""}",/mnt/tidalfs-hssh01/dataset/xiang/models/Qwen2.5-VL-7B-Instruct,42,not_empty,next_token
A_0065,A,STEP1,ABC,0,-0.825939416885376,-0.575939416885376,0.43782350420951843,0.562176525592804,-0.8261701464653015,-0.5761701464653015,0.43782350420951843,1,0,"{""A"": ""position"", ""B"": ""color"", ""C"": ""size"", ""D"": ""orientation""}",/mnt/tidalfs-hssh01/dataset/xiang/models/Qwen2.5-VL-7B-Instruct,42,not_empty,next_token
A_0065,A,STEP1,ABD,0,-0.825939416885376,-0.575939416885376,0.43782350420951843,0.562176525592804,-0.8261662721633911,-0.5761662721633911,0.43782350420951843,1,0,"{""A"": ""position"", ""B"": ""color"", ""C"": ""size"", ""D"": ""orientation""}",/mnt/tidalfs-hssh01/dataset/xiang/models/Qwen2.5-VL-7B-Instruct,42,not_empty,next_token
A_0065,A,STEP1,ACD,0,-0.8981232643127441,-0.5231232643127441,0.4073334038257599,0.5926665663719177,-0.8984015583992004,-0.5234015583992004,0.4073334038257599,1,0,"{""A"": ""position"", ""B"": ""color"", ""C"": ""size"", ""D"": ""orientation""}",/mnt/tidalfs-hssh01/dataset/xiang/models/Qwen2.5-VL-7B-Instruct,42,not_empty,next_token
A_0065,A,STEP1,BCD,0,-0.8981232643127441,-0.5231232643127441,0.4073334038257599,0.5926665663719177,-0.8983873128890991,-0.5233873128890991,0.4073334038257599,1,0,"{""A"": ""position"", ""B"": ""color"", ""C"": ""size"", ""D"": ""orientation""}",/mnt/tidalfs-hssh01/dataset/xiang/models/Qwen2.5-VL-7B-Instruct,42,not_empty,next_token
A_0065,A,STEP1,ABCD,0,-0.9740769863128662,-0.4740769863128662,0.3775406777858734,0.622459352016449,-0.9742804765701294,-0.4742805063724518,0.3775406777858734,1,0,"{""A"": ""position"", ""B"": ""color"", ""C"": ""size"", ""D"": ""orientation""}",/mnt/tidalfs-hssh01/dataset/xiang/models/Qwen2.5-VL-7B-Instruct,42,not_empty,next_token
A_0065,A,STEP2,EMPTY,0,-1.1368709802627563,-0.38687101006507874,0.3208213150501251,0.6791786551475525,-1.1873528957366943,-0.4373529553413391,0.3208213150501251,1,0,"{""A"": ""position"", ""B"": ""color"", ""C"": ""size"", ""D"": ""orientation""}",/mnt/tidalfs-hssh01/dataset/xiang/models/Qwen2.5-VL-7B-Instruct,42,text_only,next_token
A_0065,A,STEP2,A,0,-0.9740769863128662,-0.4740769863128662,0.3775406777858734,0.622459352016449,-0.976046621799469,-0.476046621799469,0.3775406777858734,1,0,"{""A"": ""position"", ""B"": ""color"", ""C"": ""size"", ""D"": ""orientation""}",/mnt/tidalfs-hssh01/dataset/xiang/models/Qwen2.5-VL-7B-Instruct,42,not_empty,next_token
A_0065,A,STEP2,B,0,-0.8981232643127441,-0.5231232643127441,0.4073334038257599,0.5926665663719177,-0.9001257419586182,-0.5251257419586182,0.4073334038257599,1,0,"{""A"": ""position"", ""B"": ""color"", ""C"": ""size"", ""D"": ""orientation""}",/mnt/tidalfs-hssh01/dataset/xiang/models/Qwen2.5-VL-7B-Instruct,42,not_empty,next_token
A_0065,A,STEP2,C,0,-1.2234445810317993,-0.3484445810317993,0.29421499371528625,0.7057850360870361,-1.2249228954315186,-0.34992292523384094,0.29421499371528625,1,0,"{""A"": ""position"", ""B"": ""color"", ""C"": ""size"", ""D"": ""orientation""}",/mnt/tidalfs-hssh01/dataset/xiang/models/Qwen2.5-VL-7B-Instruct,42,not_empty,next_token
A_0065,A,STEP2,D,0,-1.5019290447235107,-0.25192904472351074,0.22270016372203827,0.7772998809814453,-1.5044355392456055,-0.25443553924560547,0.22270016372203827,1,0,"{""A"": ""position"", ""B"": ""color"", ""C"": ""size"", ""D"": ""orientation""}",/mnt/tidalfs-hssh01/dataset/xiang/models/Qwen2.5-VL-7B-Instruct,42,not_empty,next_token
A_0065,A,STEP2,AB,0,-0.7575989961624146,-0.6325989961624146,0.4687906503677368,0.531209409236908,-0.7584482431411743,-0.6334482431411743,0.4687906503677368,1,0,"{""A"": ""position"", ""B"": ""color"", ""C"": ""size"", ""D"": ""orientation""}",/mnt/tidalfs-hssh01/dataset/xiang/models/Qwen2.5-VL-7B-Instruct,42,not_empty,next_token
A_0065,A,STEP2,AC,0,-1.4061501026153564,-0.28115010261535645,0.24508503079414368,0.7549149990081787,-1.4064395427703857,-0.28143957257270813,0.24508503079414368,1,0,"{""A"": ""position"", ""B"": ""color"", ""C"": ""size"", ""D"": ""orientation""}",/mnt/tidalfs-hssh01/dataset/xiang/models/Qwen2.5-VL-7B-Instruct,42,not_empty,next_token
A_0065,A,STEP2,AD,0,-0.9740769863128662,-0.4740769863128662,0.3775406777858734,0.622459352016449,-0.9751926064491272,-0.4751926064491272,0.3775406777858734,1,0,"{""A"": ""position"", ""B"": ""color"", ""C"": ""size"", ""D"": ""orientation""}",/mnt/tidalfs-hssh01/dataset/xiang/models/Qwen2.5-VL-7B-Instruct,42,not_empty,next_token
A_0065,A,STEP2,BC,0,-1.1368709802627563,-0.38687101006507874,0.3208213150501251,0.6791786551475525,-1.1376681327819824,-0.3876681327819824,0.3208213150501251,1,0,"{""A"": ""position"", ""B"": ""color"", ""C"": ""size"", ""D"": ""orientation""}",/mnt/tidalfs-hssh01/dataset/xiang/models/Qwen2.5-VL-7B-Instruct,42,not_empty,next_token
A_0065,A,STEP2,BD,0,-0.8981232643127441,-0.5231232643127441,0.4073334038257599,0.5926665663719177,-0.8992553353309631,-0.5242553353309631,0.4073334038257599,1,0,"{""A"": ""position"", ""B"": ""color"", ""C"": ""size"", ""D"": ""orientation""}",/mnt/tidalfs-hssh01/dataset/xiang/models/Qwen2.5-VL-7B-Instruct,42,not_empty,next_token
A_0065,A,STEP2,CD,0,-1.4061501026153564,-0.28115010261535645,0.24508503079414368,0.7549149990081787,-1.4068942070007324,-0.2818942666053772,0.24508503079414368,1,0,"{""A"": ""position"", ""B"": ""color"", ""C"": ""size"", ""D"": ""orientation""}",/mnt/tidalfs-hssh01/dataset/xiang/models/Qwen2.5-VL-7B-Instruct,42,not_empty,next_token
A_0065,A,STEP2,ABC,0,-1.1368709802627563,-0.38687101006507874,0.3208213150501251,0.6791786551475525,-1.1374207735061646,-0.38742077350616455,0.3208213150501251,1,0,"{""A"": ""position"", ""B"": ""color"", ""C"": ""size"", ""D"": ""orientation""}",/mnt/tidalfs-hssh01/dataset/xiang/models/Qwen2.5-VL-7B-Instruct,42,not_empty,next_token
A_0065,A,STEP2,ABD,0,-0.6325989961624146,-0.7575989961624146,0.531209409236908,0.4687906503677368,-0.6332175731658936,-0.7582175731658936,0.531209409236908,0,1,"{""A"": ""position"", ""B"": ""color"", ""C"": ""size"", ""D"": ""orientation""}",/mnt/tidalfs-hssh01/dataset/xiang/models/Qwen2.5-VL-7B-Instruct,42,not_empty,next_token
A_0065,A,STEP2,ACD,0,-1.5019290447235107,-0.25192904472351074,0.22270016372203827,0.7772998809814453,-1.502182126045227,-0.25218215584754944,0.22270016372203827,1,0,"{""A"": ""position"", ""B"": ""color"", ""C"": ""size"", ""D"": ""orientation""}",/mnt/tidalfs-hssh01/dataset/xiang/models/Qwen2.5-VL-7B-Instruct,42,not_empty,next_token
A_0065,A,STEP2,BCD,0,-1.2234445810317993,-0.3484445810317993,0.29421499371528625,0.7057850360870361,-1.22383451461792,-0.3488345444202423,0.29421499371528625,1,0,"{""A"": ""position"", ""B"": ""color"", ""C"": ""size"", ""D"": ""orientation""}",/mnt/tidalfs-hssh01/dataset/xiang/models/Qwen2.5-VL-7B-Instruct,42,not_empty,next_token
A_0065,A,STEP2,ABCD,0,-1.2234447002410889,-0.3484445810317993,0.2942149341106415,0.7057850360870361,-1.223811149597168,-0.3488110899925232,0.2942149341106415,1,0,"{""A"": ""position"", ""B"": ""color"", ""C"": ""size"", ""D"": ""orientation""}",/mnt/tidalfs-hssh01/dataset/xiang/models/Qwen2.5-VL-7B-Instruct,42,not_empty,next_token
A_0065,A,FINAL,EMPTY,0,-0.825939416885376,-0.575939416885376,0.43782350420951843,0.562176525592804,-1.032974123954773,-0.782974123954773,0.43782350420951843,1,0,"{""A"": ""position"", ""B"": ""color"", ""C"": ""size"", ""D"": ""orientation""}",/mnt/tidalfs-hssh01/dataset/xiang/models/Qwen2.5-VL-7B-Instruct,42,text_only,next_token
A_0065,A,FINAL,A,0,-0.825939416885376,-0.575939416885376,0.43782350420951843,0.562176525592804,-0.8462235331535339,-0.5962235331535339,0.43782350420951843,1,0,"{""A"": ""position"", ""B"": ""color"", ""C"": ""size"", ""D"": ""orientation""}",/mnt/tidalfs-hssh01/dataset/xiang/models/Qwen2.5-VL-7B-Instruct,42,not_empty,next_token
A_0065,A,FINAL,B,0,-0.7575989961624146,-0.6325989961624146,0.4687906503677368,0.531209409236908,-0.7723475694656372,-0.6473475694656372,0.4687906503677368,1,0,"{""A"": ""position"", ""B"": ""color"", ""C"": ""size"", ""D"": ""orientation""}",/mnt/tidalfs-hssh01/dataset/xiang/models/Qwen2.5-VL-7B-Instruct,42,not_empty,next_token
A_0065,A,FINAL,C,0,-0.8981232643127441,-0.5231232643127441,0.4073334038257599,0.5926665663719177,-0.9070677757263184,-0.5320677757263184,0.4073334038257599,1,0,"{""A"": ""position"", ""B"": ""color"", ""C"": ""size"", ""D"": ""orientation""}",/mnt/tidalfs-hssh01/dataset/xiang/models/Qwen2.5-VL-7B-Instruct,42,not_empty,next_token
A_0065,A,FINAL,D,0,-1.053700566291809,-0.42870065569877625,0.3486451506614685,0.6513548493385315,-1.076493740081787,-0.4514937996864319,0.3486451506614685,1,0,"{""A"": ""position"", ""B"": ""color"", ""C"": ""size"", ""D"": ""orientation""}",/mnt/tidalfs-hssh01/dataset/xiang/models/Qwen2.5-VL-7B-Instruct,42,not_empty,next_token
A_0065,A,FINAL,AB,0,-0.6931471824645996,-0.6931471824645996,0.5,0.5,-0.69500333070755,-0.69500333070755,0.5,0,1,"{""A"": ""position"", ""B"": ""color"", ""C"": ""size"", ""D"": ""orientation""}",/mnt/tidalfs-hssh01/dataset/xiang/models/Qwen2.5-VL-7B-Instruct,42,not_empty,next_token
A_0065,A,FINAL,AC,0,-0.825939416885376,-0.575939416885376,0.43782350420951843,0.562176525592804,-0.8274644017219543,-0.5774644017219543,0.43782350420951843,1,0,"{""A"": ""position"", ""B"": ""color"", ""C"": ""size"", ""D"": ""orientation""}",/mnt/tidalfs-hssh01/dataset/xiang/models/Qwen2.5-VL-7B-Instruct,42,not_empty,next_token
A_0065,A,FINAL,AD,0,-0.9740769863128662,-0.4740769863128662,0.3775406777858734,0.622459352016449,-0.976927638053894,-0.47692763805389404,0.3775406777858734,1,0,"{""A"": ""position"", ""B"": ""color"", ""C"": ""size"", ""D"": ""orientation""}",/mnt/tidalfs-hssh01/dataset/xiang/models/Qwen2.5-VL-7B-Instruct,42,not_empty,next_token
A_0065,A,FINAL,BC,0,-0.7575989961624146,-0.6325989961624146,0.4687906503677368,0.531209409236908,-0.7607599496841431,-0.6357599496841431,0.4687906503677368,1,0,"{""A"": ""position"", ""B"": ""color"", ""C"": ""size"", ""D"": ""orientation""}",/mnt/tidalfs-hssh01/dataset/xiang/models/Qwen2.5-VL-7B-Instruct,42,not_empty,next_token
A_0065,A,FINAL,BD,0,-0.825939416885376,-0.575939416885376,0.43782350420951843,0.562176525592804,-0.8317471742630005,-0.5817471742630005,0.43782350420951843,1,0,"{""A"": ""position"", ""B"": ""color"", ""C"": ""size"", ""D"": ""orientation""}",/mnt/tidalfs-hssh01/dataset/xiang/models/Qwen2.5-VL-7B-Instruct,42,not_empty,next_token
A_0065,A,FINAL,CD,0,-0.8981232643127441,-0.5231232643127441,0.4073334038257599,0.5926665663719177,-0.9035506844520569,-0.5285506844520569,0.4073334038257599,1,0,"{""A"": ""position"", ""B"": ""color"", ""C"": ""size"", ""D"": ""orientation""}",/mnt/tidalfs-hssh01/dataset/xiang/models/Qwen2.5-VL-7B-Instruct,42,not_empty,next_token
A_0065,A,FINAL,ABC,0,-0.7575989961624146,-0.6325989961624146,0.4687906503677368,0.531209409236908,-0.7588856816291809,-0.6338856816291809,0.4687906503677368,1,0,"{""A"": ""position"", ""B"": ""color"", ""C"": ""size"", ""D"": ""orientation""}",/mnt/tidalfs-hssh01/dataset/xiang/models/Qwen2.5-VL-7B-Instruct,42,not_empty,next_token
A_0065,A,FINAL,ABD,0,-0.8981232643127441,-0.5231232643127441,0.4073334038257599,0.5926665663719177,-0.8991553783416748,-0.5241553783416748,0.4073334038257599,1,0,"{""A"": ""position"", ""B"": ""color"", ""C"": ""size"", ""D"": ""orientation""}",/mnt/tidalfs-hssh01/dataset/xiang/models/Qwen2.5-VL-7B-Instruct,42,not_empty,next_token
A_0065,A,FINAL,ACD,0,-0.9740769863128662,-0.4740769863128662,0.3775406777858734,0.622459352016449,-0.9750117063522339,-0.4750117361545563,0.3775406777858734,1,0,"{""A"": ""position"", ""B"": ""color"", ""C"": ""size"", ""D"": ""orientation""}",/mnt/tidalfs-hssh01/dataset/xiang/models/Qwen2.5-VL-7B-Instruct,42,not_empty,next_token
A_0065,A,FINAL,BCD,0,-0.8981232643127441,-0.5231232643127441,0.4073334038257599,0.5926665663719177,-0.8999620676040649,-0.5249620676040649,0.4073334038257599,1,0,"{""A"": ""position"", ""B"": ""color"", ""C"": ""size"", ""D"": ""orientation""}",/mnt/tidalfs-hssh01/dataset/xiang/models/Qwen2.5-VL-7B-Instruct,42,not_empty,next_token
A_0065,A,FINAL,ABCD,0,-0.9740769863128662,-0.4740769863128662,0.3775406777858734,0.622459352016449,-0.9751706123352051,-0.4751705825328827,0.3775406777858734,1,0,"{""A"": ""position"", ""B"": ""color"", ""C"": ""size"", ""D"": ""orientation""}",/mnt/tidalfs-hssh01/dataset/xiang/models/Qwen2.5-VL-7B-Instruct,42,not_empty,next_token
A_0073,A,STEP1,EMPTY,1,-0.6931471824645996,-0.6931471824645996,0.5,0.5,-0.7521441578865051,-0.7521441578865051,0.5,0,0,"{""A"": ""position"", ""B"": ""color"", ""C"": ""size"", ""D"": ""orientation""}",/mnt/tidalfs-hssh01/dataset/xiang/models/Qwen2.5-VL-7B-Instruct,42,text_only,next_token
A_0073,A,STEP1,A,1,-0.6931471824645996,-0.6931471824645996,0.5,0.5,-0.695659339427948,-0.695659339427948,0.5,0,0,"{""A"": ""position"", ""B"": ""color"", ""C"": ""size"", ""D"": ""orientation""}",/mnt/tidalfs-hssh01/dataset/xiang/models/Qwen2.5-VL-7B-Instruct,42,not_empty,next_token
A_0073,A,STEP1,B,1,-0.7575989961624146,-0.6325989961624146,0.4687906503677368,0.531209409236908,-0.7589655518531799,-0.6339655518531799,0.531209409236908,1,1,"{""A"": ""position"", ""B"": ""color"", ""C"": ""size"", ""D"": ""orientation""}",/mnt/tidalfs-hssh01/dataset/xiang/models/Qwen2.5-VL-7B-Instruct,42,not_empty,next_token
A_0073,A,STEP1,C,1,-0.6931471824645996,-0.6931471824645996,0.5,0.5,-0.6965280771255493,-0.6965280771255493,0.5,0,0,"{""A"": ""position"", ""B"": ""color"", ""C"": ""size"", ""D"": ""orientation""}",/mnt/tidalfs-hssh01/dataset/xiang/models/Qwen2.5-VL-7B-Instruct,42,not_empty,next_token
A_0073,A,STEP1,D,1,-0.9740769863128662,-0.4740769863128662,0.3775406777858734,0.622459352016449,-0.9777901768684387,-0.4777901768684387,0.622459352016449,1,1,"{""A"": ""position"", ""B"": ""color"", ""C"": ""size"", ""D"": ""orientation""}",/mnt/tidalfs-hssh01/dataset/xiang/models/Qwen2.5-VL-7B-Instruct,42,not_empty,next_token
A_0073,A,STEP1,AB,1,-0.6325989961624146,-0.7575989961624146,0.531209409236908,0.4687906503677368,-0.6331754922866821,-0.7581754922866821,0.4687906503677368,0,0,"{""A"": ""position"", ""B"": ""color"", ""C"": ""size"", ""D"": ""orientation""}",/mnt/tidalfs-hssh01/dataset/xiang/models/Qwen2.5-VL-7B-Instruct,42,not_empty,next_token
A_0073,A,STEP1,AC,1,-0.825939416885376,-0.575939416885376,0.43782350420951843,0.562176525592804,-0.8264027833938599,-0.5764027833938599,0.562176525592804,1,1,"{""A"": ""position"", ""B"": ""color"", ""C"": ""size"", ""D"": ""orientation""}",/mnt/tidalfs-hssh01/dataset/xiang/models/Qwen2.5-VL-7B-Instruct,42,not_empty,next_token
A_0073,A,STEP1,AD,1,-0.825939416885376,-0.575939416885376,0.43782350420951843,0.562176525592804,-0.8273614645004272,-0.5773614645004272,0.562176525592804,1,1,"{""A"": ""position"", ""B"": ""color"", ""C"": ""size"", ""D"": ""orientation""}",/mnt/tidalfs-hssh01/dataset/xiang/models/Qwen2.5-VL-7B-Instruct,42,not_empty,next_token
A_0073,A,STEP1,BC,1,-0.8981232643127441,-0.5231232643127441,0.4073334038257599,0.5926665663719177,-0.8987282514572144,-0.5237282514572144,0.5926665663719177,1,1,"{""A"": ""position"", ""B"": ""color"", ""C"": ""size"", ""D"": ""orientation""}",/mnt/tidalfs-hssh01/dataset/xiang/models/Qwen2.5-VL-7B-Instruct,42,not_empty,next_token
A_0073,A,STEP1,BD,1,-0.825939416885376,-0.575939416885376,0.43782350420951843,0.562176525592804,-0.826836347579956,-0.576836347579956,0.562176525592804,1,1,"{""A"": ""position"", ""B"": ""color"", ""C"": ""size"", ""D"": ""orientation""}",/mnt/tidalfs-hssh01/dataset/xiang/models/Qwen2.5-VL-7B-Instruct,42,not_empty,next_token
A_0073,A,STEP1,CD,1,-0.7575989961624146,-0.6325989961624146,0.4687906503677368,0.531209409236908,-0.7588961124420166,-0.6338961124420166,0.531209409236908,1,1,"{""A"": ""position"", ""B"": ""color"", ""C"": ""size"", ""D"": ""orientation""}",/mnt/tidalfs-hssh01/dataset/xiang/models/Qwen2.5-VL-7B-Instruct,42,not_empty,next_token
A_0073,A,STEP1,ABC,1,-0.8981232643127441,-0.5231232643127441,0.4073334038257599,0.5926665663719177,-0.8983640074729919,-0.5233640074729919,0.5926665663719177,1,1,"{""A"": ""position"", ""B"": ""color"", ""C"": ""size"", ""D"": ""orientation""}",/mnt/tidalfs-hssh01/dataset/xiang/models/Qwen2.5-VL-7B-Instruct,42,not_empty,next_token
A_0073,A,STEP1,ABD,1,-0.825939416885376,-0.575939416885376,0.43782350420951843,0.562176525592804,-0.8262625932693481,-0.5762625932693481,0.562176525592804,1,1,"{""A"": ""position"", ""B"": ""color"", ""C"": ""size"", ""D"": ""orientation""}",/mnt/tidalfs-hssh01/dataset/xiang/models/Qwen2.5-VL-7B-Instruct,42,not_empty,next_token
A_0073,A,STEP1,ACD,1,-0.8981232643127441,-0.5231232643127441,0.4073334038257599,0.5926665663719177,-0.8983874320983887,-0.5233874320983887,0.5926665663719177,1,1,"{""A"": ""position"", ""B"": ""color"", ""C"": ""size"", ""D"": ""orientation""}",/mnt/tidalfs-hssh01/dataset/xiang/models/Qwen2.5-VL-7B-Instruct,42,not_empty,next_token
A_0073,A,STEP1,BCD,1,-0.9740769863128662,-0.4740769863128662,0.3775406777858734,0.622459352016449,-0.9743598699569702,-0.4743598699569702,0.622459352016449,1,1,"{""A"": ""position"", ""B"": ""color"", ""C"": ""size"", ""D"": ""orientation""}",/mnt/tidalfs-hssh01/dataset/xiang/models/Qwen2.5-VL-7B-Instruct,42,not_empty,next_token
A_0073,A,STEP1,ABCD,1,-0.9740769863128662,-0.4740769863128662,0.3775406777858734,0.622459352016449,-0.9742568731307983,-0.47425684332847595,0.622459352016449,1,1,"{""A"": ""position"", ""B"": ""color"", ""C"": ""size"", ""D"": ""orientation""}",/mnt/tidalfs-hssh01/dataset/xiang/models/Qwen2.5-VL-7B-Instruct,42,not_empty,next_token
A_0073,A,STEP2,EMPTY,1,-1.1368709802627563,-0.38687101006507874,0.3208213150501251,0.6791786551475525,-1.1873528957366943,-0.4373529553413391,0.6791786551475525,1,1,"{""A"": ""position"", ""B"": ""color"", ""C"": ""size"", ""D"": ""orientation""}",/mnt/tidalfs-hssh01/dataset/xiang/models/Qwen2.5-VL-7B-Instruct,42,text_only,next_token
A_0073,A,STEP2,A,1,-0.9740769863128662,-0.4740769863128662,0.3775406777858734,0.622459352016449,-0.976046621799469,-0.476046621799469,0.622459352016449,1,1,"{""A"": ""position"", ""B"": ""color"", ""C"": ""size"", ""D"": ""orientation""}",/mnt/tidalfs-hssh01/dataset/xiang/models/Qwen2.5-VL-7B-Instruct,42,not_empty,next_token
A_0073,A,STEP2,B,1,-0.825939416885376,-0.575939416885376,0.43782350420951843,0.562176525592804,-0.8274880647659302,-0.5774880647659302,0.562176525592804,1,1,"{""A"": ""position"", ""B"": ""color"", ""C"": ""size"", ""D"": ""orientation""}",/mnt/tidalfs-hssh01/dataset/xiang/models/Qwen2.5-VL-7B-Instruct,42,not_empty,next_token
A_0073,A,STEP2,C,1,-0.8981232643127441,-0.5231232643127441,0.4073334038257599,0.5926665663719177,-0.8998823761940002,-0.5248823761940002,0.5926665663719177,1,1,"{""A"": ""position"", ""B"": ""color"", ""C"": ""size"", ""D"": ""orientation""}",/mnt/tidalfs-hssh01/dataset/xiang/models/Qwen2.5-VL-7B-Instruct,42,not_empty,next_token
A_0073,A,STEP2,D,1,-1.5019290447235107,-0.25192904472351074,0.22270016372203827,0.7772998809814453,-1.5044355392456055,-0.25443553924560547,0.7772998809814453,1,1,"{""A"": ""position"", ""B"": ""color"", ""C"": ""size"", ""D"": ""orientation""}",/mnt/tidalfs-hssh01/dataset/xiang/models/Qwen2.5-VL-7B-Instruct,42,not_empty,next_token
A_0073,A,STEP2,AB,1,-0.6931471824645996,-0.6931471824645996,0.5,0.5,-0.6940824389457703,-0.6940824389457703,0.5,0,0,"{""A"": ""position"", ""B"": ""color"", ""C"": ""size"", ""D"": ""orientation""}",/mnt/tidalfs-hssh01/dataset/xiang/models/Qwen2.5-VL-7B-Instruct,42,not_empty,next_token
A_0073,A,STEP2,AC,1,-0.8981232643127441,-0.5231232643127441,0.4073334038257599,0.5926665663719177,-0.8984832167625427,-0.5234832167625427,0.5926665663719177,1,1,"{""A"": ""position"", ""B"": ""color"", ""C"": ""size"", ""D"": ""orientation""}",/mnt/tidalfs-hssh01/dataset/xiang/models/Qwen2.5-VL-7B-Instruct,42,not_empty,next_token
A_0073,A,STEP2,AD,1,-0.9740769863128662,-0.4740769863128662,0.3775406777858734,0.622459352016449,-0.9751926064491272,-0.4751926064491272,0.622459352016449,1,1,"{""A"": ""position"", ""B"": ""color"", ""C"": ""size"", ""D"": ""orientation""}",/mnt/tidalfs-hssh01/dataset/xiang/models/Qwen2.5-VL-7B-Instruct,42,not_empty,next_token
A_0073,A,STEP2,BC,1,-0.7575989961624146,-0.6325989961624146,0.4687906503677368,0.531209409236908,-0.7587319612503052,-0.6337319612503052,0.531209409236908,1,1,"{""A"": ""position"", ""B"": ""color"", ""C"": ""size"", ""D"": ""orientation""}",/mnt/tidalfs-hssh01/dataset/xiang/models/Qwen2.5-VL-7B-Instruct,42,not_empty,next_token
A_0073,A,STEP2,BD,1,-0.8981232643127441,-0.5231232643127441,0.4073334038257599,0.5926665663719177,-0.899730384349823,-0.524730384349823,0.5926665663719177,1,1,"{""A"": ""position"", ""B"": ""color"", ""C"": ""size"", ""D"": ""orientation""}",/mnt/tidalfs-hssh01/dataset/xiang/models/Qwen2.5-VL-7B-Instruct,42,not_empty,next_token
A_0073,A,STEP2,CD,1,-0.825939416885376,-0.575939416885376,0.43782350420951843,0.562176525592804,-0.8270318508148193,-0.5770318508148193,0.562176525592804,1,1,"{""A"": ""position"", ""B"": ""color"", ""C"": ""size"", ""D"": ""orientation""}",/mnt/tidalfs-hssh01/dataset/xiang/models/Qwen2.5-VL-7B-Instruct,42,not_empty,next_token
A_0073,A,STEP2,ABC,1,-0.575939416885376,-0.825939416885376,0.562176525592804,0.43782350420951843,-0.5766057968139648,-0.8266057968139648,0.43782350420951843,0,0,"{""A"": ""position"", ""B"": ""color"", ""C"": ""size"", ""D"": ""orientation""}",/mnt/tidalfs-hssh01/dataset/xiang/models/Qwen2.5-VL-7B-Instruct,42,not_empty,next_token
A_0073,A,STEP2,ABD,1,-0.6325989961624146,-0.7575989961624146,0.531209409236908,0.4687906503677368,-0.6333050727844238,-0.7583050727844238,0.4687906503677368,0,0,"{""A"": ""position"", ""B"": ""color"", ""C"": ""size"", ""D"": ""orientation""}",/mnt/tidalfs-hssh01/dataset/xiang/models/Qwen2.5-VL-7B-Instruct,42,not_empty,next_token
A_0073,A,STEP2,ACD,1,-0.7575989961624146,-0.6325989961624146,0.4687906503677368,0.531209409236908,-0.7579135894775391,-0.6329135894775391,0.531209409236908,1,1,"{""A"": ""position"", ""B"": ""color"", ""C"": ""size"", ""D"": ""orientation""}",/mnt/tidalfs-hssh01/dataset/xiang/models/Qwen2.5-VL-7B-Instruct,42,not_empty,next_token
A_0073,A,STEP2,BCD,1,-0.825939416885376,-0.575939416885376,0.43782350420951843,0.562176525592804,-0.8265892267227173,-0.5765892267227173,0.562176525592804,1,1,"{""A"": ""position"", ""B"": ""color"", ""C"": ""size"", ""D"": ""orientation""}",/mnt/tidalfs-hssh01/dataset/xiang/models/Qwen2.5-VL-7B-Instruct,42,not_empty,next_token
A_0073,A,STEP2,ABCD,1,-0.6931471824645996,-0.6931471824645996,0.5,0.5,-0.6935222744941711,-0.6935222744941711,0.5,0,0,"{""A"": ""position"", ""B"": ""color"", ""C"": ""size"", ""D"": ""orientation""}",/mnt/tidalfs-hssh01/dataset/xiang/models/Qwen2.5-VL-7B-Instruct,42,not_empty,next_token
A_0073,A,FINAL,EMPTY,0,-0.825939416885376,-0.575939416885376,0.43782350420951843,0.562176525592804,-1.032974123954773,-0.782974123954773,0.43782350420951843,1,0,"{""A"": ""position"", ""B"": ""color"", ""C"": ""size"", ""D"": ""orientation""}",/mnt/tidalfs-hssh01/dataset/xiang/models/Qwen2.5-VL-7B-Instruct,42,text_only,next_token
A_0073,A,FINAL,A,0,-0.825939416885376,-0.575939416885376,0.43782350420951843,0.562176525592804,-0.8462235331535339,-0.5962235331535339,0.43782350420951843,1,0,"{""A"": ""position"", ""B"": ""color"", ""C"": ""size"", ""D"": ""orientation""}",/mnt/tidalfs-hssh01/dataset/xiang/models/Qwen2.5-VL-7B-Instruct,42,not_empty,next_token
A_0073,A,FINAL,B,0,-0.7575989961624146,-0.6325989961624146,0.4687906503677368,0.531209409236908,-0.7693278193473816,-0.6443278193473816,0.4687906503677368,1,0,"{""A"": ""position"", ""B"": ""color"", ""C"": ""size"", ""D"": ""orientation""}",/mnt/tidalfs-hssh01/dataset/xiang/models/Qwen2.5-VL-7B-Instruct,42,not_empty,next_token
A_0073,A,FINAL,C,0,-0.825939416885376,-0.575939416885376,0.43782350420951843,0.562176525592804,-0.8405668139457703,-0.5905668139457703,0.43782350420951843,1,0,"{""A"": ""position"", ""B"": ""color"", ""C"": ""size"", ""D"": ""orientation""}",/mnt/tidalfs-hssh01/dataset/xiang/models/Qwen2.5-VL-7B-Instruct,42,not_empty,next_token
A_0073,A,FINAL,D,0,-1.053700566291809,-0.42870065569877625,0.3486451506614685,0.6513548493385315,-1.076493740081787,-0.4514937996864319,0.3486451506614685,1,0,"{""A"": ""position"", ""B"": ""color"", ""C"": ""size"", ""D"": ""orientation""}",/mnt/tidalfs-hssh01/dataset/xiang/models/Qwen2.5-VL-7B-Instruct,42,not_empty,next_token
A_0073,A,FINAL,AB,0,-0.6325989961624146,-0.7575989961624146,0.531209409236908,0.4687906503677368,-0.6347389221191406,-0.7597389221191406,0.531209409236908,0,1,"{""A"": ""position"", ""B"": ""color"", ""C"": ""size"", ""D"": ""orientation""}",/mnt/tidalfs-hssh01/dataset/xiang/models/Qwen2.5-VL-7B-Instruct,42,not_empty,next_token
A_0073,A,FINAL,AC,0,-0.7575989961624146,-0.6325989961624146,0.4687906503677368,0.531209409236908,-0.7587816715240479,-0.6337816715240479,0.4687906503677368,1,0,"{""A"": ""position"", ""B"": ""color"", ""C"": ""size"", ""D"": ""orientation""}",/mnt/tidalfs-hssh01/dataset/xiang/models/Qwen2.5-VL-7B-Instruct,42,not_empty,next_token
A_0073,A,FINAL,AD,0,-0.9740769863128662,-0.4740769863128662,0.3775406777858734,0.622459352016449,-0.976927638053894,-0.47692763805389404,0.3775406777858734,1,0,"{""A"": ""position"", ""B"": ""color"", ""C"": ""size"", ""D"": ""orientation""}",/mnt/tidalfs-hssh01/dataset/xiang/models/Qwen2.5-VL-7B-Instruct,42,not_empty,next_token
A_0073,A,FINAL,BC,0,-0.7575989961624146,-0.6325989961624146,0.4687906503677368,0.531209409236908,-0.761656641960144,-0.636656641960144,0.4687906503677368,1,0,"{""A"": ""position"", ""B"": ""color"", ""C"": ""size"", ""D"": ""orientation""}",/mnt/tidalfs-hssh01/dataset/xiang/models/Qwen2.5-VL-7B-Instruct,42,not_empty,next_token
A_0073,A,FINAL,BD,0,-0.825939416885376,-0.575939416885376,0.43782350420951843,0.562176525592804,-0.8343058228492737,-0.5843058228492737,0.43782350420951843,1,0,"{""A"": ""position"", ""B"": ""color"", ""C"": ""size"", ""D"": ""orientation""}",/mnt/tidalfs-hssh01/dataset/xiang/models/Qwen2.5-VL-7B-Instruct,42,not_empty,next_token
A_0073,A,FINAL,CD,0,-0.8981232643127441,-0.5231232643127441,0.4073334038257599,0.5926665663719177,-0.9077074527740479,-0.5327074527740479,0.4073334038257599,1,0,"{""A"": ""position"", ""B"": ""color"", ""C"": ""size"", ""D"": ""orientation""}",/mnt/tidalfs-hssh01/dataset/xiang/models/Qwen2.5-VL-7B-Instruct,42,not_empty,next_token
A_0073,A,FINAL,ABC,0,-0.6931471824645996,-0.6931471824645996,0.5,0.5,-0.6950396299362183,-0.6950396299362183,0.5,0,1,"{""A"": ""position"", ""B"": ""color"", ""C"": ""size"", ""D"": ""orientation""}",/mnt/tidalfs-hssh01/dataset/xiang/models/Qwen2.5-VL-7B-Instruct,42,not_empty,next_token
A_0073,A,FINAL,ABD,0,-0.825939416885376,-0.575939416885376,0.43782350420951843,0.562176525592804,-0.827707827091217,-0.577707827091217,0.43782350420951843,1,0,"{""A"": ""position"", ""B"": ""color"", ""C"": ""size"", ""D"": ""orientation""}",/mnt/tidalfs-hssh01/dataset/xiang/models/Qwen2.5-VL-7B-Instruct,42,not_empty,next_token
A_0073,A,FINAL,ACD,0,-0.8981232643127441,-0.5231232643127441,0.4073334038257599,0.5926665663719177,-0.8991342782974243,-0.5241342782974243,0.4073334038257599,1,0,"{""A"": ""position"", ""B"": ""color"", ""C"": ""size"", ""D"": ""orientation""}",/mnt/tidalfs-hssh01/dataset/xiang/models/Qwen2.5-VL-7B-Instruct,42,not_empty,next_token
A_0073,A,FINAL,BCD,0,-0.8981232643127441,-0.5231232643127441,0.4073334038257599,0.5926665663719177,-0.9016958475112915,-0.5266958475112915,0.4073334038257599,1,0,"{""A"": ""position"", ""B"": ""color"", ""C"": ""size"", ""D"": ""orientation""}",/mnt/tidalfs-hssh01/dataset/xiang/models/Qwen2.5-VL-7B-Instruct,42,not_empty,next_token
A_0073,A,FINAL,ABCD,0,-0.8981232643127441,-0.5231232643127441,0.4073334038257599,0.5926665663719177,-0.8993147015571594,-0.5243147015571594,0.4073334038257599,1,0,"{""A"": ""position"", ""B"": ""color"", ""C"": ""size"", ""D"": ""orientation""}",/mnt/tidalfs-hssh01/dataset/xiang/models/Qwen2.5-VL-7B-Instruct,42,not_empty,next_token
A_0081,A,STEP1,EMPTY,0,-0.825939416885376,-0.575939416885376,0.43782350420951843,0.562176525592804,-0.8866772651672363,-0.6366772651672363,0.43782350420951843,1,0,"{""A"": ""color"", ""B"": ""size"", ""C"": ""orientation"", ""D"": ""position""}",/mnt/tidalfs-hssh01/dataset/xiang/models/Qwen2.5-VL-7B-Instruct,42,text_only,next_token
A_0081,A,STEP1,A,0,-0.9740769863128662,-0.4740769863128662,0.3775406777858734,0.622459352016449,-0.9758946895599365,-0.4758947193622589,0.3775406777858734,1,0,"{""A"": ""color"", ""B"": ""size"", ""C"": ""orientation"", ""D"": ""position""}",/mnt/tidalfs-hssh01/dataset/xiang/models/Qwen2.5-VL-7B-Instruct,42,not_empty,next_token
A_0081,A,STEP1,B,0,-0.8981232643127441,-0.5231232643127441,0.4073334038257599,0.5926665663719177,-0.8994943499565125,-0.5244943499565125,0.4073334038257599,1,0,"{""A"": ""color"", ""B"": ""size"", ""C"": ""orientation"", ""D"": ""position""}",/mnt/tidalfs-hssh01/dataset/xiang/models/Qwen2.5-VL-7B-Instruct,42,not_empty,next_token
A_0081,A,STEP1,C,0,-1.3132617473602295,-0.3132617473602295,0.26894140243530273,0.7310584783554077,-1.3148443698883057,-0.31484439969062805,0.26894140243530273,1,0,"{""A"": ""color"", ""B"": ""size"", ""C"": ""orientation"", ""D"": ""position""}",/mnt/tidalfs-hssh01/dataset/xiang/models/Qwen2.5-VL-7B-Instruct,42,not_empty,next_token
A_0081,A,STEP1,D,0,-0.9740769863128662,-0.4740769863128662,0.3775406777858734,0.622459352016449,-0.9789466857910156,-0.4789466857910156,0.3775406777858734,1,0,"{""A"": ""color"", ""B"": ""size"", ""C"": ""orientation"", ""D"": ""position""}",/mnt/tidalfs-hssh01/dataset/xiang/models/Qwen2.5-VL-7B-Instruct,42,not_empty,next_token
A_0081,A,STEP1,AB,0,-0.9740769863128662,-0.4740769863128662,0.3775406777858734,0.622459352016449,-0.974403977394104,-0.4744039475917816,0.3775406777858734,1,0,"{""A"": ""color"", ""B"": ""size"", ""C"": ""orientation"", ""D"": ""position""}",/mnt/tidalfs-hssh01/dataset/xiang/models/Qwen2.5-VL-7B-Instruct,42,not_empty,next_token
A_0081,A,STEP1,AC,0,-0.9740769863128662,-0.4740769863128662,0.3775406777858734,0.622459352016449,-0.9745209813117981,-0.4745209813117981,0.3775406777858734,1,0,"{""A"": ""color"", ""B"": ""size"", ""C"": ""orientation"", ""D"": ""position""}",/mnt/tidalfs-hssh01/dataset/xiang/models/Qwen2.5-VL-7B-Instruct,42,not_empty,next_token
A_0081,A,STEP1,AD,0,-1.0537006855010986,-0.42870065569877625,0.3486451208591461,0.6513548493385315,-1.054273247718811,-0.42927321791648865,0.3486451208591461,1,0,"{""A"": ""color"", ""B"": ""size"", ""C"": ""orientation"", ""D"": ""position""}",/mnt/tidalfs-hssh01/dataset/xiang/models/Qwen2.5-VL-7B-Instruct,42,not_empty,next_token
A_0081,A,STEP1,BC,0,-0.9740769863128662,-0.4740769863128662,0.3775406777858734,0.622459352016449,-0.9747657179832458,-0.47476571798324585,0.3775406777858734,1,0,"{""A"": ""color"", ""B"": ""size"", ""C"": ""orientation"", ""D"": ""position""}",/mnt/tidalfs-hssh01/dataset/xiang/models/Qwen2.5-VL-7B-Instruct,42,not_empty,next_token
A_0081,A,STEP1,BD,0,-1.136871099472046,-0.38687101006507874,0.32082128524780273,0.6791786551475525,-1.1373846530914307,-0.3873845934867859,0.32082128524780273,1,0,"{""A"": ""color"", ""B"": ""size"", ""C"": ""orientation"", ""D"": ""position""}",/mnt/tidalfs-hssh01/dataset/xiang/models/Qwen2.5-VL-7B-Instruct,42,not_empty,next_token
A_0081,A,STEP1,CD,0,-1.3132617473602295,-0.3132617473602295,0.26894140243530273,0.7310584783554077,-1.3139698505401611,-0.3139699101448059,0.26894140243530273,1,0,"{""A"": ""color"", ""B"": ""size"", ""C"": ""orientation"", ""D"": ""position""}",/mnt/tidalfs-hssh01/dataset/xiang/models/Qwen2.5-VL-7B-Instruct,42,not_empty,next_token
A_0081,A,STEP1,ABC,0,-1.1368709802627563,-0.38687101006507874,0.3208213150501251,0.6791786551475525,-1.1370108127593994,-0.3870108425617218,0.3208213150501251,1,0,"{""A"": ""color"", ""B"": ""size"", ""C"": ""orientation"", ""D"": ""position""}",/mnt/tidalfs-hssh01/dataset/xiang/models/Qwen2.5-VL-7B-Instruct,42,not_empty,next_token
A_0081,A,STEP1,ABD,0,-1.2234445810317993,-0.3484445810317993,0.29421499371528625,0.7057850360870361,-1.2236021757125854,-0.34860214591026306,0.29421499371528625,1,0,"{""A"": ""color"", ""B"": ""size"", ""C"": ""orientation"", ""D"": ""position""}",/mnt/tidalfs-hssh01/dataset/xiang/models/Qwen2.5-VL-7B-Instruct,42,not_empty,next_token
A_0081,A,STEP1,ACD,0,-1.0537006855010986,-0.42870065569877625,0.3486451208591461,0.6513548493385315,-1.0539042949676514,-0.4289042353630066,0.3486451208591461,1,0,"{""A"": ""color"", ""B"": ""size"", ""C"": ""orientation"", ""D"": ""position""}",/mnt/tidalfs-hssh01/dataset/xiang/models/Qwen2.5-VL-7B-Instruct,42,not_empty,next_token
A_0081,A,STEP1,BCD,0,-1.136871099472046,-0.38687101006507874,0.32082128524780273,0.6791786551475525,-1.137171745300293,-0.3871716856956482,0.32082128524780273,1,0,"{""A"": ""color"", ""B"": ""size"", ""C"": ""orientation"", ""D"": ""position""}",/mnt/tidalfs-hssh01/dataset/xiang/models/Qwen2.5-VL-7B-Instruct,42,not_empty,next_token
A_0081,A,STEP1,ABCD,0,-1.3132617473602295,-0.3132617473602295,0.26894140243530273,0.7310584783554077,-1.3133906126022339,-0.3133906126022339,0.26894140243530273,1,0,"{""A"": ""color"", ""B"": ""size"", ""C"": ""orientation"", ""D"": ""position""}",/mnt/tidalfs-hssh01/dataset/xiang/models/Qwen2.5-VL-7B-Instruct,42,not_empty,next_token
A_0081,A,STEP2,EMPTY,1,-1.1368709802627563,-0.38687101006507874,0.3208213150501251,0.6791786551475525,-1.166052222251892,-0.4160521924495697,0.6791786551475525,1,1,"{""A"": ""color"", ""B"": ""size"", ""C"": ""orientation"", ""D"": ""position""}",/mnt/tidalfs-hssh01/dataset/xiang/models/Qwen2.5-VL-7B-Instruct,42,text_only,next_token
A_0081,A,STEP2,A,1,-1.1368709802627563,-0.38687101006507874,0.3208213150501251,0.6791786551475525,-1.1380829811096191,-0.3880830407142639,0.6791786551475525,1,1,"{""A"": ""color"", ""B"": ""size"", ""C"": ""orientation"", ""D"": ""position""}",/mnt/tidalfs-hssh01/dataset/xiang/models/Qwen2.5-VL-7B-Instruct,42,not_empty,next_token
A_0081,A,STEP2,B,1,-1.1368709802627563,-0.38687101006507874,0.3208213150501251,0.6791786551475525,-1.1385562419891357,-0.38855624198913574,0.6791786551475525,1,1,"{""A"": ""color"", ""B"": ""size"", ""C"": ""orientation"", ""D"": ""position""}",/mnt/tidalfs-hssh01/dataset/xiang/models/Qwen2.5-VL-7B-Instruct,42,not_empty,next_token
A_0081,A,STEP2,C,1,-1.7014133930206299,-0.2014133334159851,0.18242549896240234,0.8175744414329529,-1.7026395797729492,-0.20263953506946564,0.8175744414329529,1,1,"{""A"": ""color"", ""B"": ""size"", ""C"": ""orientation"", ""D"": ""position""}",/mnt/tidalfs-hssh01/dataset/xiang/models/Qwen2.5-VL-7B-Instruct,42,not_empty,next_token
A_0081,A,STEP2,D,1,-1.2234444618225098,-0.3484445810317993,0.29421502351760864,0.7057850360870361,-1.2250585556030273,-0.3500586152076721,0.7057850360870361,1,1,"{""A"": ""color"", ""B"": ""size"", ""C"": ""orientation"", ""D"": ""position""}",/mnt/tidalfs-hssh01/dataset/xiang/models/Qwen2.5-VL-7B-Instruct,42,not_empty,next_token
A_0081,A,STEP2,AB,1,-0.825939416885376,-0.575939416885376,0.43782350420951843,0.562176525592804,-0.8267413973808289,-0.5767413973808289,0.562176525592804,1,1,"{""A"": ""color"", ""B"": ""size"", ""C"": ""orientation"", ""D"": ""position""}",/mnt/tidalfs-hssh01/dataset/xiang/models/Qwen2.5-VL-7B-Instruct,42,not_empty,next_token
A_0081,A,STEP2,AC,1,-1.1368709802627563,-0.38687101006507874,0.3208213150501251,0.6791786551475525,-1.1373521089553833,-0.3873520791530609,0.6791786551475525,1,1,"{""A"": ""color"", ""B"": ""size"", ""C"": ""orientation"", ""D"": ""position""}",/mnt/tidalfs-hssh01/dataset/xiang/models/Qwen2.5-VL-7B-Instruct,42,not_empty,next_token
A_0081,A,STEP2,AD,1,-1.1368709802627563,-0.38687101006507874,0.3208213150501251,0.6791786551475525,-1.1376566886901855,-0.38765671849250793,0.6791786551475525,1,1,"{""A"": ""color"", ""B"": ""size"", ""C"": ""orientation"", ""D"": ""position""}",/mnt/tidalfs-hssh01/dataset/xiang/models/Qwen2.5-VL-7B-Instruct,42,not_empty,next_token
A_0081,A,STEP2,BC,1,-1.1368709802627563,-0.38687101006507874,0.3208213150501251,0.6791786551475525,-1.13774836063385,-0.3877483606338501,0.6791786551475525,1,1,"{""A"": ""color"", ""B"": ""size"", ""C"": ""orientation"", ""D"": ""position""}",/mnt/tidalfs-hssh01/dataset/xiang/models/Qwen2.5-VL-7B-Instruct,42,not_empty,next_token
A_0081,A,STEP2,BD,1,-0.9740769863128662,-0.4740769863128662,0.3775406777858734,0.622459352016449,-0.9752063751220703,-0.4752063751220703,0.622459352016449,1,1,"{""A"": ""color"", ""B"": ""size"", ""C"": ""orientation"", ""D"": ""position""}",/mnt/tidalfs-hssh01/dataset/xiang/models/Qwen2.5-VL-7B-Instruct,42,not_empty,next_token
A_0081,A,STEP2,CD,1,-1.5019290447235107,-0.25192904472351074,0.22270016372203827,0.7772998809814453,-1.5027116537094116,-0.25271162390708923,0.7772998809814453,1,1,"{""A"": ""color"", ""B"": ""size"", ""C"": ""orientation"", ""D"": ""position""}",/mnt/tidalfs-hssh01/dataset/xiang/models/Qwen2.5-VL-7B-Instruct,42,not_empty,next_token
A_0081,A,STEP2,ABC,1,-0.9740769863128662,-0.4740769863128662,0.3775406777858734,0.622459352016449,-0.9745529890060425,-0.4745529592037201,0.622459352016449,1,1,"{""A"": ""color"", ""B"": ""size"", ""C"": ""orientation"", ""D"": ""position""}",/mnt/tidalfs-hssh01/dataset/xiang/models/Qwen2.5-VL-7B-Instruct,42,not_empty,next_token
A_0081,A,STEP2,ABD,1,-0.825939416885376,-0.575939416885376,0.43782350420951843,0.562176525592804,-0.8263950347900391,-0.5763950347900391,0.562176525592804,1,1,"{""A"": ""color"", ""B"": ""size"", ""C"": ""orientation"", ""D"": ""position""}",/mnt/tidalfs-hssh01/dataset/xiang/models/Qwen2.5-VL-7B-Instruct,42,not_empty,next_token
A_0081,A,STEP2,ACD,1,-1.136871099472046,-0.38687101006507874,0.32082128524780273,0.6791786551475525,-1.1372992992401123,-0.38729923963546753,0.6791786551475525,1,1,"{""A"": ""color"", ""B"": ""size"", ""C"": ""orientation"", ""D"": ""position""}",/mnt/tidalfs-hssh01/dataset/xiang/models/Qwen2.5-VL-7B-Instruct,42,not_empty,next_token
A_0081,A,STEP2,BCD,1,-0.9740769863128662,-0.4740769863128662,0.3775406777858734,0.622459352016449,-0.9751665592193604,-0.47516658902168274,0.622459352016449,1,1,"{""A"": ""color"", ""B"": ""size"", ""C"": ""orientation"", ""D"": ""position""}",/mnt/tidalfs-hssh01/dataset/xiang/models/Qwen2.5-VL-7B-Instruct,42,not_empty,next_token
A_0081,A,STEP2,ABCD,1,-1.1368709802627563,-0.38687101006507874,0.3208213150501251,0.6791786551475525,-1.1371654272079468,-0.38716545701026917,0.6791786551475525,1,1,"{""A"": ""color"", ""B"": ""size"", ""C"": ""orientation"", ""D"": ""position""}",/mnt/tidalfs-hssh01/dataset/xiang/models/Qwen2.5-VL-7B-Instruct,42,not_empty,next_token
A_0081,A,FINAL,EMPTY,1,-0.7575989961624146,-0.6325989961624146,0.4687906503677368,0.531209409236908,-0.9736700057983398,-0.8486700057983398,0.531209409236908,1,1,"{""A"": ""color"", ""B"": ""size"", ""C"": ""orientation"", ""D"": ""position""}",/mnt/tidalfs-hssh01/dataset/xiang/models/Qwen2.5-VL-7B-Instruct,42,text_only,next_token
A_0081,A,FINAL,A,1,-0.8981232643127441,-0.5231232643127441,0.4073334038257599,0.5926665663719177,-0.904700517654419,-0.529700517654419,0.5926665663719177,1,1,"{""A"": ""color"", ""B"": ""size"", ""C"": ""orientation"", ""D"": ""position""}",/mnt/tidalfs-hssh01/dataset/xiang/models/Qwen2.5-VL-7B-Instruct,42,not_empty,next_token
A_0081,A,FINAL,B,1,-0.8981232643127441,-0.5231232643127441,0.4073334038257599,0.5926665663719177,-0.9050209522247314,-0.5300209522247314,0.5926665663719177,1,1,"{""A"": ""color"", ""B"": ""size"", ""C"": ""orientation"", ""D"": ""position""}",/mnt/tidalfs-hssh01/dataset/xiang/models/Qwen2.5-VL-7B-Instruct,42,not_empty,next_token
A_0081,A,FINAL,C,1,-1.0537006855010986,-0.42870065569877625,0.3486451208591461,0.6513548493385315,-1.0634181499481201,-0.4384181499481201,0.6513548493385315,1,1,"{""A"": ""color"", ""B"": ""size"", ""C"": ""orientation"", ""D"": ""position""}",/mnt/tidalfs-hssh01/dataset/xiang/models/Qwen2.5-VL-7B-Instruct,42,not_empty,next_token
A_0081,A,FINAL,D,1,-0.8981232643127441,-0.5231232643127441,0.4073334038257599,0.5926665663719177,-0.9094062447547913,-0.5344062447547913,0.5926665663719177,1,1,"{""A"": ""color"", ""B"": ""size"", ""C"": ""orientation"", ""D"": ""position""}",/mnt/tidalfs-hssh01/dataset/xiang/models/Qwen2.5-VL-7B-Instruct,42,not_empty,next_token
A_0081,A,FINAL,AB,1,-0.825939416885376,-0.575939416885376,0.43782350420951843,0.562176525592804,-0.8266299366950989,-0.5766299366950989,0.562176525592804,1,1,"{""A"": ""color"", ""B"": ""size"", ""C"": ""orientation"", ""D"": ""position""}",/mnt/tidalfs-hssh01/dataset/xiang/models/Qwen2.5-VL-7B-Instruct,42,not_empty,next_token
A_0081,A,FINAL,AC,1,-0.825939416885376,-0.575939416885376,0.43782350420951843,0.562176525592804,-0.8271546363830566,-0.5771546363830566,0.562176525592804,1,1,"{""A"": ""color"", ""B"": ""size"", ""C"": ""orientation"", ""D"": ""position""}",/mnt/tidalfs-hssh01/dataset/xiang/models/Qwen2.5-VL-7B-Instruct,42,not_empty,next_token
A_0081,A,FINAL,AD,1,-0.8981232643127441,-0.5231232643127441,0.4073334038257599,0.5926665663719177,-0.8998510837554932,-0.5248510837554932,0.5926665663719177,1,1,"{""A"": ""color"", ""B"": ""size"", ""C"": ""orientation"", ""D"": ""position""}",/mnt/tidalfs-hssh01/dataset/xiang/models/Qwen2.5-VL-7B-Instruct,42,not_empty,next_token
A_0081,A,FINAL,BC,1,-0.825939416885376,-0.575939416885376,0.43782350420951843,0.562176525592804,-0.8302822709083557,-0.5802822709083557,0.562176525592804,1,1,"{""A"": ""color"", ""B"": ""size"", ""C"": ""orientation"", ""D"": ""position""}",/mnt/tidalfs-hssh01/dataset/xiang/models/Qwen2.5-VL-7B-Instruct,42,not_empty,next_token
A_0081,A,FINAL,BD,1,-0.8981232643127441,-0.5231232643127441,0.4073334038257599,0.5926665663719177,-0.9014317989349365,-0.5264317989349365,0.5926665663719177,1,1,"{""A"": ""color"", ""B"": ""size"", ""C"": ""orientation"", ""D"": ""position""}",/mnt/tidalfs-hssh01/dataset/xiang/models/Qwen2.5-VL-7B-Instruct,42,not_empty,next_token
A_0081,A,FINAL,CD,1,-0.9740769863128662,-0.4740769863128662,0.3775406777858734,0.622459352016449,-0.9794908761978149,-0.47949084639549255,0.622459352016449,1,1,"{""A"": ""color"", ""B"": ""size"", ""C"": ""orientation"", ""D"": ""position""}",/mnt/tidalfs-hssh01/dataset/xiang/models/Qwen2.5-VL-7B-Instruct,42,not_empty,next_token
A_0081,A,FINAL,ABC,1,-0.8981232643127441,-0.5231232643127441,0.4073334038257599,0.5926665663719177,-0.8992007374763489,-0.5242007374763489,0.5926665663719177,1,1,"{""A"": ""color"", ""B"": ""size"", ""C"": ""orientation"", ""D"": ""position""}",/mnt/tidalfs-hssh01/dataset/xiang/models/Qwen2.5-VL-7B-Instruct,42,not_empty,next_token
A_0081,A,FINAL,ABD,1,-0.8981232643127441,-0.5231232643127441,0.4073334038257599,0.5926665663719177,-0.8990523219108582,-0.5240523219108582,0.5926665663719177,1,1,"{""A"": ""color"", ""B"": ""size"", ""C"": ""orientation"", ""D"": ""position""}",/mnt/tidalfs-hssh01/dataset/xiang/models/Qwen2.5-VL-7B-Instruct,42,not_empty,next_token
A_0081,A,FINAL,ACD,1,-0.9740769863128662,-0.4740769863128662,0.3775406777858734,0.622459352016449,-0.9752993583679199,-0.47529932856559753,0.622459352016449,1,1,"{""A"": ""color"", ""B"": ""size"", ""C"": ""orientation"", ""D"": ""position""}",/mnt/tidalfs-hssh01/dataset/xiang/models/Qwen2.5-VL-7B-Instruct,42,not_empty,next_token
A_0081,A,FINAL,BCD,1,-0.9740769863128662,-0.4740769863128662,0.3775406777858734,0.622459352016449,-0.9758607745170593,-0.4758607745170593,0.622459352016449,1,1,"{""A"": ""color"", ""B"": ""size"", ""C"": ""orientation"", ""D"": ""position""}",/mnt/tidalfs-hssh01/dataset/xiang/models/Qwen2.5-VL-7B-Instruct,42,not_empty,next_token
A_0081,A,FINAL,ABCD,1,-1.0537006855010986,-0.42870065569877625,0.3486451208591461,0.6513548493385315,-1.0544261932373047,-0.4294261634349823,0.6513548493385315,1,1,"{""A"": ""color"", ""B"": ""size"", ""C"": ""orientation"", ""D"": ""position""}",/mnt/tidalfs-hssh01/dataset/xiang/models/Qwen2.5-VL-7B-Instruct,42,not_empty,next_token
A_0089,A,STEP1,EMPTY,1,-0.825939416885376,-0.575939416885376,0.43782350420951843,0.562176525592804,-0.8866772651672363,-0.6366772651672363,0.562176525592804,1,1,"{""A"": ""color"", ""B"": ""size"", ""C"": ""orientation"", ""D"": ""position""}",/mnt/tidalfs-hssh01/dataset/xiang/models/Qwen2.5-VL-7B-Instruct,42,text_only,next_token
A_0089,A,STEP1,A,1,-0.9740769863128662,-0.4740769863128662,0.3775406777858734,0.622459352016449,-0.9758946895599365,-0.4758947193622589,0.622459352016449,1,1,"{""A"": ""color"", ""B"": ""size"", ""C"": ""orientation"", ""D"": ""position""}",/mnt/tidalfs-hssh01/dataset/xiang/models/Qwen2.5-VL-7B-Instruct,42,not_empty,next_token
A_0089,A,STEP1,B,1,-0.8981232643127441,-0.5231232643127441,0.4073334038257599,0.5926665663719177,-0.9003609418869019,-0.5253609418869019,0.5926665663719177,1,1,"{""A"": ""color"", ""B"": ""size"", ""C"": ""orientation"", ""D"": ""position""}",/mnt/tidalfs-hssh01/dataset/xiang/models/Qwen2.5-VL-7B-Instruct,42,not_empty,next_token
A_0089,A,STEP1,C,1,-0.9740769863128662,-0.4740769863128662,0.3775406777858734,0.622459352016449,-0.981826663017273,-0.48182669281959534,0.622459352016449,1,1,"{""A"": ""color"", ""B"": ""size"", ""C"": ""orientation"", ""D"": ""position""}",/mnt/tidalfs-hssh01/dataset/xiang/models/Qwen2.5-VL-7B-Instruct,42,not_empty,next_token
A_0089,A,STEP1,D,1,-0.9740769863128662,-0.4740769863128662,0.3775406777858734,0.622459352016449,-0.9789466857910156,-0.4789466857910156,0.622459352016449,1,1,"{""A"": ""color"", ""B"": ""size"", ""C"": ""orientation"", ""D"": ""position""}",/mnt/tidalfs-hssh01/dataset/xiang/models/Qwen2.5-VL-7B-Instruct,42,not_empty,next_token
A_0089,A,STEP1,AB,1,-1.0537006855010986,-0.42870065569877625,0.3486451208591461,0.6513548493385315,-1.0539897680282593,-0.4289897680282593,0.6513548493385315,1,1,"{""A"": ""color"", ""B"": ""size"", ""C"": ""orientation"", ""D"": ""position""}",/mnt/tidalfs-hssh01/dataset/xiang/models/Qwen2.5-VL-7B-Instruct,42,not_empty,next_token
A_0089,A,STEP1,AC,1,-1.1368709802627563,-0.38687101006507874,0.3208213150501251,0.6791786551475525,-1.1373109817504883,-0.38731104135513306,0.6791786551475525,1,1,"{""A"": ""color"", ""B"": ""size"", ""C"": ""orientation"", ""D"": ""position""}",/mnt/tidalfs-hssh01/dataset/xiang/models/Qwen2.5-VL-7B-Instruct,42,not_empty,next_token
A_0089,A,STEP1,AD,1,-1.0537006855010986,-0.42870065569877625,0.3486451208591461,0.6513548493385315,-1.054273247718811,-0.42927321791648865,0.6513548493385315,1,1,"{""A"": ""color"", ""B"": ""size"", ""C"": ""orientation"", ""D"": ""position""}",/mnt/tidalfs-hssh01/dataset/xiang/models/Qwen2.5-VL-7B-Instruct,42,not_empty,next_token
A_0089,A,STEP1,BC,1,-1.0537006855010986,-0.42870065569877625,0.3486451208591461,0.6513548493385315,-1.0549166202545166,-0.4299165606498718,0.6513548493385315,1,1,"{""A"": ""color"", ""B"": ""size"", ""C"": ""orientation"", ""D"": ""position""}",/mnt/tidalfs-hssh01/dataset/xiang/models/Qwen2.5-VL-7B-Instruct,42,not_empty,next_token
A_0089,A,STEP1,BD,1,-0.9740769863128662,-0.4740769863128662,0.3775406777858734,0.622459352016449,-0.9747393131256104,-0.47473931312561035,0.622459352016449,1,1,"{""A"": ""color"", ""B"": ""size"", ""C"": ""orientation"", ""D"": ""position""}",/mnt/tidalfs-hssh01/dataset/xiang/models/Qwen2.5-VL-7B-Instruct,42,not_empty,next_token
A_0089,A,STEP1,CD,1,-0.7575989961624146,-0.6325989961624146,0.4687906503677368,0.531209409236908,-0.759433925151825,-0.634433925151825,0.531209409236908,1,1,"{""A"": ""color"", ""B"": ""size"", ""C"": ""orientation"", ""D"": ""position""}",/mnt/tidalfs-hssh01/dataset/xiang/models/Qwen2.5-VL-7B-Instruct,42,not_empty,next_token
A_0089,A,STEP1,ABC,1,-1.1368709802627563,-0.38687101006507874,0.3208213150501251,0.6791786551475525,-1.1370599269866943,-0.38705989718437195,0.6791786551475525,1,1,"{""A"": ""color"", ""B"": ""size"", ""C"": ""orientation"", ""D"": ""position""}",/mnt/tidalfs-hssh01/dataset/xiang/models/Qwen2.5-VL-7B-Instruct,42,not_empty,next_token
A_0089,A,STEP1,ABD,1,-1.0537006855010986,-0.42870065569877625,0.3486451208591461,0.6513548493385315,-1.053890585899353,-0.42889055609703064,0.6513548493385315,1,1,"{""A"": ""color"", ""B"": ""size"", ""C"": ""orientation"", ""D"": ""position""}",/mnt/tidalfs-hssh01/dataset/xiang/models/Qwen2.5-VL-7B-Instruct,42,not_empty,next_token
A_0089,A,STEP1,ACD,1,-1.2234445810317993,-0.3484445810317993,0.29421499371528625,0.7057850360870361,-1.2236995697021484,-0.34869956970214844,0.7057850360870361,1,1,"{""A"": ""color"", ""B"": ""size"", ""C"": ""orientation"", ""D"": ""position""}",/mnt/tidalfs-hssh01/dataset/xiang/models/Qwen2.5-VL-7B-Instruct,42,not_empty,next_token
A_0089,A,STEP1,BCD,1,-0.9740769863128662,-0.4740769863128662,0.3775406777858734,0.622459352016449,-0.9746951460838318,-0.4746951460838318,0.622459352016449,1,1,"{""A"": ""color"", ""B"": ""size"", ""C"": ""orientation"", ""D"": ""position""}",/mnt/tidalfs-hssh01/dataset/xiang/models/Qwen2.5-VL-7B-Instruct,42,not_empty,next_token
A_0089,A,STEP1,ABCD,1,-1.1368709802627563,-0.38687101006507874,0.3208213150501251,0.6791786551475525,-1.1370909214019775,-0.38709089159965515,0.6791786551475525,1,1,"{""A"": ""color"", ""B"": ""size"", ""C"": ""orientation"", ""D"": ""position""}",/mnt/tidalfs-hssh01/dataset/xiang/models/Qwen2.5-VL-7B-Instruct,42,not_empty,next_token
A_0089,A,STEP2,EMPTY,0,-1.1368709802627563,-0.38687101006507874,0.3208213150501251,0.6791786551475525,-1.166052222251892,-0.4160521924495697,0.3208213150501251,1,0,"{""A"": ""color"", ""B"": ""size"", ""C"": ""orientation"", ""D"": ""position""}",/mnt/tidalfs-hssh01/dataset/xiang/models/Qwen2.5-VL-7B-Instruct,42,text_only,next_token
A_0089,A,STEP2,A,0,-1.1368709802627563,-0.38687101006507874,0.3208213150501251,0.6791786551475525,-1.1380829811096191,-0.3880830407142639,0.3208213150501251,1,0,"{""A"": ""color"", ""B"": ""size"", ""C"": ""orientation"", ""D"": ""position""}",/mnt/tidalfs-hssh01/dataset/xiang/models/Qwen2.5-VL-7B-Instruct,42,not_empty,next_token
A_0089,A,STEP2,B,0,-1.0537006855010986,-0.42870065569877625,0.3486451208591461,0.6513548493385315,-1.0553741455078125,-0.4303741157054901,0.3486451208591461,1,0,"{""A"": ""color"", ""B"": ""size"", ""C"": ""orientation"", ""D"": ""position""}",/mnt/tidalfs-hssh01/dataset/xiang/models/Qwen2.5-VL-7B-Instruct,42,not_empty,next_token
A_0089,A,STEP2,C,0,-1.1368709802627563,-0.38687101006507874,0.3208213150501251,0.6791786551475525,-1.1390414237976074,-0.3890414237976074,0.3208213150501251,1,0,"{""A"": ""color"", ""B"": ""size"", ""C"": ""orientation"", ""D"": ""position""}",/mnt/tidalfs-hssh01/dataset/xiang/models/Qwen2.5-VL-7B-Instruct,42,not_empty,next_token
A_0089,A,STEP2,D,0,-1.2234444618225098,-0.3484445810317993,0.29421502351760864,0.7057850360870361,-1.2250585556030273,-0.3500586152076721,0.29421502351760864,1,0,"{""A"": ""color"", ""B"": ""size"", ""C"": ""orientation"", ""D"": ""position""}",/mnt/tidalfs-hssh01/dataset/xiang/models/Qwen2.5-VL-7B-Instruct,42,not_empty,next_token
A_0089,A,STEP2,AB,0,-0.825939416885376,-0.575939416885376,0.43782350420951843,0.562176525592804,-0.8266257643699646,-0.5766257643699646,0.43782350420951843,1,0,"{""A"": ""color"", ""B"": ""size"", ""C"": ""orientation"", ""D"": ""position""}",/mnt/tidalfs-hssh01/dataset/xiang/models/Qwen2.5-VL-7B-Instruct,42,not_empty,next_token
A_0089,A,STEP2,AC,0,-0.825939416885376,-0.575939416885376,0.43782350420951843,0.562176525592804,-0.8265881538391113,-0.5765881538391113,0.43782350420951843,1,0,"{""A"": ""color"", ""B"": ""size"", ""C"": ""orientation"", ""D"": ""position""}",/mnt/tidalfs-hssh01/dataset/xiang/models/Qwen2.5-VL-7B-Instruct,42,not_empty,next_token
A_0089,A,STEP2,AD,0,-1.1368709802627563,-0.38687101006507874,0.3208213150501251,0.6791786551475525,-1.1376566886901855,-0.38765671849250793,0.3208213150501251,1,0,"{""A"": ""color"", ""B"": ""size"", ""C"": ""orientation"", ""D"": ""position""}",/mnt/tidalfs-hssh01/dataset/xiang/models/Qwen2.5-VL-7B-Instruct,42,not_empty,next_token
A_0089,A,STEP2,BC,0,-0.825939416885376,-0.575939416885376,0.43782350420951843,0.562176525592804,-0.8275207281112671,-0.5775207281112671,0.43782350420951843,1,0,"{""A"": ""color"", ""B"": ""size"", ""C"": ""orientation"", ""D"": ""position""}",/mnt/tidalfs-hssh01/dataset/xiang/models/Qwen2.5-VL-7B-Instruct,42,not_empty,next_token
A_0089,A,STEP2,BD,0,-1.0537006855010986,-0.42870065569877625,0.3486451208591461,0.6513548493385315,-1.0548336505889893,-0.42983368039131165,0.3486451208591461,1,0,"{""A"": ""color"", ""B"": ""size"", ""C"": ""orientation"", ""D"": ""position""}",/mnt/tidalfs-hssh01/dataset/xiang/models/Qwen2.5-VL-7B-Instruct,42,not_empty,next_token
A_0089,A,STEP2,CD,0,-0.9740769863128662,-0.4740769863128662,0.3775406777858734,0.622459352016449,-0.9750595688819885,-0.4750595688819885,0.3775406777858734,1,0,"{""A"": ""color"", ""B"": ""size"", ""C"": ""orientation"", ""D"": ""position""}",/mnt/tidalfs-hssh01/dataset/xiang/models/Qwen2.5-VL-7B-Instruct,42,not_empty,next_token
A_0089,A,STEP2,ABC,0,-0.6931471824645996,-0.6931471824645996,0.5,0.5,-0.6940169334411621,-0.6940169334411621,0.5,0,1,"{""A"": ""color"", ""B"": ""size"", ""C"": ""orientation"", ""D"": ""position""}",/mnt/tidalfs-hssh01/dataset/xiang/models/Qwen2.5-VL-7B-Instruct,42,not_empty,next_token
A_0089,A,STEP2,ABD,0,-0.8981232643127441,-0.5231232643127441,0.4073334038257599,0.5926665663719177,-0.898601770401001,-0.523601770401001,0.4073334038257599,1,0,"{""A"": ""color"", ""B"": ""size"", ""C"": ""orientation"", ""D"": ""position""}",/mnt/tidalfs-hssh01/dataset/xiang/models/Qwen2.5-VL-7B-Instruct,42,not_empty,next_token
A_0089,A,STEP2,ACD,0,-0.825939416885376,-0.575939416885376,0.43782350420951843,0.562176525592804,-0.8263383507728577,-0.5763383507728577,0.43782350420951843,1,0,"{""A"": ""color"", ""B"": ""size"", ""C"": ""orientation"", ""D"": ""position""}",/mnt/tidalfs-hssh01/dataset/xiang/models/Qwen2.5-VL-7B-Instruct,42,not_empty,next_token
A_0089,A,STEP2,BCD,0,-0.825939416885376,-0.575939416885376,0.43782350420951843,0.562176525592804,-0.8272413015365601,-0.5772413015365601,0.43782350420951843,1,0,"{""A"": ""color"", ""B"": ""size"", ""C"": ""orientation"", ""D"": ""position""}",/mnt/tidalfs-hssh01/dataset/xiang/models/Qwen2.5-VL-7B-Instruct,42,not_empty,next_token
A_0089,A,STEP2,ABCD,0,-0.6931471824645996,-0.6931471824645996,0.5,0.5,-0.6937077641487122,-0.6937077641487122,0.5,0,1,"{""A"": ""color"", ""B"": ""size"", ""C"": ""orientation"", ""D"": ""position""}",/mnt/tidalfs-hssh01/dataset/xiang/models/Qwen2.5-VL-7B-Instruct,42,not_empty,next_token
A_0089,A,FINAL,EMPTY,1,-0.7575989961624146,-0.6325989961624146,0.4687906503677368,0.531209409236908,-0.9736700057983398,-0.8486700057983398,0.531209409236908,1,1,"{""A"": ""color"", ""B"": ""size"", ""C"": ""orientation"", ""D"": ""position""}",/mnt/tidalfs-hssh01/dataset/xiang/models/Qwen2.5-VL-7B-Instruct,42,text_only,next_token
A_0089,A,FINAL,A,1,-0.8981232643127441,-0.5231232643127441,0.4073334038257599,0.5926665663719177,-0.904700517654419,-0.529700517654419,0.5926665663719177,1,1,"{""A"": ""color"", ""B"": ""size"", ""C"": ""orientation"", ""D"": ""position""}",/mnt/tidalfs-hssh01/dataset/xiang/models/Qwen2.5-VL-7B-Instruct,42,not_empty,next_token
A_0089,A,FINAL,B,1,-0.9740769863128662,-0.4740769863128662,0.3775406777858734,0.622459352016449,-0.9842839241027832,-0.4842839241027832,0.622459352016449,1,1,"{""A"": ""color"", ""B"": ""size"", ""C"": ""orientation"", ""D"": ""position""}",/mnt/tidalfs-hssh01/dataset/xiang/models/Qwen2.5-VL-7B-Instruct,42,not_empty,next_token
A_0089,A,FINAL,C,1,-0.8981232643127441,-0.5231232643127441,0.4073334038257599,0.5926665663719177,-0.9219778776168823,-0.5469778776168823,0.5926665663719177,1,1,"{""A"": ""color"", ""B"": ""size"", ""C"": ""orientation"", ""D"": ""position""}",/mnt/tidalfs-hssh01/dataset/xiang/models/Qwen2.5-VL-7B-Instruct,42,not_empty,next_token
A_0089,A,FINAL,D,1,-0.8981232643127441,-0.5231232643127441,0.4073334038257599,0.5926665663719177,-0.9094062447547913,-0.5344062447547913,0.5926665663719177,1,1,"{""A"": ""color"", ""B"": ""size"", ""C"": ""orientation"", ""D"": ""position""}",/mnt/tidalfs-hssh01/dataset/xiang/models/Qwen2.5-VL-7B-Instruct,42,not_empty,next_token
A_0089,A,FINAL,AB,1,-0.825939416885376,-0.575939416885376,0.43782350420951843,0.562176525592804,-0.8267139792442322,-0.5767139792442322,0.562176525592804,1,1,"{""A"": ""color"", ""B"": ""size"", ""C"": ""orientation"", ""D"": ""position""}",/mnt/tidalfs-hssh01/dataset/xiang/models/Qwen2.5-VL-7B-Instruct,42,not_empty,next_token
A_0089,A,FINAL,AC,1,-0.8981232643127441,-0.5231232643127441,0.4073334038257599,0.5926665663719177,-0.8995126485824585,-0.5245126485824585,0.5926665663719177,1,1,"{""A"": ""color"", ""B"": ""size"", ""C"": ""orientation"", ""D"": ""position""}",/mnt/tidalfs-hssh01/dataset/xiang/models/Qwen2.5-VL-7B-Instruct,42,not_empty,next_token
A_0089,A,FINAL,AD,1,-0.8981232643127441,-0.5231232643127441,0.4073334038257599,0.5926665663719177,-0.8998510837554932,-0.5248510837554932,0.5926665663719177,1,1,"{""A"": ""color"", ""B"": ""size"", ""C"": ""orientation"", ""D"": ""position""}",/mnt/tidalfs-hssh01/dataset/xiang/models/Qwen2.5-VL-7B-Instruct,42,not_empty,next_token
A_0089,A,FINAL,BC,1,-0.8981232643127441,-0.5231232643127441,0.4073334038257599,0.5926665663719177,-0.906234085559845,-0.531234085559845,0.5926665663719177,1,1,"{""A"": ""color"", ""B"": ""size"", ""C"": ""orientation"", ""D"": ""position""}",/mnt/tidalfs-hssh01/dataset/xiang/models/Qwen2.5-VL-7B-Instruct,42,not_empty,next_token
A_0089,A,FINAL,BD,1,-0.8981232643127441,-0.5231232643127441,0.4073334038257599,0.5926665663719177,-0.9021197557449341,-0.5271197557449341,0.5926665663719177,1,1,"{""A"": ""color"", ""B"": ""size"", ""C"": ""orientation"", ""D"": ""position""}",/mnt/tidalfs-hssh01/dataset/xiang/models/Qwen2.5-VL-7B-Instruct,42,not_empty,next_token
A_0089,A,FINAL,CD,1,-0.825939416885376,-0.575939416885376,0.43782350420951843,0.562176525592804,-0.8345713019371033,-0.5845713019371033,0.562176525592804,1,1,"{""A"": ""color"", ""B"": ""size"", ""C"": ""orientation"", ""D"": ""position""}",/mnt/tidalfs-hssh01/dataset/xiang/models/Qwen2.5-VL-7B-Instruct,42,not_empty,next_token
A_0089,A,FINAL,ABC,1,-0.8981232643127441,-0.5231232643127441,0.4073334038257599,0.5926665663719177,-0.8992125988006592,-0.5242125988006592,0.5926665663719177,1,1,"{""A"": ""color"", ""B"": ""size"", ""C"": ""orientation"", ""D"": ""position""}",/mnt/tidalfs-hssh01/dataset/xiang/models/Qwen2.5-VL-7B-Instruct,42,not_empty,next_token
A_0089,A,FINAL,ABD,1,-0.8981232643127441,-0.5231232643127441,0.4073334038257599,0.5926665663719177,-0.8989249467849731,-0.5239249467849731,0.5926665663719177,1,1,"{""A"": ""color"", ""B"": ""size"", ""C"": ""orientation"", ""D"": ""position""}",/mnt/tidalfs-hssh01/dataset/xiang/models/Qwen2.5-VL-7B-Instruct,42,not_empty,next_token
A_0089,A,FINAL,ACD,1,-0.9740769863128662,-0.4740769863128662,0.3775406777858734,0.622459352016449,-0.9753734469413757,-0.47537344694137573,0.622459352016449,1,1,"{""A"": ""color"", ""B"": ""size"", ""C"": ""orientation"", ""D"": ""position""}",/mnt/tidalfs-hssh01/dataset/xiang/models/Qwen2.5-VL-7B-Instruct,42,not_empty,next_token
A_0089,A,FINAL,BCD,1,-0.8981232643127441,-0.5231232643127441,0.4073334038257599,0.5926665663719177,-0.9008488655090332,-0.5258488655090332,0.5926665663719177,1,1,"{""A"": ""color"", ""B"": ""size"", ""C"": ""orientation"", ""D"": ""position""}",/mnt/tidalfs-hssh01/dataset/xiang/models/Qwen2.5-VL-7B-Instruct,42,not_empty,next_token
A_0089,A,FINAL,ABCD,1,-0.9740769863128662,-0.4740769863128662,0.3775406777858734,0.622459352016449,-0.9751365184783936,-0.47513648867607117,0.622459352016449,1,1,"{""A"": ""color"", ""B"": ""size"", ""C"": ""orientation"", ""D"": ""position""}",/mnt/tidalfs-hssh01/dataset/xiang/models/Qwen2.5-VL-7B-Instruct,42,not_empty,next_token
A_0097,A,STEP1,EMPTY,0,-0.6931471824645996,-0.6931471824645996,0.5,0.5,-0.819155216217041,-0.819155216217041,0.5,0,1,"{""A"": ""size"", ""B"": ""orientation"", ""C"": ""position"", ""D"": ""color""}",/mnt/tidalfs-hssh01/dataset/xiang/models/Qwen2.5-VL-7B-Instruct,42,text_only,next_token
A_0097,A,STEP1,A,0,-0.9740769863128662,-0.4740769863128662,0.3775406777858734,0.622459352016449,-0.9751812815666199,-0.4751812815666199,0.3775406777858734,1,0,"{""A"": ""size"", ""B"": ""orientation"", ""C"": ""position"", ""D"": ""color""}",/mnt/tidalfs-hssh01/dataset/xiang/models/Qwen2.5-VL-7B-Instruct,42,not_empty,next_token
A_0097,A,STEP1,B,0,-1.4061501026153564,-0.28115010261535645,0.24508503079414368,0.7549149990081787,-1.408461093902588,-0.28346115350723267,0.24508503079414368,1,0,"{""A"": ""size"", ""B"": ""orientation"", ""C"": ""position"", ""D"": ""color""}",/mnt/tidalfs-hssh01/dataset/xiang/models/Qwen2.5-VL-7B-Instruct,42,not_empty,next_token
A_0097,A,STEP1,C,0,-0.6325989961624146,-0.7575989961624146,0.531209409236908,0.4687906503677368,-0.6356418132781982,-0.7606418132781982,0.531209409236908,0,1,"{""A"": ""size"", ""B"": ""orientation"", ""C"": ""position"", ""D"": ""color""}",/mnt/tidalfs-hssh01/dataset/xiang/models/Qwen2.5-VL-7B-Instruct,42,not_empty,next_token
A_0097,A,STEP1,D,0,-0.8981232643127441,-0.5231232643127441,0.4073334038257599,0.5926665663719177,-0.9017981886863708,-0.5267981886863708,0.4073334038257599,1,0,"{""A"": ""size"", ""B"": ""orientation"", ""C"": ""position"", ""D"": ""color""}",/mnt/tidalfs-hssh01/dataset/xiang/models/Qwen2.5-VL-7B-Instruct,42,not_empty,next_token
A_0097,A,STEP1,AB,0,-0.8981232643127441,-0.5231232643127441,0.4073334038257599,0.5926665663719177,-0.8985679149627686,-0.5235679149627686,0.4073334038257599,1,0,"{""A"": ""size"", ""B"": ""orientation"", ""C"": ""position"", ""D"": ""color""}",/mnt/tidalfs-hssh01/dataset/xiang/models/Qwen2.5-VL-7B-Instruct,42,not_empty,next_token
A_0097,A,STEP1,AC,0,-1.136871099472046,-0.38687101006507874,0.32082128524780273,0.6791786551475525,-1.1371676921844482,-0.38716763257980347,0.32082128524780273,1,0,"{""A"": ""size"", ""B"": ""orientation"", ""C"": ""position"", ""D"": ""color""}",/mnt/tidalfs-hssh01/dataset/xiang/models/Qwen2.5-VL-7B-Instruct,42,not_empty,next_token
A_0097,A,STEP1,AD,0,-0.825939416885376,-0.575939416885376,0.43782350420951843,0.562176525592804,-0.8266286253929138,-0.5766286253929138,0.43782350420951843,1,0,"{""A"": ""size"", ""B"": ""orientation"", ""C"": ""position"", ""D"": ""color""}",/mnt/tidalfs-hssh01/dataset/xiang/models/Qwen2.5-VL-7B-Instruct,42,not_empty,next_token
A_0097,A,STEP1,BC,0,-1.7014133930206299,-0.2014133334159851,0.18242549896240234,0.8175744414329529,-1.70205557346344,-0.20205560326576233,0.18242549896240234,1,0,"{""A"": ""size"", ""B"": ""orientation"", ""C"": ""position"", ""D"": ""color""}",/mnt/tidalfs-hssh01/dataset/xiang/models/Qwen2.5-VL-7B-Instruct,42,not_empty,next_token
A_0097,A,STEP1,BD,0,-1.4061501026153564,-0.28115010261535645,0.24508503079414368,0.7549149990081787,-1.4070053100585938,-0.28200531005859375,0.24508503079414368,1,0,"{""A"": ""size"", ""B"": ""orientation"", ""C"": ""position"", ""D"": ""color""}",/mnt/tidalfs-hssh01/dataset/xiang/models/Qwen2.5-VL-7B-Instruct,42,not_empty,next_token
A_0097,A,STEP1,CD,0,-0.6325989961624146,-0.7575989961624146,0.531209409236908,0.4687906503677368,-0.6338198781013489,-0.7588198781013489,0.531209409236908,0,1,"{""A"": ""size"", ""B"": ""orientation"", ""C"": ""position"", ""D"": ""color""}",/mnt/tidalfs-hssh01/dataset/xiang/models/Qwen2.5-VL-7B-Instruct,42,not_empty,next_token
A_0097,A,STEP1,ABC,0,-1.2234445810317993,-0.3484445810317993,0.29421499371528625,0.7057850360870361,-1.2237045764923096,-0.34870460629463196,0.29421499371528625,1,0,"{""A"": ""size"", ""B"": ""orientation"", ""C"": ""position"", ""D"": ""color""}",/mnt/tidalfs-hssh01/dataset/xiang/models/Qwen2.5-VL-7B-Instruct,42,not_empty,next_token
A_0097,A,STEP1,ABD,0,-0.9740769863128662,-0.4740769863128662,0.3775406777858734,0.622459352016449,-0.974319338798523,-0.47431930899620056,0.3775406777858734,1,0,"{""A"": ""size"", ""B"": ""orientation"", ""C"": ""position"", ""D"": ""color""}",/mnt/tidalfs-hssh01/dataset/xiang/models/Qwen2.5-VL-7B-Instruct,42,not_empty,next_token
A_0097,A,STEP1,ACD,0,-1.2234444618225098,-0.3484445810317993,0.29421502351760864,0.7057850360870361,-1.2236015796661377,-0.34860163927078247,0.29421502351760864,1,0,"{""A"": ""size"", ""B"": ""orientation"", ""C"": ""position"", ""D"": ""color""}",/mnt/tidalfs-hssh01/dataset/xiang/models/Qwen2.5-VL-7B-Instruct,42,not_empty,next_token
A_0097,A,STEP1,BCD,0,-1.7014133930206299,-0.2014133334159851,0.18242549896240234,0.8175744414329529,-1.7017097473144531,-0.2017097771167755,0.18242549896240234,1,0,"{""A"": ""size"", ""B"": ""orientation"", ""C"": ""position"", ""D"": ""color""}",/mnt/tidalfs-hssh01/dataset/xiang/models/Qwen2.5-VL-7B-Instruct,42,not_empty,next_token
A_0097,A,STEP1,ABCD,0,-1.1368709802627563,-0.38687101006507874,0.3208213150501251,0.6791786551475525,-1.1370656490325928,-0.3870656490325928,0.3208213150501251,1,0,"{""A"": ""size"", ""B"": ""orientation"", ""C"": ""position"", ""D"": ""color""}",/mnt/tidalfs-hssh01/dataset/xiang/models/Qwen2.5-VL-7B-Instruct,42,not_empty,next_token
A_0097,A,STEP2,EMPTY,0,-1.2234445810317993,-0.3484445810317993,0.29421499371528625,0.7057850360870361,-1.2687973976135254,-0.393797367811203,0.29421499371528625,1,0,"{""A"": ""size"", ""B"": ""orientation"", ""C"": ""position"", ""D"": ""color""}",/mnt/tidalfs-hssh01/dataset/xiang/models/Qwen2.5-VL-7B-Instruct,42,text_only,next_token
A_0097,A,STEP2,A,0,-1.1368709802627563,-0.38687101006507874,0.3208213150501251,0.6791786551475525,-1.138013482093811,-0.3880135118961334,0.3208213150501251,1,0,"{""A"": ""size"", ""B"": ""orientation"", ""C"": ""position"", ""D"": ""color""}",/mnt/tidalfs-hssh01/dataset/xiang/models/Qwen2.5-VL-7B-Instruct,42,not_empty,next_token
A_0097,A,STEP2,B,0,-0.9740769863128662,-0.4740769863128662,0.3775406777858734,0.622459352016449,-0.9773802757263184,-0.47738030552864075,0.3775406777858734,1,0,"{""A"": ""size"", ""B"": ""orientation"", ""C"": ""position"", ""D"": ""color""}",/mnt/tidalfs-hssh01/dataset/xiang/models/Qwen2.5-VL-7B-Instruct,42,not_empty,next_token
A_0097,A,STEP2,C,0,-0.8981232643127441,-0.5231232643127441,0.4073334038257599,0.5926665663719177,-0.9000468254089355,-0.5250468254089355,0.4073334038257599,1,0,"{""A"": ""size"", ""B"": ""orientation"", ""C"": ""position"", ""D"": ""color""}",/mnt/tidalfs-hssh01/dataset/xiang/models/Qwen2.5-VL-7B-Instruct,42,not_empty,next_token
A_0097,A,STEP2,D,0,-1.0537006855010986,-0.42870065569877625,0.3486451208591461,0.6513548493385315,-1.055504560470581,-0.43050456047058105,0.3486451208591461,1,0,"{""A"": ""size"", ""B"": ""orientation"", ""C"": ""position"", ""D"": ""color""}",/mnt/tidalfs-hssh01/dataset/xiang/models/Qwen2.5-VL-7B-Instruct,42,not_empty,next_token
A_0097,A,STEP2,AB,0,-0.6931471824645996,-0.6931471824645996,0.5,0.5,-0.6944747567176819,-0.6944747567176819,0.5,0,1,"{""A"": ""size"", ""B"": ""orientation"", ""C"": ""position"", ""D"": ""color""}",/mnt/tidalfs-hssh01/dataset/xiang/models/Qwen2.5-VL-7B-Instruct,42,not_empty,next_token
A_0097,A,STEP2,AC,0,-0.9740769863128662,-0.4740769863128662,0.3775406777858734,0.622459352016449,-0.9743902683258057,-0.47439029812812805,0.3775406777858734,1,0,"{""A"": ""size"", ""B"": ""orientation"", ""C"": ""position"", ""D"": ""color""}",/mnt/tidalfs-hssh01/dataset/xiang/models/Qwen2.5-VL-7B-Instruct,42,not_empty,next_token
A_0097,A,STEP2,AD,0,-1.2234445810317993,-0.3484445810317993,0.29421499371528625,0.7057850360870361,-1.2240121364593506,-0.349012166261673,0.29421499371528625,1,0,"{""A"": ""size"", ""B"": ""orientation"", ""C"": ""position"", ""D"": ""color""}",/mnt/tidalfs-hssh01/dataset/xiang/models/Qwen2.5-VL-7B-Instruct,42,not_empty,next_token
A_0097,A,STEP2,BC,0,-0.8981232643127441,-0.5231232643127441,0.4073334038257599,0.5926665663719177,-0.90032958984375,-0.52532958984375,0.4073334038257599,1,0,"{""A"": ""size"", ""B"": ""orientation"", ""C"": ""position"", ""D"": ""color""}",/mnt/tidalfs-hssh01/dataset/xiang/models/Qwen2.5-VL-7B-Instruct,42,not_empty,next_token
A_0097,A,STEP2,BD,0,-0.9740769863128662,-0.4740769863128662,0.3775406777858734,0.622459352016449,-0.9755487442016602,-0.47554874420166016,0.3775406777858734,1,0,"{""A"": ""size"", ""B"": ""orientation"", ""C"": ""position"", ""D"": ""color""}",/mnt/tidalfs-hssh01/dataset/xiang/models/Qwen2.5-VL-7B-Instruct,42,not_empty,next_token
A_0097,A,STEP2,CD,0,-0.8981232643127441,-0.5231232643127441,0.4073334038257599,0.5926665663719177,-0.8988699913024902,-0.5238699913024902,0.4073334038257599,1,0,"{""A"": ""size"", ""B"": ""orientation"", ""C"": ""position"", ""D"": ""color""}",/mnt/tidalfs-hssh01/dataset/xiang/models/Qwen2.5-VL-7B-Instruct,42,not_empty,next_token
A_0097,A,STEP2,ABC,0,-0.825939416885376,-0.575939416885376,0.43782350420951843,0.562176525592804,-0.8266738653182983,-0.5766738653182983,0.43782350420951843,1,0,"{""A"": ""size"", ""B"": ""orientation"", ""C"": ""position"", ""D"": ""color""}",/mnt/tidalfs-hssh01/dataset/xiang/models/Qwen2.5-VL-7B-Instruct,42,not_empty,next_token
A_0097,A,STEP2,ABD,0,-0.9740769863128662,-0.4740769863128662,0.3775406777858734,0.622459352016449,-0.9746168851852417,-0.4746168851852417,0.3775406777858734,1,0,"{""A"": ""size"", ""B"": ""orientation"", ""C"": ""position"", ""D"": ""color""}",/mnt/tidalfs-hssh01/dataset/xiang/models/Qwen2.5-VL-7B-Instruct,42,not_empty,next_token
A_0097,A,STEP2,ACD,0,-0.825939416885376,-0.575939416885376,0.43782350420951843,0.562176525592804,-0.8261492252349854,-0.5761492252349854,0.43782350420951843,1,0,"{""A"": ""size"", ""B"": ""orientation"", ""C"": ""position"", ""D"": ""color""}",/mnt/tidalfs-hssh01/dataset/xiang/models/Qwen2.5-VL-7B-Instruct,42,not_empty,next_token
A_0097,A,STEP2,BCD,0,-0.825939416885376,-0.575939416885376,0.43782350420951843,0.562176525592804,-0.8269051909446716,-0.5769051909446716,0.43782350420951843,1,0,"{""A"": ""size"", ""B"": ""orientation"", ""C"": ""position"", ""D"": ""color""}",/mnt/tidalfs-hssh01/dataset/xiang/models/Qwen2.5-VL-7B-Instruct,42,not_empty,next_token
A_0097,A,STEP2,ABCD,0,-0.7575989961624146,-0.6325989961624146,0.4687906503677368,0.531209409236908,-0.7581538558006287,-0.6331538558006287,0.4687906503677368,1,0,"{""A"": ""size"", ""B"": ""orientation"", ""C"": ""position"", ""D"": ""color""}",/mnt/tidalfs-hssh01/dataset/xiang/models/Qwen2.5-VL-7B-Instruct,42,not_empty,next_token
A_0097,A,FINAL,EMPTY,0,-0.7575989961624146,-0.6325989961624146,0.4687906503677368,0.531209409236908,-1.0674777030944824,-0.9424777030944824,0.4687906503677368,1,0,"{""A"": ""size"", ""B"": ""orientation"", ""C"": ""position"", ""D"": ""color""}",/mnt/tidalfs-hssh01/dataset/xiang/models/Qwen2.5-VL-7B-Instruct,42,text_only,next_token
A_0097,A,FINAL,A,0,-0.8981232643127441,-0.5231232643127441,0.4073334038257599,0.5926665663719177,-0.9128466844558716,-0.5378466844558716,0.4073334038257599,1,0,"{""A"": ""size"", ""B"": ""orientation"", ""C"": ""position"", ""D"": ""color""}",/mnt/tidalfs-hssh01/dataset/xiang/models/Qwen2.5-VL-7B-Instruct,42,not_empty,next_token
A_0097,A,FINAL,B,0,-0.9740769863128662,-0.4740769863128662,0.3775406777858734,0.622459352016449,-1.0059685707092285,-0.5059685707092285,0.3775406777858734,1,0,"{""A"": ""size"", ""B"": ""orientation"", ""C"": ""position"", ""D"": ""color""}",/mnt/tidalfs-hssh01/dataset/xiang/models/Qwen2.5-VL-7B-Instruct,42,not_empty,next_token
A_0097,A,FINAL,C,0,-0.7575989961624146,-0.6325989961624146,0.4687906503677368,0.531209409236908,-0.7903133630752563,-0.6653133630752563,0.4687906503677368,1,0,"{""A"": ""size"", ""B"": ""orientation"", ""C"": ""position"", ""D"": ""color""}",/mnt/tidalfs-hssh01/dataset/xiang/models/Qwen2.5-VL-7B-Instruct,42,not_empty,next_token
A_0097,A,FINAL,D,0,-0.825939416885376,-0.575939416885376,0.43782350420951843,0.562176525592804,-0.8468918800354004,-0.5968918800354004,0.43782350420951843,1,0,"{""A"": ""size"", ""B"": ""orientation"", ""C"": ""position"", ""D"": ""color""}",/mnt/tidalfs-hssh01/dataset/xiang/models/Qwen2.5-VL-7B-Instruct,42,not_empty,next_token
A_0097,A,FINAL,AB,0,-0.6931471824645996,-0.6931471824645996,0.5,0.5,-0.6953505873680115,-0.6953505873680115,0.5,0,1,"{""A"": ""size"", ""B"": ""orientation"", ""C"": ""position"", ""D"": ""color""}",/mnt/tidalfs-hssh01/dataset/xiang/models/Qwen2.5-VL-7B-Instruct,42,not_empty,next_token
A_0097,A,FINAL,AC,0,-0.825939416885376,-0.575939416885376,0.43782350420951843,0.562176525592804,-0.8269270062446594,-0.5769270062446594,0.43782350420951843,1,0,"{""A"": ""size"", ""B"": ""orientation"", ""C"": ""position"", ""D"": ""color""}",/mnt/tidalfs-hssh01/dataset/xiang/models/Qwen2.5-VL-7B-Instruct,42,not_empty,next_token
A_0097,A,FINAL,AD,0,-0.7575989961624146,-0.6325989961624146,0.4687906503677368,0.531209409236908,-0.7601379752159119,-0.6351379752159119,0.4687906503677368,1,0,"{""A"": ""size"", ""B"": ""orientation"", ""C"": ""position"", ""D"": ""color""}",/mnt/tidalfs-hssh01/dataset/xiang/models/Qwen2.5-VL-7B-Instruct,42,not_empty,next_token
A_0097,A,FINAL,BC,0,-0.7575989961624146,-0.6325989961624146,0.4687906503677368,0.531209409236908,-0.7709290981292725,-0.6459290981292725,0.4687906503677368,1,0,"{""A"": ""size"", ""B"": ""orientation"", ""C"": ""position"", ""D"": ""color""}",/mnt/tidalfs-hssh01/dataset/xiang/models/Qwen2.5-VL-7B-Instruct,42,not_empty,next_token
A_0097,A,FINAL,BD,0,-0.825939416885376,-0.575939416885376,0.43782350420951843,0.562176525592804,-0.8356859087944031,-0.5856859087944031,0.43782350420951843,1,0,"{""A"": ""size"", ""B"": ""orientation"", ""C"": ""position"", ""D"": ""color""}",/mnt/tidalfs-hssh01/dataset/xiang/models/Qwen2.5-VL-7B-Instruct,42,not_empty,next_token
A_0097,A,FINAL,CD,0,-0.7575989961624146,-0.6325989961624146,0.4687906503677368,0.531209409236908,-0.7624086737632751,-0.6374086737632751,0.4687906503677368,1,0,"{""A"": ""size"", ""B"": ""orientation"", ""C"": ""position"", ""D"": ""color""}",/mnt/tidalfs-hssh01/dataset/xiang/models/Qwen2.5-VL-7B-Instruct,42,not_empty,next_token
A_0097,A,FINAL,ABC,0,-0.7575989961624146,-0.6325989961624146,0.4687906503677368,0.531209409236908,-0.7605183720588684,-0.6355183720588684,0.4687906503677368,1,0,"{""A"": ""size"", ""B"": ""orientation"", ""C"": ""position"", ""D"": ""color""}",/mnt/tidalfs-hssh01/dataset/xiang/models/Qwen2.5-VL-7B-Instruct,42,not_empty,next_token
A_0097,A,FINAL,ABD,0,-0.7575989961624146,-0.6325989961624146,0.4687906503677368,0.531209409236908,-0.7594088912010193,-0.6344088912010193,0.4687906503677368,1,0,"{""A"": ""size"", ""B"": ""orientation"", ""C"": ""position"", ""D"": ""color""}",/mnt/tidalfs-hssh01/dataset/xiang/models/Qwen2.5-VL-7B-Instruct,42,not_empty,next_token
A_0097,A,FINAL,ACD,0,-0.825939416885376,-0.575939416885376,0.43782350420951843,0.562176525592804,-0.8269606828689575,-0.5769606828689575,0.43782350420951843,1,0,"{""A"": ""size"", ""B"": ""orientation"", ""C"": ""position"", ""D"": ""color""}",/mnt/tidalfs-hssh01/dataset/xiang/models/Qwen2.5-VL-7B-Instruct,42,not_empty,next_token
A_0097,A,FINAL,BCD,0,-0.825939416885376,-0.575939416885376,0.43782350420951843,0.562176525592804,-0.830736517906189,-0.580736517906189,0.43782350420951843,1,0,"{""A"": ""size"", ""B"": ""orientation"", ""C"": ""position"", ""D"": ""color""}",/mnt/tidalfs-hssh01/dataset/xiang/models/Qwen2.5-VL-7B-Instruct,42,not_empty,next_token
A_0097,A,FINAL,ABCD,0,-0.825939416885376,-0.575939416885376,0.43782350420951843,0.562176525592804,-0.8278745412826538,-0.5778745412826538,0.43782350420951843,1,0,"{""A"": ""size"", ""B"": ""orientation"", ""C"": ""position"", ""D"": ""color""}",/mnt/tidalfs-hssh01/dataset/xiang/models/Qwen2.5-VL-7B-Instruct,42,not_empty,next_token
A_0105,A,STEP1,EMPTY,0,-0.6931471824645996,-0.6931471824645996,0.5,0.5,-0.819155216217041,-0.819155216217041,0.5,0,1,"{""A"": ""size"", ""B"": ""orientation"", ""C"": ""position"", ""D"": ""color""}",/mnt/tidalfs-hssh01/dataset/xiang/models/Qwen2.5-VL-7B-Instruct,42,text_only,next_token
A_0105,A,STEP1,A,0,-0.9740769863128662,-0.4740769863128662,0.3775406777858734,0.622459352016449,-0.9751812815666199,-0.4751812815666199,0.3775406777858734,1,0,"{""A"": ""size"", ""B"": ""orientation"", ""C"": ""position"", ""D"": ""color""}",/mnt/tidalfs-hssh01/dataset/xiang/models/Qwen2.5-VL-7B-Instruct,42,not_empty,next_token
A_0105,A,STEP1,B,0,-1.4061501026153564,-0.28115010261535645,0.24508503079414368,0.7549149990081787,-1.408461093902588,-0.28346115350723267,0.24508503079414368,1,0,"{""A"": ""size"", ""B"": ""orientation"", ""C"": ""position"", ""D"": ""color""}",/mnt/tidalfs-hssh01/dataset/xiang/models/Qwen2.5-VL-7B-Instruct,42,not_empty,next_token
A_0105,A,STEP1,C,0,-0.6325989961624146,-0.7575989961624146,0.531209409236908,0.4687906503677368,-0.6354181170463562,-0.7604181170463562,0.531209409236908,0,1,"{""A"": ""size"", ""B"": ""orientation"", ""C"": ""position"", ""D"": ""color""}",/mnt/tidalfs-hssh01/dataset/xiang/models/Qwen2.5-VL-7B-Instruct,42,not_empty,next_token
A_0105,A,STEP1,D,0,-0.8981232643127441,-0.5231232643127441,0.4073334038257599,0.5926665663719177,-0.9017981886863708,-0.5267981886863708,0.4073334038257599,1,0,"{""A"": ""size"", ""B"": ""orientation"", ""C"": ""position"", ""D"": ""color""}",/mnt/tidalfs-hssh01/dataset/xiang/models/Qwen2.5-VL-7B-Instruct,42,not_empty,next_token
A_0105,A,STEP1,AB,0,-0.8981232643127441,-0.5231232643127441,0.4073334038257599,0.5926665663719177,-0.8985679149627686,-0.5235679149627686,0.4073334038257599,1,0,"{""A"": ""size"", ""B"": ""orientation"", ""C"": ""position"", ""D"": ""color""}",/mnt/tidalfs-hssh01/dataset/xiang/models/Qwen2.5-VL-7B-Instruct,42,not_empty,next_token
A_0105,A,STEP1,AC,0,-1.1368709802627563,-0.38687101006507874,0.3208213150501251,0.6791786551475525,-1.13720703125,-0.3872070610523224,0.3208213150501251,1,0,"{""A"": ""size"", ""B"": ""orientation"", ""C"": ""position"", ""D"": ""color""}",/mnt/tidalfs-hssh01/dataset/xiang/models/Qwen2.5-VL-7B-Instruct,42,not_empty,next_token
A_0105,A,STEP1,AD,0,-0.825939416885376,-0.575939416885376,0.43782350420951843,0.562176525592804,-0.8266286253929138,-0.5766286253929138,0.43782350420951843,1,0,"{""A"": ""size"", ""B"": ""orientation"", ""C"": ""position"", ""D"": ""color""}",/mnt/tidalfs-hssh01/dataset/xiang/models/Qwen2.5-VL-7B-Instruct,42,not_empty,next_token
A_0105,A,STEP1,BC,0,-1.7014133930206299,-0.2014133334159851,0.18242549896240234,0.8175744414329529,-1.70206880569458,-0.20206885039806366,0.18242549896240234,1,0,"{""A"": ""size"", ""B"": ""orientation"", ""C"": ""position"", ""D"": ""color""}",/mnt/tidalfs-hssh01/dataset/xiang/models/Qwen2.5-VL-7B-Instruct,42,not_empty,next_token
A_0105,A,STEP1,BD,0,-1.4061501026153564,-0.28115010261535645,0.24508503079414368,0.7549149990081787,-1.4070053100585938,-0.28200531005859375,0.24508503079414368,1,0,"{""A"": ""size"", ""B"": ""orientation"", ""C"": ""position"", ""D"": ""color""}",/mnt/tidalfs-hssh01/dataset/xiang/models/Qwen2.5-VL-7B-Instruct,42,not_empty,next_token
A_0105,A,STEP1,CD,0,-0.6931471824645996,-0.6931471824645996,0.5,0.5,-0.6941729187965393,-0.6941729187965393,0.5,0,1,"{""A"": ""size"", ""B"": ""orientation"", ""C"": ""position"", ""D"": ""color""}",/mnt/tidalfs-hssh01/dataset/xiang/models/Qwen2.5-VL-7B-Instruct,42,not_empty,next_token
A_0105,A,STEP1,ABC,0,-1.2234445810317993,-0.3484445810317993,0.29421499371528625,0.7057850360870361,-1.2237356901168823,-0.3487357199192047,0.29421499371528625,1,0,"{""A"": ""size"", ""B"": ""orientation"", ""C"": ""position"", ""D"": ""color""}",/mnt/tidalfs-hssh01/dataset/xiang/models/Qwen2.5-VL-7B-Instruct,42,not_empty,next_token
A_0105,A,STEP1,ABD,0,-0.9740769863128662,-0.4740769863128662,0.3775406777858734,0.622459352016449,-0.974319338798523,-0.47431930899620056,0.3775406777858734,1,0,"{""A"": ""size"", ""B"": ""orientation"", ""C"": ""position"", ""D"": ""color""}",/mnt/tidalfs-hssh01/dataset/xiang/models/Qwen2.5-VL-7B-Instruct,42,not_empty,next_token
A_0105,A,STEP1,ACD,0,-1.053700566291809,-0.42870065569877625,0.3486451506614685,0.6513548493385315,-1.0538690090179443,-0.4288690686225891,0.3486451506614685,1,0,"{""A"": ""size"", ""B"": ""orientation"", ""C"": ""position"", ""D"": ""color""}",/mnt/tidalfs-hssh01/dataset/xiang/models/Qwen2.5-VL-7B-Instruct,42,not_empty,next_token
A_0105,A,STEP1,BCD,0,-1.5019290447235107,-0.25192904472351074,0.22270016372203827,0.7772998809814453,-1.5023705959320068,-0.2523706555366516,0.22270016372203827,1,0,"{""A"": ""size"", ""B"": ""orientation"", ""C"": ""position"", ""D"": ""color""}",/mnt/tidalfs-hssh01/dataset/xiang/models/Qwen2.5-VL-7B-Instruct,42,not_empty,next_token
A_0105,A,STEP1,ABCD,0,-1.2234444618225098,-0.3484445810317993,0.29421502351760864,0.7057850360870361,-1.2236578464508057,-0.34865790605545044,0.29421502351760864,1,0,"{""A"": ""size"", ""B"": ""orientation"", ""C"": ""position"", ""D"": ""color""}",/mnt/tidalfs-hssh01/dataset/xiang/models/Qwen2.5-VL-7B-Instruct,42,not_empty,next_token
A_0105,A,STEP2,EMPTY,1,-1.2234445810317993,-0.3484445810317993,0.29421499371528625,0.7057850360870361,-1.2687973976135254,-0.393797367811203,0.7057850360870361,1,1,"{""A"": ""size"", ""B"": ""orientation"", ""C"": ""position"", ""D"": ""color""}",/mnt/tidalfs-hssh01/dataset/xiang/models/Qwen2.5-VL-7B-Instruct,42,text_only,next_token
A_0105,A,STEP2,A,1,-1.1368709802627563,-0.38687101006507874,0.3208213150501251,0.6791786551475525,-1.138013482093811,-0.3880135118961334,0.6791786551475525,1,1,"{""A"": ""size"", ""B"": ""orientation"", ""C"": ""position"", ""D"": ""color""}",/mnt/tidalfs-hssh01/dataset/xiang/models/Qwen2.5-VL-7B-Instruct,42,not_empty,next_token
A_0105,A,STEP2,B,1,-0.9740769863128662,-0.4740769863128662,0.3775406777858734,0.622459352016449,-0.9773802757263184,-0.47738030552864075,0.622459352016449,1,1,"{""A"": ""size"", ""B"": ""orientation"", ""C"": ""position"", ""D"": ""color""}",/mnt/tidalfs-hssh01/dataset/xiang/models/Qwen2.5-VL-7B-Instruct,42,not_empty,next_token
A_0105,A,STEP2,C,1,-0.825939416885376,-0.575939416885376,0.43782350420951843,0.562176525592804,-0.8279662728309631,-0.5779662728309631,0.562176525592804,1,1,"{""A"": ""size"", ""B"": ""orientation"", ""C"": ""position"", ""D"": ""color""}",/mnt/tidalfs-hssh01/dataset/xiang/models/Qwen2.5-VL-7B-Instruct,42,not_empty,next_token
A_0105,A,STEP2,D,1,-1.0537006855010986,-0.42870065569877625,0.3486451208591461,0.6513548493385315,-1.055504560470581,-0.43050456047058105,0.6513548493385315,1,1,"{""A"": ""size"", ""B"": ""orientation"", ""C"": ""position"", ""D"": ""color""}",/mnt/tidalfs-hssh01/dataset/xiang/models/Qwen2.5-VL-7B-Instruct,42,not_empty,next_token
A_0105,A,STEP2,AB,1,-0.6931471824645996,-0.6931471824645996,0.5,0.5,-0.6944747567176819,-0.6944747567176819,0.5,0,0,"{""A"": ""size"", ""B"": ""orientation"", ""C"": ""position"", ""D"": ""color""}",/mnt/tidalfs-hssh01/dataset/xiang/models/Qwen2.5-VL-7B-Instruct,42,not_empty,next_token
A_0105,A,STEP2,AC,1,-0.825939416885376,-0.575939416885376,0.43782350420951843,0.562176525592804,-0.8263770937919617,-0.5763770937919617,0.562176525592804,1,1,"{""A"": ""size"", ""B"": ""orientation"", ""C"": ""position"", ""D"": ""color""}",/mnt/tidalfs-hssh01/dataset/xiang/models/Qwen2.5-VL-7B-Instruct,42,not_empty,next_token
A_0105,A,STEP2,AD,1,-1.2234445810317993,-0.3484445810317993,0.29421499371528625,0.7057850360870361,-1.2240121364593506,-0.349012166261673,0.7057850360870361,1,1,"{""A"": ""size"", ""B"": ""orientation"", ""C"": ""position"", ""D"": ""color""}",/mnt/tidalfs-hssh01/dataset/xiang/models/Qwen2.5-VL-7B-Instruct,42,not_empty,next_token
A_0105,A,STEP2,BC,1,-0.8981232643127441,-0.5231232643127441,0.4073334038257599,0.5926665663719177,-0.8998246192932129,-0.5248246192932129,0.5926665663719177,1,1,"{""A"": ""size"", ""B"": ""orientation"", ""C"": ""position"", ""D"": ""color""}",/mnt/tidalfs-hssh01/dataset/xiang/models/Qwen2.5-VL-7B-Instruct,42,not_empty,next_token
A_0105,A,STEP2,BD,1,-0.9740769863128662,-0.4740769863128662,0.3775406777858734,0.622459352016449,-0.9755487442016602,-0.47554874420166016,0.622459352016449,1,1,"{""A"": ""size"", ""B"": ""orientation"", ""C"": ""position"", ""D"": ""color""}",/mnt/tidalfs-hssh01/dataset/xiang/models/Qwen2.5-VL-7B-Instruct,42,not_empty,next_token
A_0105,A,STEP2,CD,1,-0.825939416885376,-0.575939416885376,0.43782350420951843,0.562176525592804,-0.826636791229248,-0.576636791229248,0.562176525592804,1,1,"{""A"": ""size"", ""B"": ""orientation"", ""C"": ""position"", ""D"": ""color""}",/mnt/tidalfs-hssh01/dataset/xiang/models/Qwen2.5-VL-7B-Instruct,42,not_empty,next_token
A_0105,A,STEP2,ABC,1,-0.825939416885376,-0.575939416885376,0.43782350420951843,0.562176525592804,-0.8265563249588013,-0.5765563249588013,0.562176525592804,1,1,"{""A"": ""size"", ""B"": ""orientation"", ""C"": ""position"", ""D"": ""color""}",/mnt/tidalfs-hssh01/dataset/xiang/models/Qwen2.5-VL-7B-Instruct,42,not_empty,next_token
A_0105,A,STEP2,ABD,1,-0.9740769863128662,-0.4740769863128662,0.3775406777858734,0.622459352016449,-0.9746168851852417,-0.4746168851852417,0.622459352016449,1,1,"{""A"": ""size"", ""B"": ""orientation"", ""C"": ""position"", ""D"": ""color""}",/mnt/tidalfs-hssh01/dataset/xiang/models/Qwen2.5-VL-7B-Instruct,42,not_empty,next_token
A_0105,A,STEP2,ACD,1,-0.7575989961624146,-0.6325989961624146,0.4687906503677368,0.531209409236908,-0.7579054236412048,-0.6329054236412048,0.531209409236908,1,1,"{""A"": ""size"", ""B"": ""orientation"", ""C"": ""position"", ""D"": ""color""}",/mnt/tidalfs-hssh01/dataset/xiang/models/Qwen2.5-VL-7B-Instruct,42,not_empty,next_token
A_0105,A,STEP2,BCD,1,-0.8981232643127441,-0.5231232643127441,0.4073334038257599,0.5926665663719177,-0.8990380764007568,-0.5240380764007568,0.5926665663719177,1,1,"{""A"": ""size"", ""B"": ""orientation"", ""C"": ""position"", ""D"": ""color""}",/mnt/tidalfs-hssh01/dataset/xiang/models/Qwen2.5-VL-7B-Instruct,42,not_empty,next_token
A_0105,A,STEP2,ABCD,1,-0.7575989961624146,-0.6325989961624146,0.4687906503677368,0.531209409236908,-0.7581573724746704,-0.6331573724746704,0.531209409236908,1,1,"{""A"": ""size"", ""B"": ""orientation"", ""C"": ""position"", ""D"": ""color""}",/mnt/tidalfs-hssh01/dataset/xiang/models/Qwen2.5-VL-7B-Instruct,42,not_empty,next_token
A_0105,A,FINAL,EMPTY,1,-0.7575989961624146,-0.6325989961624146,0.4687906503677368,0.531209409236908,-1.0674777030944824,-0.9424777030944824,0.531209409236908,1,1,"{""A"": ""size"", ""B"": ""orientation"", ""C"": ""position"", ""D"": ""color""}",/mnt/tidalfs-hssh01/dataset/xiang/models/Qwen2.5-VL-7B-Instruct,42,text_only,next_token
A_0105,A,FINAL,A,1,-0.8981232643127441,-0.5231232643127441,0.4073334038257599,0.5926665663719177,-0.9128466844558716,-0.5378466844558716,0.5926665663719177,1,1,"{""A"": ""size"", ""B"": ""orientation"", ""C"": ""position"", ""D"": ""color""}",/mnt/tidalfs-hssh01/dataset/xiang/models/Qwen2.5-VL-7B-Instruct,42,not_empty,next_token
A_0105,A,FINAL,B,1,-0.9740769863128662,-0.4740769863128662,0.3775406777858734,0.622459352016449,-1.0059685707092285,-0.5059685707092285,0.622459352016449,1,1,"{""A"": ""size"", ""B"": ""orientation"", ""C"": ""position"", ""D"": ""color""}",/mnt/tidalfs-hssh01/dataset/xiang/models/Qwen2.5-VL-7B-Instruct,42,not_empty,next_token
A_0105,A,FINAL,C,1,-0.7575989961624146,-0.6325989961624146,0.4687906503677368,0.531209409236908,-0.7881191968917847,-0.6631191968917847,0.531209409236908,1,1,"{""A"": ""size"", ""B"": ""orientation"", ""C"": ""position"", ""D"": ""color""}",/mnt/tidalfs-hssh01/dataset/xiang/models/Qwen2.5-VL-7B-Instruct,42,not_empty,next_token
A_0105,A,FINAL,D,1,-0.825939416885376,-0.575939416885376,0.43782350420951843,0.562176525592804,-0.8468918800354004,-0.5968918800354004,0.562176525592804,1,1,"{""A"": ""size"", ""B"": ""orientation"", ""C"": ""position"", ""D"": ""color""}",/mnt/tidalfs-hssh01/dataset/xiang/models/Qwen2.5-VL-7B-Instruct,42,not_empty,next_token
A_0105,A,FINAL,AB,1,-0.6931471824645996,-0.6931471824645996,0.5,0.5,-0.6953505873680115,-0.6953505873680115,0.5,0,0,"{""A"": ""size"", ""B"": ""orientation"", ""C"": ""position"", ""D"": ""color""}",/mnt/tidalfs-hssh01/dataset/xiang/models/Qwen2.5-VL-7B-Instruct,42,not_empty,next_token
A_0105,A,FINAL,AC,1,-0.825939416885376,-0.575939416885376,0.43782350420951843,0.562176525592804,-0.827049732208252,-0.577049732208252,0.562176525592804,1,1,"{""A"": ""size"", ""B"": ""orientation"", ""C"": ""position"", ""D"": ""color""}",/mnt/tidalfs-hssh01/dataset/xiang/models/Qwen2.5-VL-7B-Instruct,42,not_empty,next_token
A_0105,A,FINAL,AD,1,-0.7575989961624146,-0.6325989961624146,0.4687906503677368,0.531209409236908,-0.7601379752159119,-0.6351379752159119,0.531209409236908,1,1,"{""A"": ""size"", ""B"": ""orientation"", ""C"": ""position"", ""D"": ""color""}",/mnt/tidalfs-hssh01/dataset/xiang/models/Qwen2.5-VL-7B-Instruct,42,not_empty,next_token
A_0105,A,FINAL,BC,1,-0.7575989961624146,-0.6325989961624146,0.4687906503677368,0.531209409236908,-0.7726367712020874,-0.6476367712020874,0.531209409236908,1,1,"{""A"": ""size"", ""B"": ""orientation"", ""C"": ""position"", ""D"": ""color""}",/mnt/tidalfs-hssh01/dataset/xiang/models/Qwen2.5-VL-7B-Instruct,42,not_empty,next_token
A_0105,A,FINAL,BD,1,-0.825939416885376,-0.575939416885376,0.43782350420951843,0.562176525592804,-0.8356859087944031,-0.5856859087944031,0.562176525592804,1,1,"{""A"": ""size"", ""B"": ""orientation"", ""C"": ""position"", ""D"": ""color""}",/mnt/tidalfs-hssh01/dataset/xiang/models/Qwen2.5-VL-7B-Instruct,42,not_empty,next_token
A_0105,A,FINAL,CD,1,-0.7575989961624146,-0.6325989961624146,0.4687906503677368,0.531209409236908,-0.7636268138885498,-0.6386268138885498,0.531209409236908,1,1,"{""A"": ""size"", ""B"": ""orientation"", ""C"": ""position"", ""D"": ""color""}",/mnt/tidalfs-hssh01/dataset/xiang/models/Qwen2.5-VL-7B-Instruct,42,not_empty,next_token
A_0105,A,FINAL,ABC,1,-0.825939416885376,-0.575939416885376,0.43782350420951843,0.562176525592804,-0.8284479379653931,-0.5784479379653931,0.562176525592804,1,1,"{""A"": ""size"", ""B"": ""orientation"", ""C"": ""position"", ""D"": ""color""}",/mnt/tidalfs-hssh01/dataset/xiang/models/Qwen2.5-VL-7B-Instruct,42,not_empty,next_token
A_0105,A,FINAL,ABD,1,-0.7575989961624146,-0.6325989961624146,0.4687906503677368,0.531209409236908,-0.7594088912010193,-0.6344088912010193,0.531209409236908,1,1,"{""A"": ""size"", ""B"": ""orientation"", ""C"": ""position"", ""D"": ""color""}",/mnt/tidalfs-hssh01/dataset/xiang/models/Qwen2.5-VL-7B-Instruct,42,not_empty,next_token
A_0105,A,FINAL,ACD,1,-0.825939416885376,-0.575939416885376,0.43782350420951843,0.562176525592804,-0.8268327116966248,-0.5768327116966248,0.562176525592804,1,1,"{""A"": ""size"", ""B"": ""orientation"", ""C"": ""position"", ""D"": ""color""}",/mnt/tidalfs-hssh01/dataset/xiang/models/Qwen2.5-VL-7B-Instruct,42,not_empty,next_token
A_0105,A,FINAL,BCD,1,-0.825939416885376,-0.575939416885376,0.43782350420951843,0.562176525592804,-0.8313383460044861,-0.5813383460044861,0.562176525592804,1,1,"{""A"": ""size"", ""B"": ""orientation"", ""C"": ""position"", ""D"": ""color""}",/mnt/tidalfs-hssh01/dataset/xiang/models/Qwen2.5-VL-7B-Instruct,42,not_empty,next_token
A_0105,A,FINAL,ABCD,1,-0.825939416885376,-0.575939416885376,0.43782350420951843,0.562176525592804,-0.8274828791618347,-0.5774828791618347,0.562176525592804,1,1,"{""A"": ""size"", ""B"": ""orientation"", ""C"": ""position"", ""D"": ""color""}",/mnt/tidalfs-hssh01/dataset/xiang/models/Qwen2.5-VL-7B-Instruct,42,not_empty,next_token
A_0113,A,STEP1,EMPTY,1,-0.7575989961624146,-0.6325989961624146,0.4687906503677368,0.531209409236908,-0.8536394238471985,-0.7286394238471985,0.531209409236908,1,1,"{""A"": ""orientation"", ""B"": ""position"", ""C"": ""color"", ""D"": ""size""}",/mnt/tidalfs-hssh01/dataset/xiang/models/Qwen2.5-VL-7B-Instruct,42,text_only,next_token
A_0113,A,STEP1,A,1,-0.7575989961624146,-0.6325989961624146,0.4687906503677368,0.531209409236908,-0.7644864916801453,-0.6394864916801453,0.531209409236908,1,1,"{""A"": ""orientation"", ""B"": ""position"", ""C"": ""color"", ""D"": ""size""}",/mnt/tidalfs-hssh01/dataset/xiang/models/Qwen2.5-VL-7B-Instruct,42,not_empty,next_token
A_0113,A,STEP1,B,1,-0.825939416885376,-0.575939416885376,0.43782350420951843,0.562176525592804,-0.8280298113822937,-0.5780298113822937,0.562176525592804,1,1,"{""A"": ""orientation"", ""B"": ""position"", ""C"": ""color"", ""D"": ""size""}",/mnt/tidalfs-hssh01/dataset/xiang/models/Qwen2.5-VL-7B-Instruct,42,not_empty,next_token
A_0113,A,STEP1,C,1,-0.825939416885376,-0.575939416885376,0.43782350420951843,0.562176525592804,-0.8315712809562683,-0.5815712809562683,0.562176525592804,1,1,"{""A"": ""orientation"", ""B"": ""position"", ""C"": ""color"", ""D"": ""size""}",/mnt/tidalfs-hssh01/dataset/xiang/models/Qwen2.5-VL-7B-Instruct,42,not_empty,next_token
A_0113,A,STEP1,D,1,-0.8981232643127441,-0.5231232643127441,0.4073334038257599,0.5926665663719177,-0.9012390375137329,-0.5262390375137329,0.5926665663719177,1,1,"{""A"": ""orientation"", ""B"": ""position"", ""C"": ""color"", ""D"": ""size""}",/mnt/tidalfs-hssh01/dataset/xiang/models/Qwen2.5-VL-7B-Instruct,42,not_empty,next_token
A_0113,A,STEP1,AB,1,-0.7575989961624146,-0.6325989961624146,0.4687906503677368,0.531209409236908,-0.7584649920463562,-0.6334649920463562,0.531209409236908,1,1,"{""A"": ""orientation"", ""B"": ""position"", ""C"": ""color"", ""D"": ""size""}",/mnt/tidalfs-hssh01/dataset/xiang/models/Qwen2.5-VL-7B-Instruct,42,not_empty,next_token
A_0113,A,STEP1,AC,1,-0.7575989961624146,-0.6325989961624146,0.4687906503677368,0.531209409236908,-0.7581377625465393,-0.6331377625465393,0.531209409236908,1,1,"{""A"": ""orientation"", ""B"": ""position"", ""C"": ""color"", ""D"": ""size""}",/mnt/tidalfs-hssh01/dataset/xiang/models/Qwen2.5-VL-7B-Instruct,42,not_empty,next_token
A_0113,A,STEP1,AD,1,-0.7575989961624146,-0.6325989961624146,0.4687906503677368,0.531209409236908,-0.7584500908851624,-0.6334500908851624,0.531209409236908,1,1,"{""A"": ""orientation"", ""B"": ""position"", ""C"": ""color"", ""D"": ""size""}",/mnt/tidalfs-hssh01/dataset/xiang/models/Qwen2.5-VL-7B-Instruct,42,not_empty,next_token
A_0113,A,STEP1,BC,1,-0.8981232643127441,-0.5231232643127441,0.4073334038257599,0.5926665663719177,-0.8986964821815491,-0.5236964821815491,0.5926665663719177,1,1,"{""A"": ""orientation"", ""B"": ""position"", ""C"": ""color"", ""D"": ""size""}",/mnt/tidalfs-hssh01/dataset/xiang/models/Qwen2.5-VL-7B-Instruct,42,not_empty,next_token
A_0113,A,STEP1,BD,1,-0.825939416885376,-0.575939416885376,0.43782350420951843,0.562176525592804,-0.8267825245857239,-0.5767825245857239,0.562176525592804,1,1,"{""A"": ""orientation"", ""B"": ""position"", ""C"": ""color"", ""D"": ""size""}",/mnt/tidalfs-hssh01/dataset/xiang/models/Qwen2.5-VL-7B-Instruct,42,not_empty,next_token
A_0113,A,STEP1,CD,1,-0.8981232643127441,-0.5231232643127441,0.4073334038257599,0.5926665663719177,-0.8987683653831482,-0.5237683653831482,0.5926665663719177,1,1,"{""A"": ""orientation"", ""B"": ""position"", ""C"": ""color"", ""D"": ""size""}",/mnt/tidalfs-hssh01/dataset/xiang/models/Qwen2.5-VL-7B-Instruct,42,not_empty,next_token
A_0113,A,STEP1,ABC,1,-0.825939416885376,-0.575939416885376,0.43782350420951843,0.562176525592804,-0.8263010382652283,-0.5763010382652283,0.562176525592804,1,1,"{""A"": ""orientation"", ""B"": ""position"", ""C"": ""color"", ""D"": ""size""}",/mnt/tidalfs-hssh01/dataset/xiang/models/Qwen2.5-VL-7B-Instruct,42,not_empty,next_token
A_0113,A,STEP1,ABD,1,-0.825939416885376,-0.575939416885376,0.43782350420951843,0.562176525592804,-0.8262840509414673,-0.5762840509414673,0.562176525592804,1,1,"{""A"": ""orientation"", ""B"": ""position"", ""C"": ""color"", ""D"": ""size""}",/mnt/tidalfs-hssh01/dataset/xiang/models/Qwen2.5-VL-7B-Instruct,42,not_empty,next_token
A_0113,A,STEP1,ACD,1,-0.7575989961624146,-0.6325989961624146,0.4687906503677368,0.531209409236908,-0.7578884959220886,-0.6328884959220886,0.531209409236908,1,1,"{""A"": ""orientation"", ""B"": ""position"", ""C"": ""color"", ""D"": ""size""}",/mnt/tidalfs-hssh01/dataset/xiang/models/Qwen2.5-VL-7B-Instruct,42,not_empty,next_token
A_0113,A,STEP1,BCD,1,-0.8981232643127441,-0.5231232643127441,0.4073334038257599,0.5926665663719177,-0.8983955383300781,-0.5233955383300781,0.5926665663719177,1,1,"{""A"": ""orientation"", ""B"": ""position"", ""C"": ""color"", ""D"": ""size""}",/mnt/tidalfs-hssh01/dataset/xiang/models/Qwen2.5-VL-7B-Instruct,42,not_empty,next_token
A_0113,A,STEP1,ABCD,1,-0.8981232643127441,-0.5231232643127441,0.4073334038257599,0.5926665663719177,-0.8983741998672485,-0.5233741998672485,0.5926665663719177,1,1,"{""A"": ""orientation"", ""B"": ""position"", ""C"": ""color"", ""D"": ""size""}",/mnt/tidalfs-hssh01/dataset/xiang/models/Qwen2.5-VL-7B-Instruct,42,not_empty,next_token
A_0113,A,STEP2,EMPTY,0,-1.3132617473602295,-0.3132617473602295,0.26894140243530273,0.7310584783554077,-1.3575432300567627,-0.3575432002544403,0.26894140243530273,1,0,"{""A"": ""orientation"", ""B"": ""position"", ""C"": ""color"", ""D"": ""size""}",/mnt/tidalfs-hssh01/dataset/xiang/models/Qwen2.5-VL-7B-Instruct,42,text_only,next_token
A_0113,A,STEP2,A,0,-1.3132617473602295,-0.3132617473602295,0.26894140243530273,0.7310584783554077,-1.3183958530426025,-0.3183959126472473,0.26894140243530273,1,0,"{""A"": ""orientation"", ""B"": ""position"", ""C"": ""color"", ""D"": ""size""}",/mnt/tidalfs-hssh01/dataset/xiang/models/Qwen2.5-VL-7B-Instruct,42,not_empty,next_token
A_0113,A,STEP2,B,0,-1.1368709802627563,-0.38687101006507874,0.3208213150501251,0.6791786551475525,-1.138523817062378,-0.3885238468647003,0.3208213150501251,1,0,"{""A"": ""orientation"", ""B"": ""position"", ""C"": ""color"", ""D"": ""size""}",/mnt/tidalfs-hssh01/dataset/xiang/models/Qwen2.5-VL-7B-Instruct,42,not_empty,next_token
A_0113,A,STEP2,C,0,-1.1368709802627563,-0.38687101006507874,0.3208213150501251,0.6791786551475525,-1.1387856006622314,-0.38878560066223145,0.3208213150501251,1,0,"{""A"": ""orientation"", ""B"": ""position"", ""C"": ""color"", ""D"": ""size""}",/mnt/tidalfs-hssh01/dataset/xiang/models/Qwen2.5-VL-7B-Instruct,42,not_empty,next_token
A_0113,A,STEP2,D,0,-1.3132617473602295,-0.3132617473602295,0.26894140243530273,0.7310584783554077,-1.3144782781600952,-0.3144782781600952,0.26894140243530273,1,0,"{""A"": ""orientation"", ""B"": ""position"", ""C"": ""color"", ""D"": ""size""}",/mnt/tidalfs-hssh01/dataset/xiang/models/Qwen2.5-VL-7B-Instruct,42,not_empty,next_token
A_0113,A,STEP2,AB,0,-1.136871099472046,-0.38687101006507874,0.32082128524780273,0.6791786551475525,-1.138786792755127,-0.3887867331504822,0.32082128524780273,1,0,"{""A"": ""orientation"", ""B"": ""position"", ""C"": ""color"", ""D"": ""size""}",/mnt/tidalfs-hssh01/dataset/xiang/models/Qwen2.5-VL-7B-Instruct,42,not_empty,next_token
A_0113,A,STEP2,AC,0,-1.3132617473602295,-0.3132617473602295,0.26894140243530273,0.7310584783554077,-1.3137611150741577,-0.3137611448764801,0.26894140243530273,1,0,"{""A"": ""orientation"", ""B"": ""position"", ""C"": ""color"", ""D"": ""size""}",/mnt/tidalfs-hssh01/dataset/xiang/models/Qwen2.5-VL-7B-Instruct,42,not_empty,next_token
A_0113,A,STEP2,AD,0,-1.2234444618225098,-0.3484445810317993,0.29421502351760864,0.7057850360870361,-1.2250499725341797,-0.35005003213882446,0.29421502351760864,1,0,"{""A"": ""orientation"", ""B"": ""position"", ""C"": ""color"", ""D"": ""size""}",/mnt/tidalfs-hssh01/dataset/xiang/models/Qwen2.5-VL-7B-Instruct,42,not_empty,next_token
A_0113,A,STEP2,BC,0,-1.4061501026153564,-0.28115010261535645,0.24508503079414368,0.7549149990081787,-1.4070260524749756,-0.2820259928703308,0.24508503079414368,1,0,"{""A"": ""orientation"", ""B"": ""position"", ""C"": ""color"", ""D"": ""size""}",/mnt/tidalfs-hssh01/dataset/xiang/models/Qwen2.5-VL-7B-Instruct,42,not_empty,next_token
A_0113,A,STEP2,BD,0,-1.1368709802627563,-0.38687101006507874,0.3208213150501251,0.6791786551475525,-1.1383633613586426,-0.38836339116096497,0.3208213150501251,1,0,"{""A"": ""orientation"", ""B"": ""position"", ""C"": ""color"", ""D"": ""size""}",/mnt/tidalfs-hssh01/dataset/xiang/models/Qwen2.5-VL-7B-Instruct,42,not_empty,next_token
A_0113,A,STEP2,CD,0,-1.0537006855010986,-0.42870065569877625,0.3486451208591461,0.6513548493385315,-1.054722547531128,-0.42972251772880554,0.3486451208591461,1,0,"{""A"": ""orientation"", ""B"": ""position"", ""C"": ""color"", ""D"": ""size""}",/mnt/tidalfs-hssh01/dataset/xiang/models/Qwen2.5-VL-7B-Instruct,42,not_empty,next_token
A_0113,A,STEP2,ABC,0,-1.2234445810317993,-0.3484445810317993,0.29421499371528625,0.7057850360870361,-1.2245213985443115,-0.34952136874198914,0.29421499371528625,1,0,"{""A"": ""orientation"", ""B"": ""position"", ""C"": ""color"", ""D"": ""size""}",/mnt/tidalfs-hssh01/dataset/xiang/models/Qwen2.5-VL-7B-Instruct,42,not_empty,next_token
A_0113,A,STEP2,ABD,0,-1.2234444618225098,-0.3484445810317993,0.29421502351760864,0.7057850360870361,-1.2242014408111572,-0.349201500415802,0.29421502351760864,1,0,"{""A"": ""orientation"", ""B"": ""position"", ""C"": ""color"", ""D"": ""size""}",/mnt/tidalfs-hssh01/dataset/xiang/models/Qwen2.5-VL-7B-Instruct,42,not_empty,next_token
A_0113,A,STEP2,ACD,0,-1.2234447002410889,-0.3484445810317993,0.2942149341106415,0.7057850360870361,-1.2238271236419678,-0.348827064037323,0.2942149341106415,1,0,"{""A"": ""orientation"", ""B"": ""position"", ""C"": ""color"", ""D"": ""size""}",/mnt/tidalfs-hssh01/dataset/xiang/models/Qwen2.5-VL-7B-Instruct,42,not_empty,next_token
A_0113,A,STEP2,BCD,0,-1.2234445810317993,-0.3484445810317993,0.29421499371528625,0.7057850360870361,-1.2239068746566772,-0.34890687465667725,0.29421499371528625,1,0,"{""A"": ""orientation"", ""B"": ""position"", ""C"": ""color"", ""D"": ""size""}",/mnt/tidalfs-hssh01/dataset/xiang/models/Qwen2.5-VL-7B-Instruct,42,not_empty,next_token
A_0113,A,STEP2,ABCD,0,-1.1368709802627563,-0.38687101006507874,0.3208213150501251,0.6791786551475525,-1.1374831199645996,-0.3874831795692444,0.3208213150501251,1,0,"{""A"": ""orientation"", ""B"": ""position"", ""C"": ""color"", ""D"": ""size""}",/mnt/tidalfs-hssh01/dataset/xiang/models/Qwen2.5-VL-7B-Instruct,42,not_empty,next_token
A_0113,A,FINAL,EMPTY,1,-0.8259394764900208,-0.575939416885376,0.43782350420951843,0.562176525592804,-1.1369755268096924,-0.8869754672050476,0.562176525592804,1,1,"{""A"": ""orientation"", ""B"": ""position"", ""C"": ""color"", ""D"": ""size""}",/mnt/tidalfs-hssh01/dataset/xiang/models/Qwen2.5-VL-7B-Instruct,42,text_only,next_token
A_0113,A,FINAL,A,1,-0.8981232643127441,-0.5231232643127441,0.4073334038257599,0.5926665663719177,-0.9338021874427795,-0.5588021874427795,0.5926665663719177,1,1,"{""A"": ""orientation"", ""B"": ""position"", ""C"": ""color"", ""D"": ""size""}",/mnt/tidalfs-hssh01/dataset/xiang/models/Qwen2.5-VL-7B-Instruct,42,not_empty,next_token
A_0113,A,FINAL,B,1,-0.8981232643127441,-0.5231232643127441,0.4073334038257599,0.5926665663719177,-0.9216486215591431,-0.5466486215591431,0.5926665663719177,1,1,"{""A"": ""orientation"", ""B"": ""position"", ""C"": ""color"", ""D"": ""size""}",/mnt/tidalfs-hssh01/dataset/xiang/models/Qwen2.5-VL-7B-Instruct,42,not_empty,next_token
A_0113,A,FINAL,C,1,-0.8981232643127441,-0.5231232643127441,0.4073334038257599,0.5926665663719177,-0.9063037633895874,-0.5313037633895874,0.5926665663719177,1,1,"{""A"": ""orientation"", ""B"": ""position"", ""C"": ""color"", ""D"": ""size""}",/mnt/tidalfs-hssh01/dataset/xiang/models/Qwen2.5-VL-7B-Instruct,42,not_empty,next_token
A_0113,A,FINAL,D,1,-0.9740769863128662,-0.4740769863128662,0.3775406777858734,0.622459352016449,-0.9890617728233337,-0.48906177282333374,0.622459352016449,1,1,"{""A"": ""orientation"", ""B"": ""position"", ""C"": ""color"", ""D"": ""size""}",/mnt/tidalfs-hssh01/dataset/xiang/models/Qwen2.5-VL-7B-Instruct,42,not_empty,next_token
A_0113,A,FINAL,AB,1,-0.825939416885376,-0.575939416885376,0.43782350420951843,0.562176525592804,-0.8317501544952393,-0.5817501544952393,0.562176525592804,1,1,"{""A"": ""orientation"", ""B"": ""position"", ""C"": ""color"", ""D"": ""size""}",/mnt/tidalfs-hssh01/dataset/xiang/models/Qwen2.5-VL-7B-Instruct,42,not_empty,next_token
A_0113,A,FINAL,AC,1,-0.825939416885376,-0.575939416885376,0.43782350420951843,0.562176525592804,-0.8279115557670593,-0.5779115557670593,0.562176525592804,1,1,"{""A"": ""orientation"", ""B"": ""position"", ""C"": ""color"", ""D"": ""size""}",/mnt/tidalfs-hssh01/dataset/xiang/models/Qwen2.5-VL-7B-Instruct,42,not_empty,next_token
A_0113,A,FINAL,AD,1,-0.8981232643127441,-0.5231232643127441,0.4073334038257599,0.5926665663719177,-0.9032459259033203,-0.5282459259033203,0.5926665663719177,1,1,"{""A"": ""orientation"", ""B"": ""position"", ""C"": ""color"", ""D"": ""size""}",/mnt/tidalfs-hssh01/dataset/xiang/models/Qwen2.5-VL-7B-Instruct,42,not_empty,next_token
A_0113,A,FINAL,BC,1,-0.825939416885376,-0.575939416885376,0.43782350420951843,0.562176525592804,-0.8299223184585571,-0.5799223184585571,0.562176525592804,1,1,"{""A"": ""orientation"", ""B"": ""position"", ""C"": ""color"", ""D"": ""size""}",/mnt/tidalfs-hssh01/dataset/xiang/models/Qwen2.5-VL-7B-Instruct,42,not_empty,next_token
A_0113,A,FINAL,BD,1,-0.8981232643127441,-0.5231232643127441,0.4073334038257599,0.5926665663719177,-0.903567910194397,-0.528567910194397,0.5926665663719177,1,1,"{""A"": ""orientation"", ""B"": ""position"", ""C"": ""color"", ""D"": ""size""}",/mnt/tidalfs-hssh01/dataset/xiang/models/Qwen2.5-VL-7B-Instruct,42,not_empty,next_token
A_0113,A,FINAL,CD,1,-0.825939416885376,-0.575939416885376,0.43782350420951843,0.562176525592804,-0.8281992077827454,-0.5781992077827454,0.562176525592804,1,1,"{""A"": ""orientation"", ""B"": ""position"", ""C"": ""color"", ""D"": ""size""}",/mnt/tidalfs-hssh01/dataset/xiang/models/Qwen2.5-VL-7B-Instruct,42,not_empty,next_token
A_0113,A,FINAL,ABC,1,-0.7575989961624146,-0.6325989961624146,0.4687906503677368,0.531209409236908,-0.7611088156700134,-0.6361088156700134,0.531209409236908,1,1,"{""A"": ""orientation"", ""B"": ""position"", ""C"": ""color"", ""D"": ""size""}",/mnt/tidalfs-hssh01/dataset/xiang/models/Qwen2.5-VL-7B-Instruct,42,not_empty,next_token
A_0113,A,FINAL,ABD,1,-0.825939416885376,-0.575939416885376,0.43782350420951843,0.562176525592804,-0.8283229470252991,-0.5783229470252991,0.562176525592804,1,1,"{""A"": ""orientation"", ""B"": ""position"", ""C"": ""color"", ""D"": ""size""}",/mnt/tidalfs-hssh01/dataset/xiang/models/Qwen2.5-VL-7B-Instruct,42,not_empty,next_token
A_0113,A,FINAL,ACD,1,-0.8981232643127441,-0.5231232643127441,0.4073334038257599,0.5926665663719177,-0.8993036150932312,-0.5243036150932312,0.5926665663719177,1,1,"{""A"": ""orientation"", ""B"": ""position"", ""C"": ""color"", ""D"": ""size""}",/mnt/tidalfs-hssh01/dataset/xiang/models/Qwen2.5-VL-7B-Instruct,42,not_empty,next_token
A_0113,A,FINAL,BCD,1,-0.825939416885376,-0.575939416885376,0.43782350420951843,0.562176525592804,-0.8285188674926758,-0.5785188674926758,0.562176525592804,1,1,"{""A"": ""orientation"", ""B"": ""position"", ""C"": ""color"", ""D"": ""size""}",/mnt/tidalfs-hssh01/dataset/xiang/models/Qwen2.5-VL-7B-Instruct,42,not_empty,next_token
A_0113,A,FINAL,ABCD,1,-0.825939416885376,-0.575939416885376,0.43782350420951843,0.562176525592804,-0.8274680972099304,-0.5774680972099304,0.562176525592804,1,1,"{""A"": ""orientation"", ""B"": ""position"", ""C"": ""color"", ""D"": ""size""}",/mnt/tidalfs-hssh01/dataset/xiang/models/Qwen2.5-VL-7B-Instruct,42,not_empty,next_token
A_0121,A,STEP1,EMPTY,1,-0.7575989961624146,-0.6325989961624146,0.4687906503677368,0.531209409236908,-0.8536394238471985,-0.7286394238471985,0.531209409236908,1,1,"{""A"": ""orientation"", ""B"": ""position"", ""C"": ""color"", ""D"": ""size""}",/mnt/tidalfs-hssh01/dataset/xiang/models/Qwen2.5-VL-7B-Instruct,42,text_only,next_token
A_0121,A,STEP1,A,1,-0.7575989961624146,-0.6325989961624146,0.4687906503677368,0.531209409236908,-0.7644864916801453,-0.6394864916801453,0.531209409236908,1,1,"{""A"": ""orientation"", ""B"": ""position"", ""C"": ""color"", ""D"": ""size""}",/mnt/tidalfs-hssh01/dataset/xiang/models/Qwen2.5-VL-7B-Instruct,42,not_empty,next_token
A_0121,A,STEP1,B,1,-0.825939416885376,-0.575939416885376,0.43782350420951843,0.562176525592804,-0.8280298113822937,-0.5780298113822937,0.562176525592804,1,1,"{""A"": ""orientation"", ""B"": ""position"", ""C"": ""color"", ""D"": ""size""}",/mnt/tidalfs-hssh01/dataset/xiang/models/Qwen2.5-VL-7B-Instruct,42,not_empty,next_token
A_0121,A,STEP1,C,1,-0.825939416885376,-0.575939416885376,0.43782350420951843,0.562176525592804,-0.8287026286125183,-0.5787026286125183,0.562176525592804,1,1,"{""A"": ""orientation"", ""B"": ""position"", ""C"": ""color"", ""D"": ""size""}",/mnt/tidalfs-hssh01/dataset/xiang/models/Qwen2.5-VL-7B-Instruct,42,not_empty,next_token
A_0121,A,STEP1,D,1,-0.8981232643127441,-0.5231232643127441,0.4073334038257599,0.5926665663719177,-0.9012390375137329,-0.5262390375137329,0.5926665663719177,1,1,"{""A"": ""orientation"", ""B"": ""position"", ""C"": ""color"", ""D"": ""size""}",/mnt/tidalfs-hssh01/dataset/xiang/models/Qwen2.5-VL-7B-Instruct,42,not_empty,next_token
A_0121,A,STEP1,AB,1,-0.7575989961624146,-0.6325989961624146,0.4687906503677368,0.531209409236908,-0.7584649920463562,-0.6334649920463562,0.531209409236908,1,1,"{""A"": ""orientation"", ""B"": ""position"", ""C"": ""color"", ""D"": ""size""}",/mnt/tidalfs-hssh01/dataset/xiang/models/Qwen2.5-VL-7B-Instruct,42,not_empty,next_token
A_0121,A,STEP1,AC,1,-0.825939416885376,-0.575939416885376,0.43782350420951843,0.562176525592804,-0.8264418244361877,-0.5764418244361877,0.562176525592804,1,1,"{""A"": ""orientation"", ""B"": ""position"", ""C"": ""color"", ""D"": ""size""}",/mnt/tidalfs-hssh01/dataset/xiang/models/Qwen2.5-VL-7B-Instruct,42,not_empty,next_token
A_0121,A,STEP1,AD,1,-0.7575989961624146,-0.6325989961624146,0.4687906503677368,0.531209409236908,-0.7584500908851624,-0.6334500908851624,0.531209409236908,1,1,"{""A"": ""orientation"", ""B"": ""position"", ""C"": ""color"", ""D"": ""size""}",/mnt/tidalfs-hssh01/dataset/xiang/models/Qwen2.5-VL-7B-Instruct,42,not_empty,next_token
A_0121,A,STEP1,BC,1,-0.8981232643127441,-0.5231232643127441,0.4073334038257599,0.5926665663719177,-0.8986491560935974,-0.5236491560935974,0.5926665663719177,1,1,"{""A"": ""orientation"", ""B"": ""position"", ""C"": ""color"", ""D"": ""size""}",/mnt/tidalfs-hssh01/dataset/xiang/models/Qwen2.5-VL-7B-Instruct,42,not_empty,next_token
A_0121,A,STEP1,BD,1,-0.825939416885376,-0.575939416885376,0.43782350420951843,0.562176525592804,-0.8267825245857239,-0.5767825245857239,0.562176525592804,1,1,"{""A"": ""orientation"", ""B"": ""position"", ""C"": ""color"", ""D"": ""size""}",/mnt/tidalfs-hssh01/dataset/xiang/models/Qwen2.5-VL-7B-Instruct,42,not_empty,next_token
A_0121,A,STEP1,CD,1,-0.8981232643127441,-0.5231232643127441,0.4073334038257599,0.5926665663719177,-0.8986594080924988,-0.5236594080924988,0.5926665663719177,1,1,"{""A"": ""orientation"", ""B"": ""position"", ""C"": ""color"", ""D"": ""size""}",/mnt/tidalfs-hssh01/dataset/xiang/models/Qwen2.5-VL-7B-Instruct,42,not_empty,next_token
A_0121,A,STEP1,ABC,1,-0.825939416885376,-0.575939416885376,0.43782350420951843,0.562176525592804,-0.8262223601341248,-0.5762223601341248,0.562176525592804,1,1,"{""A"": ""orientation"", ""B"": ""position"", ""C"": ""color"", ""D"": ""size""}",/mnt/tidalfs-hssh01/dataset/xiang/models/Qwen2.5-VL-7B-Instruct,42,not_empty,next_token
A_0121,A,STEP1,ABD,1,-0.825939416885376,-0.575939416885376,0.43782350420951843,0.562176525592804,-0.8262840509414673,-0.5762840509414673,0.562176525592804,1,1,"{""A"": ""orientation"", ""B"": ""position"", ""C"": ""color"", ""D"": ""size""}",/mnt/tidalfs-hssh01/dataset/xiang/models/Qwen2.5-VL-7B-Instruct,42,not_empty,next_token
A_0121,A,STEP1,ACD,1,-0.825939416885376,-0.575939416885376,0.43782350420951843,0.562176525592804,-0.826228678226471,-0.576228678226471,0.562176525592804,1,1,"{""A"": ""orientation"", ""B"": ""position"", ""C"": ""color"", ""D"": ""size""}",/mnt/tidalfs-hssh01/dataset/xiang/models/Qwen2.5-VL-7B-Instruct,42,not_empty,next_token
A_0121,A,STEP1,BCD,1,-0.8981232643127441,-0.5231232643127441,0.4073334038257599,0.5926665663719177,-0.8983176946640015,-0.5233176946640015,0.5926665663719177,1,1,"{""A"": ""orientation"", ""B"": ""position"", ""C"": ""color"", ""D"": ""size""}",/mnt/tidalfs-hssh01/dataset/xiang/models/Qwen2.5-VL-7B-Instruct,42,not_empty,next_token
A_0121,A,STEP1,ABCD,1,-0.8981232643127441,-0.5231232643127441,0.4073334038257599,0.5926665663719177,-0.8983191251754761,-0.5233191251754761,0.5926665663719177,1,1,"{""A"": ""orientation"", ""B"": ""position"", ""C"": ""color"", ""D"": ""size""}",/mnt/tidalfs-hssh01/dataset/xiang/models/Qwen2.5-VL-7B-Instruct,42,not_empty,next_token
A_0121,A,STEP2,EMPTY,1,-1.3132617473602295,-0.3132617473602295,0.26894140243530273,0.7310584783554077,-1.3575432300567627,-0.3575432002544403,0.7310584783554077,1,1,"{""A"": ""orientation"", ""B"": ""position"", ""C"": ""color"", ""D"": ""size""}",/mnt/tidalfs-hssh01/dataset/xiang/models/Qwen2.5-VL-7B-Instruct,42,text_only,next_token
A_0121,A,STEP2,A,1,-1.3132617473602295,-0.3132617473602295,0.26894140243530273,0.7310584783554077,-1.3183958530426025,-0.3183959126472473,0.7310584783554077,1,1,"{""A"": ""orientation"", ""B"": ""position"", ""C"": ""color"", ""D"": ""size""}",/mnt/tidalfs-hssh01/dataset/xiang/models/Qwen2.5-VL-7B-Instruct,42,not_empty,next_token
A_0121,A,STEP2,B,1,-1.1368709802627563,-0.38687101006507874,0.3208213150501251,0.6791786551475525,-1.138523817062378,-0.3885238468647003,0.6791786551475525,1,1,"{""A"": ""orientation"", ""B"": ""position"", ""C"": ""color"", ""D"": ""size""}",/mnt/tidalfs-hssh01/dataset/xiang/models/Qwen2.5-VL-7B-Instruct,42,not_empty,next_token
A_0121,A,STEP2,C,1,-1.1368709802627563,-0.38687101006507874,0.3208213150501251,0.6791786551475525,-1.1384496688842773,-0.38844969868659973,0.6791786551475525,1,1,"{""A"": ""orientation"", ""B"": ""position"", ""C"": ""color"", ""D"": ""size""}",/mnt/tidalfs-hssh01/dataset/xiang/models/Qwen2.5-VL-7B-Instruct,42,not_empty,next_token
A_0121,A,STEP2,D,1,-1.3132617473602295,-0.3132617473602295,0.26894140243530273,0.7310584783554077,-1.3144782781600952,-0.3144782781600952,0.7310584783554077,1,1,"{""A"": ""orientation"", ""B"": ""position"", ""C"": ""color"", ""D"": ""size""}",/mnt/tidalfs-hssh01/dataset/xiang/models/Qwen2.5-VL-7B-Instruct,42,not_empty,next_token
A_0121,A,STEP2,AB,1,-1.136871099472046,-0.38687101006507874,0.32082128524780273,0.6791786551475525,-1.138786792755127,-0.3887867331504822,0.6791786551475525,1,1,"{""A"": ""orientation"", ""B"": ""position"", ""C"": ""color"", ""D"": ""size""}",/mnt/tidalfs-hssh01/dataset/xiang/models/Qwen2.5-VL-7B-Instruct,42,not_empty,next_token
A_0121,A,STEP2,AC,1,-1.2234445810317993,-0.3484445810317993,0.29421499371528625,0.7057850360870361,-1.2240785360336304,-0.349078506231308,0.7057850360870361,1,1,"{""A"": ""orientation"", ""B"": ""position"", ""C"": ""color"", ""D"": ""size""}",/mnt/tidalfs-hssh01/dataset/xiang/models/Qwen2.5-VL-7B-Instruct,42,not_empty,next_token
A_0121,A,STEP2,AD,1,-1.2234444618225098,-0.3484445810317993,0.29421502351760864,0.7057850360870361,-1.2250499725341797,-0.35005003213882446,0.7057850360870361,1,1,"{""A"": ""orientation"", ""B"": ""position"", ""C"": ""color"", ""D"": ""size""}",/mnt/tidalfs-hssh01/dataset/xiang/models/Qwen2.5-VL-7B-Instruct,42,not_empty,next_token
A_0121,A,STEP2,BC,1,-1.2234445810317993,-0.3484445810317993,0.29421499371528625,0.7057850360870361,-1.224609136581421,-0.3496091067790985,0.7057850360870361,1,1,"{""A"": ""orientation"", ""B"": ""position"", ""C"": ""color"", ""D"": ""size""}",/mnt/tidalfs-hssh01/dataset/xiang/models/Qwen2.5-VL-7B-Instruct,42,not_empty,next_token
A_0121,A,STEP2,BD,1,-1.1368709802627563,-0.38687101006507874,0.3208213150501251,0.6791786551475525,-1.1383633613586426,-0.38836339116096497,0.6791786551475525,1,1,"{""A"": ""orientation"", ""B"": ""position"", ""C"": ""color"", ""D"": ""size""}",/mnt/tidalfs-hssh01/dataset/xiang/models/Qwen2.5-VL-7B-Instruct,42,not_empty,next_token
A_0121,A,STEP2,CD,1,-1.1368709802627563,-0.38687101006507874,0.3208213150501251,0.6791786551475525,-1.1373692750930786,-0.387369304895401,0.6791786551475525,1,1,"{""A"": ""orientation"", ""B"": ""position"", ""C"": ""color"", ""D"": ""size""}",/mnt/tidalfs-hssh01/dataset/xiang/models/Qwen2.5-VL-7B-Instruct,42,not_empty,next_token
A_0121,A,STEP2,ABC,1,-1.1368709802627563,-0.38687101006507874,0.3208213150501251,0.6791786551475525,-1.1377900838851929,-0.38779011368751526,0.6791786551475525,1,1,"{""A"": ""orientation"", ""B"": ""position"", ""C"": ""color"", ""D"": ""size""}",/mnt/tidalfs-hssh01/dataset/xiang/models/Qwen2.5-VL-7B-Instruct,42,not_empty,next_token
A_0121,A,STEP2,ABD,1,-1.2234444618225098,-0.3484445810317993,0.29421502351760864,0.7057850360870361,-1.2242014408111572,-0.349201500415802,0.7057850360870361,1,1,"{""A"": ""orientation"", ""B"": ""position"", ""C"": ""color"", ""D"": ""size""}",/mnt/tidalfs-hssh01/dataset/xiang/models/Qwen2.5-VL-7B-Instruct,42,not_empty,next_token
A_0121,A,STEP2,ACD,1,-1.136871099472046,-0.38687101006507874,0.32082128524780273,0.6791786551475525,-1.137291431427002,-0.3872913718223572,0.6791786551475525,1,1,"{""A"": ""orientation"", ""B"": ""position"", ""C"": ""color"", ""D"": ""size""}",/mnt/tidalfs-hssh01/dataset/xiang/models/Qwen2.5-VL-7B-Instruct,42,not_empty,next_token
A_0121,A,STEP2,BCD,1,-1.1368709802627563,-0.38687101006507874,0.3208213150501251,0.6791786551475525,-1.137262225151062,-0.3872622549533844,0.6791786551475525,1,1,"{""A"": ""orientation"", ""B"": ""position"", ""C"": ""color"", ""D"": ""size""}",/mnt/tidalfs-hssh01/dataset/xiang/models/Qwen2.5-VL-7B-Instruct,42,not_empty,next_token
A_0121,A,STEP2,ABCD,1,-1.1368709802627563,-0.38687101006507874,0.3208213150501251,0.6791786551475525,-1.1375644207000732,-0.387564480304718,0.6791786551475525,1,1,"{""A"": ""orientation"", ""B"": ""position"", ""C"": ""color"", ""D"": ""size""}",/mnt/tidalfs-hssh01/dataset/xiang/models/Qwen2.5-VL-7B-Instruct,42,not_empty,next_token
A_0121,A,FINAL,EMPTY,0,-0.8259394764900208,-0.575939416885376,0.43782350420951843,0.562176525592804,-1.1369755268096924,-0.8869754672050476,0.43782350420951843,1,0,"{""A"": ""orientation"", ""B"": ""position"", ""C"": ""color"", ""D"": ""size""}",/mnt/tidalfs-hssh01/dataset/xiang/models/Qwen2.5-VL-7B-Instruct,42,text_only,next_token
A_0121,A,FINAL,A,0,-0.8981232643127441,-0.5231232643127441,0.4073334038257599,0.5926665663719177,-0.9338021874427795,-0.5588021874427795,0.4073334038257599,1,0,"{""A"": ""orientation"", ""B"": ""position"", ""C"": ""color"", ""D"": ""size""}",/mnt/tidalfs-hssh01/dataset/xiang/models/Qwen2.5-VL-7B-Instruct,42,not_empty,next_token
A_0121,A,FINAL,B,0,-0.8981232643127441,-0.5231232643127441,0.4073334038257599,0.5926665663719177,-0.9216486215591431,-0.5466486215591431,0.4073334038257599,1,0,"{""A"": ""orientation"", ""B"": ""position"", ""C"": ""color"", ""D"": ""size""}",/mnt/tidalfs-hssh01/dataset/xiang/models/Qwen2.5-VL-7B-Instruct,42,not_empty,next_token
A_0121,A,FINAL,C,0,-0.8981232643127441,-0.5231232643127441,0.4073334038257599,0.5926665663719177,-0.9067662954330444,-0.5317662954330444,0.4073334038257599,1,0,"{""A"": ""orientation"", ""B"": ""position"", ""C"": ""color"", ""D"": ""size""}",/mnt/tidalfs-hssh01/dataset/xiang/models/Qwen2.5-VL-7B-Instruct,42,not_empty,next_token
A_0121,A,FINAL,D,0,-0.9740769863128662,-0.4740769863128662,0.3775406777858734,0.622459352016449,-0.9890617728233337,-0.48906177282333374,0.3775406777858734,1,0,"{""A"": ""orientation"", ""B"": ""position"", ""C"": ""color"", ""D"": ""size""}",/mnt/tidalfs-hssh01/dataset/xiang/models/Qwen2.5-VL-7B-Instruct,42,not_empty,next_token
A_0121,A,FINAL,AB,0,-0.825939416885376,-0.575939416885376,0.43782350420951843,0.562176525592804,-0.8317501544952393,-0.5817501544952393,0.43782350420951843,1,0,"{""A"": ""orientation"", ""B"": ""position"", ""C"": ""color"", ""D"": ""size""}",/mnt/tidalfs-hssh01/dataset/xiang/models/Qwen2.5-VL-7B-Instruct,42,not_empty,next_token
A_0121,A,FINAL,AC,0,-0.8981232643127441,-0.5231232643127441,0.4073334038257599,0.5926665663719177,-0.8993690013885498,-0.5243690013885498,0.4073334038257599,1,0,"{""A"": ""orientation"", ""B"": ""position"", ""C"": ""color"", ""D"": ""size""}",/mnt/tidalfs-hssh01/dataset/xiang/models/Qwen2.5-VL-7B-Instruct,42,not_empty,next_token
A_0121,A,FINAL,AD,0,-0.8981232643127441,-0.5231232643127441,0.4073334038257599,0.5926665663719177,-0.9032459259033203,-0.5282459259033203,0.4073334038257599,1,0,"{""A"": ""orientation"", ""B"": ""position"", ""C"": ""color"", ""D"": ""size""}",/mnt/tidalfs-hssh01/dataset/xiang/models/Qwen2.5-VL-7B-Instruct,42,not_empty,next_token
A_0121,A,FINAL,BC,0,-0.8981232643127441,-0.5231232643127441,0.4073334038257599,0.5926665663719177,-0.9014354944229126,-0.5264354944229126,0.4073334038257599,1,0,"{""A"": ""orientation"", ""B"": ""position"", ""C"": ""color"", ""D"": ""size""}",/mnt/tidalfs-hssh01/dataset/xiang/models/Qwen2.5-VL-7B-Instruct,42,not_empty,next_token
A_0121,A,FINAL,BD,0,-0.8981232643127441,-0.5231232643127441,0.4073334038257599,0.5926665663719177,-0.903567910194397,-0.528567910194397,0.4073334038257599,1,0,"{""A"": ""orientation"", ""B"": ""position"", ""C"": ""color"", ""D"": ""size""}",/mnt/tidalfs-hssh01/dataset/xiang/models/Qwen2.5-VL-7B-Instruct,42,not_empty,next_token
A_0121,A,FINAL,CD,0,-0.8981232643127441,-0.5231232643127441,0.4073334038257599,0.5926665663719177,-0.8992788791656494,-0.5242788791656494,0.4073334038257599,1,0,"{""A"": ""orientation"", ""B"": ""position"", ""C"": ""color"", ""D"": ""size""}",/mnt/tidalfs-hssh01/dataset/xiang/models/Qwen2.5-VL-7B-Instruct,42,not_empty,next_token
A_0121,A,FINAL,ABC,0,-0.825939416885376,-0.575939416885376,0.43782350420951843,0.562176525592804,-0.8287502527236938,-0.5787502527236938,0.43782350420951843,1,0,"{""A"": ""orientation"", ""B"": ""position"", ""C"": ""color"", ""D"": ""size""}",/mnt/tidalfs-hssh01/dataset/xiang/models/Qwen2.5-VL-7B-Instruct,42,not_empty,next_token
A_0121,A,FINAL,ABD,0,-0.825939416885376,-0.575939416885376,0.43782350420951843,0.562176525592804,-0.8283229470252991,-0.5783229470252991,0.43782350420951843,1,0,"{""A"": ""orientation"", ""B"": ""position"", ""C"": ""color"", ""D"": ""size""}",/mnt/tidalfs-hssh01/dataset/xiang/models/Qwen2.5-VL-7B-Instruct,42,not_empty,next_token
A_0121,A,FINAL,ACD,0,-0.8981232643127441,-0.5231232643127441,0.4073334038257599,0.5926665663719177,-0.8990203738212585,-0.5240203738212585,0.4073334038257599,1,0,"{""A"": ""orientation"", ""B"": ""position"", ""C"": ""color"", ""D"": ""size""}",/mnt/tidalfs-hssh01/dataset/xiang/models/Qwen2.5-VL-7B-Instruct,42,not_empty,next_token
A_0121,A,FINAL,BCD,0,-0.9740769863128662,-0.4740769863128662,0.3775406777858734,0.622459352016449,-0.976440966129303,-0.476440966129303,0.3775406777858734,1,0,"{""A"": ""orientation"", ""B"": ""position"", ""C"": ""color"", ""D"": ""size""}",/mnt/tidalfs-hssh01/dataset/xiang/models/Qwen2.5-VL-7B-Instruct,42,not_empty,next_token
A_0121,A,FINAL,ABCD,0,-0.9740769863128662,-0.4740769863128662,0.3775406777858734,0.622459352016449,-0.9758989214897156,-0.4758989214897156,0.3775406777858734,1,0,"{""A"": ""orientation"", ""B"": ""position"", ""C"": ""color"", ""D"": ""size""}",/mnt/tidalfs-hssh01/dataset/xiang/models/Qwen2.5-VL-7B-Instruct,42,not_empty,next_token
B_0001,B,STEP,EMPTY,1,-0.8981232643127441,-0.5231232643127441,0.4073334038257599,0.5926665663719177,-0.9199725389480591,-0.5449725389480591,0.5926665663719177,1,1,"{""A"": ""position"", ""B"": ""color"", ""C"": ""size"", ""D"": ""orientation""}",/mnt/tidalfs-hssh01/dataset/xiang/models/Qwen2.5-VL-7B-Instruct,42,text_only,next_token
B_0001,B,STEP,A,1,-0.7575989961624146,-0.6325989961624146,0.4687906503677368,0.531209409236908,-0.7590900659561157,-0.6340900659561157,0.531209409236908,1,1,"{""A"": ""position"", ""B"": ""color"", ""C"": ""size"", ""D"": ""orientation""}",/mnt/tidalfs-hssh01/dataset/xiang/models/Qwen2.5-VL-7B-Instruct,42,not_empty,next_token
B_0001,B,STEP,B,1,-0.9740769863128662,-0.4740769863128662,0.3775406777858734,0.622459352016449,-0.9755319356918335,-0.4755319356918335,0.622459352016449,1,1,"{""A"": ""position"", ""B"": ""color"", ""C"": ""size"", ""D"": ""orientation""}",/mnt/tidalfs-hssh01/dataset/xiang/models/Qwen2.5-VL-7B-Instruct,42,not_empty,next_token
B_0001,B,STEP,C,1,-0.825939416885376,-0.575939416885376,0.43782350420951843,0.562176525592804,-0.8287182450294495,-0.5787182450294495,0.562176525592804,1,1,"{""A"": ""position"", ""B"": ""color"", ""C"": ""size"", ""D"": ""orientation""}",/mnt/tidalfs-hssh01/dataset/xiang/models/Qwen2.5-VL-7B-Instruct,42,not_empty,next_token
B_0001,B,STEP,D,1,-0.9740769863128662,-0.4740769863128662,0.3775406777858734,0.622459352016449,-0.976794958114624,-0.4767949879169464,0.622459352016449,1,1,"{""A"": ""position"", ""B"": ""color"", ""C"": ""size"", ""D"": ""orientation""}",/mnt/tidalfs-hssh01/dataset/xiang/models/Qwen2.5-VL-7B-Instruct,42,not_empty,next_token
B_0001,B,STEP,AB,1,-0.8981232643127441,-0.5231232643127441,0.4073334038257599,0.5926665663719177,-0.8987698554992676,-0.5237698554992676,0.5926665663719177,1,1,"{""A"": ""position"", ""B"": ""color"", ""C"": ""size"", ""D"": ""orientation""}",/mnt/tidalfs-hssh01/dataset/xiang/models/Qwen2.5-VL-7B-Instruct,42,not_empty,next_token
B_0001,B,STEP,AC,1,-0.8981232643127441,-0.5231232643127441,0.4073334038257599,0.5926665663719177,-0.8985093832015991,-0.5235093832015991,0.5926665663719177,1,1,"{""A"": ""position"", ""B"": ""color"", ""C"": ""size"", ""D"": ""orientation""}",/mnt/tidalfs-hssh01/dataset/xiang/models/Qwen2.5-VL-7B-Instruct,42,not_empty,next_token
B_0001,B,STEP,AD,1,-0.825939416885376,-0.575939416885376,0.43782350420951843,0.562176525592804,-0.8266280293464661,-0.5766280293464661,0.562176525592804,1,1,"{""A"": ""position"", ""B"": ""color"", ""C"": ""size"", ""D"": ""orientation""}",/mnt/tidalfs-hssh01/dataset/xiang/models/Qwen2.5-VL-7B-Instruct,42,not_empty,next_token
B_0001,B,STEP,BC,1,-0.9740769863128662,-0.4740769863128662,0.3775406777858734,0.622459352016449,-0.9747395515441895,-0.47473955154418945,0.622459352016449,1,1,"{""A"": ""position"", ""B"": ""color"", ""C"": ""size"", ""D"": ""orientation""}",/mnt/tidalfs-hssh01/dataset/xiang/models/Qwen2.5-VL-7B-Instruct,42,not_empty,next_token
B_0001,B,STEP,BD,1,-0.8981232643127441,-0.5231232643127441,0.4073334038257599,0.5926665663719177,-0.8989585638046265,-0.5239585638046265,0.5926665663719177,1,1,"{""A"": ""position"", ""B"": ""color"", ""C"": ""size"", ""D"": ""orientation""}",/mnt/tidalfs-hssh01/dataset/xiang/models/Qwen2.5-VL-7B-Instruct,42,not_empty,next_token
B_0001,B,STEP,CD,1,-0.825939416885376,-0.575939416885376,0.43782350420951843,0.562176525592804,-0.8269920349121094,-0.5769920349121094,0.562176525592804,1,1,"{""A"": ""position"", ""B"": ""color"", ""C"": ""size"", ""D"": ""orientation""}",/mnt/tidalfs-hssh01/dataset/xiang/models/Qwen2.5-VL-7B-Instruct,42,not_empty,next_token
B_0001,B,STEP,ABC,1,-0.8981232643127441,-0.5231232643127441,0.4073334038257599,0.5926665663719177,-0.8984948396682739,-0.5234948396682739,0.5926665663719177,1,1,"{""A"": ""position"", ""B"": ""color"", ""C"": ""size"", ""D"": ""orientation""}",/mnt/tidalfs-hssh01/dataset/xiang/models/Qwen2.5-VL-7B-Instruct,42,not_empty,next_token
B_0001,B,STEP,ABD,1,-0.9740769863128662,-0.4740769863128662,0.3775406777858734,0.622459352016449,-0.9744302034378052,-0.4744302034378052,0.622459352016449,1,1,"{""A"": ""position"", ""B"": ""color"", ""C"": ""size"", ""D"": ""orientation""}",/mnt/tidalfs-hssh01/dataset/xiang/models/Qwen2.5-VL-7B-Instruct,42,not_empty,next_token
B_0001,B,STEP,ACD,1,-0.8981232643127441,-0.5231232643127441,0.4073334038257599,0.5926665663719177,-0.8984251618385315,-0.5234251618385315,0.5926665663719177,1,1,"{""A"": ""position"", ""B"": ""color"", ""C"": ""size"", ""D"": ""orientation""}",/mnt/tidalfs-hssh01/dataset/xiang/models/Qwen2.5-VL-7B-Instruct,42,not_empty,next_token
B_0001,B,STEP,BCD,1,-0.9740769863128662,-0.4740769863128662,0.3775406777858734,0.622459352016449,-0.9745475649833679,-0.4745475649833679,0.622459352016449,1,1,"{""A"": ""position"", ""B"": ""color"", ""C"": ""size"", ""D"": ""orientation""}",/mnt/tidalfs-hssh01/dataset/xiang/models/Qwen2.5-VL-7B-Instruct,42,not_empty,next_token
B_0001,B,STEP,ABCD,1,-0.9740769863128662,-0.4740769863128662,0.3775406777858734,0.622459352016449,-0.9743558764457703,-0.47435587644577026,0.622459352016449,1,1,"{""A"": ""position"", ""B"": ""color"", ""C"": ""size"", ""D"": ""orientation""}",/mnt/tidalfs-hssh01/dataset/xiang/models/Qwen2.5-VL-7B-Instruct,42,not_empty,next_token
B_0009,B,STEP,EMPTY,1,-0.9740769863128662,-0.4740769863128662,0.3775406777858734,0.622459352016449,-0.9828988313674927,-0.4828988313674927,0.622459352016449,1,1,"{""A"": ""color"", ""B"": ""size"", ""C"": ""orientation"", ""D"": ""position""}",/mnt/tidalfs-hssh01/dataset/xiang/models/Qwen2.5-VL-7B-Instruct,42,text_only,next_token
B_0009,B,STEP,A,1,-0.8981232643127441,-0.5231232643127441,0.4073334038257599,0.5926665663719177,-0.8992325067520142,-0.5242325067520142,0.5926665663719177,1,1,"{""A"": ""color"", ""B"": ""size"", ""C"": ""orientation"", ""D"": ""position""}",/mnt/tidalfs-hssh01/dataset/xiang/models/Qwen2.5-VL-7B-Instruct,42,not_empty,next_token
B_0009,B,STEP,B,1,-1.0537006855010986,-0.42870065569877625,0.3486451208591461,0.6513548493385315,-1.0547888278961182,-0.4297887682914734,0.6513548493385315,1,1,"{""A"": ""color"", ""B"": ""size"", ""C"": ""orientation"", ""D"": ""position""}",/mnt/tidalfs-hssh01/dataset/xiang/models/Qwen2.5-VL-7B-Instruct,42,not_empty,next_token
B_0009,B,STEP,C,1,-1.1368709802627563,-0.38687101006507874,0.3208213150501251,0.6791786551475525,-1.1379870176315308,-0.3879869878292084,0.6791786551475525,1,1,"{""A"": ""color"", ""B"": ""size"", ""C"": ""orientation"", ""D"": ""position""}",/mnt/tidalfs-hssh01/dataset/xiang/models/Qwen2.5-VL-7B-Instruct,42,not_empty,next_token
B_0009,B,STEP,D,1,-0.8981232643127441,-0.5231232643127441,0.4073334038257599,0.5926665663719177,-0.8994076251983643,-0.5244076251983643,0.5926665663719177,1,1,"{""A"": ""color"", ""B"": ""size"", ""C"": ""orientation"", ""D"": ""position""}",/mnt/tidalfs-hssh01/dataset/xiang/models/Qwen2.5-VL-7B-Instruct,42,not_empty,next_token
B_0009,B,STEP,AB,1,-0.825939416885376,-0.575939416885376,0.43782350420951843,0.562176525592804,-0.8263639211654663,-0.5763639211654663,0.562176525592804,1,1,"{""A"": ""color"", ""B"": ""size"", ""C"": ""orientation"", ""D"": ""position""}",/mnt/tidalfs-hssh01/dataset/xiang/models/Qwen2.5-VL-7B-Instruct,42,not_empty,next_token
B_0009,B,STEP,AC,1,-0.9740769863128662,-0.4740769863128662,0.3775406777858734,0.622459352016449,-0.9745014905929565,-0.47450149059295654,0.622459352016449,1,1,"{""A"": ""color"", ""B"": ""size"", ""C"": ""orientation"", ""D"": ""position""}",/mnt/tidalfs-hssh01/dataset/xiang/models/Qwen2.5-VL-7B-Instruct,42,not_empty,next_token
B_0009,B,STEP,AD,1,-0.825939416885376,-0.575939416885376,0.43782350420951843,0.562176525592804,-0.8264378309249878,-0.5764378309249878,0.562176525592804,1,1,"{""A"": ""color"", ""B"": ""size"", ""C"": ""orientation"", ""D"": ""position""}",/mnt/tidalfs-hssh01/dataset/xiang/models/Qwen2.5-VL-7B-Instruct,42,not_empty,next_token
B_0009,B,STEP,BC,1,-0.9740769863128662,-0.4740769863128662,0.3775406777858734,0.622459352016449,-0.9748711585998535,-0.4748711585998535,0.622459352016449,1,1,"{""A"": ""color"", ""B"": ""size"", ""C"": ""orientation"", ""D"": ""position""}",/mnt/tidalfs-hssh01/dataset/xiang/models/Qwen2.5-VL-7B-Instruct,42,not_empty,next_token
B_0009,B,STEP,BD,1,-0.8981232643127441,-0.5231232643127441,0.4073334038257599,0.5926665663719177,-0.8987720012664795,-0.5237720012664795,0.5926665663719177,1,1,"{""A"": ""color"", ""B"": ""size"", ""C"": ""orientation"", ""D"": ""position""}",/mnt/tidalfs-hssh01/dataset/xiang/models/Qwen2.5-VL-7B-Instruct,42,not_empty,next_token
B_0009,B,STEP,CD,1,-1.1368709802627563,-0.38687101006507874,0.3208213150501251,0.6791786551475525,-1.137416958808899,-0.3874169886112213,0.6791786551475525,1,1,"{""A"": ""color"", ""B"": ""size"", ""C"": ""orientation"", ""D"": ""position""}",/mnt/tidalfs-hssh01/dataset/xiang/models/Qwen2.5-VL-7B-Instruct,42,not_empty,next_token
B_0009,B,STEP,ABC,1,-0.825939416885376,-0.575939416885376,0.43782350420951843,0.562176525592804,-0.826328456401825,-0.576328456401825,0.562176525592804,1,1,"{""A"": ""color"", ""B"": ""size"", ""C"": ""orientation"", ""D"": ""position""}",/mnt/tidalfs-hssh01/dataset/xiang/models/Qwen2.5-VL-7B-Instruct,42,not_empty,next_token
B_0009,B,STEP,ABD,1,-0.8981232643127441,-0.5231232643127441,0.4073334038257599,0.5926665663719177,-0.8984903693199158,-0.5234903693199158,0.5926665663719177,1,1,"{""A"": ""color"", ""B"": ""size"", ""C"": ""orientation"", ""D"": ""position""}",/mnt/tidalfs-hssh01/dataset/xiang/models/Qwen2.5-VL-7B-Instruct,42,not_empty,next_token
B_0009,B,STEP,ACD,1,-1.0537006855010986,-0.42870065569877625,0.3486451208591461,0.6513548493385315,-1.0539871454238892,-0.42898714542388916,0.6513548493385315,1,1,"{""A"": ""color"", ""B"": ""size"", ""C"": ""orientation"", ""D"": ""position""}",/mnt/tidalfs-hssh01/dataset/xiang/models/Qwen2.5-VL-7B-Instruct,42,not_empty,next_token
B_0009,B,STEP,BCD,1,-0.9740769863128662,-0.4740769863128662,0.3775406777858734,0.622459352016449,-0.9745837450027466,-0.4745837450027466,0.622459352016449,1,1,"{""A"": ""color"", ""B"": ""size"", ""C"": ""orientation"", ""D"": ""position""}",/mnt/tidalfs-hssh01/dataset/xiang/models/Qwen2.5-VL-7B-Instruct,42,not_empty,next_token
B_0009,B,STEP,ABCD,1,-0.9740769863128662,-0.4740769863128662,0.3775406777858734,0.622459352016449,-0.974322497844696,-0.47432249784469604,0.622459352016449,1,1,"{""A"": ""color"", ""B"": ""size"", ""C"": ""orientation"", ""D"": ""position""}",/mnt/tidalfs-hssh01/dataset/xiang/models/Qwen2.5-VL-7B-Instruct,42,not_empty,next_token
B_0017,B,STEP,EMPTY,1,-0.825939416885376,-0.575939416885376,0.43782350420951843,0.562176525592804,-0.8349793553352356,-0.5849793553352356,0.562176525592804,1,1,"{""A"": ""size"", ""B"": ""orientation"", ""C"": ""position"", ""D"": ""color""}",/mnt/tidalfs-hssh01/dataset/xiang/models/Qwen2.5-VL-7B-Instruct,42,text_only,next_token
B_0017,B,STEP,A,1,-0.6931471824645996,-0.6931471824645996,0.5,0.5,-0.6942474842071533,-0.6942474842071533,0.5,0,0,"{""A"": ""size"", ""B"": ""orientation"", ""C"": ""position"", ""D"": ""color""}",/mnt/tidalfs-hssh01/dataset/xiang/models/Qwen2.5-VL-7B-Instruct,42,not_empty,next_token
B_0017,B,STEP,B,1,-1.0537006855010986,-0.42870065569877625,0.3486451208591461,0.6513548493385315,-1.0545393228530884,-0.429539293050766,0.6513548493385315,1,1,"{""A"": ""size"", ""B"": ""orientation"", ""C"": ""position"", ""D"": ""color""}",/mnt/tidalfs-hssh01/dataset/xiang/models/Qwen2.5-VL-7B-Instruct,42,not_empty,next_token
B_0017,B,STEP,C,1,-0.825939416885376,-0.575939416885376,0.43782350420951843,0.562176525592804,-0.8274153470993042,-0.5774153470993042,0.562176525592804,1,1,"{""A"": ""size"", ""B"": ""orientation"", ""C"": ""position"", ""D"": ""color""}",/mnt/tidalfs-hssh01/dataset/xiang/models/Qwen2.5-VL-7B-Instruct,42,not_empty,next_token
B_0017,B,STEP,D,1,-0.7575989961624146,-0.6325989961624146,0.4687906503677368,0.531209409236908,-0.7591000199317932,-0.6341000199317932,0.531209409236908,1,1,"{""A"": ""size"", ""B"": ""orientation"", ""C"": ""position"", ""D"": ""color""}",/mnt/tidalfs-hssh01/dataset/xiang/models/Qwen2.5-VL-7B-Instruct,42,not_empty,next_token
B_0017,B,STEP,AB,1,-0.825939416885376,-0.575939416885376,0.43782350420951843,0.562176525592804,-0.8265458345413208,-0.5765458345413208,0.562176525592804,1,1,"{""A"": ""size"", ""B"": ""orientation"", ""C"": ""position"", ""D"": ""color""}",/mnt/tidalfs-hssh01/dataset/xiang/models/Qwen2.5-VL-7B-Instruct,42,not_empty,next_token
B_0017,B,STEP,AC,1,-0.825939416885376,-0.575939416885376,0.43782350420951843,0.562176525592804,-0.8263320326805115,-0.5763320326805115,0.562176525592804,1,1,"{""A"": ""size"", ""B"": ""orientation"", ""C"": ""position"", ""D"": ""color""}",/mnt/tidalfs-hssh01/dataset/xiang/models/Qwen2.5-VL-7B-Instruct,42,not_empty,next_token
B_0017,B,STEP,AD,1,-0.7575989961624146,-0.6325989961624146,0.4687906503677368,0.531209409236908,-0.7582787275314331,-0.6332787275314331,0.531209409236908,1,1,"{""A"": ""size"", ""B"": ""orientation"", ""C"": ""position"", ""D"": ""color""}",/mnt/tidalfs-hssh01/dataset/xiang/models/Qwen2.5-VL-7B-Instruct,42,not_empty,next_token
B_0017,B,STEP,BC,1,-1.053700566291809,-0.42870065569877625,0.3486451506614685,0.6513548493385315,-1.0542738437652588,-0.42927390336990356,0.6513548493385315,1,1,"{""A"": ""size"", ""B"": ""orientation"", ""C"": ""position"", ""D"": ""color""}",/mnt/tidalfs-hssh01/dataset/xiang/models/Qwen2.5-VL-7B-Instruct,42,not_empty,next_token
B_0017,B,STEP,BD,1,-1.0537006855010986,-0.42870065569877625,0.3486451208591461,0.6513548493385315,-1.0542901754379272,-0.42929014563560486,0.6513548493385315,1,1,"{""A"": ""size"", ""B"": ""orientation"", ""C"": ""position"", ""D"": ""color""}",/mnt/tidalfs-hssh01/dataset/xiang/models/Qwen2.5-VL-7B-Instruct,42,not_empty,next_token
B_0017,B,STEP,CD,1,-0.825939416885376,-0.575939416885376,0.43782350420951843,0.562176525592804,-0.8266270160675049,-0.5766270160675049,0.562176525592804,1,1,"{""A"": ""size"", ""B"": ""orientation"", ""C"": ""position"", ""D"": ""color""}",/mnt/tidalfs-hssh01/dataset/xiang/models/Qwen2.5-VL-7B-Instruct,42,not_empty,next_token
B_0017,B,STEP,ABC,1,-0.7575989961624146,-0.6325989961624146,0.4687906503677368,0.531209409236908,-0.7579347491264343,-0.6329347491264343,0.531209409236908,1,1,"{""A"": ""size"", ""B"": ""orientation"", ""C"": ""position"", ""D"": ""color""}",/mnt/tidalfs-hssh01/dataset/xiang/models/Qwen2.5-VL-7B-Instruct,42,not_empty,next_token
B_0017,B,STEP,ABD,1,-0.7575989961624146,-0.6325989961624146,0.4687906503677368,0.531209409236908,-0.7580088376998901,-0.6330088376998901,0.531209409236908,1,1,"{""A"": ""size"", ""B"": ""orientation"", ""C"": ""position"", ""D"": ""color""}",/mnt/tidalfs-hssh01/dataset/xiang/models/Qwen2.5-VL-7B-Instruct,42,not_empty,next_token
B_0017,B,STEP,ACD,1,-0.8981232643127441,-0.5231232643127441,0.4073334038257599,0.5926665663719177,-0.8984324336051941,-0.5234324336051941,0.5926665663719177,1,1,"{""A"": ""size"", ""B"": ""orientation"", ""C"": ""position"", ""D"": ""color""}",/mnt/tidalfs-hssh01/dataset/xiang/models/Qwen2.5-VL-7B-Instruct,42,not_empty,next_token
B_0017,B,STEP,BCD,1,-1.0537006855010986,-0.42870065569877625,0.3486451208591461,0.6513548493385315,-1.054269552230835,-0.4292694926261902,0.6513548493385315,1,1,"{""A"": ""size"", ""B"": ""orientation"", ""C"": ""position"", ""D"": ""color""}",/mnt/tidalfs-hssh01/dataset/xiang/models/Qwen2.5-VL-7B-Instruct,42,not_empty,next_token
B_0017,B,STEP,ABCD,1,-0.825939416885376,-0.575939416885376,0.43782350420951843,0.562176525592804,-0.8263184428215027,-0.5763184428215027,0.562176525592804,1,1,"{""A"": ""size"", ""B"": ""orientation"", ""C"": ""position"", ""D"": ""color""}",/mnt/tidalfs-hssh01/dataset/xiang/models/Qwen2.5-VL-7B-Instruct,42,not_empty,next_token
B_0025,B,STEP,EMPTY,0,-0.8981232643127441,-0.5231232643127441,0.4073334038257599,0.5926665663719177,-0.9087707996368408,-0.5337707996368408,0.4073334038257599,1,0,"{""A"": ""orientation"", ""B"": ""position"", ""C"": ""color"", ""D"": ""size""}",/mnt/tidalfs-hssh01/dataset/xiang/models/Qwen2.5-VL-7B-Instruct,42,text_only,next_token
B_0025,B,STEP,A,0,-0.6931471824645996,-0.6931471824645996,0.5,0.5,-0.694259524345398,-0.694259524345398,0.5,0,1,"{""A"": ""orientation"", ""B"": ""position"", ""C"": ""color"", ""D"": ""size""}",/mnt/tidalfs-hssh01/dataset/xiang/models/Qwen2.5-VL-7B-Instruct,42,not_empty,next_token
B_0025,B,STEP,B,0,-0.8981232643127441,-0.5231232643127441,0.4073334038257599,0.5926665663719177,-0.8991214632987976,-0.5241214632987976,0.4073334038257599,1,0,"{""A"": ""orientation"", ""B"": ""position"", ""C"": ""color"", ""D"": ""size""}",/mnt/tidalfs-hssh01/dataset/xiang/models/Qwen2.5-VL-7B-Instruct,42,not_empty,next_token
B_0025,B,STEP,C,0,-0.8981232643127441,-0.5231232643127441,0.4073334038257599,0.5926665663719177,-0.8988602161407471,-0.5238602161407471,0.4073334038257599,1,0,"{""A"": ""orientation"", ""B"": ""position"", ""C"": ""color"", ""D"": ""size""}",/mnt/tidalfs-hssh01/dataset/xiang/models/Qwen2.5-VL-7B-Instruct,42,not_empty,next_token
B_0025,B,STEP,D,0,-0.8981232643127441,-0.5231232643127441,0.4073334038257599,0.5926665663719177,-0.8992534875869751,-0.5242534875869751,0.4073334038257599,1,0,"{""A"": ""orientation"", ""B"": ""position"", ""C"": ""color"", ""D"": ""size""}",/mnt/tidalfs-hssh01/dataset/xiang/models/Qwen2.5-VL-7B-Instruct,42,not_empty,next_token
B_0025,B,STEP,AB,0,-0.825939416885376,-0.575939416885376,0.43782350420951843,0.562176525592804,-0.8266220688819885,-0.5766220688819885,0.43782350420951843,1,0,"{""A"": ""orientation"", ""B"": ""position"", ""C"": ""color"", ""D"": ""size""}",/mnt/tidalfs-hssh01/dataset/xiang/models/Qwen2.5-VL-7B-Instruct,42,not_empty,next_token
B_0025,B,STEP,AC,0,-0.825939416885376,-0.575939416885376,0.43782350420951843,0.562176525592804,-0.8264391422271729,-0.5764391422271729,0.43782350420951843,1,0,"{""A"": ""orientation"", ""B"": ""position"", ""C"": ""color"", ""D"": ""size""}",/mnt/tidalfs-hssh01/dataset/xiang/models/Qwen2.5-VL-7B-Instruct,42,not_empty,next_token
B_0025,B,STEP,AD,0,-0.7575989961624146,-0.6325989961624146,0.4687906503677368,0.531209409236908,-0.7582812309265137,-0.6332812309265137,0.4687906503677368,1,0,"{""A"": ""orientation"", ""B"": ""position"", ""C"": ""color"", ""D"": ""size""}",/mnt/tidalfs-hssh01/dataset/xiang/models/Qwen2.5-VL-7B-Instruct,42,not_empty,next_token
B_0025,B,STEP,BC,0,-0.8981232643127441,-0.5231232643127441,0.4073334038257599,0.5926665663719177,-0.8984183073043823,-0.5234183073043823,0.4073334038257599,1,0,"{""A"": ""orientation"", ""B"": ""position"", ""C"": ""color"", ""D"": ""size""}",/mnt/tidalfs-hssh01/dataset/xiang/models/Qwen2.5-VL-7B-Instruct,42,not_empty,next_token
B_0025,B,STEP,BD,0,-0.7575989961624146,-0.6325989961624146,0.4687906503677368,0.531209409236908,-0.7579252123832703,-0.6329252123832703,0.4687906503677368,1,0,"{""A"": ""orientation"", ""B"": ""position"", ""C"": ""color"", ""D"": ""size""}",/mnt/tidalfs-hssh01/dataset/xiang/models/Qwen2.5-VL-7B-Instruct,42,not_empty,next_token
B_0025,B,STEP,CD,0,-0.8981232643127441,-0.5231232643127441,0.4073334038257599,0.5926665663719177,-0.8984227776527405,-0.5234227776527405,0.4073334038257599,1,0,"{""A"": ""orientation"", ""B"": ""position"", ""C"": ""color"", ""D"": ""size""}",/mnt/tidalfs-hssh01/dataset/xiang/models/Qwen2.5-VL-7B-Instruct,42,not_empty,next_token
B_0025,B,STEP,ABC,0,-0.825939416885376,-0.575939416885376,0.43782350420951843,0.562176525592804,-0.8263728022575378,-0.5763728022575378,0.43782350420951843,1,0,"{""A"": ""orientation"", ""B"": ""position"", ""C"": ""color"", ""D"": ""size""}",/mnt/tidalfs-hssh01/dataset/xiang/models/Qwen2.5-VL-7B-Instruct,42,not_empty,next_token
B_0025,B,STEP,ABD,0,-0.825939416885376,-0.575939416885376,0.43782350420951843,0.562176525592804,-0.8262615203857422,-0.5762615203857422,0.43782350420951843,1,0,"{""A"": ""orientation"", ""B"": ""position"", ""C"": ""color"", ""D"": ""size""}",/mnt/tidalfs-hssh01/dataset/xiang/models/Qwen2.5-VL-7B-Instruct,42,not_empty,next_token
B_0025,B,STEP,ACD,0,-0.7575989961624146,-0.6325989961624146,0.4687906503677368,0.531209409236908,-0.7578173279762268,-0.6328173279762268,0.4687906503677368,1,0,"{""A"": ""orientation"", ""B"": ""position"", ""C"": ""color"", ""D"": ""size""}",/mnt/tidalfs-hssh01/dataset/xiang/models/Qwen2.5-VL-7B-Instruct,42,not_empty,next_token
B_0025,B,STEP,BCD,0,-0.8981232643127441,-0.5231232643127441,0.4073334038257599,0.5926665663719177,-0.8984187841415405,-0.5234187841415405,0.4073334038257599,1,0,"{""A"": ""orientation"", ""B"": ""position"", ""C"": ""color"", ""D"": ""size""}",/mnt/tidalfs-hssh01/dataset/xiang/models/Qwen2.5-VL-7B-Instruct,42,not_empty,next_token
B_0025,B,STEP,ABCD,0,-0.8981232643127441,-0.5231232643127441,0.4073334038257599,0.5926665663719177,-0.8983871936798096,-0.5233871936798096,0.4073334038257599,1,0,"{""A"": ""orientation"", ""B"": ""position"", ""C"": ""color"", ""D"": ""size""}",/mnt/tidalfs-hssh01/dataset/xiang/models/Qwen2.5-VL-7B-Instruct,42,not_empty,next_token
B_0033,B,STEP,EMPTY,0,-0.8981232643127441,-0.5231232643127441,0.4073334038257599,0.5926665663719177,-0.9199725389480591,-0.5449725389480591,0.4073334038257599,1,0,"{""A"": ""position"", ""B"": ""color"", ""C"": ""size"", ""D"": ""orientation""}",/mnt/tidalfs-hssh01/dataset/xiang/models/Qwen2.5-VL-7B-Instruct,42,text_only,next_token
B_0033,B,STEP,A,0,-0.825939416885376,-0.575939416885376,0.43782350420951843,0.562176525592804,-0.828015148639679,-0.578015148639679,0.43782350420951843,1,0,"{""A"": ""position"", ""B"": ""color"", ""C"": ""size"", ""D"": ""orientation""}",/mnt/tidalfs-hssh01/dataset/xiang/models/Qwen2.5-VL-7B-Instruct,42,not_empty,next_token
B_0033,B,STEP,B,0,-0.9740769863128662,-0.4740769863128662,0.3775406777858734,0.622459352016449,-0.9755319356918335,-0.4755319356918335,0.3775406777858734,1,0,"{""A"": ""position"", ""B"": ""color"", ""C"": ""size"", ""D"": ""orientation""}",/mnt/tidalfs-hssh01/dataset/xiang/models/Qwen2.5-VL-7B-Instruct,42,not_empty,next_token
B_0033,B,STEP,C,0,-0.825939416885376,-0.575939416885376,0.43782350420951843,0.562176525592804,-0.8287182450294495,-0.5787182450294495,0.43782350420951843,1,0,"{""A"": ""position"", ""B"": ""color"", ""C"": ""size"", ""D"": ""orientation""}",/mnt/tidalfs-hssh01/dataset/xiang/models/Qwen2.5-VL-7B-Instruct,42,not_empty,next_token
B_0033,B,STEP,D,0,-0.825939416885376,-0.575939416885376,0.43782350420951843,0.562176525592804,-0.830412745475769,-0.580412745475769,0.43782350420951843,1,0,"{""A"": ""position"", ""B"": ""color"", ""C"": ""size"", ""D"": ""orientation""}",/mnt/tidalfs-hssh01/dataset/xiang/models/Qwen2.5-VL-7B-Instruct,42,not_empty,next_token
B_0033,B,STEP,AB,0,-0.8981232643127441,-0.5231232643127441,0.4073334038257599,0.5926665663719177,-0.8987858891487122,-0.5237858891487122,0.4073334038257599,1,0,"{""A"": ""position"", ""B"": ""color"", ""C"": ""size"", ""D"": ""orientation""}",/mnt/tidalfs-hssh01/dataset/xiang/models/Qwen2.5-VL-7B-Instruct,42,not_empty,next_token
B_0033,B,STEP,AC,0,-0.8981232643127441,-0.5231232643127441,0.4073334038257599,0.5926665663719177,-0.898501455783844,-0.523501455783844,0.4073334038257599,1,0,"{""A"": ""position"", ""B"": ""color"", ""C"": ""size"", ""D"": ""orientation""}",/mnt/tidalfs-hssh01/dataset/xiang/models/Qwen2.5-VL-7B-Instruct,42,not_empty,next_token
B_0033,B,STEP,AD,0,-0.825939416885376,-0.575939416885376,0.43782350420951843,0.562176525592804,-0.8266482353210449,-0.5766482353210449,0.43782350420951843,1,0,"{""A"": ""position"", ""B"": ""color"", ""C"": ""size"", ""D"": ""orientation""}",/mnt/tidalfs-hssh01/dataset/xiang/models/Qwen2.5-VL-7B-Instruct,42,not_empty,next_token
B_0033,B,STEP,BC,0,-0.9740769863128662,-0.4740769863128662,0.3775406777858734,0.622459352016449,-0.9747395515441895,-0.47473955154418945,0.3775406777858734,1,0,"{""A"": ""position"", ""B"": ""color"", ""C"": ""size"", ""D"": ""orientation""}",/mnt/tidalfs-hssh01/dataset/xiang/models/Qwen2.5-VL-7B-Instruct,42,not_empty,next_token
B_0033,B,STEP,BD,0,-0.8981232643127441,-0.5231232643127441,0.4073334038257599,0.5926665663719177,-0.8990422487258911,-0.5240422487258911,0.4073334038257599,1,0,"{""A"": ""position"", ""B"": ""color"", ""C"": ""size"", ""D"": ""orientation""}",/mnt/tidalfs-hssh01/dataset/xiang/models/Qwen2.5-VL-7B-Instruct,42,not_empty,next_token
B_0033,B,STEP,CD,0,-0.825939416885376,-0.575939416885376,0.43782350420951843,0.562176525592804,-0.8268108367919922,-0.5768108367919922,0.43782350420951843,1,0,"{""A"": ""position"", ""B"": ""color"", ""C"": ""size"", ""D"": ""orientation""}",/mnt/tidalfs-hssh01/dataset/xiang/models/Qwen2.5-VL-7B-Instruct,42,not_empty,next_token
B_0033,B,STEP,ABC,0,-0.825939416885376,-0.575939416885376,0.43782350420951843,0.562176525592804,-0.8262991309165955,-0.5762991309165955,0.43782350420951843,1,0,"{""A"": ""position"", ""B"": ""color"", ""C"": ""size"", ""D"": ""orientation""}",/mnt/tidalfs-hssh01/dataset/xiang/models/Qwen2.5-VL-7B-Instruct,42,not_empty,next_token
B_0033,B,STEP,ABD,0,-0.9740769863128662,-0.4740769863128662,0.3775406777858734,0.622459352016449,-0.9744574427604675,-0.47445744276046753,0.3775406777858734,1,0,"{""A"": ""position"", ""B"": ""color"", ""C"": ""size"", ""D"": ""orientation""}",/mnt/tidalfs-hssh01/dataset/xiang/models/Qwen2.5-VL-7B-Instruct,42,not_empty,next_token
B_0033,B,STEP,ACD,0,-0.8981232643127441,-0.5231232643127441,0.4073334038257599,0.5926665663719177,-0.8985100984573364,-0.5235100984573364,0.4073334038257599,1,0,"{""A"": ""position"", ""B"": ""color"", ""C"": ""size"", ""D"": ""orientation""}",/mnt/tidalfs-hssh01/dataset/xiang/models/Qwen2.5-VL-7B-Instruct,42,not_empty,next_token
B_0033,B,STEP,BCD,0,-1.053700566291809,-0.42870065569877625,0.3486451506614685,0.6513548493385315,-1.054185390472412,-0.4291854500770569,0.3486451506614685,1,0,"{""A"": ""position"", ""B"": ""color"", ""C"": ""size"", ""D"": ""orientation""}",/mnt/tidalfs-hssh01/dataset/xiang/models/Qwen2.5-VL-7B-Instruct,42,not_empty,next_token
B_0033,B,STEP,ABCD,0,-0.8981232643127441,-0.5231232643127441,0.4073334038257599,0.5926665663719177,-0.89857017993927,-0.52357017993927,0.4073334038257599,1,0,"{""A"": ""position"", ""B"": ""color"", ""C"": ""size"", ""D"": ""orientation""}",/mnt/tidalfs-hssh01/dataset/xiang/models/Qwen2.5-VL-7B-Instruct,42,not_empty,next_token
B_0041,B,STEP,EMPTY,0,-0.9740769863128662,-0.4740769863128662,0.3775406777858734,0.622459352016449,-0.9828988313674927,-0.4828988313674927,0.3775406777858734,1,0,"{""A"": ""color"", ""B"": ""size"", ""C"": ""orientation"", ""D"": ""position""}",/mnt/tidalfs-hssh01/dataset/xiang/models/Qwen2.5-VL-7B-Instruct,42,text_only,next_token
B_0041,B,STEP,A,0,-0.8981232643127441,-0.5231232643127441,0.4073334038257599,0.5926665663719177,-0.8992325067520142,-0.5242325067520142,0.4073334038257599,1,0,"{""A"": ""color"", ""B"": ""size"", ""C"": ""orientation"", ""D"": ""position""}",/mnt/tidalfs-hssh01/dataset/xiang/models/Qwen2.5-VL-7B-Instruct,42,not_empty,next_token
B_0041,B,STEP,B,0,-0.9740769863128662,-0.4740769863128662,0.3775406777858734,0.622459352016449,-0.9750934839248657,-0.4750934839248657,0.3775406777858734,1,0,"{""A"": ""color"", ""B"": ""size"", ""C"": ""orientation"", ""D"": ""position""}",/mnt/tidalfs-hssh01/dataset/xiang/models/Qwen2.5-VL-7B-Instruct,42,not_empty,next_token
B_0041,B,STEP,C,0,-1.1368709802627563,-0.38687101006507874,0.3208213150501251,0.6791786551475525,-1.1379870176315308,-0.3879869878292084,0.3208213150501251,1,0,"{""A"": ""color"", ""B"": ""size"", ""C"": ""orientation"", ""D"": ""position""}",/mnt/tidalfs-hssh01/dataset/xiang/models/Qwen2.5-VL-7B-Instruct,42,not_empty,next_token
B_0041,B,STEP,D,0,-0.9740769863128662,-0.4740769863128662,0.3775406777858734,0.622459352016449,-0.9757544994354248,-0.4757544994354248,0.3775406777858734,1,0,"{""A"": ""color"", ""B"": ""size"", ""C"": ""orientation"", ""D"": ""position""}",/mnt/tidalfs-hssh01/dataset/xiang/models/Qwen2.5-VL-7B-Instruct,42,not_empty,next_token
B_0041,B,STEP,AB,0,-0.9740769863128662,-0.4740769863128662,0.3775406777858734,0.622459352016449,-0.9745907783508301,-0.4745907783508301,0.3775406777858734,1,0,"{""A"": ""color"", ""B"": ""size"", ""C"": ""orientation"", ""D"": ""position""}",/mnt/tidalfs-hssh01/dataset/xiang/models/Qwen2.5-VL-7B-Instruct,42,not_empty,next_token
B_0041,B,STEP,AC,0,-0.9740769863128662,-0.4740769863128662,0.3775406777858734,0.622459352016449,-0.9745014905929565,-0.47450149059295654,0.3775406777858734,1,0,"{""A"": ""color"", ""B"": ""size"", ""C"": ""orientation"", ""D"": ""position""}",/mnt/tidalfs-hssh01/dataset/xiang/models/Qwen2.5-VL-7B-Instruct,42,not_empty,next_token
B_0041,B,STEP,AD,0,-0.825939416885376,-0.575939416885376,0.43782350420951843,0.562176525592804,-0.8263810873031616,-0.5763810873031616,0.43782350420951843,1,0,"{""A"": ""color"", ""B"": ""size"", ""C"": ""orientation"", ""D"": ""position""}",/mnt/tidalfs-hssh01/dataset/xiang/models/Qwen2.5-VL-7B-Instruct,42,not_empty,next_token
B_0041,B,STEP,BC,0,-1.0537006855010986,-0.42870065569877625,0.3486451208591461,0.6513548493385315,-1.0542337894439697,-0.4292337894439697,0.3486451208591461,1,0,"{""A"": ""color"", ""B"": ""size"", ""C"": ""orientation"", ""D"": ""position""}",/mnt/tidalfs-hssh01/dataset/xiang/models/Qwen2.5-VL-7B-Instruct,42,not_empty,next_token
B_0041,B,STEP,BD,0,-0.8981232643127441,-0.5231232643127441,0.4073334038257599,0.5926665663719177,-0.8987648487091064,-0.5237648487091064,0.4073334038257599,1,0,"{""A"": ""color"", ""B"": ""size"", ""C"": ""orientation"", ""D"": ""position""}",/mnt/tidalfs-hssh01/dataset/xiang/models/Qwen2.5-VL-7B-Instruct,42,not_empty,next_token
B_0041,B,STEP,CD,0,-1.053700566291809,-0.42870065569877625,0.3486451506614685,0.6513548493385315,-1.0543367862701416,-0.4293368458747864,0.3486451506614685,1,0,"{""A"": ""color"", ""B"": ""size"", ""C"": ""orientation"", ""D"": ""position""}",/mnt/tidalfs-hssh01/dataset/xiang/models/Qwen2.5-VL-7B-Instruct,42,not_empty,next_token
B_0041,B,STEP,ABC,0,-0.8981232643127441,-0.5231232643127441,0.4073334038257599,0.5926665663719177,-0.8984525799751282,-0.5234525799751282,0.4073334038257599,1,0,"{""A"": ""color"", ""B"": ""size"", ""C"": ""orientation"", ""D"": ""position""}",/mnt/tidalfs-hssh01/dataset/xiang/models/Qwen2.5-VL-7B-Instruct,42,not_empty,next_token
B_0041,B,STEP,ABD,0,-0.8981232643127441,-0.5231232643127441,0.4073334038257599,0.5926665663719177,-0.8984254598617554,-0.5234254598617554,0.4073334038257599,1,0,"{""A"": ""color"", ""B"": ""size"", ""C"": ""orientation"", ""D"": ""position""}",/mnt/tidalfs-hssh01/dataset/xiang/models/Qwen2.5-VL-7B-Instruct,42,not_empty,next_token
B_0041,B,STEP,ACD,0,-1.0537006855010986,-0.42870065569877625,0.3486451208591461,0.6513548493385315,-1.0540244579315186,-0.42902445793151855,0.3486451208591461,1,0,"{""A"": ""color"", ""B"": ""size"", ""C"": ""orientation"", ""D"": ""position""}",/mnt/tidalfs-hssh01/dataset/xiang/models/Qwen2.5-VL-7B-Instruct,42,not_empty,next_token
B_0041,B,STEP,BCD,0,-0.9740769863128662,-0.4740769863128662,0.3775406777858734,0.622459352016449,-0.974594235420227,-0.47459420561790466,0.3775406777858734,1,0,"{""A"": ""color"", ""B"": ""size"", ""C"": ""orientation"", ""D"": ""position""}",/mnt/tidalfs-hssh01/dataset/xiang/models/Qwen2.5-VL-7B-Instruct,42,not_empty,next_token
B_0041,B,STEP,ABCD,0,-1.1368709802627563,-0.38687101006507874,0.3208213150501251,0.6791786551475525,-1.1371241807937622,-0.3871241509914398,0.3208213150501251,1,0,"{""A"": ""color"", ""B"": ""size"", ""C"": ""orientation"", ""D"": ""position""}",/mnt/tidalfs-hssh01/dataset/xiang/models/Qwen2.5-VL-7B-Instruct,42,not_empty,next_token
B_0049,B,STEP,EMPTY,0,-0.825939416885376,-0.575939416885376,0.43782350420951843,0.562176525592804,-0.8349793553352356,-0.5849793553352356,0.43782350420951843,1,0,"{""A"": ""size"", ""B"": ""orientation"", ""C"": ""position"", ""D"": ""color""}",/mnt/tidalfs-hssh01/dataset/xiang/models/Qwen2.5-VL-7B-Instruct,42,text_only,next_token
B_0049,B,STEP,A,0,-0.6931471824645996,-0.6931471824645996,0.5,0.5,-0.6942474842071533,-0.6942474842071533,0.5,0,1,"{""A"": ""size"", ""B"": ""orientation"", ""C"": ""position"", ""D"": ""color""}",/mnt/tidalfs-hssh01/dataset/xiang/models/Qwen2.5-VL-7B-Instruct,42,not_empty,next_token
B_0049,B,STEP,B,0,-0.7575989961624146,-0.6325989961624146,0.4687906503677368,0.531209409236908,-0.7592000961303711,-0.6342000961303711,0.4687906503677368,1,0,"{""A"": ""size"", ""B"": ""orientation"", ""C"": ""position"", ""D"": ""color""}",/mnt/tidalfs-hssh01/dataset/xiang/models/Qwen2.5-VL-7B-Instruct,42,not_empty,next_token
B_0049,B,STEP,C,0,-0.825939416885376,-0.575939416885376,0.43782350420951843,0.562176525592804,-0.8274153470993042,-0.5774153470993042,0.43782350420951843,1,0,"{""A"": ""size"", ""B"": ""orientation"", ""C"": ""position"", ""D"": ""color""}",/mnt/tidalfs-hssh01/dataset/xiang/models/Qwen2.5-VL-7B-Instruct,42,not_empty,next_token
B_0049,B,STEP,D,0,-0.825939416885376,-0.575939416885376,0.43782350420951843,0.562176525592804,-0.8275613784790039,-0.5775613784790039,0.43782350420951843,1,0,"{""A"": ""size"", ""B"": ""orientation"", ""C"": ""position"", ""D"": ""color""}",/mnt/tidalfs-hssh01/dataset/xiang/models/Qwen2.5-VL-7B-Instruct,42,not_empty,next_token
B_0049,B,STEP,AB,0,-0.6931471824645996,-0.6931471824645996,0.5,0.5,-0.6938742399215698,-0.6938742399215698,0.5,0,1,"{""A"": ""size"", ""B"": ""orientation"", ""C"": ""position"", ""D"": ""color""}",/mnt/tidalfs-hssh01/dataset/xiang/models/Qwen2.5-VL-7B-Instruct,42,not_empty,next_token
B_0049,B,STEP,AC,0,-0.825939416885376,-0.575939416885376,0.43782350420951843,0.562176525592804,-0.8263320326805115,-0.5763320326805115,0.43782350420951843,1,0,"{""A"": ""size"", ""B"": ""orientation"", ""C"": ""position"", ""D"": ""color""}",/mnt/tidalfs-hssh01/dataset/xiang/models/Qwen2.5-VL-7B-Instruct,42,not_empty,next_token
B_0049,B,STEP,AD,0,-0.825939416885376,-0.575939416885376,0.43782350420951843,0.562176525592804,-0.8266156315803528,-0.5766156315803528,0.43782350420951843,1,0,"{""A"": ""size"", ""B"": ""orientation"", ""C"": ""position"", ""D"": ""color""}",/mnt/tidalfs-hssh01/dataset/xiang/models/Qwen2.5-VL-7B-Instruct,42,not_empty,next_token
B_0049,B,STEP,BC,0,-0.7575989961624146,-0.6325989961624146,0.4687906503677368,0.531209409236908,-0.758453369140625,-0.633453369140625,0.4687906503677368,1,0,"{""A"": ""size"", ""B"": ""orientation"", ""C"": ""position"", ""D"": ""color""}",/mnt/tidalfs-hssh01/dataset/xiang/models/Qwen2.5-VL-7B-Instruct,42,not_empty,next_token
B_0049,B,STEP,BD,0,-0.825939416885376,-0.575939416885376,0.43782350420951843,0.562176525592804,-0.8267309665679932,-0.5767309665679932,0.43782350420951843,1,0,"{""A"": ""size"", ""B"": ""orientation"", ""C"": ""position"", ""D"": ""color""}",/mnt/tidalfs-hssh01/dataset/xiang/models/Qwen2.5-VL-7B-Instruct,42,not_empty,next_token
B_0049,B,STEP,CD,0,-0.825939416885376,-0.575939416885376,0.43782350420951843,0.562176525592804,-0.8265458345413208,-0.5765458345413208,0.43782350420951843,1,0,"{""A"": ""size"", ""B"": ""orientation"", ""C"": ""position"", ""D"": ""color""}",/mnt/tidalfs-hssh01/dataset/xiang/models/Qwen2.5-VL-7B-Instruct,42,not_empty,next_token
B_0049,B,STEP,ABC,0,-0.7575989961624146,-0.6325989961624146,0.4687906503677368,0.531209409236908,-0.7579643130302429,-0.6329643130302429,0.4687906503677368,1,0,"{""A"": ""size"", ""B"": ""orientation"", ""C"": ""position"", ""D"": ""color""}",/mnt/tidalfs-hssh01/dataset/xiang/models/Qwen2.5-VL-7B-Instruct,42,not_empty,next_token
B_0049,B,STEP,ABD,0,-0.6931471824645996,-0.6931471824645996,0.5,0.5,-0.6935997009277344,-0.6935997009277344,0.5,0,1,"{""A"": ""size"", ""B"": ""orientation"", ""C"": ""position"", ""D"": ""color""}",/mnt/tidalfs-hssh01/dataset/xiang/models/Qwen2.5-VL-7B-Instruct,42,not_empty,next_token
B_0049,B,STEP,ACD,0,-0.825939416885376,-0.575939416885376,0.43782350420951843,0.562176525592804,-0.826229453086853,-0.576229453086853,0.43782350420951843,1,0,"{""A"": ""size"", ""B"": ""orientation"", ""C"": ""position"", ""D"": ""color""}",/mnt/tidalfs-hssh01/dataset/xiang/models/Qwen2.5-VL-7B-Instruct,42,not_empty,next_token
B_0049,B,STEP,BCD,0,-0.7575989961624146,-0.6325989961624146,0.4687906503677368,0.531209409236908,-0.7583093643188477,-0.6333093643188477,0.4687906503677368,1,0,"{""A"": ""size"", ""B"": ""orientation"", ""C"": ""position"", ""D"": ""color""}",/mnt/tidalfs-hssh01/dataset/xiang/models/Qwen2.5-VL-7B-Instruct,42,not_empty,next_token
B_0049,B,STEP,ABCD,0,-0.7575989961624146,-0.6325989961624146,0.4687906503677368,0.531209409236908,-0.7579913139343262,-0.6329913139343262,0.4687906503677368,1,0,"{""A"": ""size"", ""B"": ""orientation"", ""C"": ""position"", ""D"": ""color""}",/mnt/tidalfs-hssh01/dataset/xiang/models/Qwen2.5-VL-7B-Instruct,42,not_empty,next_token
B_0057,B,STEP,EMPTY,1,-0.8981232643127441,-0.5231232643127441,0.4073334038257599,0.5926665663719177,-0.9087707996368408,-0.5337707996368408,0.5926665663719177,1,1,"{""A"": ""orientation"", ""B"": ""position"", ""C"": ""color"", ""D"": ""size""}",/mnt/tidalfs-hssh01/dataset/xiang/models/Qwen2.5-VL-7B-Instruct,42,text_only,next_token
B_0057,B,STEP,A,1,-0.825939416885376,-0.575939416885376,0.43782350420951843,0.562176525592804,-0.8267313241958618,-0.5767313241958618,0.562176525592804,1,1,"{""A"": ""orientation"", ""B"": ""position"", ""C"": ""color"", ""D"": ""size""}",/mnt/tidalfs-hssh01/dataset/xiang/models/Qwen2.5-VL-7B-Instruct,42,not_empty,next_token
B_0057,B,STEP,B,1,-0.8981232643127441,-0.5231232643127441,0.4073334038257599,0.5926665663719177,-0.8991214632987976,-0.5241214632987976,0.5926665663719177,1,1,"{""A"": ""orientation"", ""B"": ""position"", ""C"": ""color"", ""D"": ""size""}",/mnt/tidalfs-hssh01/dataset/xiang/models/Qwen2.5-VL-7B-Instruct,42,not_empty,next_token
B_0057,B,STEP,C,1,-0.8981232643127441,-0.5231232643127441,0.4073334038257599,0.5926665663719177,-0.8988602161407471,-0.5238602161407471,0.5926665663719177,1,1,"{""A"": ""orientation"", ""B"": ""position"", ""C"": ""color"", ""D"": ""size""}",/mnt/tidalfs-hssh01/dataset/xiang/models/Qwen2.5-VL-7B-Instruct,42,not_empty,next_token
B_0057,B,STEP,D,1,-0.8981232643127441,-0.5231232643127441,0.4073334038257599,0.5926665663719177,-0.8993092775344849,-0.5243092775344849,0.5926665663719177,1,1,"{""A"": ""orientation"", ""B"": ""position"", ""C"": ""color"", ""D"": ""size""}",/mnt/tidalfs-hssh01/dataset/xiang/models/Qwen2.5-VL-7B-Instruct,42,not_empty,next_token
B_0057,B,STEP,AB,1,-0.8981232643127441,-0.5231232643127441,0.4073334038257599,0.5926665663719177,-0.8985897302627563,-0.5235897302627563,0.5926665663719177,1,1,"{""A"": ""orientation"", ""B"": ""position"", ""C"": ""color"", ""D"": ""size""}",/mnt/tidalfs-hssh01/dataset/xiang/models/Qwen2.5-VL-7B-Instruct,42,not_empty,next_token
B_0057,B,STEP,AC,1,-0.9740769863128662,-0.4740769863128662,0.3775406777858734,0.622459352016449,-0.9745405912399292,-0.4745405912399292,0.622459352016449,1,1,"{""A"": ""orientation"", ""B"": ""position"", ""C"": ""color"", ""D"": ""size""}",/mnt/tidalfs-hssh01/dataset/xiang/models/Qwen2.5-VL-7B-Instruct,42,not_empty,next_token
B_0057,B,STEP,AD,1,-0.8981232643127441,-0.5231232643127441,0.4073334038257599,0.5926665663719177,-0.8986918330192566,-0.5236918330192566,0.5926665663719177,1,1,"{""A"": ""orientation"", ""B"": ""position"", ""C"": ""color"", ""D"": ""size""}",/mnt/tidalfs-hssh01/dataset/xiang/models/Qwen2.5-VL-7B-Instruct,42,not_empty,next_token
B_0057,B,STEP,BC,1,-0.8981232643127441,-0.5231232643127441,0.4073334038257599,0.5926665663719177,-0.8984183073043823,-0.5234183073043823,0.5926665663719177,1,1,"{""A"": ""orientation"", ""B"": ""position"", ""C"": ""color"", ""D"": ""size""}",/mnt/tidalfs-hssh01/dataset/xiang/models/Qwen2.5-VL-7B-Instruct,42,not_empty,next_token
B_0057,B,STEP,BD,1,-0.7575989961624146,-0.6325989961624146,0.4687906503677368,0.531209409236908,-0.7579465508460999,-0.6329465508460999,0.531209409236908,1,1,"{""A"": ""orientation"", ""B"": ""position"", ""C"": ""color"", ""D"": ""size""}",/mnt/tidalfs-hssh01/dataset/xiang/models/Qwen2.5-VL-7B-Instruct,42,not_empty,next_token
B_0057,B,STEP,CD,1,-0.825939416885376,-0.575939416885376,0.43782350420951843,0.562176525592804,-0.8262506127357483,-0.5762506127357483,0.562176525592804,1,1,"{""A"": ""orientation"", ""B"": ""position"", ""C"": ""color"", ""D"": ""size""}",/mnt/tidalfs-hssh01/dataset/xiang/models/Qwen2.5-VL-7B-Instruct,42,not_empty,next_token
B_0057,B,STEP,ABC,1,-0.8981232643127441,-0.5231232643127441,0.4073334038257599,0.5926665663719177,-0.8985530734062195,-0.5235530734062195,0.5926665663719177,1,1,"{""A"": ""orientation"", ""B"": ""position"", ""C"": ""color"", ""D"": ""size""}",/mnt/tidalfs-hssh01/dataset/xiang/models/Qwen2.5-VL-7B-Instruct,42,not_empty,next_token
B_0057,B,STEP,ABD,1,-0.9740769863128662,-0.4740769863128662,0.3775406777858734,0.622459352016449,-0.9743943810462952,-0.47439438104629517,0.622459352016449,1,1,"{""A"": ""orientation"", ""B"": ""position"", ""C"": ""color"", ""D"": ""size""}",/mnt/tidalfs-hssh01/dataset/xiang/models/Qwen2.5-VL-7B-Instruct,42,not_empty,next_token
B_0057,B,STEP,ACD,1,-0.9740769863128662,-0.4740769863128662,0.3775406777858734,0.622459352016449,-0.9743550419807434,-0.4743550419807434,0.622459352016449,1,1,"{""A"": ""orientation"", ""B"": ""position"", ""C"": ""color"", ""D"": ""size""}",/mnt/tidalfs-hssh01/dataset/xiang/models/Qwen2.5-VL-7B-Instruct,42,not_empty,next_token
B_0057,B,STEP,BCD,1,-0.825939416885376,-0.575939416885376,0.43782350420951843,0.562176525592804,-0.826205849647522,-0.576205849647522,0.562176525592804,1,1,"{""A"": ""orientation"", ""B"": ""position"", ""C"": ""color"", ""D"": ""size""}",/mnt/tidalfs-hssh01/dataset/xiang/models/Qwen2.5-VL-7B-Instruct,42,not_empty,next_token
B_0057,B,STEP,ABCD,1,-0.9740769863128662,-0.4740769863128662,0.3775406777858734,0.622459352016449,-0.9743709564208984,-0.47437095642089844,0.622459352016449,1,1,"{""A"": ""orientation"", ""B"": ""position"", ""C"": ""color"", ""D"": ""size""}",/mnt/tidalfs-hssh01/dataset/xiang/models/Qwen2.5-VL-7B-Instruct,42,not_empty,next_token
B_0065,B,STEP,EMPTY,1,-0.8981232643127441,-0.5231232643127441,0.4073334038257599,0.5926665663719177,-0.9199725389480591,-0.5449725389480591,0.5926665663719177,1,1,"{""A"": ""position"", ""B"": ""color"", ""C"": ""size"", ""D"": ""orientation""}",/mnt/tidalfs-hssh01/dataset/xiang/models/Qwen2.5-VL-7B-Instruct,42,text_only,next_token
B_0065,B,STEP,A,1,-0.7575989961624146,-0.6325989961624146,0.4687906503677368,0.531209409236908,-0.7590900659561157,-0.6340900659561157,0.531209409236908,1,1,"{""A"": ""position"", ""B"": ""color"", ""C"": ""size"", ""D"": ""orientation""}",/mnt/tidalfs-hssh01/dataset/xiang/models/Qwen2.5-VL-7B-Instruct,42,not_empty,next_token
B_0065,B,STEP,B,1,-0.9740769863128662,-0.4740769863128662,0.3775406777858734,0.622459352016449,-0.9755319356918335,-0.4755319356918335,0.622459352016449,1,1,"{""A"": ""position"", ""B"": ""color"", ""C"": ""size"", ""D"": ""orientation""}",/mnt/tidalfs-hssh01/dataset/xiang/models/Qwen2.5-VL-7B-Instruct,42,not_empty,next_token
B_0065,B,STEP,C,1,-0.825939416885376,-0.575939416885376,0.43782350420951843,0.562176525592804,-0.8287182450294495,-0.5787182450294495,0.562176525592804,1,1,"{""A"": ""position"", ""B"": ""color"", ""C"": ""size"", ""D"": ""orientation""}",/mnt/tidalfs-hssh01/dataset/xiang/models/Qwen2.5-VL-7B-Instruct,42,not_empty,next_token
B_0065,B,STEP,D,1,-0.9740769863128662,-0.4740769863128662,0.3775406777858734,0.622459352016449,-0.976794958114624,-0.4767949879169464,0.622459352016449,1,1,"{""A"": ""position"", ""B"": ""color"", ""C"": ""size"", ""D"": ""orientation""}",/mnt/tidalfs-hssh01/dataset/xiang/models/Qwen2.5-VL-7B-Instruct,42,not_empty,next_token
B_0065,B,STEP,AB,1,-0.8981232643127441,-0.5231232643127441,0.4073334038257599,0.5926665663719177,-0.8987698554992676,-0.5237698554992676,0.5926665663719177,1,1,"{""A"": ""position"", ""B"": ""color"", ""C"": ""size"", ""D"": ""orientation""}",/mnt/tidalfs-hssh01/dataset/xiang/models/Qwen2.5-VL-7B-Instruct,42,not_empty,next_token
B_0065,B,STEP,AC,1,-0.8981232643127441,-0.5231232643127441,0.4073334038257599,0.5926665663719177,-0.8985093832015991,-0.5235093832015991,0.5926665663719177,1,1,"{""A"": ""position"", ""B"": ""color"", ""C"": ""size"", ""D"": ""orientation""}",/mnt/tidalfs-hssh01/dataset/xiang/models/Qwen2.5-VL-7B-Instruct,42,not_empty,next_token
B_0065,B,STEP,AD,1,-0.825939416885376,-0.575939416885376,0.43782350420951843,0.562176525592804,-0.8266280293464661,-0.5766280293464661,0.562176525592804,1,1,"{""A"": ""position"", ""B"": ""color"", ""C"": ""size"", ""D"": ""orientation""}",/mnt/tidalfs-hssh01/dataset/xiang/models/Qwen2.5-VL-7B-Instruct,42,not_empty,next_token
B_0065,B,STEP,BC,1,-0.9740769863128662,-0.4740769863128662,0.3775406777858734,0.622459352016449,-0.9747395515441895,-0.47473955154418945,0.622459352016449,1,1,"{""A"": ""position"", ""B"": ""color"", ""C"": ""size"", ""D"": ""orientation""}",/mnt/tidalfs-hssh01/dataset/xiang/models/Qwen2.5-VL-7B-Instruct,42,not_empty,next_token
B_0065,B,STEP,BD,1,-0.8981232643127441,-0.5231232643127441,0.4073334038257599,0.5926665663719177,-0.8989585638046265,-0.5239585638046265,0.5926665663719177,1,1,"{""A"": ""position"", ""B"": ""color"", ""C"": ""size"", ""D"": ""orientation""}",/mnt/tidalfs-hssh01/dataset/xiang/models/Qwen2.5-VL-7B-Instruct,42,not_empty,next_token
B_0065,B,STEP,CD,1,-0.825939416885376,-0.575939416885376,0.43782350420951843,0.562176525592804,-0.8269920349121094,-0.5769920349121094,0.562176525592804,1,1,"{""A"": ""position"", ""B"": ""color"", ""C"": ""size"", ""D"": ""orientation""}",/mnt/tidalfs-hssh01/dataset/xiang/models/Qwen2.5-VL-7B-Instruct,42,not_empty,next_token
B_0065,B,STEP,ABC,1,-0.8981232643127441,-0.5231232643127441,0.4073334038257599,0.5926665663719177,-0.8984948396682739,-0.5234948396682739,0.5926665663719177,1,1,"{""A"": ""position"", ""B"": ""color"", ""C"": ""size"", ""D"": ""orientation""}",/mnt/tidalfs-hssh01/dataset/xiang/models/Qwen2.5-VL-7B-Instruct,42,not_empty,next_token
B_0065,B,STEP,ABD,1,-0.9740769863128662,-0.4740769863128662,0.3775406777858734,0.622459352016449,-0.9744302034378052,-0.4744302034378052,0.622459352016449,1,1,"{""A"": ""position"", ""B"": ""color"", ""C"": ""size"", ""D"": ""orientation""}",/mnt/tidalfs-hssh01/dataset/xiang/models/Qwen2.5-VL-7B-Instruct,42,not_empty,next_token
B_0065,B,STEP,ACD,1,-0.8981232643127441,-0.5231232643127441,0.4073334038257599,0.5926665663719177,-0.8984251618385315,-0.5234251618385315,0.5926665663719177,1,1,"{""A"": ""position"", ""B"": ""color"", ""C"": ""size"", ""D"": ""orientation""}",/mnt/tidalfs-hssh01/dataset/xiang/models/Qwen2.5-VL-7B-Instruct,42,not_empty,next_token
B_0065,B,STEP,BCD,1,-0.9740769863128662,-0.4740769863128662,0.3775406777858734,0.622459352016449,-0.9745475649833679,-0.4745475649833679,0.622459352016449,1,1,"{""A"": ""position"", ""B"": ""color"", ""C"": ""size"", ""D"": ""orientation""}",/mnt/tidalfs-hssh01/dataset/xiang/models/Qwen2.5-VL-7B-Instruct,42,not_empty,next_token
B_0065,B,STEP,ABCD,1,-0.9740769863128662,-0.4740769863128662,0.3775406777858734,0.622459352016449,-0.9743558764457703,-0.47435587644577026,0.622459352016449,1,1,"{""A"": ""position"", ""B"": ""color"", ""C"": ""size"", ""D"": ""orientation""}",/mnt/tidalfs-hssh01/dataset/xiang/models/Qwen2.5-VL-7B-Instruct,42,not_empty,next_token
B_0073,B,STEP,EMPTY,1,-0.9740769863128662,-0.4740769863128662,0.3775406777858734,0.622459352016449,-0.9828988313674927,-0.4828988313674927,0.622459352016449,1,1,"{""A"": ""color"", ""B"": ""size"", ""C"": ""orientation"", ""D"": ""position""}",/mnt/tidalfs-hssh01/dataset/xiang/models/Qwen2.5-VL-7B-Instruct,42,text_only,next_token
B_0073,B,STEP,A,1,-0.825939416885376,-0.575939416885376,0.43782350420951843,0.562176525592804,-0.8269744515419006,-0.5769744515419006,0.562176525592804,1,1,"{""A"": ""color"", ""B"": ""size"", ""C"": ""orientation"", ""D"": ""position""}",/mnt/tidalfs-hssh01/dataset/xiang/models/Qwen2.5-VL-7B-Instruct,42,not_empty,next_token
B_0073,B,STEP,B,1,-0.9740769863128662,-0.4740769863128662,0.3775406777858734,0.622459352016449,-0.9750934839248657,-0.4750934839248657,0.622459352016449,1,1,"{""A"": ""color"", ""B"": ""size"", ""C"": ""orientation"", ""D"": ""position""}",/mnt/tidalfs-hssh01/dataset/xiang/models/Qwen2.5-VL-7B-Instruct,42,not_empty,next_token
B_0073,B,STEP,C,1,-0.8981232643127441,-0.5231232643127441,0.4073334038257599,0.5926665663719177,-0.8999212384223938,-0.5249212384223938,0.5926665663719177,1,1,"{""A"": ""color"", ""B"": ""size"", ""C"": ""orientation"", ""D"": ""position""}",/mnt/tidalfs-hssh01/dataset/xiang/models/Qwen2.5-VL-7B-Instruct,42,not_empty,next_token
B_0073,B,STEP,D,1,-0.9740769863128662,-0.4740769863128662,0.3775406777858734,0.622459352016449,-0.9757544994354248,-0.4757544994354248,0.622459352016449,1,1,"{""A"": ""color"", ""B"": ""size"", ""C"": ""orientation"", ""D"": ""position""}",/mnt/tidalfs-hssh01/dataset/xiang/models/Qwen2.5-VL-7B-Instruct,42,not_empty,next_token
B_0073,B,STEP,AB,1,-0.8981232643127441,-0.5231232643127441,0.4073334038257599,0.5926665663719177,-0.8985550403594971,-0.5235550403594971,0.5926665663719177,1,1,"{""A"": ""color"", ""B"": ""size"", ""C"": ""orientation"", ""D"": ""position""}",/mnt/tidalfs-hssh01/dataset/xiang/models/Qwen2.5-VL-7B-Instruct,42,not_empty,next_token
B_0073,B,STEP,AC,1,-0.8981232643127441,-0.5231232643127441,0.4073334038257599,0.5926665663719177,-0.8986351490020752,-0.5236351490020752,0.5926665663719177,1,1,"{""A"": ""color"", ""B"": ""size"", ""C"": ""orientation"", ""D"": ""position""}",/mnt/tidalfs-hssh01/dataset/xiang/models/Qwen2.5-VL-7B-Instruct,42,not_empty,next_token
B_0073,B,STEP,AD,1,-0.7575989961624146,-0.6325989961624146,0.4687906503677368,0.531209409236908,-0.7581004500389099,-0.6331004500389099,0.531209409236908,1,1,"{""A"": ""color"", ""B"": ""size"", ""C"": ""orientation"", ""D"": ""position""}",/mnt/tidalfs-hssh01/dataset/xiang/models/Qwen2.5-VL-7B-Instruct,42,not_empty,next_token
B_0073,B,STEP,BC,1,-0.8981232643127441,-0.5231232643127441,0.4073334038257599,0.5926665663719177,-0.8988579511642456,-0.5238579511642456,0.5926665663719177,1,1,"{""A"": ""color"", ""B"": ""size"", ""C"": ""orientation"", ""D"": ""position""}",/mnt/tidalfs-hssh01/dataset/xiang/models/Qwen2.5-VL-7B-Instruct,42,not_empty,next_token
B_0073,B,STEP,BD,1,-0.8981232643127441,-0.5231232643127441,0.4073334038257599,0.5926665663719177,-0.8987648487091064,-0.5237648487091064,0.5926665663719177,1,1,"{""A"": ""color"", ""B"": ""size"", ""C"": ""orientation"", ""D"": ""position""}",/mnt/tidalfs-hssh01/dataset/xiang/models/Qwen2.5-VL-7B-Instruct,42,not_empty,next_token
B_0073,B,STEP,CD,1,-0.6931471824645996,-0.6931471824645996,0.5,0.5,-0.693934977054596,-0.693934977054596,0.5,0,0,"{""A"": ""color"", ""B"": ""size"", ""C"": ""orientation"", ""D"": ""position""}",/mnt/tidalfs-hssh01/dataset/xiang/models/Qwen2.5-VL-7B-Instruct,42,not_empty,next_token
B_0073,B,STEP,ABC,1,-0.825939416885376,-0.575939416885376,0.43782350420951843,0.562176525592804,-0.8263506293296814,-0.5763506293296814,0.562176525592804,1,1,"{""A"": ""color"", ""B"": ""size"", ""C"": ""orientation"", ""D"": ""position""}",/mnt/tidalfs-hssh01/dataset/xiang/models/Qwen2.5-VL-7B-Instruct,42,not_empty,next_token
B_0073,B,STEP,ABD,1,-0.825939416885376,-0.575939416885376,0.43782350420951843,0.562176525592804,-0.8262720704078674,-0.5762720704078674,0.562176525592804,1,1,"{""A"": ""color"", ""B"": ""size"", ""C"": ""orientation"", ""D"": ""position""}",/mnt/tidalfs-hssh01/dataset/xiang/models/Qwen2.5-VL-7B-Instruct,42,not_empty,next_token
B_0073,B,STEP,ACD,1,-0.825939416885376,-0.575939416885376,0.43782350420951843,0.562176525592804,-0.8262763023376465,-0.5762763023376465,0.562176525592804,1,1,"{""A"": ""color"", ""B"": ""size"", ""C"": ""orientation"", ""D"": ""position""}",/mnt/tidalfs-hssh01/dataset/xiang/models/Qwen2.5-VL-7B-Instruct,42,not_empty,next_token
B_0073,B,STEP,BCD,1,-0.8981232643127441,-0.5231232643127441,0.4073334038257599,0.5926665663719177,-0.8987075090408325,-0.5237075090408325,0.5926665663719177,1,1,"{""A"": ""color"", ""B"": ""size"", ""C"": ""orientation"", ""D"": ""position""}",/mnt/tidalfs-hssh01/dataset/xiang/models/Qwen2.5-VL-7B-Instruct,42,not_empty,next_token
B_0073,B,STEP,ABCD,1,-0.825939416885376,-0.575939416885376,0.43782350420951843,0.562176525592804,-0.8262386322021484,-0.5762386322021484,0.562176525592804,1,1,"{""A"": ""color"", ""B"": ""size"", ""C"": ""orientation"", ""D"": ""position""}",/mnt/tidalfs-hssh01/dataset/xiang/models/Qwen2.5-VL-7B-Instruct,42,not_empty,next_token
B_0081,B,STEP,EMPTY,0,-0.825939416885376,-0.575939416885376,0.43782350420951843,0.562176525592804,-0.8349793553352356,-0.5849793553352356,0.43782350420951843,1,0,"{""A"": ""size"", ""B"": ""orientation"", ""C"": ""position"", ""D"": ""color""}",/mnt/tidalfs-hssh01/dataset/xiang/models/Qwen2.5-VL-7B-Instruct,42,text_only,next_token
B_0081,B,STEP,A,0,-0.6931471824645996,-0.6931471824645996,0.5,0.5,-0.6942474842071533,-0.6942474842071533,0.5,0,1,"{""A"": ""size"", ""B"": ""orientation"", ""C"": ""position"", ""D"": ""color""}",/mnt/tidalfs-hssh01/dataset/xiang/models/Qwen2.5-VL-7B-Instruct,42,not_empty,next_token
B_0081,B,STEP,B,0,-0.7575989961624146,-0.6325989961624146,0.4687906503677368,0.531209409236908,-0.7592000961303711,-0.6342000961303711,0.4687906503677368,1,0,"{""A"": ""size"", ""B"": ""orientation"", ""C"": ""position"", ""D"": ""color""}",/mnt/tidalfs-hssh01/dataset/xiang/models/Qwen2.5-VL-7B-Instruct,42,not_empty,next_token
B_0081,B,STEP,C,0,-0.7575989961624146,-0.6325989961624146,0.4687906503677368,0.531209409236908,-0.759021520614624,-0.634021520614624,0.4687906503677368,1,0,"{""A"": ""size"", ""B"": ""orientation"", ""C"": ""position"", ""D"": ""color""}",/mnt/tidalfs-hssh01/dataset/xiang/models/Qwen2.5-VL-7B-Instruct,42,not_empty,next_token
B_0081,B,STEP,D,0,-0.7575989961624146,-0.6325989961624146,0.4687906503677368,0.531209409236908,-0.7591000199317932,-0.6341000199317932,0.4687906503677368,1,0,"{""A"": ""size"", ""B"": ""orientation"", ""C"": ""position"", ""D"": ""color""}",/mnt/tidalfs-hssh01/dataset/xiang/models/Qwen2.5-VL-7B-Instruct,42,not_empty,next_token
B_0081,B,STEP,AB,0,-0.6931471824645996,-0.6931471824645996,0.5,0.5,-0.6938742399215698,-0.6938742399215698,0.5,0,1,"{""A"": ""size"", ""B"": ""orientation"", ""C"": ""position"", ""D"": ""color""}",/mnt/tidalfs-hssh01/dataset/xiang/models/Qwen2.5-VL-7B-Instruct,42,not_empty,next_token
B_0081,B,STEP,AC,0,-0.825939416885376,-0.575939416885376,0.43782350420951843,0.562176525592804,-0.8263104557991028,-0.5763104557991028,0.43782350420951843,1,0,"{""A"": ""size"", ""B"": ""orientation"", ""C"": ""position"", ""D"": ""color""}",/mnt/tidalfs-hssh01/dataset/xiang/models/Qwen2.5-VL-7B-Instruct,42,not_empty,next_token
B_0081,B,STEP,AD,0,-0.7575989961624146,-0.6325989961624146,0.4687906503677368,0.531209409236908,-0.7582787275314331,-0.6332787275314331,0.4687906503677368,1,0,"{""A"": ""size"", ""B"": ""orientation"", ""C"": ""position"", ""D"": ""color""}",/mnt/tidalfs-hssh01/dataset/xiang/models/Qwen2.5-VL-7B-Instruct,42,not_empty,next_token
B_0081,B,STEP,BC,0,-0.7575989961624146,-0.6325989961624146,0.4687906503677368,0.531209409236908,-0.758733332157135,-0.633733332157135,0.4687906503677368,1,0,"{""A"": ""size"", ""B"": ""orientation"", ""C"": ""position"", ""D"": ""color""}",/mnt/tidalfs-hssh01/dataset/xiang/models/Qwen2.5-VL-7B-Instruct,42,not_empty,next_token
B_0081,B,STEP,BD,0,-0.825939416885376,-0.575939416885376,0.43782350420951843,0.562176525592804,-0.8266938924789429,-0.5766938924789429,0.43782350420951843,1,0,"{""A"": ""size"", ""B"": ""orientation"", ""C"": ""position"", ""D"": ""color""}",/mnt/tidalfs-hssh01/dataset/xiang/models/Qwen2.5-VL-7B-Instruct,42,not_empty,next_token
B_0081,B,STEP,CD,0,-0.7575989961624146,-0.6325989961624146,0.4687906503677368,0.531209409236908,-0.758171558380127,-0.633171558380127,0.4687906503677368,1,0,"{""A"": ""size"", ""B"": ""orientation"", ""C"": ""position"", ""D"": ""color""}",/mnt/tidalfs-hssh01/dataset/xiang/models/Qwen2.5-VL-7B-Instruct,42,not_empty,next_token
B_0081,B,STEP,ABC,0,-0.7575989961624146,-0.6325989961624146,0.4687906503677368,0.531209409236908,-0.7579737901687622,-0.6329737901687622,0.4687906503677368,1,0,"{""A"": ""size"", ""B"": ""orientation"", ""C"": ""position"", ""D"": ""color""}",/mnt/tidalfs-hssh01/dataset/xiang/models/Qwen2.5-VL-7B-Instruct,42,not_empty,next_token
B_0081,B,STEP,ABD,0,-0.7575989961624146,-0.6325989961624146,0.4687906503677368,0.531209409236908,-0.7580500841140747,-0.6330500841140747,0.4687906503677368,1,0,"{""A"": ""size"", ""B"": ""orientation"", ""C"": ""position"", ""D"": ""color""}",/mnt/tidalfs-hssh01/dataset/xiang/models/Qwen2.5-VL-7B-Instruct,42,not_empty,next_token
B_0081,B,STEP,ACD,0,-0.825939416885376,-0.575939416885376,0.43782350420951843,0.562176525592804,-0.8262595534324646,-0.5762595534324646,0.43782350420951843,1,0,"{""A"": ""size"", ""B"": ""orientation"", ""C"": ""position"", ""D"": ""color""}",/mnt/tidalfs-hssh01/dataset/xiang/models/Qwen2.5-VL-7B-Instruct,42,not_empty,next_token
B_0081,B,STEP,BCD,0,-0.825939416885376,-0.575939416885376,0.43782350420951843,0.562176525592804,-0.826627254486084,-0.576627254486084,0.43782350420951843,1,0,"{""A"": ""size"", ""B"": ""orientation"", ""C"": ""position"", ""D"": ""color""}",/mnt/tidalfs-hssh01/dataset/xiang/models/Qwen2.5-VL-7B-Instruct,42,not_empty,next_token
B_0081,B,STEP,ABCD,0,-0.7575989961624146,-0.6325989961624146,0.4687906503677368,0.531209409236908,-0.7580143809318542,-0.6330143809318542,0.4687906503677368,1,0,"{""A"": ""size"", ""B"": ""orientation"", ""C"": ""position"", ""D"": ""color""}",/mnt/tidalfs-hssh01/dataset/xiang/models/Qwen2.5-VL-7B-Instruct,42,not_empty,next_token
B_0089,B,STEP,EMPTY,1,-0.8981232643127441,-0.5231232643127441,0.4073334038257599,0.5926665663719177,-0.9087707996368408,-0.5337707996368408,0.5926665663719177,1,1,"{""A"": ""orientation"", ""B"": ""position"", ""C"": ""color"", ""D"": ""size""}",/mnt/tidalfs-hssh01/dataset/xiang/models/Qwen2.5-VL-7B-Instruct,42,text_only,next_token
B_0089,B,STEP,A,1,-0.825939416885376,-0.575939416885376,0.43782350420951843,0.562176525592804,-0.8267313241958618,-0.5767313241958618,0.562176525592804,1,1,"{""A"": ""orientation"", ""B"": ""position"", ""C"": ""color"", ""D"": ""size""}",/mnt/tidalfs-hssh01/dataset/xiang/models/Qwen2.5-VL-7B-Instruct,42,not_empty,next_token
B_0089,B,STEP,B,1,-0.8981232643127441,-0.5231232643127441,0.4073334038257599,0.5926665663719177,-0.8991214632987976,-0.5241214632987976,0.5926665663719177,1,1,"{""A"": ""orientation"", ""B"": ""position"", ""C"": ""color"", ""D"": ""size""}",/mnt/tidalfs-hssh01/dataset/xiang/models/Qwen2.5-VL-7B-Instruct,42,not_empty,next_token
B_0089,B,STEP,C,1,-0.8981232643127441,-0.5231232643127441,0.4073334038257599,0.5926665663719177,-0.8988602161407471,-0.5238602161407471,0.5926665663719177,1,1,"{""A"": ""orientation"", ""B"": ""position"", ""C"": ""color"", ""D"": ""size""}",/mnt/tidalfs-hssh01/dataset/xiang/models/Qwen2.5-VL-7B-Instruct,42,not_empty,next_token
B_0089,B,STEP,D,1,-0.8981232643127441,-0.5231232643127441,0.4073334038257599,0.5926665663719177,-0.8993092775344849,-0.5243092775344849,0.5926665663719177,1,1,"{""A"": ""orientation"", ""B"": ""position"", ""C"": ""color"", ""D"": ""size""}",/mnt/tidalfs-hssh01/dataset/xiang/models/Qwen2.5-VL-7B-Instruct,42,not_empty,next_token
B_0089,B,STEP,AB,1,-0.8981232643127441,-0.5231232643127441,0.4073334038257599,0.5926665663719177,-0.8985897302627563,-0.5235897302627563,0.5926665663719177,1,1,"{""A"": ""orientation"", ""B"": ""position"", ""C"": ""color"", ""D"": ""size""}",/mnt/tidalfs-hssh01/dataset/xiang/models/Qwen2.5-VL-7B-Instruct,42,not_empty,next_token
B_0089,B,STEP,AC,1,-0.9740769863128662,-0.4740769863128662,0.3775406777858734,0.622459352016449,-0.9745405912399292,-0.4745405912399292,0.622459352016449,1,1,"{""A"": ""orientation"", ""B"": ""position"", ""C"": ""color"", ""D"": ""size""}",/mnt/tidalfs-hssh01/dataset/xiang/models/Qwen2.5-VL-7B-Instruct,42,not_empty,next_token
B_0089,B,STEP,AD,1,-0.8981232643127441,-0.5231232643127441,0.4073334038257599,0.5926665663719177,-0.8986918330192566,-0.5236918330192566,0.5926665663719177,1,1,"{""A"": ""orientation"", ""B"": ""position"", ""C"": ""color"", ""D"": ""size""}",/mnt/tidalfs-hssh01/dataset/xiang/models/Qwen2.5-VL-7B-Instruct,42,not_empty,next_token
B_0089,B,STEP,BC,1,-0.8981232643127441,-0.5231232643127441,0.4073334038257599,0.5926665663719177,-0.8984183073043823,-0.5234183073043823,0.5926665663719177,1,1,"{""A"": ""orientation"", ""B"": ""position"", ""C"": ""color"", ""D"": ""size""}",/mnt/tidalfs-hssh01/dataset/xiang/models/Qwen2.5-VL-7B-Instruct,42,not_empty,next_token
B_0089,B,STEP,BD,1,-0.7575989961624146,-0.6325989961624146,0.4687906503677368,0.531209409236908,-0.7579465508460999,-0.6329465508460999,0.531209409236908,1,1,"{""A"": ""orientation"", ""B"": ""position"", ""C"": ""color"", ""D"": ""size""}",/mnt/tidalfs-hssh01/dataset/xiang/models/Qwen2.5-VL-7B-Instruct,42,not_empty,next_token
B_0089,B,STEP,CD,1,-0.825939416885376,-0.575939416885376,0.43782350420951843,0.562176525592804,-0.8262506127357483,-0.5762506127357483,0.562176525592804,1,1,"{""A"": ""orientation"", ""B"": ""position"", ""C"": ""color"", ""D"": ""size""}",/mnt/tidalfs-hssh01/dataset/xiang/models/Qwen2.5-VL-7B-Instruct,42,not_empty,next_token
B_0089,B,STEP,ABC,1,-0.8981232643127441,-0.5231232643127441,0.4073334038257599,0.5926665663719177,-0.8985530734062195,-0.5235530734062195,0.5926665663719177,1,1,"{""A"": ""orientation"", ""B"": ""position"", ""C"": ""color"", ""D"": ""size""}",/mnt/tidalfs-hssh01/dataset/xiang/models/Qwen2.5-VL-7B-Instruct,42,not_empty,next_token
B_0089,B,STEP,ABD,1,-0.9740769863128662,-0.4740769863128662,0.3775406777858734,0.622459352016449,-0.9743943810462952,-0.47439438104629517,0.622459352016449,1,1,"{""A"": ""orientation"", ""B"": ""position"", ""C"": ""color"", ""D"": ""size""}",/mnt/tidalfs-hssh01/dataset/xiang/models/Qwen2.5-VL-7B-Instruct,42,not_empty,next_token
B_0089,B,STEP,ACD,1,-0.9740769863128662,-0.4740769863128662,0.3775406777858734,0.622459352016449,-0.9743550419807434,-0.4743550419807434,0.622459352016449,1,1,"{""A"": ""orientation"", ""B"": ""position"", ""C"": ""color"", ""D"": ""size""}",/mnt/tidalfs-hssh01/dataset/xiang/models/Qwen2.5-VL-7B-Instruct,42,not_empty,next_token
B_0089,B,STEP,BCD,1,-0.825939416885376,-0.575939416885376,0.43782350420951843,0.562176525592804,-0.826205849647522,-0.576205849647522,0.562176525592804,1,1,"{""A"": ""orientation"", ""B"": ""position"", ""C"": ""color"", ""D"": ""size""}",/mnt/tidalfs-hssh01/dataset/xiang/models/Qwen2.5-VL-7B-Instruct,42,not_empty,next_token
B_0089,B,STEP,ABCD,1,-0.9740769863128662,-0.4740769863128662,0.3775406777858734,0.622459352016449,-0.9743709564208984,-0.47437095642089844,0.622459352016449,1,1,"{""A"": ""orientation"", ""B"": ""position"", ""C"": ""color"", ""D"": ""size""}",/mnt/tidalfs-hssh01/dataset/xiang/models/Qwen2.5-VL-7B-Instruct,42,not_empty,next_token
B_0097,B,STEP,EMPTY,0,-0.8981232643127441,-0.5231232643127441,0.4073334038257599,0.5926665663719177,-0.9199725389480591,-0.5449725389480591,0.4073334038257599,1,0,"{""A"": ""position"", ""B"": ""color"", ""C"": ""size"", ""D"": ""orientation""}",/mnt/tidalfs-hssh01/dataset/xiang/models/Qwen2.5-VL-7B-Instruct,42,text_only,next_token
B_0097,B,STEP,A,0,-0.825939416885376,-0.575939416885376,0.43782350420951843,0.562176525592804,-0.828015148639679,-0.578015148639679,0.43782350420951843,1,0,"{""A"": ""position"", ""B"": ""color"", ""C"": ""size"", ""D"": ""orientation""}",/mnt/tidalfs-hssh01/dataset/xiang/models/Qwen2.5-VL-7B-Instruct,42,not_empty,next_token
B_0097,B,STEP,B,0,-0.9740769863128662,-0.4740769863128662,0.3775406777858734,0.622459352016449,-0.9755319356918335,-0.4755319356918335,0.3775406777858734,1,0,"{""A"": ""position"", ""B"": ""color"", ""C"": ""size"", ""D"": ""orientation""}",/mnt/tidalfs-hssh01/dataset/xiang/models/Qwen2.5-VL-7B-Instruct,42,not_empty,next_token
B_0097,B,STEP,C,0,-0.9740769863128662,-0.4740769863128662,0.3775406777858734,0.622459352016449,-0.975752592086792,-0.475752592086792,0.3775406777858734,1,0,"{""A"": ""position"", ""B"": ""color"", ""C"": ""size"", ""D"": ""orientation""}",/mnt/tidalfs-hssh01/dataset/xiang/models/Qwen2.5-VL-7B-Instruct,42,not_empty,next_token
B_0097,B,STEP,D,0,-0.9740769863128662,-0.4740769863128662,0.3775406777858734,0.622459352016449,-0.976794958114624,-0.4767949879169464,0.3775406777858734,1,0,"{""A"": ""position"", ""B"": ""color"", ""C"": ""size"", ""D"": ""orientation""}",/mnt/tidalfs-hssh01/dataset/xiang/models/Qwen2.5-VL-7B-Instruct,42,not_empty,next_token
B_0097,B,STEP,AB,0,-0.8981232643127441,-0.5231232643127441,0.4073334038257599,0.5926665663719177,-0.8987858891487122,-0.5237858891487122,0.4073334038257599,1,0,"{""A"": ""position"", ""B"": ""color"", ""C"": ""size"", ""D"": ""orientation""}",/mnt/tidalfs-hssh01/dataset/xiang/models/Qwen2.5-VL-7B-Instruct,42,not_empty,next_token
B_0097,B,STEP,AC,0,-0.8981232643127441,-0.5231232643127441,0.4073334038257599,0.5926665663719177,-0.8986004590988159,-0.5236004590988159,0.4073334038257599,1,0,"{""A"": ""position"", ""B"": ""color"", ""C"": ""size"", ""D"": ""orientation""}",/mnt/tidalfs-hssh01/dataset/xiang/models/Qwen2.5-VL-7B-Instruct,42,not_empty,next_token
B_0097,B,STEP,AD,0,-0.825939416885376,-0.575939416885376,0.43782350420951843,0.562176525592804,-0.8268888592720032,-0.5768888592720032,0.43782350420951843,1,0,"{""A"": ""position"", ""B"": ""color"", ""C"": ""size"", ""D"": ""orientation""}",/mnt/tidalfs-hssh01/dataset/xiang/models/Qwen2.5-VL-7B-Instruct,42,not_empty,next_token
B_0097,B,STEP,BC,0,-0.9740769863128662,-0.4740769863128662,0.3775406777858734,0.622459352016449,-0.9747999310493469,-0.4747999310493469,0.3775406777858734,1,0,"{""A"": ""position"", ""B"": ""color"", ""C"": ""size"", ""D"": ""orientation""}",/mnt/tidalfs-hssh01/dataset/xiang/models/Qwen2.5-VL-7B-Instruct,42,not_empty,next_token
B_0097,B,STEP,BD,0,-0.8981232643127441,-0.5231232643127441,0.4073334038257599,0.5926665663719177,-0.8989585638046265,-0.5239585638046265,0.4073334038257599,1,0,"{""A"": ""position"", ""B"": ""color"", ""C"": ""size"", ""D"": ""orientation""}",/mnt/tidalfs-hssh01/dataset/xiang/models/Qwen2.5-VL-7B-Instruct,42,not_empty,next_token
B_0097,B,STEP,CD,0,-0.9740769863128662,-0.4740769863128662,0.3775406777858734,0.622459352016449,-0.974639356136322,-0.474639356136322,0.3775406777858734,1,0,"{""A"": ""position"", ""B"": ""color"", ""C"": ""size"", ""D"": ""orientation""}",/mnt/tidalfs-hssh01/dataset/xiang/models/Qwen2.5-VL-7B-Instruct,42,not_empty,next_token
B_0097,B,STEP,ABC,0,-0.9740769863128662,-0.4740769863128662,0.3775406777858734,0.622459352016449,-0.9744856953620911,-0.47448569536209106,0.3775406777858734,1,0,"{""A"": ""position"", ""B"": ""color"", ""C"": ""size"", ""D"": ""orientation""}",/mnt/tidalfs-hssh01/dataset/xiang/models/Qwen2.5-VL-7B-Instruct,42,not_empty,next_token
B_0097,B,STEP,ABD,0,-0.9740769863128662,-0.4740769863128662,0.3775406777858734,0.622459352016449,-0.9744592905044556,-0.47445929050445557,0.3775406777858734,1,0,"{""A"": ""position"", ""B"": ""color"", ""C"": ""size"", ""D"": ""orientation""}",/mnt/tidalfs-hssh01/dataset/xiang/models/Qwen2.5-VL-7B-Instruct,42,not_empty,next_token
B_0097,B,STEP,ACD,0,-0.9740769863128662,-0.4740769863128662,0.3775406777858734,0.622459352016449,-0.9744682312011719,-0.47446826100349426,0.3775406777858734,1,0,"{""A"": ""position"", ""B"": ""color"", ""C"": ""size"", ""D"": ""orientation""}",/mnt/tidalfs-hssh01/dataset/xiang/models/Qwen2.5-VL-7B-Instruct,42,not_empty,next_token
B_0097,B,STEP,BCD,0,-0.9740769863128662,-0.4740769863128662,0.3775406777858734,0.622459352016449,-0.974540650844574,-0.474540650844574,0.3775406777858734,1,0,"{""A"": ""position"", ""B"": ""color"", ""C"": ""size"", ""D"": ""orientation""}",/mnt/tidalfs-hssh01/dataset/xiang/models/Qwen2.5-VL-7B-Instruct,42,not_empty,next_token
B_0097,B,STEP,ABCD,0,-1.0537006855010986,-0.42870065569877625,0.3486451208591461,0.6513548493385315,-1.0540250539779663,-0.4290250837802887,0.3486451208591461,1,0,"{""A"": ""position"", ""B"": ""color"", ""C"": ""size"", ""D"": ""orientation""}",/mnt/tidalfs-hssh01/dataset/xiang/models/Qwen2.5-VL-7B-Instruct,42,not_empty,next_token
B_0105,B,STEP,EMPTY,1,-0.9740769863128662,-0.4740769863128662,0.3775406777858734,0.622459352016449,-0.9828988313674927,-0.4828988313674927,0.622459352016449,1,1,"{""A"": ""color"", ""B"": ""size"", ""C"": ""orientation"", ""D"": ""position""}",/mnt/tidalfs-hssh01/dataset/xiang/models/Qwen2.5-VL-7B-Instruct,42,text_only,next_token
B_0105,B,STEP,A,1,-0.825939416885376,-0.575939416885376,0.43782350420951843,0.562176525592804,-0.8269744515419006,-0.5769744515419006,0.562176525592804,1,1,"{""A"": ""color"", ""B"": ""size"", ""C"": ""orientation"", ""D"": ""position""}",/mnt/tidalfs-hssh01/dataset/xiang/models/Qwen2.5-VL-7B-Instruct,42,not_empty,next_token
B_0105,B,STEP,B,1,-0.9740769863128662,-0.4740769863128662,0.3775406777858734,0.622459352016449,-0.9750934839248657,-0.4750934839248657,0.622459352016449,1,1,"{""A"": ""color"", ""B"": ""size"", ""C"": ""orientation"", ""D"": ""position""}",/mnt/tidalfs-hssh01/dataset/xiang/models/Qwen2.5-VL-7B-Instruct,42,not_empty,next_token
B_0105,B,STEP,C,1,-1.1368709802627563,-0.38687101006507874,0.3208213150501251,0.6791786551475525,-1.1379870176315308,-0.3879869878292084,0.6791786551475525,1,1,"{""A"": ""color"", ""B"": ""size"", ""C"": ""orientation"", ""D"": ""position""}",/mnt/tidalfs-hssh01/dataset/xiang/models/Qwen2.5-VL-7B-Instruct,42,not_empty,next_token
B_0105,B,STEP,D,1,-0.8981232643127441,-0.5231232643127441,0.4073334038257599,0.5926665663719177,-0.8994076251983643,-0.5244076251983643,0.5926665663719177,1,1,"{""A"": ""color"", ""B"": ""size"", ""C"": ""orientation"", ""D"": ""position""}",/mnt/tidalfs-hssh01/dataset/xiang/models/Qwen2.5-VL-7B-Instruct,42,not_empty,next_token
B_0105,B,STEP,AB,1,-0.8981232643127441,-0.5231232643127441,0.4073334038257599,0.5926665663719177,-0.8985550403594971,-0.5235550403594971,0.5926665663719177,1,1,"{""A"": ""color"", ""B"": ""size"", ""C"": ""orientation"", ""D"": ""position""}",/mnt/tidalfs-hssh01/dataset/xiang/models/Qwen2.5-VL-7B-Instruct,42,not_empty,next_token
B_0105,B,STEP,AC,1,-0.8981232643127441,-0.5231232643127441,0.4073334038257599,0.5926665663719177,-0.8985245227813721,-0.5235245227813721,0.5926665663719177,1,1,"{""A"": ""color"", ""B"": ""size"", ""C"": ""orientation"", ""D"": ""position""}",/mnt/tidalfs-hssh01/dataset/xiang/models/Qwen2.5-VL-7B-Instruct,42,not_empty,next_token
B_0105,B,STEP,AD,1,-0.825939416885376,-0.575939416885376,0.43782350420951843,0.562176525592804,-0.8264421820640564,-0.5764421820640564,0.562176525592804,1,1,"{""A"": ""color"", ""B"": ""size"", ""C"": ""orientation"", ""D"": ""position""}",/mnt/tidalfs-hssh01/dataset/xiang/models/Qwen2.5-VL-7B-Instruct,42,not_empty,next_token
B_0105,B,STEP,BC,1,-1.0537006855010986,-0.42870065569877625,0.3486451208591461,0.6513548493385315,-1.0542337894439697,-0.4292337894439697,0.6513548493385315,1,1,"{""A"": ""color"", ""B"": ""size"", ""C"": ""orientation"", ""D"": ""position""}",/mnt/tidalfs-hssh01/dataset/xiang/models/Qwen2.5-VL-7B-Instruct,42,not_empty,next_token
B_0105,B,STEP,BD,1,-0.8981232643127441,-0.5231232643127441,0.4073334038257599,0.5926665663719177,-0.8987621068954468,-0.5237621068954468,0.5926665663719177,1,1,"{""A"": ""color"", ""B"": ""size"", ""C"": ""orientation"", ""D"": ""position""}",/mnt/tidalfs-hssh01/dataset/xiang/models/Qwen2.5-VL-7B-Instruct,42,not_empty,next_token
B_0105,B,STEP,CD,1,-1.1368709802627563,-0.38687101006507874,0.3208213150501251,0.6791786551475525,-1.137416958808899,-0.3874169886112213,0.6791786551475525,1,1,"{""A"": ""color"", ""B"": ""size"", ""C"": ""orientation"", ""D"": ""position""}",/mnt/tidalfs-hssh01/dataset/xiang/models/Qwen2.5-VL-7B-Instruct,42,not_empty,next_token
B_0105,B,STEP,ABC,1,-0.825939416885376,-0.575939416885376,0.43782350420951843,0.562176525592804,-0.8262410759925842,-0.5762410759925842,0.562176525592804,1,1,"{""A"": ""color"", ""B"": ""size"", ""C"": ""orientation"", ""D"": ""position""}",/mnt/tidalfs-hssh01/dataset/xiang/models/Qwen2.5-VL-7B-Instruct,42,not_empty,next_token
B_0105,B,STEP,ABD,1,-0.825939416885376,-0.575939416885376,0.43782350420951843,0.562176525592804,-0.8262583017349243,-0.5762583017349243,0.562176525592804,1,1,"{""A"": ""color"", ""B"": ""size"", ""C"": ""orientation"", ""D"": ""position""}",/mnt/tidalfs-hssh01/dataset/xiang/models/Qwen2.5-VL-7B-Instruct,42,not_empty,next_token
B_0105,B,STEP,ACD,1,-0.9740769863128662,-0.4740769863128662,0.3775406777858734,0.622459352016449,-0.9744516611099243,-0.4744516611099243,0.622459352016449,1,1,"{""A"": ""color"", ""B"": ""size"", ""C"": ""orientation"", ""D"": ""position""}",/mnt/tidalfs-hssh01/dataset/xiang/models/Qwen2.5-VL-7B-Instruct,42,not_empty,next_token
B_0105,B,STEP,BCD,1,-0.9740769863128662,-0.4740769863128662,0.3775406777858734,0.622459352016449,-0.9746048450469971,-0.47460487484931946,0.622459352016449,1,1,"{""A"": ""color"", ""B"": ""size"", ""C"": ""orientation"", ""D"": ""position""}",/mnt/tidalfs-hssh01/dataset/xiang/models/Qwen2.5-VL-7B-Instruct,42,not_empty,next_token
B_0105,B,STEP,ABCD,1,-0.9740769863128662,-0.4740769863128662,0.3775406777858734,0.622459352016449,-0.9743319153785706,-0.47433191537857056,0.622459352016449,1,1,"{""A"": ""color"", ""B"": ""size"", ""C"": ""orientation"", ""D"": ""position""}",/mnt/tidalfs-hssh01/dataset/xiang/models/Qwen2.5-VL-7B-Instruct,42,not_empty,next_token
B_0113,B,STEP,EMPTY,1,-0.825939416885376,-0.575939416885376,0.43782350420951843,0.562176525592804,-0.8349793553352356,-0.5849793553352356,0.562176525592804,1,1,"{""A"": ""size"", ""B"": ""orientation"", ""C"": ""position"", ""D"": ""color""}",/mnt/tidalfs-hssh01/dataset/xiang/models/Qwen2.5-VL-7B-Instruct,42,text_only,next_token
B_0113,B,STEP,A,1,-0.8981232643127441,-0.5231232643127441,0.4073334038257599,0.5926665663719177,-0.8990103006362915,-0.5240103006362915,0.5926665663719177,1,1,"{""A"": ""size"", ""B"": ""orientation"", ""C"": ""position"", ""D"": ""color""}",/mnt/tidalfs-hssh01/dataset/xiang/models/Qwen2.5-VL-7B-Instruct,42,not_empty,next_token
B_0113,B,STEP,B,1,-0.7575989961624146,-0.6325989961624146,0.4687906503677368,0.531209409236908,-0.7592000961303711,-0.6342000961303711,0.531209409236908,1,1,"{""A"": ""size"", ""B"": ""orientation"", ""C"": ""position"", ""D"": ""color""}",/mnt/tidalfs-hssh01/dataset/xiang/models/Qwen2.5-VL-7B-Instruct,42,not_empty,next_token
B_0113,B,STEP,C,1,-0.825939416885376,-0.575939416885376,0.43782350420951843,0.562176525592804,-0.8274153470993042,-0.5774153470993042,0.562176525592804,1,1,"{""A"": ""size"", ""B"": ""orientation"", ""C"": ""position"", ""D"": ""color""}",/mnt/tidalfs-hssh01/dataset/xiang/models/Qwen2.5-VL-7B-Instruct,42,not_empty,next_token
B_0113,B,STEP,D,1,-0.7575989961624146,-0.6325989961624146,0.4687906503677368,0.531209409236908,-0.7591000199317932,-0.6341000199317932,0.531209409236908,1,1,"{""A"": ""size"", ""B"": ""orientation"", ""C"": ""position"", ""D"": ""color""}",/mnt/tidalfs-hssh01/dataset/xiang/models/Qwen2.5-VL-7B-Instruct,42,not_empty,next_token
B_0113,B,STEP,AB,1,-0.6931471824645996,-0.6931471824645996,0.5,0.5,-0.6936583518981934,-0.6936583518981934,0.5,0,0,"{""A"": ""size"", ""B"": ""orientation"", ""C"": ""position"", ""D"": ""color""}",/mnt/tidalfs-hssh01/dataset/xiang/models/Qwen2.5-VL-7B-Instruct,42,not_empty,next_token
B_0113,B,STEP,AC,1,-0.8981232643127441,-0.5231232643127441,0.4073334038257599,0.5926665663719177,-0.8984248042106628,-0.5234248042106628,0.5926665663719177,1,1,"{""A"": ""size"", ""B"": ""orientation"", ""C"": ""position"", ""D"": ""color""}",/mnt/tidalfs-hssh01/dataset/xiang/models/Qwen2.5-VL-7B-Instruct,42,not_empty,next_token
B_0113,B,STEP,AD,1,-0.825939416885376,-0.575939416885376,0.43782350420951843,0.562176525592804,-0.826379120349884,-0.576379120349884,0.562176525592804,1,1,"{""A"": ""size"", ""B"": ""orientation"", ""C"": ""position"", ""D"": ""color""}",/mnt/tidalfs-hssh01/dataset/xiang/models/Qwen2.5-VL-7B-Instruct,42,not_empty,next_token
B_0113,B,STEP,BC,1,-0.7575989961624146,-0.6325989961624146,0.4687906503677368,0.531209409236908,-0.758453369140625,-0.633453369140625,0.531209409236908,1,1,"{""A"": ""size"", ""B"": ""orientation"", ""C"": ""position"", ""D"": ""color""}",/mnt/tidalfs-hssh01/dataset/xiang/models/Qwen2.5-VL-7B-Instruct,42,not_empty,next_token
B_0113,B,STEP,BD,1,-0.825939416885376,-0.575939416885376,0.43782350420951843,0.562176525592804,-0.8266938924789429,-0.5766938924789429,0.562176525592804,1,1,"{""A"": ""size"", ""B"": ""orientation"", ""C"": ""position"", ""D"": ""color""}",/mnt/tidalfs-hssh01/dataset/xiang/models/Qwen2.5-VL-7B-Instruct,42,not_empty,next_token
B_0113,B,STEP,CD,1,-0.825939416885376,-0.575939416885376,0.43782350420951843,0.562176525592804,-0.8266270160675049,-0.5766270160675049,0.562176525592804,1,1,"{""A"": ""size"", ""B"": ""orientation"", ""C"": ""position"", ""D"": ""color""}",/mnt/tidalfs-hssh01/dataset/xiang/models/Qwen2.5-VL-7B-Instruct,42,not_empty,next_token
B_0113,B,STEP,ABC,1,-0.825939416885376,-0.575939416885376,0.43782350420951843,0.562176525592804,-0.826226532459259,-0.576226532459259,0.562176525592804,1,1,"{""A"": ""size"", ""B"": ""orientation"", ""C"": ""position"", ""D"": ""color""}",/mnt/tidalfs-hssh01/dataset/xiang/models/Qwen2.5-VL-7B-Instruct,42,not_empty,next_token
B_0113,B,STEP,ABD,1,-0.6931471824645996,-0.6931471824645996,0.5,0.5,-0.6934718489646912,-0.6934718489646912,0.5,0,0,"{""A"": ""size"", ""B"": ""orientation"", ""C"": ""position"", ""D"": ""color""}",/mnt/tidalfs-hssh01/dataset/xiang/models/Qwen2.5-VL-7B-Instruct,42,not_empty,next_token
B_0113,B,STEP,ACD,1,-0.825939416885376,-0.575939416885376,0.43782350420951843,0.562176525592804,-0.826187014579773,-0.576187014579773,0.562176525592804,1,1,"{""A"": ""size"", ""B"": ""orientation"", ""C"": ""position"", ""D"": ""color""}",/mnt/tidalfs-hssh01/dataset/xiang/models/Qwen2.5-VL-7B-Instruct,42,not_empty,next_token
B_0113,B,STEP,BCD,1,-0.7575989961624146,-0.6325989961624146,0.4687906503677368,0.531209409236908,-0.7583614587783813,-0.6333614587783813,0.531209409236908,1,1,"{""A"": ""size"", ""B"": ""orientation"", ""C"": ""position"", ""D"": ""color""}",/mnt/tidalfs-hssh01/dataset/xiang/models/Qwen2.5-VL-7B-Instruct,42,not_empty,next_token
B_0113,B,STEP,ABCD,1,-0.825939416885376,-0.575939416885376,0.43782350420951843,0.562176525592804,-0.826227605342865,-0.576227605342865,0.562176525592804,1,1,"{""A"": ""size"", ""B"": ""orientation"", ""C"": ""position"", ""D"": ""color""}",/mnt/tidalfs-hssh01/dataset/xiang/models/Qwen2.5-VL-7B-Instruct,42,not_empty,next_token
B_0121,B,STEP,EMPTY,1,-0.8981232643127441,-0.5231232643127441,0.4073334038257599,0.5926665663719177,-0.9087707996368408,-0.5337707996368408,0.5926665663719177,1,1,"{""A"": ""orientation"", ""B"": ""position"", ""C"": ""color"", ""D"": ""size""}",/mnt/tidalfs-hssh01/dataset/xiang/models/Qwen2.5-VL-7B-Instruct,42,text_only,next_token
B_0121,B,STEP,A,1,-0.825939416885376,-0.575939416885376,0.43782350420951843,0.562176525592804,-0.8267313241958618,-0.5767313241958618,0.562176525592804,1,1,"{""A"": ""orientation"", ""B"": ""position"", ""C"": ""color"", ""D"": ""size""}",/mnt/tidalfs-hssh01/dataset/xiang/models/Qwen2.5-VL-7B-Instruct,42,not_empty,next_token
B_0121,B,STEP,B,1,-0.8981232643127441,-0.5231232643127441,0.4073334038257599,0.5926665663719177,-0.8991214632987976,-0.5241214632987976,0.5926665663719177,1,1,"{""A"": ""orientation"", ""B"": ""position"", ""C"": ""color"", ""D"": ""size""}",/mnt/tidalfs-hssh01/dataset/xiang/models/Qwen2.5-VL-7B-Instruct,42,not_empty,next_token
B_0121,B,STEP,C,1,-0.8981232643127441,-0.5231232643127441,0.4073334038257599,0.5926665663719177,-0.8988602161407471,-0.5238602161407471,0.5926665663719177,1,1,"{""A"": ""orientation"", ""B"": ""position"", ""C"": ""color"", ""D"": ""size""}",/mnt/tidalfs-hssh01/dataset/xiang/models/Qwen2.5-VL-7B-Instruct,42,not_empty,next_token
B_0121,B,STEP,D,1,-0.8981232643127441,-0.5231232643127441,0.4073334038257599,0.5926665663719177,-0.8993092775344849,-0.5243092775344849,0.5926665663719177,1,1,"{""A"": ""orientation"", ""B"": ""position"", ""C"": ""color"", ""D"": ""size""}",/mnt/tidalfs-hssh01/dataset/xiang/models/Qwen2.5-VL-7B-Instruct,42,not_empty,next_token
B_0121,B,STEP,AB,1,-0.8981232643127441,-0.5231232643127441,0.4073334038257599,0.5926665663719177,-0.8985897302627563,-0.5235897302627563,0.5926665663719177,1,1,"{""A"": ""orientation"", ""B"": ""position"", ""C"": ""color"", ""D"": ""size""}",/mnt/tidalfs-hssh01/dataset/xiang/models/Qwen2.5-VL-7B-Instruct,42,not_empty,next_token
B_0121,B,STEP,AC,1,-0.9740769863128662,-0.4740769863128662,0.3775406777858734,0.622459352016449,-0.9745405912399292,-0.4745405912399292,0.622459352016449,1,1,"{""A"": ""orientation"", ""B"": ""position"", ""C"": ""color"", ""D"": ""size""}",/mnt/tidalfs-hssh01/dataset/xiang/models/Qwen2.5-VL-7B-Instruct,42,not_empty,next_token
B_0121,B,STEP,AD,1,-0.8981232643127441,-0.5231232643127441,0.4073334038257599,0.5926665663719177,-0.8986918330192566,-0.5236918330192566,0.5926665663719177,1,1,"{""A"": ""orientation"", ""B"": ""position"", ""C"": ""color"", ""D"": ""size""}",/mnt/tidalfs-hssh01/dataset/xiang/models/Qwen2.5-VL-7B-Instruct,42,not_empty,next_token
B_0121,B,STEP,BC,1,-0.8981232643127441,-0.5231232643127441,0.4073334038257599,0.5926665663719177,-0.8984183073043823,-0.5234183073043823,0.5926665663719177,1,1,"{""A"": ""orientation"", ""B"": ""position"", ""C"": ""color"", ""D"": ""size""}",/mnt/tidalfs-hssh01/dataset/xiang/models/Qwen2.5-VL-7B-Instruct,42,not_empty,next_token
B_0121,B,STEP,BD,1,-0.7575989961624146,-0.6325989961624146,0.4687906503677368,0.531209409236908,-0.7579465508460999,-0.6329465508460999,0.531209409236908,1,1,"{""A"": ""orientation"", ""B"": ""position"", ""C"": ""color"", ""D"": ""size""}",/mnt/tidalfs-hssh01/dataset/xiang/models/Qwen2.5-VL-7B-Instruct,42,not_empty,next_token
B_0121,B,STEP,CD,1,-0.825939416885376,-0.575939416885376,0.43782350420951843,0.562176525592804,-0.8262506127357483,-0.5762506127357483,0.562176525592804,1,1,"{""A"": ""orientation"", ""B"": ""position"", ""C"": ""color"", ""D"": ""size""}",/mnt/tidalfs-hssh01/dataset/xiang/models/Qwen2.5-VL-7B-Instruct,42,not_empty,next_token
B_0121,B,STEP,ABC,1,-0.8981232643127441,-0.5231232643127441,0.4073334038257599,0.5926665663719177,-0.8985530734062195,-0.5235530734062195,0.5926665663719177,1,1,"{""A"": ""orientation"", ""B"": ""position"", ""C"": ""color"", ""D"": ""size""}",/mnt/tidalfs-hssh01/dataset/xiang/models/Qwen2.5-VL-7B-Instruct,42,not_empty,next_token
B_0121,B,STEP,ABD,1,-0.9740769863128662,-0.4740769863128662,0.3775406777858734,0.622459352016449,-0.9743943810462952,-0.47439438104629517,0.622459352016449,1,1,"{""A"": ""orientation"", ""B"": ""position"", ""C"": ""color"", ""D"": ""size""}",/mnt/tidalfs-hssh01/dataset/xiang/models/Qwen2.5-VL-7B-Instruct,42,not_empty,next_token
B_0121,B,STEP,ACD,1,-0.9740769863128662,-0.4740769863128662,0.3775406777858734,0.622459352016449,-0.9743550419807434,-0.4743550419807434,0.622459352016449,1,1,"{""A"": ""orientation"", ""B"": ""position"", ""C"": ""color"", ""D"": ""size""}",/mnt/tidalfs-hssh01/dataset/xiang/models/Qwen2.5-VL-7B-Instruct,42,not_empty,next_token
B_0121,B,STEP,BCD,1,-0.825939416885376,-0.575939416885376,0.43782350420951843,0.562176525592804,-0.826205849647522,-0.576205849647522,0.562176525592804,1,1,"{""A"": ""orientation"", ""B"": ""position"", ""C"": ""color"", ""D"": ""size""}",/mnt/tidalfs-hssh01/dataset/xiang/models/Qwen2.5-VL-7B-Instruct,42,not_empty,next_token
B_0121,B,STEP,ABCD,1,-0.9740769863128662,-0.4740769863128662,0.3775406777858734,0.622459352016449,-0.9743709564208984,-0.47437095642089844,0.622459352016449,1,1,"{""A"": ""orientation"", ""B"": ""position"", ""C"": ""color"", ""D"": ""size""}",/mnt/tidalfs-hssh01/dataset/xiang/models/Qwen2.5-VL-7B-Instruct,42,not_empty,next_token
