sample_id,probe,target_field,subset,ground_truth,logp_0,logp_1,p_0,p_1,candidate_loglik_0,candidate_loglik_1,p_correct,prediction,correct,cue_styles,model_name,seed,empty_mode,scoring_mode
A_0000,A,STEP1,EMPTY,1,-0.6931471824645996,-0.6931471824645996,0.5,0.5,-0.7521441578865051,-0.7521441578865051,0.5,0,0,"{""A"": ""position"", ""B"": ""color"", ""C"": ""size"", ""D"": ""orientation""}",/mnt/tidalfs-hssh01/dataset/xiang/models/Qwen2.5-VL-7B-Instruct,42,text_only,next_token
A_0000,A,STEP1,A,1,-0.6931471824645996,-0.6931471824645996,0.5,0.5,-0.695659339427948,-0.695659339427948,0.5,0,0,"{""A"": ""position"", ""B"": ""color"", ""C"": ""size"", ""D"": ""orientation""}",/mnt/tidalfs-hssh01/dataset/xiang/models/Qwen2.5-VL-7B-Instruct,42,not_empty,next_token
A_0000,A,STEP1,B,1,-0.7575989961624146,-0.6325989961624146,0.4687906503677368,0.531209409236908,-0.7589655518531799,-0.6339655518531799,0.531209409236908,1,1,"{""A"": ""position"", ""B"": ""color"", ""C"": ""size"", ""D"": ""orientation""}",/mnt/tidalfs-hssh01/dataset/xiang/models/Qwen2.5-VL-7B-Instruct,42,not_empty,next_token
A_0000,A,STEP1,C,1,-0.6931471824645996,-0.6931471824645996,0.5,0.5,-0.6952361464500427,-0.6952361464500427,0.5,0,0,"{""A"": ""position"", ""B"": ""color"", ""C"": ""size"", ""D"": ""orientation""}",/mnt/tidalfs-hssh01/dataset/xiang/models/Qwen2.5-VL-7B-Instruct,42,not_empty,next_token
A_0000,A,STEP1,D,1,-0.9740769863128662,-0.4740769863128662,0.3775406777858734,0.622459352016449,-0.9777901768684387,-0.4777901768684387,0.622459352016449,1,1,"{""A"": ""position"", ""B"": ""color"", ""C"": ""size"", ""D"": ""orientation""}",/mnt/tidalfs-hssh01/dataset/xiang/models/Qwen2.5-VL-7B-Instruct,42,not_empty,next_token
A_0000,A,STEP1,AB,1,-0.6325989961624146,-0.7575989961624146,0.531209409236908,0.4687906503677368,-0.6331754922866821,-0.7581754922866821,0.4687906503677368,0,0,"{""A"": ""position"", ""B"": ""color"", ""C"": ""size"", ""D"": ""orientation""}",/mnt/tidalfs-hssh01/dataset/xiang/models/Qwen2.5-VL-7B-Instruct,42,not_empty,next_token
A_0000,A,STEP1,AC,1,-0.825939416885376,-0.575939416885376,0.43782350420951843,0.562176525592804,-0.8263320922851562,-0.5763320922851562,0.562176525592804,1,1,"{""A"": ""position"", ""B"": ""color"", ""C"": ""size"", ""D"": ""orientation""}",/mnt/tidalfs-hssh01/dataset/xiang/models/Qwen2.5-VL-7B-Instruct,42,not_empty,next_token
A_0000,A,STEP1,AD,1,-0.825939416885376,-0.575939416885376,0.43782350420951843,0.562176525592804,-0.8273614645004272,-0.5773614645004272,0.562176525592804,1,1,"{""A"": ""position"", ""B"": ""color"", ""C"": ""size"", ""D"": ""orientation""}",/mnt/tidalfs-hssh01/dataset/xiang/models/Qwen2.5-VL-7B-Instruct,42,not_empty,next_token
A_0000,A,STEP1,BC,1,-0.8981232643127441,-0.5231232643127441,0.4073334038257599,0.5926665663719177,-0.8986302614212036,-0.5236302614212036,0.5926665663719177,1,1,"{""A"": ""position"", ""B"": ""color"", ""C"": ""size"", ""D"": ""orientation""}",/mnt/tidalfs-hssh01/dataset/xiang/models/Qwen2.5-VL-7B-Instruct,42,not_empty,next_token
A_0000,A,STEP1,BD,1,-0.825939416885376,-0.575939416885376,0.43782350420951843,0.562176525592804,-0.826836347579956,-0.576836347579956,0.562176525592804,1,1,"{""A"": ""position"", ""B"": ""color"", ""C"": ""size"", ""D"": ""orientation""}",/mnt/tidalfs-hssh01/dataset/xiang/models/Qwen2.5-VL-7B-Instruct,42,not_empty,next_token
A_0000,A,STEP1,CD,1,-0.825939416885376,-0.575939416885376,0.43782350420951843,0.562176525592804,-0.8267457485198975,-0.5767457485198975,0.562176525592804,1,1,"{""A"": ""position"", ""B"": ""color"", ""C"": ""size"", ""D"": ""orientation""}",/mnt/tidalfs-hssh01/dataset/xiang/models/Qwen2.5-VL-7B-Instruct,42,not_empty,next_token
A_0000,A,STEP1,ABC,1,-0.825939416885376,-0.575939416885376,0.43782350420951843,0.562176525592804,-0.8262235522270203,-0.5762235522270203,0.562176525592804,1,1,"{""A"": ""position"", ""B"": ""color"", ""C"": ""size"", ""D"": ""orientation""}",/mnt/tidalfs-hssh01/dataset/xiang/models/Qwen2.5-VL-7B-Instruct,42,not_empty,next_token
A_0000,A,STEP1,ABD,1,-0.825939416885376,-0.575939416885376,0.43782350420951843,0.562176525592804,-0.8262625932693481,-0.5762625932693481,0.562176525592804,1,1,"{""A"": ""position"", ""B"": ""color"", ""C"": ""size"", ""D"": ""orientation""}",/mnt/tidalfs-hssh01/dataset/xiang/models/Qwen2.5-VL-7B-Instruct,42,not_empty,next_token
A_0000,A,STEP1,ACD,1,-0.8981232643127441,-0.5231232643127441,0.4073334038257599,0.5926665663719177,-0.8984015583992004,-0.5234015583992004,0.5926665663719177,1,1,"{""A"": ""position"", ""B"": ""color"", ""C"": ""size"", ""D"": ""orientation""}",/mnt/tidalfs-hssh01/dataset/xiang/models/Qwen2.5-VL-7B-Instruct,42,not_empty,next_token
A_0000,A,STEP1,BCD,1,-1.0537006855010986,-0.42870065569877625,0.3486451208591461,0.6513548493385315,-1.0540238618850708,-0.4290238618850708,0.6513548493385315,1,1,"{""A"": ""position"", ""B"": ""color"", ""C"": ""size"", ""D"": ""orientation""}",/mnt/tidalfs-hssh01/dataset/xiang/models/Qwen2.5-VL-7B-Instruct,42,not_empty,next_token
A_0000,A,STEP1,ABCD,1,-0.9740769863128662,-0.4740769863128662,0.3775406777858734,0.622459352016449,-0.9742814898490906,-0.4742814898490906,0.622459352016449,1,1,"{""A"": ""position"", ""B"": ""color"", ""C"": ""size"", ""D"": ""orientation""}",/mnt/tidalfs-hssh01/dataset/xiang/models/Qwen2.5-VL-7B-Instruct,42,not_empty,next_token
A_0000,A,STEP2,EMPTY,0,-1.1368709802627563,-0.38687101006507874,0.3208213150501251,0.6791786551475525,-1.1873528957366943,-0.4373529553413391,0.3208213150501251,1,0,"{""A"": ""position"", ""B"": ""color"", ""C"": ""size"", ""D"": ""orientation""}",/mnt/tidalfs-hssh01/dataset/xiang/models/Qwen2.5-VL-7B-Instruct,42,text_only,next_token
A_0000,A,STEP2,A,0,-0.9740769863128662,-0.4740769863128662,0.3775406777858734,0.622459352016449,-0.976046621799469,-0.476046621799469,0.3775406777858734,1,0,"{""A"": ""position"", ""B"": ""color"", ""C"": ""size"", ""D"": ""orientation""}",/mnt/tidalfs-hssh01/dataset/xiang/models/Qwen2.5-VL-7B-Instruct,42,not_empty,next_token
A_0000,A,STEP2,B,0,-0.825939416885376,-0.575939416885376,0.43782350420951843,0.562176525592804,-0.8274880647659302,-0.5774880647659302,0.43782350420951843,1,0,"{""A"": ""position"", ""B"": ""color"", ""C"": ""size"", ""D"": ""orientation""}",/mnt/tidalfs-hssh01/dataset/xiang/models/Qwen2.5-VL-7B-Instruct,42,not_empty,next_token
A_0000,A,STEP2,C,0,-1.2234445810317993,-0.3484445810317993,0.29421499371528625,0.7057850360870361,-1.2249228954315186,-0.34992292523384094,0.29421499371528625,1,0,"{""A"": ""position"", ""B"": ""color"", ""C"": ""size"", ""D"": ""orientation""}",/mnt/tidalfs-hssh01/dataset/xiang/models/Qwen2.5-VL-7B-Instruct,42,not_empty,next_token
A_0000,A,STEP2,D,0,-1.5019290447235107,-0.25192904472351074,0.22270016372203827,0.7772998809814453,-1.5044355392456055,-0.25443553924560547,0.22270016372203827,1,0,"{""A"": ""position"", ""B"": ""color"", ""C"": ""size"", ""D"": ""orientation""}",/mnt/tidalfs-hssh01/dataset/xiang/models/Qwen2.5-VL-7B-Instruct,42,not_empty,next_token
A_0000,A,STEP2,AB,0,-0.6931471824645996,-0.6931471824645996,0.5,0.5,-0.6940824389457703,-0.6940824389457703,0.5,0,1,"{""A"": ""position"", ""B"": ""color"", ""C"": ""size"", ""D"": ""orientation""}",/mnt/tidalfs-hssh01/dataset/xiang/models/Qwen2.5-VL-7B-Instruct,42,not_empty,next_token
A_0000,A,STEP2,AC,0,-1.4061501026153564,-0.28115010261535645,0.24508503079414368,0.7549149990081787,-1.4064395427703857,-0.28143957257270813,0.24508503079414368,1,0,"{""A"": ""position"", ""B"": ""color"", ""C"": ""size"", ""D"": ""orientation""}",/mnt/tidalfs-hssh01/dataset/xiang/models/Qwen2.5-VL-7B-Instruct,42,not_empty,next_token
A_0000,A,STEP2,AD,0,-0.9740769863128662,-0.4740769863128662,0.3775406777858734,0.622459352016449,-0.9751926064491272,-0.4751926064491272,0.3775406777858734,1,0,"{""A"": ""position"", ""B"": ""color"", ""C"": ""size"", ""D"": ""orientation""}",/mnt/tidalfs-hssh01/dataset/xiang/models/Qwen2.5-VL-7B-Instruct,42,not_empty,next_token
A_0000,A,STEP2,BC,0,-1.136871099472046,-0.38687101006507874,0.32082128524780273,0.6791786551475525,-1.1378247737884521,-0.3878247141838074,0.32082128524780273,1,0,"{""A"": ""position"", ""B"": ""color"", ""C"": ""size"", ""D"": ""orientation""}",/mnt/tidalfs-hssh01/dataset/xiang/models/Qwen2.5-VL-7B-Instruct,42,not_empty,next_token
A_0000,A,STEP2,BD,0,-0.8981232643127441,-0.5231232643127441,0.4073334038257599,0.5926665663719177,-0.899730384349823,-0.524730384349823,0.4073334038257599,1,0,"{""A"": ""position"", ""B"": ""color"", ""C"": ""size"", ""D"": ""orientation""}",/mnt/tidalfs-hssh01/dataset/xiang/models/Qwen2.5-VL-7B-Instruct,42,not_empty,next_token
A_0000,A,STEP2,CD,0,-1.4061501026153564,-0.28115010261535645,0.24508503079414368,0.7549149990081787,-1.4068942070007324,-0.2818942666053772,0.24508503079414368,1,0,"{""A"": ""position"", ""B"": ""color"", ""C"": ""size"", ""D"": ""orientation""}",/mnt/tidalfs-hssh01/dataset/xiang/models/Qwen2.5-VL-7B-Instruct,42,not_empty,next_token
A_0000,A,STEP2,ABC,0,-1.053700566291809,-0.42870065569877625,0.3486451506614685,0.6513548493385315,-1.054337501525879,-0.4293375611305237,0.3486451506614685,1,0,"{""A"": ""position"", ""B"": ""color"", ""C"": ""size"", ""D"": ""orientation""}",/mnt/tidalfs-hssh01/dataset/xiang/models/Qwen2.5-VL-7B-Instruct,42,not_empty,next_token
A_0000,A,STEP2,ABD,0,-0.6325989961624146,-0.7575989961624146,0.531209409236908,0.4687906503677368,-0.6333050727844238,-0.7583050727844238,0.531209409236908,0,1,"{""A"": ""position"", ""B"": ""color"", ""C"": ""size"", ""D"": ""orientation""}",/mnt/tidalfs-hssh01/dataset/xiang/models/Qwen2.5-VL-7B-Instruct,42,not_empty,next_token
A_0000,A,STEP2,ACD,0,-1.5019290447235107,-0.25192904472351074,0.22270016372203827,0.7772998809814453,-1.502182126045227,-0.25218215584754944,0.22270016372203827,1,0,"{""A"": ""position"", ""B"": ""color"", ""C"": ""size"", ""D"": ""orientation""}",/mnt/tidalfs-hssh01/dataset/xiang/models/Qwen2.5-VL-7B-Instruct,42,not_empty,next_token
A_0000,A,STEP2,BCD,0,-1.1368709802627563,-0.38687101006507874,0.3208213150501251,0.6791786551475525,-1.13724946975708,-0.3872494697570801,0.3208213150501251,1,0,"{""A"": ""position"", ""B"": ""color"", ""C"": ""size"", ""D"": ""orientation""}",/mnt/tidalfs-hssh01/dataset/xiang/models/Qwen2.5-VL-7B-Instruct,42,not_empty,next_token
A_0000,A,STEP2,ABCD,0,-1.1368709802627563,-0.38687101006507874,0.3208213150501251,0.6791786551475525,-1.137220025062561,-0.38721999526023865,0.3208213150501251,1,0,"{""A"": ""position"", ""B"": ""color"", ""C"": ""size"", ""D"": ""orientation""}",/mnt/tidalfs-hssh01/dataset/xiang/models/Qwen2.5-VL-7B-Instruct,42,not_empty,next_token
A_0000,A,FINAL,EMPTY,1,-0.825939416885376,-0.575939416885376,0.43782350420951843,0.562176525592804,-1.032974123954773,-0.782974123954773,0.562176525592804,1,1,"{""A"": ""position"", ""B"": ""color"", ""C"": ""size"", ""D"": ""orientation""}",/mnt/tidalfs-hssh01/dataset/xiang/models/Qwen2.5-VL-7B-Instruct,42,text_only,next_token
A_0000,A,FINAL,A,1,-0.825939416885376,-0.575939416885376,0.43782350420951843,0.562176525592804,-0.8462235331535339,-0.5962235331535339,0.562176525592804,1,1,"{""A"": ""position"", ""B"": ""color"", ""C"": ""size"", ""D"": ""orientation""}",/mnt/tidalfs-hssh01/dataset/xiang/models/Qwen2.5-VL-7B-Instruct,42,not_empty,next_token
A_0000,A,FINAL,B,1,-0.7575989961624146,-0.6325989961624146,0.4687906503677368,0.531209409236908,-0.7693278193473816,-0.6443278193473816,0.531209409236908,1,1,"{""A"": ""position"", ""B"": ""color"", ""C"": ""size"", ""D"": ""orientation""}",/mnt/tidalfs-hssh01/dataset/xiang/models/Qwen2.5-VL-7B-Instruct,42,not_empty,next_token
A_0000,A,FINAL,C,1,-0.8981232643127441,-0.5231232643127441,0.4073334038257599,0.5926665663719177,-0.9070677757263184,-0.5320677757263184,0.5926665663719177,1,1,"{""A"": ""position"", ""B"": ""color"", ""C"": ""size"", ""D"": ""orientation""}",/mnt/tidalfs-hssh01/dataset/xiang/models/Qwen2.5-VL-7B-Instruct,42,not_empty,next_token
A_0000,A,FINAL,D,1,-1.053700566291809,-0.42870065569877625,0.3486451506614685,0.6513548493385315,-1.076493740081787,-0.4514937996864319,0.6513548493385315,1,1,"{""A"": ""position"", ""B"": ""color"", ""C"": ""size"", ""D"": ""orientation""}",/mnt/tidalfs-hssh01/dataset/xiang/models/Qwen2.5-VL-7B-Instruct,42,not_empty,next_token
A_0000,A,FINAL,AB,1,-0.6325989961624146,-0.7575989961624146,0.531209409236908,0.4687906503677368,-0.6347389221191406,-0.7597389221191406,0.4687906503677368,0,0,"{""A"": ""position"", ""B"": ""color"", ""C"": ""size"", ""D"": ""orientation""}",/mnt/tidalfs-hssh01/dataset/xiang/models/Qwen2.5-VL-7B-Instruct,42,not_empty,next_token
A_0000,A,FINAL,AC,1,-0.825939416885376,-0.575939416885376,0.43782350420951843,0.562176525592804,-0.8274644017219543,-0.5774644017219543,0.562176525592804,1,1,"{""A"": ""position"", ""B"": ""color"", ""C"": ""size"", ""D"": ""orientation""}",/mnt/tidalfs-hssh01/dataset/xiang/models/Qwen2.5-VL-7B-Instruct,42,not_empty,next_token
A_0000,A,FINAL,AD,1,-0.9740769863128662,-0.4740769863128662,0.3775406777858734,0.622459352016449,-0.976927638053894,-0.47692763805389404,0.622459352016449,1,1,"{""A"": ""position"", ""B"": ""color"", ""C"": ""size"", ""D"": ""orientation""}",/mnt/tidalfs-hssh01/dataset/xiang/models/Qwen2.5-VL-7B-Instruct,42,not_empty,next_token
A_0000,A,FINAL,BC,1,-0.7575989961624146,-0.6325989961624146,0.4687906503677368,0.531209409236908,-0.7610874772071838,-0.6360874772071838,0.531209409236908,1,1,"{""A"": ""position"", ""B"": ""color"", ""C"": ""size"", ""D"": ""orientation""}",/mnt/tidalfs-hssh01/dataset/xiang/models/Qwen2.5-VL-7B-Instruct,42,not_empty,next_token
A_0000,A,FINAL,BD,1,-0.825939416885376,-0.575939416885376,0.43782350420951843,0.562176525592804,-0.8343058228492737,-0.5843058228492737,0.562176525592804,1,1,"{""A"": ""position"", ""B"": ""color"", ""C"": ""size"", ""D"": ""orientation""}",/mnt/tidalfs-hssh01/dataset/xiang/models/Qwen2.5-VL-7B-Instruct,42,not_empty,next_token
A_0000,A,FINAL,CD,1,-0.8981232643127441,-0.5231232643127441,0.4073334038257599,0.5926665663719177,-0.9035506844520569,-0.5285506844520569,0.5926665663719177,1,1,"{""A"": ""position"", ""B"": ""color"", ""C"": ""size"", ""D"": ""orientation""}",/mnt/tidalfs-hssh01/dataset/xiang/models/Qwen2.5-VL-7B-Instruct,42,not_empty,next_token
A_0000,A,FINAL,ABC,1,-0.6931471824645996,-0.6931471824645996,0.5,0.5,-0.6948845982551575,-0.6948845982551575,0.5,0,0,"{""A"": ""position"", ""B"": ""color"", ""C"": ""size"", ""D"": ""orientation""}",/mnt/tidalfs-hssh01/dataset/xiang/models/Qwen2.5-VL-7B-Instruct,42,not_empty,next_token
A_0000,A,FINAL,ABD,1,-0.825939416885376,-0.575939416885376,0.43782350420951843,0.562176525592804,-0.827707827091217,-0.577707827091217,0.562176525592804,1,1,"{""A"": ""position"", ""B"": ""color"", ""C"": ""size"", ""D"": ""orientation""}",/mnt/tidalfs-hssh01/dataset/xiang/models/Qwen2.5-VL-7B-Instruct,42,not_empty,next_token
A_0000,A,FINAL,ACD,1,-0.9740769863128662,-0.4740769863128662,0.3775406777858734,0.622459352016449,-0.9750117063522339,-0.4750117361545563,0.622459352016449,1,1,"{""A"": ""position"", ""B"": ""color"", ""C"": ""size"", ""D"": ""orientation""}",/mnt/tidalfs-hssh01/dataset/xiang/models/Qwen2.5-VL-7B-Instruct,42,not_empty,next_token
A_0000,A,FINAL,BCD,1,-0.825939416885376,-0.575939416885376,0.43782350420951843,0.562176525592804,-0.828640878200531,-0.578640878200531,0.562176525592804,1,1,"{""A"": ""position"", ""B"": ""color"", ""C"": ""size"", ""D"": ""orientation""}",/mnt/tidalfs-hssh01/dataset/xiang/models/Qwen2.5-VL-7B-Instruct,42,not_empty,next_token
A_0000,A,FINAL,ABCD,1,-0.8981232643127441,-0.5231232643127441,0.4073334038257599,0.5926665663719177,-0.8989560008049011,-0.5239560008049011,0.5926665663719177,1,1,"{""A"": ""position"", ""B"": ""color"", ""C"": ""size"", ""D"": ""orientation""}",/mnt/tidalfs-hssh01/dataset/xiang/models/Qwen2.5-VL-7B-Instruct,42,not_empty,next_token
A_0008,A,STEP1,EMPTY,0,-0.6931471824645996,-0.6931471824645996,0.5,0.5,-0.7521441578865051,-0.7521441578865051,0.5,0,1,"{""A"": ""position"", ""B"": ""color"", ""C"": ""size"", ""D"": ""orientation""}",/mnt/tidalfs-hssh01/dataset/xiang/models/Qwen2.5-VL-7B-Instruct,42,text_only,next_token
A_0008,A,STEP1,A,0,-0.6931471824645996,-0.6931471824645996,0.5,0.5,-0.695659339427948,-0.695659339427948,0.5,0,1,"{""A"": ""position"", ""B"": ""color"", ""C"": ""size"", ""D"": ""orientation""}",/mnt/tidalfs-hssh01/dataset/xiang/models/Qwen2.5-VL-7B-Instruct,42,not_empty,next_token
A_0008,A,STEP1,B,0,-0.6931471824645996,-0.6931471824645996,0.5,0.5,-0.6952781677246094,-0.6952781677246094,0.5,0,1,"{""A"": ""position"", ""B"": ""color"", ""C"": ""size"", ""D"": ""orientation""}",/mnt/tidalfs-hssh01/dataset/xiang/models/Qwen2.5-VL-7B-Instruct,42,not_empty,next_token
A_0008,A,STEP1,C,0,-0.6931471824645996,-0.6931471824645996,0.5,0.5,-0.6965280771255493,-0.6965280771255493,0.5,0,1,"{""A"": ""position"", ""B"": ""color"", ""C"": ""size"", ""D"": ""orientation""}",/mnt/tidalfs-hssh01/dataset/xiang/models/Qwen2.5-VL-7B-Instruct,42,not_empty,next_token
A_0008,A,STEP1,D,0,-0.9740769863128662,-0.4740769863128662,0.3775406777858734,0.622459352016449,-0.9777901768684387,-0.4777901768684387,0.3775406777858734,1,0,"{""A"": ""position"", ""B"": ""color"", ""C"": ""size"", ""D"": ""orientation""}",/mnt/tidalfs-hssh01/dataset/xiang/models/Qwen2.5-VL-7B-Instruct,42,not_empty,next_token
A_0008,A,STEP1,AB,0,-0.6931471824645996,-0.6931471824645996,0.5,0.5,-0.6935794353485107,-0.6935794353485107,0.5,0,1,"{""A"": ""position"", ""B"": ""color"", ""C"": ""size"", ""D"": ""orientation""}",/mnt/tidalfs-hssh01/dataset/xiang/models/Qwen2.5-VL-7B-Instruct,42,not_empty,next_token
A_0008,A,STEP1,AC,0,-0.825939416885376,-0.575939416885376,0.43782350420951843,0.562176525592804,-0.8264027833938599,-0.5764027833938599,0.43782350420951843,1,0,"{""A"": ""position"", ""B"": ""color"", ""C"": ""size"", ""D"": ""orientation""}",/mnt/tidalfs-hssh01/dataset/xiang/models/Qwen2.5-VL-7B-Instruct,42,not_empty,next_token
A_0008,A,STEP1,AD,0,-0.825939416885376,-0.575939416885376,0.43782350420951843,0.562176525592804,-0.8273614645004272,-0.5773614645004272,0.43782350420951843,1,0,"{""A"": ""position"", ""B"": ""color"", ""C"": ""size"", ""D"": ""orientation""}",/mnt/tidalfs-hssh01/dataset/xiang/models/Qwen2.5-VL-7B-Instruct,42,not_empty,next_token
A_0008,A,STEP1,BC,0,-0.825939416885376,-0.575939416885376,0.43782350420951843,0.562176525592804,-0.8266457319259644,-0.5766457319259644,0.43782350420951843,1,0,"{""A"": ""position"", ""B"": ""color"", ""C"": ""size"", ""D"": ""orientation""}",/mnt/tidalfs-hssh01/dataset/xiang/models/Qwen2.5-VL-7B-Instruct,42,not_empty,next_token
A_0008,A,STEP1,BD,0,-0.825939416885376,-0.575939416885376,0.43782350420951843,0.562176525592804,-0.8270543217658997,-0.5770543217658997,0.43782350420951843,1,0,"{""A"": ""position"", ""B"": ""color"", ""C"": ""size"", ""D"": ""orientation""}",/mnt/tidalfs-hssh01/dataset/xiang/models/Qwen2.5-VL-7B-Instruct,42,not_empty,next_token
A_0008,A,STEP1,CD,0,-0.7575989961624146,-0.6325989961624146,0.4687906503677368,0.531209409236908,-0.7588961124420166,-0.6338961124420166,0.4687906503677368,1,0,"{""A"": ""position"", ""B"": ""color"", ""C"": ""size"", ""D"": ""orientation""}",/mnt/tidalfs-hssh01/dataset/xiang/models/Qwen2.5-VL-7B-Instruct,42,not_empty,next_token
A_0008,A,STEP1,ABC,0,-0.8981232643127441,-0.5231232643127441,0.4073334038257599,0.5926665663719177,-0.8983588218688965,-0.5233588218688965,0.4073334038257599,1,0,"{""A"": ""position"", ""B"": ""color"", ""C"": ""size"", ""D"": ""orientation""}",/mnt/tidalfs-hssh01/dataset/xiang/models/Qwen2.5-VL-7B-Instruct,42,not_empty,next_token
A_0008,A,STEP1,ABD,0,-0.825939416885376,-0.575939416885376,0.43782350420951843,0.562176525592804,-0.8261662721633911,-0.5761662721633911,0.43782350420951843,1,0,"{""A"": ""position"", ""B"": ""color"", ""C"": ""size"", ""D"": ""orientation""}",/mnt/tidalfs-hssh01/dataset/xiang/models/Qwen2.5-VL-7B-Instruct,42,not_empty,next_token
A_0008,A,STEP1,ACD,0,-0.8981232643127441,-0.5231232643127441,0.4073334038257599,0.5926665663719177,-0.8983874320983887,-0.5233874320983887,0.4073334038257599,1,0,"{""A"": ""position"", ""B"": ""color"", ""C"": ""size"", ""D"": ""orientation""}",/mnt/tidalfs-hssh01/dataset/xiang/models/Qwen2.5-VL-7B-Instruct,42,not_empty,next_token
A_0008,A,STEP1,BCD,0,-0.8981232643127441,-0.5231232643127441,0.4073334038257599,0.5926665663719177,-0.8984627723693848,-0.5234627723693848,0.4073334038257599,1,0,"{""A"": ""position"", ""B"": ""color"", ""C"": ""size"", ""D"": ""orientation""}",/mnt/tidalfs-hssh01/dataset/xiang/models/Qwen2.5-VL-7B-Instruct,42,not_empty,next_token
A_0008,A,STEP1,ABCD,0,-0.9740769863128662,-0.4740769863128662,0.3775406777858734,0.622459352016449,-0.9742486476898193,-0.4742486774921417,0.3775406777858734,1,0,"{""A"": ""position"", ""B"": ""color"", ""C"": ""size"", ""D"": ""orientation""}",/mnt/tidalfs-hssh01/dataset/xiang/models/Qwen2.5-VL-7B-Instruct,42,not_empty,next_token
A_0008,A,STEP2,EMPTY,1,-1.1368709802627563,-0.38687101006507874,0.3208213150501251,0.6791786551475525,-1.1873528957366943,-0.4373529553413391,0.6791786551475525,1,1,"{""A"": ""position"", ""B"": ""color"", ""C"": ""size"", ""D"": ""orientation""}",/mnt/tidalfs-hssh01/dataset/xiang/models/Qwen2.5-VL-7B-Instruct,42,text_only,next_token
A_0008,A,STEP2,A,1,-0.9740769863128662,-0.4740769863128662,0.3775406777858734,0.622459352016449,-0.976046621799469,-0.476046621799469,0.622459352016449,1,1,"{""A"": ""position"", ""B"": ""color"", ""C"": ""size"", ""D"": ""orientation""}",/mnt/tidalfs-hssh01/dataset/xiang/models/Qwen2.5-VL-7B-Instruct,42,not_empty,next_token
A_0008,A,STEP2,B,1,-0.8981232643127441,-0.5231232643127441,0.4073334038257599,0.5926665663719177,-0.9001257419586182,-0.5251257419586182,0.5926665663719177,1,1,"{""A"": ""position"", ""B"": ""color"", ""C"": ""size"", ""D"": ""orientation""}",/mnt/tidalfs-hssh01/dataset/xiang/models/Qwen2.5-VL-7B-Instruct,42,not_empty,next_token
A_0008,A,STEP2,C,1,-0.8981232643127441,-0.5231232643127441,0.4073334038257599,0.5926665663719177,-0.8998823761940002,-0.5248823761940002,0.5926665663719177,1,1,"{""A"": ""position"", ""B"": ""color"", ""C"": ""size"", ""D"": ""orientation""}",/mnt/tidalfs-hssh01/dataset/xiang/models/Qwen2.5-VL-7B-Instruct,42,not_empty,next_token
A_0008,A,STEP2,D,1,-1.5019290447235107,-0.25192904472351074,0.22270016372203827,0.7772998809814453,-1.5044355392456055,-0.25443553924560547,0.7772998809814453,1,1,"{""A"": ""position"", ""B"": ""color"", ""C"": ""size"", ""D"": ""orientation""}",/mnt/tidalfs-hssh01/dataset/xiang/models/Qwen2.5-VL-7B-Instruct,42,not_empty,next_token
A_0008,A,STEP2,AB,1,-0.7575989961624146,-0.6325989961624146,0.4687906503677368,0.531209409236908,-0.7584482431411743,-0.6334482431411743,0.531209409236908,1,1,"{""A"": ""position"", ""B"": ""color"", ""C"": ""size"", ""D"": ""orientation""}",/mnt/tidalfs-hssh01/dataset/xiang/models/Qwen2.5-VL-7B-Instruct,42,not_empty,next_token
A_0008,A,STEP2,AC,1,-0.8981232643127441,-0.5231232643127441,0.4073334038257599,0.5926665663719177,-0.8984832167625427,-0.5234832167625427,0.5926665663719177,1,1,"{""A"": ""position"", ""B"": ""color"", ""C"": ""size"", ""D"": ""orientation""}",/mnt/tidalfs-hssh01/dataset/xiang/models/Qwen2.5-VL-7B-Instruct,42,not_empty,next_token
A_0008,A,STEP2,AD,1,-0.9740769863128662,-0.4740769863128662,0.3775406777858734,0.622459352016449,-0.9751926064491272,-0.4751926064491272,0.622459352016449,1,1,"{""A"": ""position"", ""B"": ""color"", ""C"": ""size"", ""D"": ""orientation""}",/mnt/tidalfs-hssh01/dataset/xiang/models/Qwen2.5-VL-7B-Instruct,42,not_empty,next_token
A_0008,A,STEP2,BC,1,-0.825939416885376,-0.575939416885376,0.43782350420951843,0.562176525592804,-0.8269189596176147,-0.5769189596176147,0.562176525592804,1,1,"{""A"": ""position"", ""B"": ""color"", ""C"": ""size"", ""D"": ""orientation""}",/mnt/tidalfs-hssh01/dataset/xiang/models/Qwen2.5-VL-7B-Instruct,42,not_empty,next_token
A_0008,A,STEP2,BD,1,-0.8981232643127441,-0.5231232643127441,0.4073334038257599,0.5926665663719177,-0.8992553353309631,-0.5242553353309631,0.5926665663719177,1,1,"{""A"": ""position"", ""B"": ""color"", ""C"": ""size"", ""D"": ""orientation""}",/mnt/tidalfs-hssh01/dataset/xiang/models/Qwen2.5-VL-7B-Instruct,42,not_empty,next_token
A_0008,A,STEP2,CD,1,-0.825939416885376,-0.575939416885376,0.43782350420951843,0.562176525592804,-0.8270318508148193,-0.5770318508148193,0.562176525592804,1,1,"{""A"": ""position"", ""B"": ""color"", ""C"": ""size"", ""D"": ""orientation""}",/mnt/tidalfs-hssh01/dataset/xiang/models/Qwen2.5-VL-7B-Instruct,42,not_empty,next_token
A_0008,A,STEP2,ABC,1,-0.6325989961624146,-0.7575989961624146,0.531209409236908,0.4687906503677368,-0.6331777572631836,-0.7581777572631836,0.4687906503677368,0,0,"{""A"": ""position"", ""B"": ""color"", ""C"": ""size"", ""D"": ""orientation""}",/mnt/tidalfs-hssh01/dataset/xiang/models/Qwen2.5-VL-7B-Instruct,42,not_empty,next_token
A_0008,A,STEP2,ABD,1,-0.6325989961624146,-0.7575989961624146,0.531209409236908,0.4687906503677368,-0.6332175731658936,-0.7582175731658936,0.4687906503677368,0,0,"{""A"": ""position"", ""B"": ""color"", ""C"": ""size"", ""D"": ""orientation""}",/mnt/tidalfs-hssh01/dataset/xiang/models/Qwen2.5-VL-7B-Instruct,42,not_empty,next_token
A_0008,A,STEP2,ACD,1,-0.7575989961624146,-0.6325989961624146,0.4687906503677368,0.531209409236908,-0.7579135894775391,-0.6329135894775391,0.531209409236908,1,1,"{""A"": ""position"", ""B"": ""color"", ""C"": ""size"", ""D"": ""orientation""}",/mnt/tidalfs-hssh01/dataset/xiang/models/Qwen2.5-VL-7B-Instruct,42,not_empty,next_token
A_0008,A,STEP2,BCD,1,-0.825939416885376,-0.575939416885376,0.43782350420951843,0.562176525592804,-0.8266996741294861,-0.5766996741294861,0.562176525592804,1,1,"{""A"": ""position"", ""B"": ""color"", ""C"": ""size"", ""D"": ""orientation""}",/mnt/tidalfs-hssh01/dataset/xiang/models/Qwen2.5-VL-7B-Instruct,42,not_empty,next_token
A_0008,A,STEP2,ABCD,1,-0.6931471824645996,-0.6931471824645996,0.5,0.5,-0.6935041546821594,-0.6935041546821594,0.5,0,0,"{""A"": ""position"", ""B"": ""color"", ""C"": ""size"", ""D"": ""orientation""}",/mnt/tidalfs-hssh01/dataset/xiang/models/Qwen2.5-VL-7B-Instruct,42,not_empty,next_token
A_0008,A,FINAL,EMPTY,1,-0.825939416885376,-0.575939416885376,0.43782350420951843,0.562176525592804,-1.032974123954773,-0.782974123954773,0.562176525592804,1,1,"{""A"": ""position"", ""B"": ""color"", ""C"": ""size"", ""D"": ""orientation""}",/mnt/tidalfs-hssh01/dataset/xiang/models/Qwen2.5-VL-7B-Instruct,42,text_only,next_token
A_0008,A,FINAL,A,1,-0.825939416885376,-0.575939416885376,0.43782350420951843,0.562176525592804,-0.8462235331535339,-0.5962235331535339,0.562176525592804,1,1,"{""A"": ""position"", ""B"": ""color"", ""C"": ""size"", ""D"": ""orientation""}",/mnt/tidalfs-hssh01/dataset/xiang/models/Qwen2.5-VL-7B-Instruct,42,not_empty,next_token
A_0008,A,FINAL,B,1,-0.7575989961624146,-0.6325989961624146,0.4687906503677368,0.531209409236908,-0.7723475694656372,-0.6473475694656372,0.531209409236908,1,1,"{""A"": ""position"", ""B"": ""color"", ""C"": ""size"", ""D"": ""orientation""}",/mnt/tidalfs-hssh01/dataset/xiang/models/Qwen2.5-VL-7B-Instruct,42,not_empty,next_token
A_0008,A,FINAL,C,1,-0.825939416885376,-0.575939416885376,0.43782350420951843,0.562176525592804,-0.8405668139457703,-0.5905668139457703,0.562176525592804,1,1,"{""A"": ""position"", ""B"": ""color"", ""C"": ""size"", ""D"": ""orientation""}",/mnt/tidalfs-hssh01/dataset/xiang/models/Qwen2.5-VL-7B-Instruct,42,not_empty,next_token
A_0008,A,FINAL,D,1,-1.053700566291809,-0.42870065569877625,0.3486451506614685,0.6513548493385315,-1.076493740081787,-0.4514937996864319,0.6513548493385315,1,1,"{""A"": ""position"", ""B"": ""color"", ""C"": ""size"", ""D"": ""orientation""}",/mnt/tidalfs-hssh01/dataset/xiang/models/Qwen2.5-VL-7B-Instruct,42,not_empty,next_token
A_0008,A,FINAL,AB,1,-0.6931471824645996,-0.6931471824645996,0.5,0.5,-0.69500333070755,-0.69500333070755,0.5,0,0,"{""A"": ""position"", ""B"": ""color"", ""C"": ""size"", ""D"": ""orientation""}",/mnt/tidalfs-hssh01/dataset/xiang/models/Qwen2.5-VL-7B-Instruct,42,not_empty,next_token
A_0008,A,FINAL,AC,1,-0.7575989961624146,-0.6325989961624146,0.4687906503677368,0.531209409236908,-0.7587816715240479,-0.6337816715240479,0.531209409236908,1,1,"{""A"": ""position"", ""B"": ""color"", ""C"": ""size"", ""D"": ""orientation""}",/mnt/tidalfs-hssh01/dataset/xiang/models/Qwen2.5-VL-7B-Instruct,42,not_empty,next_token
A_0008,A,FINAL,AD,1,-0.9740769863128662,-0.4740769863128662,0.3775406777858734,0.622459352016449,-0.976927638053894,-0.47692763805389404,0.622459352016449,1,1,"{""A"": ""position"", ""B"": ""color"", ""C"": ""size"", ""D"": ""orientation""}",/mnt/tidalfs-hssh01/dataset/xiang/models/Qwen2.5-VL-7B-Instruct,42,not_empty,next_token
A_0008,A,FINAL,BC,1,-0.7575989961624146,-0.6325989961624146,0.4687906503677368,0.531209409236908,-0.7608028650283813,-0.6358028650283813,0.531209409236908,1,1,"{""A"": ""position"", ""B"": ""color"", ""C"": ""size"", ""D"": ""orientation""}",/mnt/tidalfs-hssh01/dataset/xiang/models/Qwen2.5-VL-7B-Instruct,42,not_empty,next_token
A_0008,A,FINAL,BD,1,-0.825939416885376,-0.575939416885376,0.43782350420951843,0.562176525592804,-0.8317471742630005,-0.5817471742630005,0.562176525592804,1,1,"{""A"": ""position"", ""B"": ""color"", ""C"": ""size"", ""D"": ""orientation""}",/mnt/tidalfs-hssh01/dataset/xiang/models/Qwen2.5-VL-7B-Instruct,42,not_empty,next_token
A_0008,A,FINAL,CD,1,-0.8981232643127441,-0.5231232643127441,0.4073334038257599,0.5926665663719177,-0.9077074527740479,-0.5327074527740479,0.5926665663719177,1,1,"{""A"": ""position"", ""B"": ""color"", ""C"": ""size"", ""D"": ""orientation""}",/mnt/tidalfs-hssh01/dataset/xiang/models/Qwen2.5-VL-7B-Instruct,42,not_empty,next_token
A_0008,A,FINAL,ABC,1,-0.6931471824645996,-0.6931471824645996,0.5,0.5,-0.69483482837677,-0.69483482837677,0.5,0,0,"{""A"": ""position"", ""B"": ""color"", ""C"": ""size"", ""D"": ""orientation""}",/mnt/tidalfs-hssh01/dataset/xiang/models/Qwen2.5-VL-7B-Instruct,42,not_empty,next_token
A_0008,A,FINAL,ABD,1,-0.8981232643127441,-0.5231232643127441,0.4073334038257599,0.5926665663719177,-0.8991553783416748,-0.5241553783416748,0.5926665663719177,1,1,"{""A"": ""position"", ""B"": ""color"", ""C"": ""size"", ""D"": ""orientation""}",/mnt/tidalfs-hssh01/dataset/xiang/models/Qwen2.5-VL-7B-Instruct,42,not_empty,next_token
A_0008,A,FINAL,ACD,1,-0.8981232643127441,-0.5231232643127441,0.4073334038257599,0.5926665663719177,-0.8991342782974243,-0.5241342782974243,0.5926665663719177,1,1,"{""A"": ""position"", ""B"": ""color"", ""C"": ""size"", ""D"": ""orientation""}",/mnt/tidalfs-hssh01/dataset/xiang/models/Qwen2.5-VL-7B-Instruct,42,not_empty,next_token
A_0008,A,FINAL,BCD,1,-0.8981232643127441,-0.5231232643127441,0.4073334038257599,0.5926665663719177,-0.901079535484314,-0.526079535484314,0.5926665663719177,1,1,"{""A"": ""position"", ""B"": ""color"", ""C"": ""size"", ""D"": ""orientation""}",/mnt/tidalfs-hssh01/dataset/xiang/models/Qwen2.5-VL-7B-Instruct,42,not_empty,next_token
A_0008,A,FINAL,ABCD,1,-0.8981232643127441,-0.5231232643127441,0.4073334038257599,0.5926665663719177,-0.8990902900695801,-0.5240902900695801,0.5926665663719177,1,1,"{""A"": ""position"", ""B"": ""color"", ""C"": ""size"", ""D"": ""orientation""}",/mnt/tidalfs-hssh01/dataset/xiang/models/Qwen2.5-VL-7B-Instruct,42,not_empty,next_token
A_0016,A,STEP1,EMPTY,1,-0.825939416885376,-0.575939416885376,0.43782350420951843,0.562176525592804,-0.8866772651672363,-0.6366772651672363,0.562176525592804,1,1,"{""A"": ""color"", ""B"": ""size"", ""C"": ""orientation"", ""D"": ""position""}",/mnt/tidalfs-hssh01/dataset/xiang/models/Qwen2.5-VL-7B-Instruct,42,text_only,next_token
A_0016,A,STEP1,A,1,-0.6325989961624146,-0.7575989961624146,0.531209409236908,0.4687906503677368,-0.6342206597328186,-0.7592206597328186,0.4687906503677368,0,0,"{""A"": ""color"", ""B"": ""size"", ""C"": ""orientation"", ""D"": ""position""}",/mnt/tidalfs-hssh01/dataset/xiang/models/Qwen2.5-VL-7B-Instruct,42,not_empty,next_token
A_0016,A,STEP1,B,1,-0.8981232643127441,-0.5231232643127441,0.4073334038257599,0.5926665663719177,-0.8994943499565125,-0.5244943499565125,0.5926665663719177,1,1,"{""A"": ""color"", ""B"": ""size"", ""C"": ""orientation"", ""D"": ""position""}",/mnt/tidalfs-hssh01/dataset/xiang/models/Qwen2.5-VL-7B-Instruct,42,not_empty,next_token
A_0016,A,STEP1,C,1,-0.9740769863128662,-0.4740769863128662,0.3775406777858734,0.622459352016449,-0.981826663017273,-0.48182669281959534,0.622459352016449,1,1,"{""A"": ""color"", ""B"": ""size"", ""C"": ""orientation"", ""D"": ""position""}",/mnt/tidalfs-hssh01/dataset/xiang/models/Qwen2.5-VL-7B-Instruct,42,not_empty,next_token
A_0016,A,STEP1,D,1,-0.9740769863128662,-0.4740769863128662,0.3775406777858734,0.622459352016449,-0.9776468276977539,-0.4776468276977539,0.622459352016449,1,1,"{""A"": ""color"", ""B"": ""size"", ""C"": ""orientation"", ""D"": ""position""}",/mnt/tidalfs-hssh01/dataset/xiang/models/Qwen2.5-VL-7B-Instruct,42,not_empty,next_token
A_0016,A,STEP1,AB,1,-0.825939416885376,-0.575939416885376,0.43782350420951843,0.562176525592804,-0.8261608481407166,-0.5761608481407166,0.562176525592804,1,1,"{""A"": ""color"", ""B"": ""size"", ""C"": ""orientation"", ""D"": ""position""}",/mnt/tidalfs-hssh01/dataset/xiang/models/Qwen2.5-VL-7B-Instruct,42,not_empty,next_token
A_0016,A,STEP1,AC,1,-0.7575989961624146,-0.6325989961624146,0.4687906503677368,0.531209409236908,-0.758022129535675,-0.633022129535675,0.531209409236908,1,1,"{""A"": ""color"", ""B"": ""size"", ""C"": ""orientation"", ""D"": ""position""}",/mnt/tidalfs-hssh01/dataset/xiang/models/Qwen2.5-VL-7B-Instruct,42,not_empty,next_token
A_0016,A,STEP1,AD,1,-0.825939416885376,-0.575939416885376,0.43782350420951843,0.562176525592804,-0.826427698135376,-0.576427698135376,0.562176525592804,1,1,"{""A"": ""color"", ""B"": ""size"", ""C"": ""orientation"", ""D"": ""position""}",/mnt/tidalfs-hssh01/dataset/xiang/models/Qwen2.5-VL-7B-Instruct,42,not_empty,next_token
A_0016,A,STEP1,BC,1,-1.1368709802627563,-0.38687101006507874,0.3208213150501251,0.6791786551475525,-1.1374504566192627,-0.3874504864215851,0.6791786551475525,1,1,"{""A"": ""color"", ""B"": ""size"", ""C"": ""orientation"", ""D"": ""position""}",/mnt/tidalfs-hssh01/dataset/xiang/models/Qwen2.5-VL-7B-Instruct,42,not_empty,next_token
A_0016,A,STEP1,BD,1,-1.1368709802627563,-0.38687101006507874,0.3208213150501251,0.6791786551475525,-1.137405276298523,-0.38740524649620056,0.6791786551475525,1,1,"{""A"": ""color"", ""B"": ""size"", ""C"": ""orientation"", ""D"": ""position""}",/mnt/tidalfs-hssh01/dataset/xiang/models/Qwen2.5-VL-7B-Instruct,42,not_empty,next_token
A_0016,A,STEP1,CD,1,-0.825939416885376,-0.575939416885376,0.43782350420951843,0.562176525592804,-0.8275344967842102,-0.5775344967842102,0.562176525592804,1,1,"{""A"": ""color"", ""B"": ""size"", ""C"": ""orientation"", ""D"": ""position""}",/mnt/tidalfs-hssh01/dataset/xiang/models/Qwen2.5-VL-7B-Instruct,42,not_empty,next_token
A_0016,A,STEP1,ABC,1,-0.9740769863128662,-0.4740769863128662,0.3775406777858734,0.622459352016449,-0.9742625951766968,-0.47426262497901917,0.622459352016449,1,1,"{""A"": ""color"", ""B"": ""size"", ""C"": ""orientation"", ""D"": ""position""}",/mnt/tidalfs-hssh01/dataset/xiang/models/Qwen2.5-VL-7B-Instruct,42,not_empty,next_token
A_0016,A,STEP1,ABD,1,-1.1368709802627563,-0.38687101006507874,0.3208213150501251,0.6791786551475525,-1.1370525360107422,-0.38705259561538696,0.6791786551475525,1,1,"{""A"": ""color"", ""B"": ""size"", ""C"": ""orientation"", ""D"": ""position""}",/mnt/tidalfs-hssh01/dataset/xiang/models/Qwen2.5-VL-7B-Instruct,42,not_empty,next_token
A_0016,A,STEP1,ACD,1,-0.8981232643127441,-0.5231232643127441,0.4073334038257599,0.5926665663719177,-0.8984251618385315,-0.5234251618385315,0.5926665663719177,1,1,"{""A"": ""color"", ""B"": ""size"", ""C"": ""orientation"", ""D"": ""position""}",/mnt/tidalfs-hssh01/dataset/xiang/models/Qwen2.5-VL-7B-Instruct,42,not_empty,next_token
A_0016,A,STEP1,BCD,1,-1.3132617473602295,-0.3132617473602295,0.26894140243530273,0.7310584783554077,-1.3135802745819092,-0.31358030438423157,0.7310584783554077,1,1,"{""A"": ""color"", ""B"": ""size"", ""C"": ""orientation"", ""D"": ""position""}",/mnt/tidalfs-hssh01/dataset/xiang/models/Qwen2.5-VL-7B-Instruct,42,not_empty,next_token
A_0016,A,STEP1,ABCD,1,-1.1368709802627563,-0.38687101006507874,0.3208213150501251,0.6791786551475525,-1.1370375156402588,-0.3870375454425812,0.6791786551475525,1,1,"{""A"": ""color"", ""B"": ""size"", ""C"": ""orientation"", ""D"": ""position""}",/mnt/tidalfs-hssh01/dataset/xiang/models/Qwen2.5-VL-7B-Instruct,42,not_empty,next_token
A_0016,A,STEP2,EMPTY,1,-1.1368709802627563,-0.38687101006507874,0.3208213150501251,0.6791786551475525,-1.166052222251892,-0.4160521924495697,0.6791786551475525,1,1,"{""A"": ""color"", ""B"": ""size"", ""C"": ""orientation"", ""D"": ""position""}",/mnt/tidalfs-hssh01/dataset/xiang/models/Qwen2.5-VL-7B-Instruct,42,text_only,next_token
A_0016,A,STEP2,A,1,-1.1368709802627563,-0.38687101006507874,0.3208213150501251,0.6791786551475525,-1.138103723526001,-0.38810375332832336,0.6791786551475525,1,1,"{""A"": ""color"", ""B"": ""size"", ""C"": ""orientation"", ""D"": ""position""}",/mnt/tidalfs-hssh01/dataset/xiang/models/Qwen2.5-VL-7B-Instruct,42,not_empty,next_token
A_0016,A,STEP2,B,1,-1.1368709802627563,-0.38687101006507874,0.3208213150501251,0.6791786551475525,-1.1385562419891357,-0.38855624198913574,0.6791786551475525,1,1,"{""A"": ""color"", ""B"": ""size"", ""C"": ""orientation"", ""D"": ""position""}",/mnt/tidalfs-hssh01/dataset/xiang/models/Qwen2.5-VL-7B-Instruct,42,not_empty,next_token
A_0016,A,STEP2,C,1,-1.1368709802627563,-0.38687101006507874,0.3208213150501251,0.6791786551475525,-1.1390414237976074,-0.3890414237976074,0.6791786551475525,1,1,"{""A"": ""color"", ""B"": ""size"", ""C"": ""orientation"", ""D"": ""position""}",/mnt/tidalfs-hssh01/dataset/xiang/models/Qwen2.5-VL-7B-Instruct,42,not_empty,next_token
A_0016,A,STEP2,D,1,-1.1368709802627563,-0.38687101006507874,0.3208213150501251,0.6791786551475525,-1.1389763355255127,-0.38897639513015747,0.6791786551475525,1,1,"{""A"": ""color"", ""B"": ""size"", ""C"": ""orientation"", ""D"": ""position""}",/mnt/tidalfs-hssh01/dataset/xiang/models/Qwen2.5-VL-7B-Instruct,42,not_empty,next_token
A_0016,A,STEP2,AB,1,-0.8981232643127441,-0.5231232643127441,0.4073334038257599,0.5926665663719177,-0.8989626169204712,-0.5239626169204712,0.5926665663719177,1,1,"{""A"": ""color"", ""B"": ""size"", ""C"": ""orientation"", ""D"": ""position""}",/mnt/tidalfs-hssh01/dataset/xiang/models/Qwen2.5-VL-7B-Instruct,42,not_empty,next_token
A_0016,A,STEP2,AC,1,-0.825939416885376,-0.575939416885376,0.43782350420951843,0.562176525592804,-0.8264377117156982,-0.5764377117156982,0.562176525592804,1,1,"{""A"": ""color"", ""B"": ""size"", ""C"": ""orientation"", ""D"": ""position""}",/mnt/tidalfs-hssh01/dataset/xiang/models/Qwen2.5-VL-7B-Instruct,42,not_empty,next_token
A_0016,A,STEP2,AD,1,-1.0537006855010986,-0.42870065569877625,0.3486451208591461,0.6513548493385315,-1.054436445236206,-0.42943641543388367,0.6513548493385315,1,1,"{""A"": ""color"", ""B"": ""size"", ""C"": ""orientation"", ""D"": ""position""}",/mnt/tidalfs-hssh01/dataset/xiang/models/Qwen2.5-VL-7B-Instruct,42,not_empty,next_token
A_0016,A,STEP2,BC,1,-0.825939416885376,-0.575939416885376,0.43782350420951843,0.562176525592804,-0.8272716403007507,-0.5772716403007507,0.562176525592804,1,1,"{""A"": ""color"", ""B"": ""size"", ""C"": ""orientation"", ""D"": ""position""}",/mnt/tidalfs-hssh01/dataset/xiang/models/Qwen2.5-VL-7B-Instruct,42,not_empty,next_token
A_0016,A,STEP2,BD,1,-0.8981232643127441,-0.5231232643127441,0.4073334038257599,0.5926665663719177,-0.8992037773132324,-0.5242037773132324,0.5926665663719177,1,1,"{""A"": ""color"", ""B"": ""size"", ""C"": ""orientation"", ""D"": ""position""}",/mnt/tidalfs-hssh01/dataset/xiang/models/Qwen2.5-VL-7B-Instruct,42,not_empty,next_token
A_0016,A,STEP2,CD,1,-0.9740769863128662,-0.4740769863128662,0.3775406777858734,0.622459352016449,-0.9755614995956421,-0.4755614995956421,0.622459352016449,1,1,"{""A"": ""color"", ""B"": ""size"", ""C"": ""orientation"", ""D"": ""position""}",/mnt/tidalfs-hssh01/dataset/xiang/models/Qwen2.5-VL-7B-Instruct,42,not_empty,next_token
A_0016,A,STEP2,ABC,1,-0.6931471824645996,-0.6931471824645996,0.5,0.5,-0.6937875151634216,-0.6937875151634216,0.5,0,0,"{""A"": ""color"", ""B"": ""size"", ""C"": ""orientation"", ""D"": ""position""}",/mnt/tidalfs-hssh01/dataset/xiang/models/Qwen2.5-VL-7B-Instruct,42,not_empty,next_token
A_0016,A,STEP2,ABD,1,-0.8981232643127441,-0.5231232643127441,0.4073334038257599,0.5926665663719177,-0.8988099098205566,-0.5238099098205566,0.5926665663719177,1,1,"{""A"": ""color"", ""B"": ""size"", ""C"": ""orientation"", ""D"": ""position""}",/mnt/tidalfs-hssh01/dataset/xiang/models/Qwen2.5-VL-7B-Instruct,42,not_empty,next_token
A_0016,A,STEP2,ACD,1,-0.825939416885376,-0.575939416885376,0.43782350420951843,0.562176525592804,-0.8263216018676758,-0.5763216018676758,0.562176525592804,1,1,"{""A"": ""color"", ""B"": ""size"", ""C"": ""orientation"", ""D"": ""position""}",/mnt/tidalfs-hssh01/dataset/xiang/models/Qwen2.5-VL-7B-Instruct,42,not_empty,next_token
A_0016,A,STEP2,BCD,1,-0.7575989961624146,-0.6325989961624146,0.4687906503677368,0.531209409236908,-0.7588329911231995,-0.6338329911231995,0.531209409236908,1,1,"{""A"": ""color"", ""B"": ""size"", ""C"": ""orientation"", ""D"": ""position""}",/mnt/tidalfs-hssh01/dataset/xiang/models/Qwen2.5-VL-7B-Instruct,42,not_empty,next_token
A_0016,A,STEP2,ABCD,1,-0.6325989961624146,-0.7575989961624146,0.531209409236908,0.4687906503677368,-0.6331380605697632,-0.7581380605697632,0.4687906503677368,0,0,"{""A"": ""color"", ""B"": ""size"", ""C"": ""orientation"", ""D"": ""position""}",/mnt/tidalfs-hssh01/dataset/xiang/models/Qwen2.5-VL-7B-Instruct,42,not_empty,next_token
A_0016,A,FINAL,EMPTY,0,-0.7575989961624146,-0.6325989961624146,0.4687906503677368,0.531209409236908,-0.9736700057983398,-0.8486700057983398,0.4687906503677368,1,0,"{""A"": ""color"", ""B"": ""size"", ""C"": ""orientation"", ""D"": ""position""}",/mnt/tidalfs-hssh01/dataset/xiang/models/Qwen2.5-VL-7B-Instruct,42,text_only,next_token
A_0016,A,FINAL,A,0,-0.825939416885376,-0.575939416885376,0.43782350420951843,0.562176525592804,-0.8319355845451355,-0.5819355845451355,0.43782350420951843,1,0,"{""A"": ""color"", ""B"": ""size"", ""C"": ""orientation"", ""D"": ""position""}",/mnt/tidalfs-hssh01/dataset/xiang/models/Qwen2.5-VL-7B-Instruct,42,not_empty,next_token
A_0016,A,FINAL,B,0,-0.8981232643127441,-0.5231232643127441,0.4073334038257599,0.5926665663719177,-0.9050209522247314,-0.5300209522247314,0.4073334038257599,1,0,"{""A"": ""color"", ""B"": ""size"", ""C"": ""orientation"", ""D"": ""position""}",/mnt/tidalfs-hssh01/dataset/xiang/models/Qwen2.5-VL-7B-Instruct,42,not_empty,next_token
A_0016,A,FINAL,C,0,-0.8981232643127441,-0.5231232643127441,0.4073334038257599,0.5926665663719177,-0.9219778776168823,-0.5469778776168823,0.4073334038257599,1,0,"{""A"": ""color"", ""B"": ""size"", ""C"": ""orientation"", ""D"": ""position""}",/mnt/tidalfs-hssh01/dataset/xiang/models/Qwen2.5-VL-7B-Instruct,42,not_empty,next_token
A_0016,A,FINAL,D,0,-0.8981232643127441,-0.5231232643127441,0.4073334038257599,0.5926665663719177,-0.914612352848053,-0.539612352848053,0.4073334038257599,1,0,"{""A"": ""color"", ""B"": ""size"", ""C"": ""orientation"", ""D"": ""position""}",/mnt/tidalfs-hssh01/dataset/xiang/models/Qwen2.5-VL-7B-Instruct,42,not_empty,next_token
A_0016,A,FINAL,AB,0,-0.825939416885376,-0.575939416885376,0.43782350420951843,0.562176525592804,-0.8268360495567322,-0.5768360495567322,0.43782350420951843,1,0,"{""A"": ""color"", ""B"": ""size"", ""C"": ""orientation"", ""D"": ""position""}",/mnt/tidalfs-hssh01/dataset/xiang/models/Qwen2.5-VL-7B-Instruct,42,not_empty,next_token
A_0016,A,FINAL,AC,0,-0.8981232643127441,-0.5231232643127441,0.4073334038257599,0.5926665663719177,-0.8991402387619019,-0.5241402387619019,0.4073334038257599,1,0,"{""A"": ""color"", ""B"": ""size"", ""C"": ""orientation"", ""D"": ""position""}",/mnt/tidalfs-hssh01/dataset/xiang/models/Qwen2.5-VL-7B-Instruct,42,not_empty,next_token
A_0016,A,FINAL,AD,0,-0.8981232643127441,-0.5231232643127441,0.4073334038257599,0.5926665663719177,-0.9000160694122314,-0.5250160694122314,0.4073334038257599,1,0,"{""A"": ""color"", ""B"": ""size"", ""C"": ""orientation"", ""D"": ""position""}",/mnt/tidalfs-hssh01/dataset/xiang/models/Qwen2.5-VL-7B-Instruct,42,not_empty,next_token
A_0016,A,FINAL,BC,0,-0.8981232643127441,-0.5231232643127441,0.4073334038257599,0.5926665663719177,-0.9022879600524902,-0.5272879600524902,0.4073334038257599,1,0,"{""A"": ""color"", ""B"": ""size"", ""C"": ""orientation"", ""D"": ""position""}",/mnt/tidalfs-hssh01/dataset/xiang/models/Qwen2.5-VL-7B-Instruct,42,not_empty,next_token
A_0016,A,FINAL,BD,0,-0.825939416885376,-0.575939416885376,0.43782350420951843,0.562176525592804,-0.8287986516952515,-0.5787986516952515,0.43782350420951843,1,0,"{""A"": ""color"", ""B"": ""size"", ""C"": ""orientation"", ""D"": ""position""}",/mnt/tidalfs-hssh01/dataset/xiang/models/Qwen2.5-VL-7B-Instruct,42,not_empty,next_token
A_0016,A,FINAL,CD,0,-0.825939416885376,-0.575939416885376,0.43782350420951843,0.562176525592804,-0.834861695766449,-0.584861695766449,0.43782350420951843,1,0,"{""A"": ""color"", ""B"": ""size"", ""C"": ""orientation"", ""D"": ""position""}",/mnt/tidalfs-hssh01/dataset/xiang/models/Qwen2.5-VL-7B-Instruct,42,not_empty,next_token
A_0016,A,FINAL,ABC,0,-0.8981232643127441,-0.5231232643127441,0.4073334038257599,0.5926665663719177,-0.8990877866744995,-0.5240877866744995,0.4073334038257599,1,0,"{""A"": ""color"", ""B"": ""size"", ""C"": ""orientation"", ""D"": ""position""}",/mnt/tidalfs-hssh01/dataset/xiang/models/Qwen2.5-VL-7B-Instruct,42,not_empty,next_token
A_0016,A,FINAL,ABD,0,-0.9740769863128662,-0.4740769863128662,0.3775406777858734,0.622459352016449,-0.9746807813644409,-0.4746808111667633,0.3775406777858734,1,0,"{""A"": ""color"", ""B"": ""size"", ""C"": ""orientation"", ""D"": ""position""}",/mnt/tidalfs-hssh01/dataset/xiang/models/Qwen2.5-VL-7B-Instruct,42,not_empty,next_token
A_0016,A,FINAL,ACD,0,-0.8981232643127441,-0.5231232643127441,0.4073334038257599,0.5926665663719177,-0.8993467092514038,-0.5243467092514038,0.4073334038257599,1,0,"{""A"": ""color"", ""B"": ""size"", ""C"": ""orientation"", ""D"": ""position""}",/mnt/tidalfs-hssh01/dataset/xiang/models/Qwen2.5-VL-7B-Instruct,42,not_empty,next_token
A_0016,A,FINAL,BCD,0,-0.9740769863128662,-0.4740769863128662,0.3775406777858734,0.622459352016449,-0.9774391651153564,-0.47743916511535645,0.3775406777858734,1,0,"{""A"": ""color"", ""B"": ""size"", ""C"": ""orientation"", ""D"": ""position""}",/mnt/tidalfs-hssh01/dataset/xiang/models/Qwen2.5-VL-7B-Instruct,42,not_empty,next_token
A_0016,A,FINAL,ABCD,0,-0.9740769863128662,-0.4740769863128662,0.3775406777858734,0.622459352016449,-0.975263774394989,-0.475263774394989,0.3775406777858734,1,0,"{""A"": ""color"", ""B"": ""size"", ""C"": ""orientation"", ""D"": ""position""}",/mnt/tidalfs-hssh01/dataset/xiang/models/Qwen2.5-VL-7B-Instruct,42,not_empty,next_token
A_0024,A,STEP1,EMPTY,1,-0.825939416885376,-0.575939416885376,0.43782350420951843,0.562176525592804,-0.8866772651672363,-0.6366772651672363,0.562176525592804,1,1,"{""A"": ""color"", ""B"": ""size"", ""C"": ""orientation"", ""D"": ""position""}",/mnt/tidalfs-hssh01/dataset/xiang/models/Qwen2.5-VL-7B-Instruct,42,text_only,next_token
A_0024,A,STEP1,A,1,-0.6325989961624146,-0.7575989961624146,0.531209409236908,0.4687906503677368,-0.6342206597328186,-0.7592206597328186,0.4687906503677368,0,0,"{""A"": ""color"", ""B"": ""size"", ""C"": ""orientation"", ""D"": ""position""}",/mnt/tidalfs-hssh01/dataset/xiang/models/Qwen2.5-VL-7B-Instruct,42,not_empty,next_token
A_0024,A,STEP1,B,1,-0.8981232643127441,-0.5231232643127441,0.4073334038257599,0.5926665663719177,-0.8994943499565125,-0.5244943499565125,0.5926665663719177,1,1,"{""A"": ""color"", ""B"": ""size"", ""C"": ""orientation"", ""D"": ""position""}",/mnt/tidalfs-hssh01/dataset/xiang/models/Qwen2.5-VL-7B-Instruct,42,not_empty,next_token
A_0024,A,STEP1,C,1,-1.3132617473602295,-0.3132617473602295,0.26894140243530273,0.7310584783554077,-1.3148443698883057,-0.31484439969062805,0.7310584783554077,1,1,"{""A"": ""color"", ""B"": ""size"", ""C"": ""orientation"", ""D"": ""position""}",/mnt/tidalfs-hssh01/dataset/xiang/models/Qwen2.5-VL-7B-Instruct,42,not_empty,next_token
A_0024,A,STEP1,D,1,-0.9740769863128662,-0.4740769863128662,0.3775406777858734,0.622459352016449,-0.9789466857910156,-0.4789466857910156,0.622459352016449,1,1,"{""A"": ""color"", ""B"": ""size"", ""C"": ""orientation"", ""D"": ""position""}",/mnt/tidalfs-hssh01/dataset/xiang/models/Qwen2.5-VL-7B-Instruct,42,not_empty,next_token
A_0024,A,STEP1,AB,1,-0.825939416885376,-0.575939416885376,0.43782350420951843,0.562176525592804,-0.8261608481407166,-0.5761608481407166,0.562176525592804,1,1,"{""A"": ""color"", ""B"": ""size"", ""C"": ""orientation"", ""D"": ""position""}",/mnt/tidalfs-hssh01/dataset/xiang/models/Qwen2.5-VL-7B-Instruct,42,not_empty,next_token
A_0024,A,STEP1,AC,1,-0.7575989961624146,-0.6325989961624146,0.4687906503677368,0.531209409236908,-0.7579666376113892,-0.6329666376113892,0.531209409236908,1,1,"{""A"": ""color"", ""B"": ""size"", ""C"": ""orientation"", ""D"": ""position""}",/mnt/tidalfs-hssh01/dataset/xiang/models/Qwen2.5-VL-7B-Instruct,42,not_empty,next_token
A_0024,A,STEP1,AD,1,-0.825939416885376,-0.575939416885376,0.43782350420951843,0.562176525592804,-0.8264911770820618,-0.5764911770820618,0.562176525592804,1,1,"{""A"": ""color"", ""B"": ""size"", ""C"": ""orientation"", ""D"": ""position""}",/mnt/tidalfs-hssh01/dataset/xiang/models/Qwen2.5-VL-7B-Instruct,42,not_empty,next_token
A_0024,A,STEP1,BC,1,-0.9740769863128662,-0.4740769863128662,0.3775406777858734,0.622459352016449,-0.9747657179832458,-0.47476571798324585,0.622459352016449,1,1,"{""A"": ""color"", ""B"": ""size"", ""C"": ""orientation"", ""D"": ""position""}",/mnt/tidalfs-hssh01/dataset/xiang/models/Qwen2.5-VL-7B-Instruct,42,not_empty,next_token
A_0024,A,STEP1,BD,1,-1.136871099472046,-0.38687101006507874,0.32082128524780273,0.6791786551475525,-1.1373846530914307,-0.3873845934867859,0.6791786551475525,1,1,"{""A"": ""color"", ""B"": ""size"", ""C"": ""orientation"", ""D"": ""position""}",/mnt/tidalfs-hssh01/dataset/xiang/models/Qwen2.5-VL-7B-Instruct,42,not_empty,next_token
A_0024,A,STEP1,CD,1,-1.3132617473602295,-0.3132617473602295,0.26894140243530273,0.7310584783554077,-1.3139698505401611,-0.3139699101448059,0.7310584783554077,1,1,"{""A"": ""color"", ""B"": ""size"", ""C"": ""orientation"", ""D"": ""position""}",/mnt/tidalfs-hssh01/dataset/xiang/models/Qwen2.5-VL-7B-Instruct,42,not_empty,next_token
A_0024,A,STEP1,ABC,1,-0.9740769863128662,-0.4740769863128662,0.3775406777858734,0.622459352016449,-0.9742345809936523,-0.47423458099365234,0.622459352016449,1,1,"{""A"": ""color"", ""B"": ""size"", ""C"": ""orientation"", ""D"": ""position""}",/mnt/tidalfs-hssh01/dataset/xiang/models/Qwen2.5-VL-7B-Instruct,42,not_empty,next_token
A_0024,A,STEP1,ABD,1,-1.1368709802627563,-0.38687101006507874,0.3208213150501251,0.6791786551475525,-1.1370599269866943,-0.3870599865913391,0.6791786551475525,1,1,"{""A"": ""color"", ""B"": ""size"", ""C"": ""orientation"", ""D"": ""position""}",/mnt/tidalfs-hssh01/dataset/xiang/models/Qwen2.5-VL-7B-Instruct,42,not_empty,next_token
A_0024,A,STEP1,ACD,1,-0.9740769863128662,-0.4740769863128662,0.3775406777858734,0.622459352016449,-0.9743081331253052,-0.4743081033229828,0.622459352016449,1,1,"{""A"": ""color"", ""B"": ""size"", ""C"": ""orientation"", ""D"": ""position""}",/mnt/tidalfs-hssh01/dataset/xiang/models/Qwen2.5-VL-7B-Instruct,42,not_empty,next_token
A_0024,A,STEP1,BCD,1,-1.136871099472046,-0.38687101006507874,0.32082128524780273,0.6791786551475525,-1.137171745300293,-0.3871716856956482,0.6791786551475525,1,1,"{""A"": ""color"", ""B"": ""size"", ""C"": ""orientation"", ""D"": ""position""}",/mnt/tidalfs-hssh01/dataset/xiang/models/Qwen2.5-VL-7B-Instruct,42,not_empty,next_token
A_0024,A,STEP1,ABCD,1,-1.053700566291809,-0.42870065569877625,0.3486451506614685,0.6513548493385315,-1.0538690090179443,-0.4288690686225891,0.6513548493385315,1,1,"{""A"": ""color"", ""B"": ""size"", ""C"": ""orientation"", ""D"": ""position""}",/mnt/tidalfs-hssh01/dataset/xiang/models/Qwen2.5-VL-7B-Instruct,42,not_empty,next_token
A_0024,A,STEP2,EMPTY,1,-1.1368709802627563,-0.38687101006507874,0.3208213150501251,0.6791786551475525,-1.166052222251892,-0.4160521924495697,0.6791786551475525,1,1,"{""A"": ""color"", ""B"": ""size"", ""C"": ""orientation"", ""D"": ""position""}",/mnt/tidalfs-hssh01/dataset/xiang/models/Qwen2.5-VL-7B-Instruct,42,text_only,next_token
A_0024,A,STEP2,A,1,-1.1368709802627563,-0.38687101006507874,0.3208213150501251,0.6791786551475525,-1.138103723526001,-0.38810375332832336,0.6791786551475525,1,1,"{""A"": ""color"", ""B"": ""size"", ""C"": ""orientation"", ""D"": ""position""}",/mnt/tidalfs-hssh01/dataset/xiang/models/Qwen2.5-VL-7B-Instruct,42,not_empty,next_token
A_0024,A,STEP2,B,1,-1.1368709802627563,-0.38687101006507874,0.3208213150501251,0.6791786551475525,-1.1385562419891357,-0.38855624198913574,0.6791786551475525,1,1,"{""A"": ""color"", ""B"": ""size"", ""C"": ""orientation"", ""D"": ""position""}",/mnt/tidalfs-hssh01/dataset/xiang/models/Qwen2.5-VL-7B-Instruct,42,not_empty,next_token
A_0024,A,STEP2,C,1,-1.7014133930206299,-0.2014133334159851,0.18242549896240234,0.8175744414329529,-1.7026395797729492,-0.20263953506946564,0.8175744414329529,1,1,"{""A"": ""color"", ""B"": ""size"", ""C"": ""orientation"", ""D"": ""position""}",/mnt/tidalfs-hssh01/dataset/xiang/models/Qwen2.5-VL-7B-Instruct,42,not_empty,next_token
A_0024,A,STEP2,D,1,-1.2234444618225098,-0.3484445810317993,0.29421502351760864,0.7057850360870361,-1.2250585556030273,-0.3500586152076721,0.7057850360870361,1,1,"{""A"": ""color"", ""B"": ""size"", ""C"": ""orientation"", ""D"": ""position""}",/mnt/tidalfs-hssh01/dataset/xiang/models/Qwen2.5-VL-7B-Instruct,42,not_empty,next_token
A_0024,A,STEP2,AB,1,-0.8981232643127441,-0.5231232643127441,0.4073334038257599,0.5926665663719177,-0.8989626169204712,-0.5239626169204712,0.5926665663719177,1,1,"{""A"": ""color"", ""B"": ""size"", ""C"": ""orientation"", ""D"": ""position""}",/mnt/tidalfs-hssh01/dataset/xiang/models/Qwen2.5-VL-7B-Instruct,42,not_empty,next_token
A_0024,A,STEP2,AC,1,-1.1368709802627563,-0.38687101006507874,0.3208213150501251,0.6791786551475525,-1.1372787952423096,-0.38727882504463196,0.6791786551475525,1,1,"{""A"": ""color"", ""B"": ""size"", ""C"": ""orientation"", ""D"": ""position""}",/mnt/tidalfs-hssh01/dataset/xiang/models/Qwen2.5-VL-7B-Instruct,42,not_empty,next_token
A_0024,A,STEP2,AD,1,-1.0537006855010986,-0.42870065569877625,0.3486451208591461,0.6513548493385315,-1.0546177625656128,-0.4296177923679352,0.6513548493385315,1,1,"{""A"": ""color"", ""B"": ""size"", ""C"": ""orientation"", ""D"": ""position""}",/mnt/tidalfs-hssh01/dataset/xiang/models/Qwen2.5-VL-7B-Instruct,42,not_empty,next_token
A_0024,A,STEP2,BC,1,-1.1368709802627563,-0.38687101006507874,0.3208213150501251,0.6791786551475525,-1.13774836063385,-0.3877483606338501,0.6791786551475525,1,1,"{""A"": ""color"", ""B"": ""size"", ""C"": ""orientation"", ""D"": ""position""}",/mnt/tidalfs-hssh01/dataset/xiang/models/Qwen2.5-VL-7B-Instruct,42,not_empty,next_token
A_0024,A,STEP2,BD,1,-0.9740769863128662,-0.4740769863128662,0.3775406777858734,0.622459352016449,-0.9752063751220703,-0.4752063751220703,0.622459352016449,1,1,"{""A"": ""color"", ""B"": ""size"", ""C"": ""orientation"", ""D"": ""position""}",/mnt/tidalfs-hssh01/dataset/xiang/models/Qwen2.5-VL-7B-Instruct,42,not_empty,next_token
A_0024,A,STEP2,CD,1,-1.5019290447235107,-0.25192904472351074,0.22270016372203827,0.7772998809814453,-1.5027116537094116,-0.25271162390708923,0.7772998809814453,1,1,"{""A"": ""color"", ""B"": ""size"", ""C"": ""orientation"", ""D"": ""position""}",/mnt/tidalfs-hssh01/dataset/xiang/models/Qwen2.5-VL-7B-Instruct,42,not_empty,next_token
A_0024,A,STEP2,ABC,1,-0.9740769863128662,-0.4740769863128662,0.3775406777858734,0.622459352016449,-0.9746447801589966,-0.4746447801589966,0.622459352016449,1,1,"{""A"": ""color"", ""B"": ""size"", ""C"": ""orientation"", ""D"": ""position""}",/mnt/tidalfs-hssh01/dataset/xiang/models/Qwen2.5-VL-7B-Instruct,42,not_empty,next_token
A_0024,A,STEP2,ABD,1,-0.825939416885376,-0.575939416885376,0.43782350420951843,0.562176525592804,-0.826518714427948,-0.576518714427948,0.562176525592804,1,1,"{""A"": ""color"", ""B"": ""size"", ""C"": ""orientation"", ""D"": ""position""}",/mnt/tidalfs-hssh01/dataset/xiang/models/Qwen2.5-VL-7B-Instruct,42,not_empty,next_token
A_0024,A,STEP2,ACD,1,-1.136871099472046,-0.38687101006507874,0.32082128524780273,0.6791786551475525,-1.1372199058532715,-0.3872198462486267,0.6791786551475525,1,1,"{""A"": ""color"", ""B"": ""size"", ""C"": ""orientation"", ""D"": ""position""}",/mnt/tidalfs-hssh01/dataset/xiang/models/Qwen2.5-VL-7B-Instruct,42,not_empty,next_token
A_0024,A,STEP2,BCD,1,-0.9740769863128662,-0.4740769863128662,0.3775406777858734,0.622459352016449,-0.9751665592193604,-0.47516658902168274,0.622459352016449,1,1,"{""A"": ""color"", ""B"": ""size"", ""C"": ""orientation"", ""D"": ""position""}",/mnt/tidalfs-hssh01/dataset/xiang/models/Qwen2.5-VL-7B-Instruct,42,not_empty,next_token
A_0024,A,STEP2,ABCD,1,-1.1368709802627563,-0.38687101006507874,0.3208213150501251,0.6791786551475525,-1.137275218963623,-0.38727518916130066,0.6791786551475525,1,1,"{""A"": ""color"", ""B"": ""size"", ""C"": ""orientation"", ""D"": ""position""}",/mnt/tidalfs-hssh01/dataset/xiang/models/Qwen2.5-VL-7B-Instruct,42,not_empty,next_token
A_0024,A,FINAL,EMPTY,0,-0.7575989961624146,-0.6325989961624146,0.4687906503677368,0.531209409236908,-0.9736700057983398,-0.8486700057983398,0.4687906503677368,1,0,"{""A"": ""color"", ""B"": ""size"", ""C"": ""orientation"", ""D"": ""position""}",/mnt/tidalfs-hssh01/dataset/xiang/models/Qwen2.5-VL-7B-Instruct,42,text_only,next_token
A_0024,A,FINAL,A,0,-0.825939416885376,-0.575939416885376,0.43782350420951843,0.562176525592804,-0.8319355845451355,-0.5819355845451355,0.43782350420951843,1,0,"{""A"": ""color"", ""B"": ""size"", ""C"": ""orientation"", ""D"": ""position""}",/mnt/tidalfs-hssh01/dataset/xiang/models/Qwen2.5-VL-7B-Instruct,42,not_empty,next_token
A_0024,A,FINAL,B,0,-0.8981232643127441,-0.5231232643127441,0.4073334038257599,0.5926665663719177,-0.9050209522247314,-0.5300209522247314,0.4073334038257599,1,0,"{""A"": ""color"", ""B"": ""size"", ""C"": ""orientation"", ""D"": ""position""}",/mnt/tidalfs-hssh01/dataset/xiang/models/Qwen2.5-VL-7B-Instruct,42,not_empty,next_token
A_0024,A,FINAL,C,0,-1.0537006855010986,-0.42870065569877625,0.3486451208591461,0.6513548493385315,-1.0634181499481201,-0.4384181499481201,0.3486451208591461,1,0,"{""A"": ""color"", ""B"": ""size"", ""C"": ""orientation"", ""D"": ""position""}",/mnt/tidalfs-hssh01/dataset/xiang/models/Qwen2.5-VL-7B-Instruct,42,not_empty,next_token
A_0024,A,FINAL,D,0,-0.8981232643127441,-0.5231232643127441,0.4073334038257599,0.5926665663719177,-0.9094062447547913,-0.5344062447547913,0.4073334038257599,1,0,"{""A"": ""color"", ""B"": ""size"", ""C"": ""orientation"", ""D"": ""position""}",/mnt/tidalfs-hssh01/dataset/xiang/models/Qwen2.5-VL-7B-Instruct,42,not_empty,next_token
A_0024,A,FINAL,AB,0,-0.825939416885376,-0.575939416885376,0.43782350420951843,0.562176525592804,-0.8268360495567322,-0.5768360495567322,0.43782350420951843,1,0,"{""A"": ""color"", ""B"": ""size"", ""C"": ""orientation"", ""D"": ""position""}",/mnt/tidalfs-hssh01/dataset/xiang/models/Qwen2.5-VL-7B-Instruct,42,not_empty,next_token
A_0024,A,FINAL,AC,0,-0.8981232643127441,-0.5231232643127441,0.4073334038257599,0.5926665663719177,-0.8991785645484924,-0.5241785645484924,0.4073334038257599,1,0,"{""A"": ""color"", ""B"": ""size"", ""C"": ""orientation"", ""D"": ""position""}",/mnt/tidalfs-hssh01/dataset/xiang/models/Qwen2.5-VL-7B-Instruct,42,not_empty,next_token
A_0024,A,FINAL,AD,0,-0.8981232643127441,-0.5231232643127441,0.4073334038257599,0.5926665663719177,-0.8995832204818726,-0.5245832204818726,0.4073334038257599,1,0,"{""A"": ""color"", ""B"": ""size"", ""C"": ""orientation"", ""D"": ""position""}",/mnt/tidalfs-hssh01/dataset/xiang/models/Qwen2.5-VL-7B-Instruct,42,not_empty,next_token
A_0024,A,FINAL,BC,0,-0.825939416885376,-0.575939416885376,0.43782350420951843,0.562176525592804,-0.8302822709083557,-0.5802822709083557,0.43782350420951843,1,0,"{""A"": ""color"", ""B"": ""size"", ""C"": ""orientation"", ""D"": ""position""}",/mnt/tidalfs-hssh01/dataset/xiang/models/Qwen2.5-VL-7B-Instruct,42,not_empty,next_token
A_0024,A,FINAL,BD,0,-0.8981232643127441,-0.5231232643127441,0.4073334038257599,0.5926665663719177,-0.9014317989349365,-0.5264317989349365,0.4073334038257599,1,0,"{""A"": ""color"", ""B"": ""size"", ""C"": ""orientation"", ""D"": ""position""}",/mnt/tidalfs-hssh01/dataset/xiang/models/Qwen2.5-VL-7B-Instruct,42,not_empty,next_token
A_0024,A,FINAL,CD,0,-0.9740769863128662,-0.4740769863128662,0.3775406777858734,0.622459352016449,-0.9794908761978149,-0.47949084639549255,0.3775406777858734,1,0,"{""A"": ""color"", ""B"": ""size"", ""C"": ""orientation"", ""D"": ""position""}",/mnt/tidalfs-hssh01/dataset/xiang/models/Qwen2.5-VL-7B-Instruct,42,not_empty,next_token
A_0024,A,FINAL,ABC,0,-0.8981232643127441,-0.5231232643127441,0.4073334038257599,0.5926665663719177,-0.8989515900611877,-0.5239515900611877,0.4073334038257599,1,0,"{""A"": ""color"", ""B"": ""size"", ""C"": ""orientation"", ""D"": ""position""}",/mnt/tidalfs-hssh01/dataset/xiang/models/Qwen2.5-VL-7B-Instruct,42,not_empty,next_token
A_0024,A,FINAL,ABD,0,-0.825939416885376,-0.575939416885376,0.43782350420951843,0.562176525592804,-0.8272593021392822,-0.5772593021392822,0.43782350420951843,1,0,"{""A"": ""color"", ""B"": ""size"", ""C"": ""orientation"", ""D"": ""position""}",/mnt/tidalfs-hssh01/dataset/xiang/models/Qwen2.5-VL-7B-Instruct,42,not_empty,next_token
A_0024,A,FINAL,ACD,0,-0.9740769863128662,-0.4740769863128662,0.3775406777858734,0.622459352016449,-0.9748743772506714,-0.474874347448349,0.3775406777858734,1,0,"{""A"": ""color"", ""B"": ""size"", ""C"": ""orientation"", ""D"": ""position""}",/mnt/tidalfs-hssh01/dataset/xiang/models/Qwen2.5-VL-7B-Instruct,42,not_empty,next_token
A_0024,A,FINAL,BCD,0,-0.9740769863128662,-0.4740769863128662,0.3775406777858734,0.622459352016449,-0.9758607745170593,-0.4758607745170593,0.3775406777858734,1,0,"{""A"": ""color"", ""B"": ""size"", ""C"": ""orientation"", ""D"": ""position""}",/mnt/tidalfs-hssh01/dataset/xiang/models/Qwen2.5-VL-7B-Instruct,42,not_empty,next_token
A_0024,A,FINAL,ABCD,0,-0.9740769863128662,-0.4740769863128662,0.3775406777858734,0.622459352016449,-0.9747794270515442,-0.4747794270515442,0.3775406777858734,1,0,"{""A"": ""color"", ""B"": ""size"", ""C"": ""orientation"", ""D"": ""position""}",/mnt/tidalfs-hssh01/dataset/xiang/models/Qwen2.5-VL-7B-Instruct,42,not_empty,next_token
A_0032,A,STEP1,EMPTY,0,-0.6931471824645996,-0.6931471824645996,0.5,0.5,-0.819155216217041,-0.819155216217041,0.5,0,1,"{""A"": ""size"", ""B"": ""orientation"", ""C"": ""position"", ""D"": ""color""}",/mnt/tidalfs-hssh01/dataset/xiang/models/Qwen2.5-VL-7B-Instruct,42,text_only,next_token
A_0032,A,STEP1,A,0,-0.9740769863128662,-0.4740769863128662,0.3775406777858734,0.622459352016449,-0.9751812815666199,-0.4751812815666199,0.3775406777858734,1,0,"{""A"": ""size"", ""B"": ""orientation"", ""C"": ""position"", ""D"": ""color""}",/mnt/tidalfs-hssh01/dataset/xiang/models/Qwen2.5-VL-7B-Instruct,42,not_empty,next_token
A_0032,A,STEP1,B,0,-1.4061501026153564,-0.28115010261535645,0.24508503079414368,0.7549149990081787,-1.408461093902588,-0.28346115350723267,0.24508503079414368,1,0,"{""A"": ""size"", ""B"": ""orientation"", ""C"": ""position"", ""D"": ""color""}",/mnt/tidalfs-hssh01/dataset/xiang/models/Qwen2.5-VL-7B-Instruct,42,not_empty,next_token
A_0032,A,STEP1,C,0,-0.6325989961624146,-0.7575989961624146,0.531209409236908,0.4687906503677368,-0.6354181170463562,-0.7604181170463562,0.531209409236908,0,1,"{""A"": ""size"", ""B"": ""orientation"", ""C"": ""position"", ""D"": ""color""}",/mnt/tidalfs-hssh01/dataset/xiang/models/Qwen2.5-VL-7B-Instruct,42,not_empty,next_token
A_0032,A,STEP1,D,0,-0.825939416885376,-0.575939416885376,0.43782350420951843,0.562176525592804,-0.8284756541252136,-0.5784756541252136,0.43782350420951843,1,0,"{""A"": ""size"", ""B"": ""orientation"", ""C"": ""position"", ""D"": ""color""}",/mnt/tidalfs-hssh01/dataset/xiang/models/Qwen2.5-VL-7B-Instruct,42,not_empty,next_token
A_0032,A,STEP1,AB,0,-0.8981232643127441,-0.5231232643127441,0.4073334038257599,0.5926665663719177,-0.8985679149627686,-0.5235679149627686,0.4073334038257599,1,0,"{""A"": ""size"", ""B"": ""orientation"", ""C"": ""position"", ""D"": ""color""}",/mnt/tidalfs-hssh01/dataset/xiang/models/Qwen2.5-VL-7B-Instruct,42,not_empty,next_token
A_0032,A,STEP1,AC,0,-1.1368709802627563,-0.38687101006507874,0.3208213150501251,0.6791786551475525,-1.13720703125,-0.3872070610523224,0.3208213150501251,1,0,"{""A"": ""size"", ""B"": ""orientation"", ""C"": ""position"", ""D"": ""color""}",/mnt/tidalfs-hssh01/dataset/xiang/models/Qwen2.5-VL-7B-Instruct,42,not_empty,next_token
A_0032,A,STEP1,AD,0,-0.8981232643127441,-0.5231232643127441,0.4073334038257599,0.5926665663719177,-0.8985601663589478,-0.5235601663589478,0.4073334038257599,1,0,"{""A"": ""size"", ""B"": ""orientation"", ""C"": ""position"", ""D"": ""color""}",/mnt/tidalfs-hssh01/dataset/xiang/models/Qwen2.5-VL-7B-Instruct,42,not_empty,next_token
A_0032,A,STEP1,BC,0,-1.7014133930206299,-0.2014133334159851,0.18242549896240234,0.8175744414329529,-1.70206880569458,-0.20206885039806366,0.18242549896240234,1,0,"{""A"": ""size"", ""B"": ""orientation"", ""C"": ""position"", ""D"": ""color""}",/mnt/tidalfs-hssh01/dataset/xiang/models/Qwen2.5-VL-7B-Instruct,42,not_empty,next_token
A_0032,A,STEP1,BD,0,-1.5019290447235107,-0.25192904472351074,0.22270016372203827,0.7772998809814453,-1.5025379657745361,-0.2525380253791809,0.22270016372203827,1,0,"{""A"": ""size"", ""B"": ""orientation"", ""C"": ""position"", ""D"": ""color""}",/mnt/tidalfs-hssh01/dataset/xiang/models/Qwen2.5-VL-7B-Instruct,42,not_empty,next_token
A_0032,A,STEP1,CD,0,-0.6931471824645996,-0.6931471824645996,0.5,0.5,-0.6938310861587524,-0.6938310861587524,0.5,0,1,"{""A"": ""size"", ""B"": ""orientation"", ""C"": ""position"", ""D"": ""color""}",/mnt/tidalfs-hssh01/dataset/xiang/models/Qwen2.5-VL-7B-Instruct,42,not_empty,next_token
A_0032,A,STEP1,ABC,0,-1.2234445810317993,-0.3484445810317993,0.29421499371528625,0.7057850360870361,-1.2237356901168823,-0.3487357199192047,0.29421499371528625,1,0,"{""A"": ""size"", ""B"": ""orientation"", ""C"": ""position"", ""D"": ""color""}",/mnt/tidalfs-hssh01/dataset/xiang/models/Qwen2.5-VL-7B-Instruct,42,not_empty,next_token
A_0032,A,STEP1,ABD,0,-1.0537006855010986,-0.42870065569877625,0.3486451208591461,0.6513548493385315,-1.0539265871047974,-0.42892658710479736,0.3486451208591461,1,0,"{""A"": ""size"", ""B"": ""orientation"", ""C"": ""position"", ""D"": ""color""}",/mnt/tidalfs-hssh01/dataset/xiang/models/Qwen2.5-VL-7B-Instruct,42,not_empty,next_token
A_0032,A,STEP1,ACD,0,-1.1368709802627563,-0.38687101006507874,0.3208213150501251,0.6791786551475525,-1.1370326280593872,-0.3870325982570648,0.3208213150501251,1,0,"{""A"": ""size"", ""B"": ""orientation"", ""C"": ""position"", ""D"": ""color""}",/mnt/tidalfs-hssh01/dataset/xiang/models/Qwen2.5-VL-7B-Instruct,42,not_empty,next_token
A_0032,A,STEP1,BCD,0,-1.6004126071929932,-0.22541262209415436,0.2018132209777832,0.7981867790222168,-1.6007111072540283,-0.22571107745170593,0.2018132209777832,1,0,"{""A"": ""size"", ""B"": ""orientation"", ""C"": ""position"", ""D"": ""color""}",/mnt/tidalfs-hssh01/dataset/xiang/models/Qwen2.5-VL-7B-Instruct,42,not_empty,next_token
A_0032,A,STEP1,ABCD,0,-1.2234445810317993,-0.3484445810317993,0.29421499371528625,0.7057850360870361,-1.2236524820327759,-0.3486524522304535,0.29421499371528625,1,0,"{""A"": ""size"", ""B"": ""orientation"", ""C"": ""position"", ""D"": ""color""}",/mnt/tidalfs-hssh01/dataset/xiang/models/Qwen2.5-VL-7B-Instruct,42,not_empty,next_token
A_0032,A,STEP2,EMPTY,0,-1.2234445810317993,-0.3484445810317993,0.29421499371528625,0.7057850360870361,-1.2687973976135254,-0.393797367811203,0.29421499371528625,1,0,"{""A"": ""size"", ""B"": ""orientation"", ""C"": ""position"", ""D"": ""color""}",/mnt/tidalfs-hssh01/dataset/xiang/models/Qwen2.5-VL-7B-Instruct,42,text_only,next_token
A_0032,A,STEP2,A,0,-1.1368709802627563,-0.38687101006507874,0.3208213150501251,0.6791786551475525,-1.138013482093811,-0.3880135118961334,0.3208213150501251,1,0,"{""A"": ""size"", ""B"": ""orientation"", ""C"": ""position"", ""D"": ""color""}",/mnt/tidalfs-hssh01/dataset/xiang/models/Qwen2.5-VL-7B-Instruct,42,not_empty,next_token
A_0032,A,STEP2,B,0,-0.9740769863128662,-0.4740769863128662,0.3775406777858734,0.622459352016449,-0.9773802757263184,-0.47738030552864075,0.3775406777858734,1,0,"{""A"": ""size"", ""B"": ""orientation"", ""C"": ""position"", ""D"": ""color""}",/mnt/tidalfs-hssh01/dataset/xiang/models/Qwen2.5-VL-7B-Instruct,42,not_empty,next_token
A_0032,A,STEP2,C,0,-0.825939416885376,-0.575939416885376,0.43782350420951843,0.562176525592804,-0.8279662728309631,-0.5779662728309631,0.43782350420951843,1,0,"{""A"": ""size"", ""B"": ""orientation"", ""C"": ""position"", ""D"": ""color""}",/mnt/tidalfs-hssh01/dataset/xiang/models/Qwen2.5-VL-7B-Instruct,42,not_empty,next_token
A_0032,A,STEP2,D,0,-0.9740769863128662,-0.4740769863128662,0.3775406777858734,0.622459352016449,-0.9760007858276367,-0.4760007858276367,0.3775406777858734,1,0,"{""A"": ""size"", ""B"": ""orientation"", ""C"": ""position"", ""D"": ""color""}",/mnt/tidalfs-hssh01/dataset/xiang/models/Qwen2.5-VL-7B-Instruct,42,not_empty,next_token
A_0032,A,STEP2,AB,0,-0.6931471824645996,-0.6931471824645996,0.5,0.5,-0.6944747567176819,-0.6944747567176819,0.5,0,1,"{""A"": ""size"", ""B"": ""orientation"", ""C"": ""position"", ""D"": ""color""}",/mnt/tidalfs-hssh01/dataset/xiang/models/Qwen2.5-VL-7B-Instruct,42,not_empty,next_token
A_0032,A,STEP2,AC,0,-0.825939416885376,-0.575939416885376,0.43782350420951843,0.562176525592804,-0.8263770937919617,-0.5763770937919617,0.43782350420951843,1,0,"{""A"": ""size"", ""B"": ""orientation"", ""C"": ""position"", ""D"": ""color""}",/mnt/tidalfs-hssh01/dataset/xiang/models/Qwen2.5-VL-7B-Instruct,42,not_empty,next_token
A_0032,A,STEP2,AD,0,-1.2234445810317993,-0.3484445810317993,0.29421499371528625,0.7057850360870361,-1.2239153385162354,-0.34891536831855774,0.29421499371528625,1,0,"{""A"": ""size"", ""B"": ""orientation"", ""C"": ""position"", ""D"": ""color""}",/mnt/tidalfs-hssh01/dataset/xiang/models/Qwen2.5-VL-7B-Instruct,42,not_empty,next_token
A_0032,A,STEP2,BC,0,-0.8981232643127441,-0.5231232643127441,0.4073334038257599,0.5926665663719177,-0.8998246192932129,-0.5248246192932129,0.4073334038257599,1,0,"{""A"": ""size"", ""B"": ""orientation"", ""C"": ""position"", ""D"": ""color""}",/mnt/tidalfs-hssh01/dataset/xiang/models/Qwen2.5-VL-7B-Instruct,42,not_empty,next_token
A_0032,A,STEP2,BD,0,-0.9740769863128662,-0.4740769863128662,0.3775406777858734,0.622459352016449,-0.9757431745529175,-0.4757431745529175,0.3775406777858734,1,0,"{""A"": ""size"", ""B"": ""orientation"", ""C"": ""position"", ""D"": ""color""}",/mnt/tidalfs-hssh01/dataset/xiang/models/Qwen2.5-VL-7B-Instruct,42,not_empty,next_token
A_0032,A,STEP2,CD,0,-0.825939416885376,-0.575939416885376,0.43782350420951843,0.562176525592804,-0.8264979720115662,-0.5764979720115662,0.43782350420951843,1,0,"{""A"": ""size"", ""B"": ""orientation"", ""C"": ""position"", ""D"": ""color""}",/mnt/tidalfs-hssh01/dataset/xiang/models/Qwen2.5-VL-7B-Instruct,42,not_empty,next_token
A_0032,A,STEP2,ABC,0,-0.825939416885376,-0.575939416885376,0.43782350420951843,0.562176525592804,-0.8265563249588013,-0.5765563249588013,0.43782350420951843,1,0,"{""A"": ""size"", ""B"": ""orientation"", ""C"": ""position"", ""D"": ""color""}",/mnt/tidalfs-hssh01/dataset/xiang/models/Qwen2.5-VL-7B-Instruct,42,not_empty,next_token
A_0032,A,STEP2,ABD,0,-1.053700566291809,-0.42870065569877625,0.3486451506614685,0.6513548493385315,-1.0542480945587158,-0.4292481541633606,0.3486451506614685,1,0,"{""A"": ""size"", ""B"": ""orientation"", ""C"": ""position"", ""D"": ""color""}",/mnt/tidalfs-hssh01/dataset/xiang/models/Qwen2.5-VL-7B-Instruct,42,not_empty,next_token
A_0032,A,STEP2,ACD,0,-0.825939416885376,-0.575939416885376,0.43782350420951843,0.562176525592804,-0.8261469602584839,-0.5761469602584839,0.43782350420951843,1,0,"{""A"": ""size"", ""B"": ""orientation"", ""C"": ""position"", ""D"": ""color""}",/mnt/tidalfs-hssh01/dataset/xiang/models/Qwen2.5-VL-7B-Instruct,42,not_empty,next_token
A_0032,A,STEP2,BCD,0,-0.8981232643127441,-0.5231232643127441,0.4073334038257599,0.5926665663719177,-0.8991122841835022,-0.5241122841835022,0.4073334038257599,1,0,"{""A"": ""size"", ""B"": ""orientation"", ""C"": ""position"", ""D"": ""color""}",/mnt/tidalfs-hssh01/dataset/xiang/models/Qwen2.5-VL-7B-Instruct,42,not_empty,next_token
A_0032,A,STEP2,ABCD,0,-0.7575989961624146,-0.6325989961624146,0.4687906503677368,0.531209409236908,-0.7581954598426819,-0.6331954598426819,0.4687906503677368,1,0,"{""A"": ""size"", ""B"": ""orientation"", ""C"": ""position"", ""D"": ""color""}",/mnt/tidalfs-hssh01/dataset/xiang/models/Qwen2.5-VL-7B-Instruct,42,not_empty,next_token
A_0032,A,FINAL,EMPTY,0,-0.7575989961624146,-0.6325989961624146,0.4687906503677368,0.531209409236908,-1.0674777030944824,-0.9424777030944824,0.4687906503677368,1,0,"{""A"": ""size"", ""B"": ""orientation"", ""C"": ""position"", ""D"": ""color""}",/mnt/tidalfs-hssh01/dataset/xiang/models/Qwen2.5-VL-7B-Instruct,42,text_only,next_token
A_0032,A,FINAL,A,0,-0.8981232643127441,-0.5231232643127441,0.4073334038257599,0.5926665663719177,-0.9128466844558716,-0.5378466844558716,0.4073334038257599,1,0,"{""A"": ""size"", ""B"": ""orientation"", ""C"": ""position"", ""D"": ""color""}",/mnt/tidalfs-hssh01/dataset/xiang/models/Qwen2.5-VL-7B-Instruct,42,not_empty,next_token
A_0032,A,FINAL,B,0,-0.9740769863128662,-0.4740769863128662,0.3775406777858734,0.622459352016449,-1.0059685707092285,-0.5059685707092285,0.3775406777858734,1,0,"{""A"": ""size"", ""B"": ""orientation"", ""C"": ""position"", ""D"": ""color""}",/mnt/tidalfs-hssh01/dataset/xiang/models/Qwen2.5-VL-7B-Instruct,42,not_empty,next_token
A_0032,A,FINAL,C,0,-0.7575989961624146,-0.6325989961624146,0.4687906503677368,0.531209409236908,-0.7881191968917847,-0.6631191968917847,0.4687906503677368,1,0,"{""A"": ""size"", ""B"": ""orientation"", ""C"": ""position"", ""D"": ""color""}",/mnt/tidalfs-hssh01/dataset/xiang/models/Qwen2.5-VL-7B-Instruct,42,not_empty,next_token
A_0032,A,FINAL,D,0,-0.825939416885376,-0.575939416885376,0.43782350420951843,0.562176525592804,-0.8437479138374329,-0.5937479138374329,0.43782350420951843,1,0,"{""A"": ""size"", ""B"": ""orientation"", ""C"": ""position"", ""D"": ""color""}",/mnt/tidalfs-hssh01/dataset/xiang/models/Qwen2.5-VL-7B-Instruct,42,not_empty,next_token
A_0032,A,FINAL,AB,0,-0.6931471824645996,-0.6931471824645996,0.5,0.5,-0.6953505873680115,-0.6953505873680115,0.5,0,1,"{""A"": ""size"", ""B"": ""orientation"", ""C"": ""position"", ""D"": ""color""}",/mnt/tidalfs-hssh01/dataset/xiang/models/Qwen2.5-VL-7B-Instruct,42,not_empty,next_token
A_0032,A,FINAL,AC,0,-0.825939416885376,-0.575939416885376,0.43782350420951843,0.562176525592804,-0.827049732208252,-0.577049732208252,0.43782350420951843,1,0,"{""A"": ""size"", ""B"": ""orientation"", ""C"": ""position"", ""D"": ""color""}",/mnt/tidalfs-hssh01/dataset/xiang/models/Qwen2.5-VL-7B-Instruct,42,not_empty,next_token
A_0032,A,FINAL,AD,0,-0.825939416885376,-0.575939416885376,0.43782350420951843,0.562176525592804,-0.8275790810585022,-0.5775790810585022,0.43782350420951843,1,0,"{""A"": ""size"", ""B"": ""orientation"", ""C"": ""position"", ""D"": ""color""}",/mnt/tidalfs-hssh01/dataset/xiang/models/Qwen2.5-VL-7B-Instruct,42,not_empty,next_token
A_0032,A,FINAL,BC,0,-0.7575989961624146,-0.6325989961624146,0.4687906503677368,0.531209409236908,-0.7726367712020874,-0.6476367712020874,0.4687906503677368,1,0,"{""A"": ""size"", ""B"": ""orientation"", ""C"": ""position"", ""D"": ""color""}",/mnt/tidalfs-hssh01/dataset/xiang/models/Qwen2.5-VL-7B-Instruct,42,not_empty,next_token
A_0032,A,FINAL,BD,0,-0.8981232643127441,-0.5231232643127441,0.4073334038257599,0.5926665663719177,-0.904366672039032,-0.529366672039032,0.4073334038257599,1,0,"{""A"": ""size"", ""B"": ""orientation"", ""C"": ""position"", ""D"": ""color""}",/mnt/tidalfs-hssh01/dataset/xiang/models/Qwen2.5-VL-7B-Instruct,42,not_empty,next_token
A_0032,A,FINAL,CD,0,-0.825939416885376,-0.575939416885376,0.43782350420951843,0.562176525592804,-0.8307905197143555,-0.5807905197143555,0.43782350420951843,1,0,"{""A"": ""size"", ""B"": ""orientation"", ""C"": ""position"", ""D"": ""color""}",/mnt/tidalfs-hssh01/dataset/xiang/models/Qwen2.5-VL-7B-Instruct,42,not_empty,next_token
A_0032,A,FINAL,ABC,0,-0.825939416885376,-0.575939416885376,0.43782350420951843,0.562176525592804,-0.8284479379653931,-0.5784479379653931,0.43782350420951843,1,0,"{""A"": ""size"", ""B"": ""orientation"", ""C"": ""position"", ""D"": ""color""}",/mnt/tidalfs-hssh01/dataset/xiang/models/Qwen2.5-VL-7B-Instruct,42,not_empty,next_token
A_0032,A,FINAL,ABD,0,-0.7575989961624146,-0.6325989961624146,0.4687906503677368,0.531209409236908,-0.7589442729949951,-0.6339442729949951,0.4687906503677368,1,0,"{""A"": ""size"", ""B"": ""orientation"", ""C"": ""position"", ""D"": ""color""}",/mnt/tidalfs-hssh01/dataset/xiang/models/Qwen2.5-VL-7B-Instruct,42,not_empty,next_token
A_0032,A,FINAL,ACD,0,-0.8981232643127441,-0.5231232643127441,0.4073334038257599,0.5926665663719177,-0.8988338112831116,-0.5238338112831116,0.4073334038257599,1,0,"{""A"": ""size"", ""B"": ""orientation"", ""C"": ""position"", ""D"": ""color""}",/mnt/tidalfs-hssh01/dataset/xiang/models/Qwen2.5-VL-7B-Instruct,42,not_empty,next_token
A_0032,A,FINAL,BCD,0,-0.8981232643127441,-0.5231232643127441,0.4073334038257599,0.5926665663719177,-0.9024547338485718,-0.5274547338485718,0.4073334038257599,1,0,"{""A"": ""size"", ""B"": ""orientation"", ""C"": ""position"", ""D"": ""color""}",/mnt/tidalfs-hssh01/dataset/xiang/models/Qwen2.5-VL-7B-Instruct,42,not_empty,next_token
A_0032,A,FINAL,ABCD,0,-0.825939416885376,-0.575939416885376,0.43782350420951843,0.562176525592804,-0.8272997140884399,-0.5772997140884399,0.43782350420951843,1,0,"{""A"": ""size"", ""B"": ""orientation"", ""C"": ""position"", ""D"": ""color""}",/mnt/tidalfs-hssh01/dataset/xiang/models/Qwen2.5-VL-7B-Instruct,42,not_empty,next_token
A_0040,A,STEP1,EMPTY,1,-0.6931471824645996,-0.6931471824645996,0.5,0.5,-0.819155216217041,-0.819155216217041,0.5,0,0,"{""A"": ""size"", ""B"": ""orientation"", ""C"": ""position"", ""D"": ""color""}",/mnt/tidalfs-hssh01/dataset/xiang/models/Qwen2.5-VL-7B-Instruct,42,text_only,next_token
A_0040,A,STEP1,A,1,-0.8981232643127441,-0.5231232643127441,0.4073334038257599,0.5926665663719177,-0.9000336527824402,-0.5250336527824402,0.5926665663719177,1,1,"{""A"": ""size"", ""B"": ""orientation"", ""C"": ""position"", ""D"": ""color""}",/mnt/tidalfs-hssh01/dataset/xiang/models/Qwen2.5-VL-7B-Instruct,42,not_empty,next_token
A_0040,A,STEP1,B,1,-1.4061501026153564,-0.28115010261535645,0.24508503079414368,0.7549149990081787,-1.408461093902588,-0.28346115350723267,0.7549149990081787,1,1,"{""A"": ""size"", ""B"": ""orientation"", ""C"": ""position"", ""D"": ""color""}",/mnt/tidalfs-hssh01/dataset/xiang/models/Qwen2.5-VL-7B-Instruct,42,not_empty,next_token
A_0040,A,STEP1,C,1,-0.6325989961624146,-0.7575989961624146,0.531209409236908,0.4687906503677368,-0.6356418132781982,-0.7606418132781982,0.4687906503677368,0,0,"{""A"": ""size"", ""B"": ""orientation"", ""C"": ""position"", ""D"": ""color""}",/mnt/tidalfs-hssh01/dataset/xiang/models/Qwen2.5-VL-7B-Instruct,42,not_empty,next_token
A_0040,A,STEP1,D,1,-0.825939416885376,-0.575939416885376,0.43782350420951843,0.562176525592804,-0.8284756541252136,-0.5784756541252136,0.562176525592804,1,1,"{""A"": ""size"", ""B"": ""orientation"", ""C"": ""position"", ""D"": ""color""}",/mnt/tidalfs-hssh01/dataset/xiang/models/Qwen2.5-VL-7B-Instruct,42,not_empty,next_token
A_0040,A,STEP1,AB,1,-0.8981232643127441,-0.5231232643127441,0.4073334038257599,0.5926665663719177,-0.8988406658172607,-0.5238406658172607,0.5926665663719177,1,1,"{""A"": ""size"", ""B"": ""orientation"", ""C"": ""position"", ""D"": ""color""}",/mnt/tidalfs-hssh01/dataset/xiang/models/Qwen2.5-VL-7B-Instruct,42,not_empty,next_token
A_0040,A,STEP1,AC,1,-0.7575989961624146,-0.6325989961624146,0.4687906503677368,0.531209409236908,-0.7584019303321838,-0.6334019303321838,0.531209409236908,1,1,"{""A"": ""size"", ""B"": ""orientation"", ""C"": ""position"", ""D"": ""color""}",/mnt/tidalfs-hssh01/dataset/xiang/models/Qwen2.5-VL-7B-Instruct,42,not_empty,next_token
A_0040,A,STEP1,AD,1,-0.825939416885376,-0.575939416885376,0.43782350420951843,0.562176525592804,-0.8267261981964111,-0.5767261981964111,0.562176525592804,1,1,"{""A"": ""size"", ""B"": ""orientation"", ""C"": ""position"", ""D"": ""color""}",/mnt/tidalfs-hssh01/dataset/xiang/models/Qwen2.5-VL-7B-Instruct,42,not_empty,next_token
A_0040,A,STEP1,BC,1,-1.7014133930206299,-0.2014133334159851,0.18242549896240234,0.8175744414329529,-1.70205557346344,-0.20205560326576233,0.8175744414329529,1,1,"{""A"": ""size"", ""B"": ""orientation"", ""C"": ""position"", ""D"": ""color""}",/mnt/tidalfs-hssh01/dataset/xiang/models/Qwen2.5-VL-7B-Instruct,42,not_empty,next_token
A_0040,A,STEP1,BD,1,-1.5019290447235107,-0.25192904472351074,0.22270016372203827,0.7772998809814453,-1.5025379657745361,-0.2525380253791809,0.7772998809814453,1,1,"{""A"": ""size"", ""B"": ""orientation"", ""C"": ""position"", ""D"": ""color""}",/mnt/tidalfs-hssh01/dataset/xiang/models/Qwen2.5-VL-7B-Instruct,42,not_empty,next_token
A_0040,A,STEP1,CD,1,-0.6931471824645996,-0.6931471824645996,0.5,0.5,-0.6942806839942932,-0.6942806839942932,0.5,0,0,"{""A"": ""size"", ""B"": ""orientation"", ""C"": ""position"", ""D"": ""color""}",/mnt/tidalfs-hssh01/dataset/xiang/models/Qwen2.5-VL-7B-Instruct,42,not_empty,next_token
A_0040,A,STEP1,ABC,1,-0.9740769863128662,-0.4740769863128662,0.3775406777858734,0.622459352016449,-0.9744926691055298,-0.4744926691055298,0.622459352016449,1,1,"{""A"": ""size"", ""B"": ""orientation"", ""C"": ""position"", ""D"": ""color""}",/mnt/tidalfs-hssh01/dataset/xiang/models/Qwen2.5-VL-7B-Instruct,42,not_empty,next_token
A_0040,A,STEP1,ABD,1,-0.825939416885376,-0.575939416885376,0.43782350420951843,0.562176525592804,-0.8263271450996399,-0.5763271450996399,0.562176525592804,1,1,"{""A"": ""size"", ""B"": ""orientation"", ""C"": ""position"", ""D"": ""color""}",/mnt/tidalfs-hssh01/dataset/xiang/models/Qwen2.5-VL-7B-Instruct,42,not_empty,next_token
A_0040,A,STEP1,ACD,1,-0.825939416885376,-0.575939416885376,0.43782350420951843,0.562176525592804,-0.8261730670928955,-0.5761730670928955,0.562176525592804,1,1,"{""A"": ""size"", ""B"": ""orientation"", ""C"": ""position"", ""D"": ""color""}",/mnt/tidalfs-hssh01/dataset/xiang/models/Qwen2.5-VL-7B-Instruct,42,not_empty,next_token
A_0040,A,STEP1,BCD,1,-1.7014133930206299,-0.2014133334159851,0.18242549896240234,0.8175744414329529,-1.7017220258712769,-0.20172205567359924,0.8175744414329529,1,1,"{""A"": ""size"", ""B"": ""orientation"", ""C"": ""position"", ""D"": ""color""}",/mnt/tidalfs-hssh01/dataset/xiang/models/Qwen2.5-VL-7B-Instruct,42,not_empty,next_token
A_0040,A,STEP1,ABCD,1,-0.9740769863128662,-0.4740769863128662,0.3775406777858734,0.622459352016449,-0.9743379950523376,-0.47433799505233765,0.622459352016449,1,1,"{""A"": ""size"", ""B"": ""orientation"", ""C"": ""position"", ""D"": ""color""}",/mnt/tidalfs-hssh01/dataset/xiang/models/Qwen2.5-VL-7B-Instruct,42,not_empty,next_token
A_0040,A,STEP2,EMPTY,1,-1.2234445810317993,-0.3484445810317993,0.29421499371528625,0.7057850360870361,-1.2687973976135254,-0.393797367811203,0.7057850360870361,1,1,"{""A"": ""size"", ""B"": ""orientation"", ""C"": ""position"", ""D"": ""color""}",/mnt/tidalfs-hssh01/dataset/xiang/models/Qwen2.5-VL-7B-Instruct,42,text_only,next_token
A_0040,A,STEP2,A,1,-1.1368709802627563,-0.38687101006507874,0.3208213150501251,0.6791786551475525,-1.137786865234375,-0.387786865234375,0.6791786551475525,1,1,"{""A"": ""size"", ""B"": ""orientation"", ""C"": ""position"", ""D"": ""color""}",/mnt/tidalfs-hssh01/dataset/xiang/models/Qwen2.5-VL-7B-Instruct,42,not_empty,next_token
A_0040,A,STEP2,B,1,-0.9740769863128662,-0.4740769863128662,0.3775406777858734,0.622459352016449,-0.9773802757263184,-0.47738030552864075,0.622459352016449,1,1,"{""A"": ""size"", ""B"": ""orientation"", ""C"": ""position"", ""D"": ""color""}",/mnt/tidalfs-hssh01/dataset/xiang/models/Qwen2.5-VL-7B-Instruct,42,not_empty,next_token
A_0040,A,STEP2,C,1,-0.8981232643127441,-0.5231232643127441,0.4073334038257599,0.5926665663719177,-0.9000468254089355,-0.5250468254089355,0.5926665663719177,1,1,"{""A"": ""size"", ""B"": ""orientation"", ""C"": ""position"", ""D"": ""color""}",/mnt/tidalfs-hssh01/dataset/xiang/models/Qwen2.5-VL-7B-Instruct,42,not_empty,next_token
A_0040,A,STEP2,D,1,-0.9740769863128662,-0.4740769863128662,0.3775406777858734,0.622459352016449,-0.9760007858276367,-0.4760007858276367,0.622459352016449,1,1,"{""A"": ""size"", ""B"": ""orientation"", ""C"": ""position"", ""D"": ""color""}",/mnt/tidalfs-hssh01/dataset/xiang/models/Qwen2.5-VL-7B-Instruct,42,not_empty,next_token
A_0040,A,STEP2,AB,1,-0.825939416885376,-0.575939416885376,0.43782350420951843,0.562176525592804,-0.8274083137512207,-0.5774083137512207,0.562176525592804,1,1,"{""A"": ""size"", ""B"": ""orientation"", ""C"": ""position"", ""D"": ""color""}",/mnt/tidalfs-hssh01/dataset/xiang/models/Qwen2.5-VL-7B-Instruct,42,not_empty,next_token
A_0040,A,STEP2,AC,1,-1.4061501026153564,-0.28115010261535645,0.24508503079414368,0.7549149990081787,-1.406489372253418,-0.28148940205574036,0.7549149990081787,1,1,"{""A"": ""size"", ""B"": ""orientation"", ""C"": ""position"", ""D"": ""color""}",/mnt/tidalfs-hssh01/dataset/xiang/models/Qwen2.5-VL-7B-Instruct,42,not_empty,next_token
A_0040,A,STEP2,AD,1,-1.0537006855010986,-0.42870065569877625,0.3486451208591461,0.6513548493385315,-1.0546340942382812,-0.42963409423828125,0.6513548493385315,1,1,"{""A"": ""size"", ""B"": ""orientation"", ""C"": ""position"", ""D"": ""color""}",/mnt/tidalfs-hssh01/dataset/xiang/models/Qwen2.5-VL-7B-Instruct,42,not_empty,next_token
A_0040,A,STEP2,BC,1,-0.8981232643127441,-0.5231232643127441,0.4073334038257599,0.5926665663719177,-0.90032958984375,-0.52532958984375,0.5926665663719177,1,1,"{""A"": ""size"", ""B"": ""orientation"", ""C"": ""position"", ""D"": ""color""}",/mnt/tidalfs-hssh01/dataset/xiang/models/Qwen2.5-VL-7B-Instruct,42,not_empty,next_token
A_0040,A,STEP2,BD,1,-0.9740769863128662,-0.4740769863128662,0.3775406777858734,0.622459352016449,-0.9757431745529175,-0.4757431745529175,0.622459352016449,1,1,"{""A"": ""size"", ""B"": ""orientation"", ""C"": ""position"", ""D"": ""color""}",/mnt/tidalfs-hssh01/dataset/xiang/models/Qwen2.5-VL-7B-Instruct,42,not_empty,next_token
A_0040,A,STEP2,CD,1,-0.7575989961624146,-0.6325989961624146,0.4687906503677368,0.531209409236908,-0.7586688995361328,-0.6336688995361328,0.531209409236908,1,1,"{""A"": ""size"", ""B"": ""orientation"", ""C"": ""position"", ""D"": ""color""}",/mnt/tidalfs-hssh01/dataset/xiang/models/Qwen2.5-VL-7B-Instruct,42,not_empty,next_token
A_0040,A,STEP2,ABC,1,-1.1368709802627563,-0.38687101006507874,0.3208213150501251,0.6791786551475525,-1.1378378868103027,-0.3878379166126251,0.6791786551475525,1,1,"{""A"": ""size"", ""B"": ""orientation"", ""C"": ""position"", ""D"": ""color""}",/mnt/tidalfs-hssh01/dataset/xiang/models/Qwen2.5-VL-7B-Instruct,42,not_empty,next_token
A_0040,A,STEP2,ABD,1,-0.9740769863128662,-0.4740769863128662,0.3775406777858734,0.622459352016449,-0.9748314023017883,-0.47483140230178833,0.622459352016449,1,1,"{""A"": ""size"", ""B"": ""orientation"", ""C"": ""position"", ""D"": ""color""}",/mnt/tidalfs-hssh01/dataset/xiang/models/Qwen2.5-VL-7B-Instruct,42,not_empty,next_token
A_0040,A,STEP2,ACD,1,-1.2234445810317993,-0.3484445810317993,0.29421499371528625,0.7057850360870361,-1.2236833572387695,-0.34868332743644714,0.7057850360870361,1,1,"{""A"": ""size"", ""B"": ""orientation"", ""C"": ""position"", ""D"": ""color""}",/mnt/tidalfs-hssh01/dataset/xiang/models/Qwen2.5-VL-7B-Instruct,42,not_empty,next_token
A_0040,A,STEP2,BCD,1,-0.825939416885376,-0.575939416885376,0.43782350420951843,0.562176525592804,-0.8269269466400146,-0.5769269466400146,0.562176525592804,1,1,"{""A"": ""size"", ""B"": ""orientation"", ""C"": ""position"", ""D"": ""color""}",/mnt/tidalfs-hssh01/dataset/xiang/models/Qwen2.5-VL-7B-Instruct,42,not_empty,next_token
A_0040,A,STEP2,ABCD,1,-1.0537006855010986,-0.42870065569877625,0.3486451208591461,0.6513548493385315,-1.0543917417526245,-0.4293917119503021,0.6513548493385315,1,1,"{""A"": ""size"", ""B"": ""orientation"", ""C"": ""position"", ""D"": ""color""}",/mnt/tidalfs-hssh01/dataset/xiang/models/Qwen2.5-VL-7B-Instruct,42,not_empty,next_token
A_0040,A,FINAL,EMPTY,0,-0.7575989961624146,-0.6325989961624146,0.4687906503677368,0.531209409236908,-1.0674777030944824,-0.9424777030944824,0.4687906503677368,1,0,"{""A"": ""size"", ""B"": ""orientation"", ""C"": ""position"", ""D"": ""color""}",/mnt/tidalfs-hssh01/dataset/xiang/models/Qwen2.5-VL-7B-Instruct,42,text_only,next_token
A_0040,A,FINAL,A,0,-0.8981232643127441,-0.5231232643127441,0.4073334038257599,0.5926665663719177,-0.9146147966384888,-0.5396147966384888,0.4073334038257599,1,0,"{""A"": ""size"", ""B"": ""orientation"", ""C"": ""position"", ""D"": ""color""}",/mnt/tidalfs-hssh01/dataset/xiang/models/Qwen2.5-VL-7B-Instruct,42,not_empty,next_token
A_0040,A,FINAL,B,0,-0.9740769863128662,-0.4740769863128662,0.3775406777858734,0.622459352016449,-1.0059685707092285,-0.5059685707092285,0.3775406777858734,1,0,"{""A"": ""size"", ""B"": ""orientation"", ""C"": ""position"", ""D"": ""color""}",/mnt/tidalfs-hssh01/dataset/xiang/models/Qwen2.5-VL-7B-Instruct,42,not_empty,next_token
A_0040,A,FINAL,C,0,-0.7575989961624146,-0.6325989961624146,0.4687906503677368,0.531209409236908,-0.7903133630752563,-0.6653133630752563,0.4687906503677368,1,0,"{""A"": ""size"", ""B"": ""orientation"", ""C"": ""position"", ""D"": ""color""}",/mnt/tidalfs-hssh01/dataset/xiang/models/Qwen2.5-VL-7B-Instruct,42,not_empty,next_token
A_0040,A,FINAL,D,0,-0.825939416885376,-0.575939416885376,0.43782350420951843,0.562176525592804,-0.8437479138374329,-0.5937479138374329,0.43782350420951843,1,0,"{""A"": ""size"", ""B"": ""orientation"", ""C"": ""position"", ""D"": ""color""}",/mnt/tidalfs-hssh01/dataset/xiang/models/Qwen2.5-VL-7B-Instruct,42,not_empty,next_token
A_0040,A,FINAL,AB,0,-0.7575989961624146,-0.6325989961624146,0.4687906503677368,0.531209409236908,-0.7627891302108765,-0.6377891302108765,0.4687906503677368,1,0,"{""A"": ""size"", ""B"": ""orientation"", ""C"": ""position"", ""D"": ""color""}",/mnt/tidalfs-hssh01/dataset/xiang/models/Qwen2.5-VL-7B-Instruct,42,not_empty,next_token
A_0040,A,FINAL,AC,0,-0.825939416885376,-0.575939416885376,0.43782350420951843,0.562176525592804,-0.8276616334915161,-0.5776616334915161,0.43782350420951843,1,0,"{""A"": ""size"", ""B"": ""orientation"", ""C"": ""position"", ""D"": ""color""}",/mnt/tidalfs-hssh01/dataset/xiang/models/Qwen2.5-VL-7B-Instruct,42,not_empty,next_token
A_0040,A,FINAL,AD,0,-0.825939416885376,-0.575939416885376,0.43782350420951843,0.562176525592804,-0.8289813995361328,-0.5789813995361328,0.43782350420951843,1,0,"{""A"": ""size"", ""B"": ""orientation"", ""C"": ""position"", ""D"": ""color""}",/mnt/tidalfs-hssh01/dataset/xiang/models/Qwen2.5-VL-7B-Instruct,42,not_empty,next_token
A_0040,A,FINAL,BC,0,-0.7575989961624146,-0.6325989961624146,0.4687906503677368,0.531209409236908,-0.7709290981292725,-0.6459290981292725,0.4687906503677368,1,0,"{""A"": ""size"", ""B"": ""orientation"", ""C"": ""position"", ""D"": ""color""}",/mnt/tidalfs-hssh01/dataset/xiang/models/Qwen2.5-VL-7B-Instruct,42,not_empty,next_token
A_0040,A,FINAL,BD,0,-0.8981232643127441,-0.5231232643127441,0.4073334038257599,0.5926665663719177,-0.904366672039032,-0.529366672039032,0.4073334038257599,1,0,"{""A"": ""size"", ""B"": ""orientation"", ""C"": ""position"", ""D"": ""color""}",/mnt/tidalfs-hssh01/dataset/xiang/models/Qwen2.5-VL-7B-Instruct,42,not_empty,next_token
A_0040,A,FINAL,CD,0,-0.825939416885376,-0.575939416885376,0.43782350420951843,0.562176525592804,-0.8338131308555603,-0.5838131308555603,0.43782350420951843,1,0,"{""A"": ""size"", ""B"": ""orientation"", ""C"": ""position"", ""D"": ""color""}",/mnt/tidalfs-hssh01/dataset/xiang/models/Qwen2.5-VL-7B-Instruct,42,not_empty,next_token
A_0040,A,FINAL,ABC,0,-0.6931471824645996,-0.6931471824645996,0.5,0.5,-0.6975792050361633,-0.6975792050361633,0.5,0,1,"{""A"": ""size"", ""B"": ""orientation"", ""C"": ""position"", ""D"": ""color""}",/mnt/tidalfs-hssh01/dataset/xiang/models/Qwen2.5-VL-7B-Instruct,42,not_empty,next_token
A_0040,A,FINAL,ABD,0,-0.7575989961624146,-0.6325989961624146,0.4687906503677368,0.531209409236908,-0.7604308128356934,-0.6354308128356934,0.4687906503677368,1,0,"{""A"": ""size"", ""B"": ""orientation"", ""C"": ""position"", ""D"": ""color""}",/mnt/tidalfs-hssh01/dataset/xiang/models/Qwen2.5-VL-7B-Instruct,42,not_empty,next_token
A_0040,A,FINAL,ACD,0,-0.8981232643127441,-0.5231232643127441,0.4073334038257599,0.5926665663719177,-0.899402379989624,-0.524402379989624,0.4073334038257599,1,0,"{""A"": ""size"", ""B"": ""orientation"", ""C"": ""position"", ""D"": ""color""}",/mnt/tidalfs-hssh01/dataset/xiang/models/Qwen2.5-VL-7B-Instruct,42,not_empty,next_token
A_0040,A,FINAL,BCD,0,-0.8981232643127441,-0.5231232643127441,0.4073334038257599,0.5926665663719177,-0.9031798243522644,-0.5281798243522644,0.4073334038257599,1,0,"{""A"": ""size"", ""B"": ""orientation"", ""C"": ""position"", ""D"": ""color""}",/mnt/tidalfs-hssh01/dataset/xiang/models/Qwen2.5-VL-7B-Instruct,42,not_empty,next_token
A_0040,A,FINAL,ABCD,0,-0.825939416885376,-0.575939416885376,0.43782350420951843,0.562176525592804,-0.8286371827125549,-0.5786371827125549,0.43782350420951843,1,0,"{""A"": ""size"", ""B"": ""orientation"", ""C"": ""position"", ""D"": ""color""}",/mnt/tidalfs-hssh01/dataset/xiang/models/Qwen2.5-VL-7B-Instruct,42,not_empty,next_token
A_0048,A,STEP1,EMPTY,0,-0.7575989961624146,-0.6325989961624146,0.4687906503677368,0.531209409236908,-0.8536394238471985,-0.7286394238471985,0.4687906503677368,1,0,"{""A"": ""orientation"", ""B"": ""position"", ""C"": ""color"", ""D"": ""size""}",/mnt/tidalfs-hssh01/dataset/xiang/models/Qwen2.5-VL-7B-Instruct,42,text_only,next_token
A_0048,A,STEP1,A,0,-0.7575989961624146,-0.6325989961624146,0.4687906503677368,0.531209409236908,-0.7644864916801453,-0.6394864916801453,0.4687906503677368,1,0,"{""A"": ""orientation"", ""B"": ""position"", ""C"": ""color"", ""D"": ""size""}",/mnt/tidalfs-hssh01/dataset/xiang/models/Qwen2.5-VL-7B-Instruct,42,not_empty,next_token
A_0048,A,STEP1,B,0,-0.825939416885376,-0.575939416885376,0.43782350420951843,0.562176525592804,-0.8280855417251587,-0.5780855417251587,0.43782350420951843,1,0,"{""A"": ""orientation"", ""B"": ""position"", ""C"": ""color"", ""D"": ""size""}",/mnt/tidalfs-hssh01/dataset/xiang/models/Qwen2.5-VL-7B-Instruct,42,not_empty,next_token
A_0048,A,STEP1,C,0,-0.825939416885376,-0.575939416885376,0.43782350420951843,0.562176525592804,-0.8315712809562683,-0.5815712809562683,0.43782350420951843,1,0,"{""A"": ""orientation"", ""B"": ""position"", ""C"": ""color"", ""D"": ""size""}",/mnt/tidalfs-hssh01/dataset/xiang/models/Qwen2.5-VL-7B-Instruct,42,not_empty,next_token
A_0048,A,STEP1,D,0,-0.8981232643127441,-0.5231232643127441,0.4073334038257599,0.5926665663719177,-0.9047233462333679,-0.5297233462333679,0.4073334038257599,1,0,"{""A"": ""orientation"", ""B"": ""position"", ""C"": ""color"", ""D"": ""size""}",/mnt/tidalfs-hssh01/dataset/xiang/models/Qwen2.5-VL-7B-Instruct,42,not_empty,next_token
A_0048,A,STEP1,AB,0,-0.7575989961624146,-0.6325989961624146,0.4687906503677368,0.531209409236908,-0.7582846283912659,-0.6332846283912659,0.4687906503677368,1,0,"{""A"": ""orientation"", ""B"": ""position"", ""C"": ""color"", ""D"": ""size""}",/mnt/tidalfs-hssh01/dataset/xiang/models/Qwen2.5-VL-7B-Instruct,42,not_empty,next_token
A_0048,A,STEP1,AC,0,-0.7575989961624146,-0.6325989961624146,0.4687906503677368,0.531209409236908,-0.7581377625465393,-0.6331377625465393,0.4687906503677368,1,0,"{""A"": ""orientation"", ""B"": ""position"", ""C"": ""color"", ""D"": ""size""}",/mnt/tidalfs-hssh01/dataset/xiang/models/Qwen2.5-VL-7B-Instruct,42,not_empty,next_token
A_0048,A,STEP1,AD,0,-0.825939416885376,-0.575939416885376,0.43782350420951843,0.562176525592804,-0.8271724581718445,-0.5771724581718445,0.43782350420951843,1,0,"{""A"": ""orientation"", ""B"": ""position"", ""C"": ""color"", ""D"": ""size""}",/mnt/tidalfs-hssh01/dataset/xiang/models/Qwen2.5-VL-7B-Instruct,42,not_empty,next_token
A_0048,A,STEP1,BC,0,-0.825939416885376,-0.575939416885376,0.43782350420951843,0.562176525592804,-0.8263543844223022,-0.5763543844223022,0.43782350420951843,1,0,"{""A"": ""orientation"", ""B"": ""position"", ""C"": ""color"", ""D"": ""size""}",/mnt/tidalfs-hssh01/dataset/xiang/models/Qwen2.5-VL-7B-Instruct,42,not_empty,next_token
A_0048,A,STEP1,BD,0,-0.9740769863128662,-0.4740769863128662,0.3775406777858734,0.622459352016449,-0.974552571773529,-0.47455257177352905,0.3775406777858734,1,0,"{""A"": ""orientation"", ""B"": ""position"", ""C"": ""color"", ""D"": ""size""}",/mnt/tidalfs-hssh01/dataset/xiang/models/Qwen2.5-VL-7B-Instruct,42,not_empty,next_token
A_0048,A,STEP1,CD,0,-0.9740769863128662,-0.4740769863128662,0.3775406777858734,0.622459352016449,-0.9745523929595947,-0.47455236315727234,0.3775406777858734,1,0,"{""A"": ""orientation"", ""B"": ""position"", ""C"": ""color"", ""D"": ""size""}",/mnt/tidalfs-hssh01/dataset/xiang/models/Qwen2.5-VL-7B-Instruct,42,not_empty,next_token
A_0048,A,STEP1,ABC,0,-0.825939416885376,-0.575939416885376,0.43782350420951843,0.562176525592804,-0.8262960910797119,-0.5762960910797119,0.43782350420951843,1,0,"{""A"": ""orientation"", ""B"": ""position"", ""C"": ""color"", ""D"": ""size""}",/mnt/tidalfs-hssh01/dataset/xiang/models/Qwen2.5-VL-7B-Instruct,42,not_empty,next_token
A_0048,A,STEP1,ABD,0,-0.825939416885376,-0.575939416885376,0.43782350420951843,0.562176525592804,-0.8262984156608582,-0.5762984156608582,0.43782350420951843,1,0,"{""A"": ""orientation"", ""B"": ""position"", ""C"": ""color"", ""D"": ""size""}",/mnt/tidalfs-hssh01/dataset/xiang/models/Qwen2.5-VL-7B-Instruct,42,not_empty,next_token
A_0048,A,STEP1,ACD,0,-0.825939416885376,-0.575939416885376,0.43782350420951843,0.562176525592804,-0.8262374401092529,-0.5762374401092529,0.43782350420951843,1,0,"{""A"": ""orientation"", ""B"": ""position"", ""C"": ""color"", ""D"": ""size""}",/mnt/tidalfs-hssh01/dataset/xiang/models/Qwen2.5-VL-7B-Instruct,42,not_empty,next_token
A_0048,A,STEP1,BCD,0,-0.8981232643127441,-0.5231232643127441,0.4073334038257599,0.5926665663719177,-0.8983913660049438,-0.5233913660049438,0.4073334038257599,1,0,"{""A"": ""orientation"", ""B"": ""position"", ""C"": ""color"", ""D"": ""size""}",/mnt/tidalfs-hssh01/dataset/xiang/models/Qwen2.5-VL-7B-Instruct,42,not_empty,next_token
A_0048,A,STEP1,ABCD,0,-0.8981232643127441,-0.5231232643127441,0.4073334038257599,0.5926665663719177,-0.8983472585678101,-0.5233472585678101,0.4073334038257599,1,0,"{""A"": ""orientation"", ""B"": ""position"", ""C"": ""color"", ""D"": ""size""}",/mnt/tidalfs-hssh01/dataset/xiang/models/Qwen2.5-VL-7B-Instruct,42,not_empty,next_token
A_0048,A,STEP2,EMPTY,1,-1.3132617473602295,-0.3132617473602295,0.26894140243530273,0.7310584783554077,-1.3575432300567627,-0.3575432002544403,0.7310584783554077,1,1,"{""A"": ""orientation"", ""B"": ""position"", ""C"": ""color"", ""D"": ""size""}",/mnt/tidalfs-hssh01/dataset/xiang/models/Qwen2.5-VL-7B-Instruct,42,text_only,next_token
A_0048,A,STEP2,A,1,-1.3132617473602295,-0.3132617473602295,0.26894140243530273,0.7310584783554077,-1.3183958530426025,-0.3183959126472473,0.7310584783554077,1,1,"{""A"": ""orientation"", ""B"": ""position"", ""C"": ""color"", ""D"": ""size""}",/mnt/tidalfs-hssh01/dataset/xiang/models/Qwen2.5-VL-7B-Instruct,42,not_empty,next_token
A_0048,A,STEP2,B,1,-1.1368709802627563,-0.38687101006507874,0.3208213150501251,0.6791786551475525,-1.13828706741333,-0.3882870674133301,0.6791786551475525,1,1,"{""A"": ""orientation"", ""B"": ""position"", ""C"": ""color"", ""D"": ""size""}",/mnt/tidalfs-hssh01/dataset/xiang/models/Qwen2.5-VL-7B-Instruct,42,not_empty,next_token
A_0048,A,STEP2,C,1,-1.1368709802627563,-0.38687101006507874,0.3208213150501251,0.6791786551475525,-1.1387856006622314,-0.38878560066223145,0.6791786551475525,1,1,"{""A"": ""orientation"", ""B"": ""position"", ""C"": ""color"", ""D"": ""size""}",/mnt/tidalfs-hssh01/dataset/xiang/models/Qwen2.5-VL-7B-Instruct,42,not_empty,next_token
A_0048,A,STEP2,D,1,-1.2234445810317993,-0.3484445810317993,0.29421499371528625,0.7057850360870361,-1.2257637977600098,-0.35076379776000977,0.7057850360870361,1,1,"{""A"": ""orientation"", ""B"": ""position"", ""C"": ""color"", ""D"": ""size""}",/mnt/tidalfs-hssh01/dataset/xiang/models/Qwen2.5-VL-7B-Instruct,42,not_empty,next_token
A_0048,A,STEP2,AB,1,-1.1368709802627563,-0.38687101006507874,0.3208213150501251,0.6791786551475525,-1.1385843753814697,-0.3885843753814697,0.6791786551475525,1,1,"{""A"": ""orientation"", ""B"": ""position"", ""C"": ""color"", ""D"": ""size""}",/mnt/tidalfs-hssh01/dataset/xiang/models/Qwen2.5-VL-7B-Instruct,42,not_empty,next_token
A_0048,A,STEP2,AC,1,-1.3132617473602295,-0.3132617473602295,0.26894140243530273,0.7310584783554077,-1.3137611150741577,-0.3137611448764801,0.7310584783554077,1,1,"{""A"": ""orientation"", ""B"": ""position"", ""C"": ""color"", ""D"": ""size""}",/mnt/tidalfs-hssh01/dataset/xiang/models/Qwen2.5-VL-7B-Instruct,42,not_empty,next_token
A_0048,A,STEP2,AD,1,-1.1368709802627563,-0.38687101006507874,0.3208213150501251,0.6791786551475525,-1.1386454105377197,-0.3886454105377197,0.6791786551475525,1,1,"{""A"": ""orientation"", ""B"": ""position"", ""C"": ""color"", ""D"": ""size""}",/mnt/tidalfs-hssh01/dataset/xiang/models/Qwen2.5-VL-7B-Instruct,42,not_empty,next_token
A_0048,A,STEP2,BC,1,-1.4061501026153564,-0.28115010261535645,0.24508503079414368,0.7549149990081787,-1.4069448709487915,-0.2819448709487915,0.7549149990081787,1,1,"{""A"": ""orientation"", ""B"": ""position"", ""C"": ""color"", ""D"": ""size""}",/mnt/tidalfs-hssh01/dataset/xiang/models/Qwen2.5-VL-7B-Instruct,42,not_empty,next_token
A_0048,A,STEP2,BD,1,-1.1368709802627563,-0.38687101006507874,0.3208213150501251,0.6791786551475525,-1.137892246246338,-0.3878922760486603,0.6791786551475525,1,1,"{""A"": ""orientation"", ""B"": ""position"", ""C"": ""color"", ""D"": ""size""}",/mnt/tidalfs-hssh01/dataset/xiang/models/Qwen2.5-VL-7B-Instruct,42,not_empty,next_token
A_0048,A,STEP2,CD,1,-1.053700566291809,-0.42870065569877625,0.3486451506614685,0.6513548493385315,-1.0546026229858398,-0.4296026825904846,0.6513548493385315,1,1,"{""A"": ""orientation"", ""B"": ""position"", ""C"": ""color"", ""D"": ""size""}",/mnt/tidalfs-hssh01/dataset/xiang/models/Qwen2.5-VL-7B-Instruct,42,not_empty,next_token
A_0048,A,STEP2,ABC,1,-1.2234445810317993,-0.3484445810317993,0.29421499371528625,0.7057850360870361,-1.2247041463851929,-0.34970414638519287,0.7057850360870361,1,1,"{""A"": ""orientation"", ""B"": ""position"", ""C"": ""color"", ""D"": ""size""}",/mnt/tidalfs-hssh01/dataset/xiang/models/Qwen2.5-VL-7B-Instruct,42,not_empty,next_token
A_0048,A,STEP2,ABD,1,-1.0537006855010986,-0.42870065569877625,0.3486451208591461,0.6513548493385315,-1.0548017024993896,-0.42980170249938965,0.6513548493385315,1,1,"{""A"": ""orientation"", ""B"": ""position"", ""C"": ""color"", ""D"": ""size""}",/mnt/tidalfs-hssh01/dataset/xiang/models/Qwen2.5-VL-7B-Instruct,42,not_empty,next_token
A_0048,A,STEP2,ACD,1,-1.3132617473602295,-0.3132617473602295,0.26894140243530273,0.7310584783554077,-1.3136749267578125,-0.3136749863624573,0.7310584783554077,1,1,"{""A"": ""orientation"", ""B"": ""position"", ""C"": ""color"", ""D"": ""size""}",/mnt/tidalfs-hssh01/dataset/xiang/models/Qwen2.5-VL-7B-Instruct,42,not_empty,next_token
A_0048,A,STEP2,BCD,1,-1.3132617473602295,-0.3132617473602295,0.26894140243530273,0.7310584783554077,-1.3136847019195557,-0.3136846721172333,0.7310584783554077,1,1,"{""A"": ""orientation"", ""B"": ""position"", ""C"": ""color"", ""D"": ""size""}",/mnt/tidalfs-hssh01/dataset/xiang/models/Qwen2.5-VL-7B-Instruct,42,not_empty,next_token
A_0048,A,STEP2,ABCD,1,-1.3132617473602295,-0.3132617473602295,0.26894140243530273,0.7310584783554077,-1.3138383626937866,-0.31383833289146423,0.7310584783554077,1,1,"{""A"": ""orientation"", ""B"": ""position"", ""C"": ""color"", ""D"": ""size""}",/mnt/tidalfs-hssh01/dataset/xiang/models/Qwen2.5-VL-7B-Instruct,42,not_empty,next_token
A_0048,A,FINAL,EMPTY,1,-0.8259394764900208,-0.575939416885376,0.43782350420951843,0.562176525592804,-1.1369755268096924,-0.8869754672050476,0.562176525592804,1,1,"{""A"": ""orientation"", ""B"": ""position"", ""C"": ""color"", ""D"": ""size""}",/mnt/tidalfs-hssh01/dataset/xiang/models/Qwen2.5-VL-7B-Instruct,42,text_only,next_token
A_0048,A,FINAL,A,1,-0.8981232643127441,-0.5231232643127441,0.4073334038257599,0.5926665663719177,-0.9338021874427795,-0.5588021874427795,0.5926665663719177,1,1,"{""A"": ""orientation"", ""B"": ""position"", ""C"": ""color"", ""D"": ""size""}",/mnt/tidalfs-hssh01/dataset/xiang/models/Qwen2.5-VL-7B-Instruct,42,not_empty,next_token
A_0048,A,FINAL,B,1,-0.8981232643127441,-0.5231232643127441,0.4073334038257599,0.5926665663719177,-0.9183915853500366,-0.5433915853500366,0.5926665663719177,1,1,"{""A"": ""orientation"", ""B"": ""position"", ""C"": ""color"", ""D"": ""size""}",/mnt/tidalfs-hssh01/dataset/xiang/models/Qwen2.5-VL-7B-Instruct,42,not_empty,next_token
A_0048,A,FINAL,C,1,-0.8981232643127441,-0.5231232643127441,0.4073334038257599,0.5926665663719177,-0.9063037633895874,-0.5313037633895874,0.5926665663719177,1,1,"{""A"": ""orientation"", ""B"": ""position"", ""C"": ""color"", ""D"": ""size""}",/mnt/tidalfs-hssh01/dataset/xiang/models/Qwen2.5-VL-7B-Instruct,42,not_empty,next_token
A_0048,A,FINAL,D,1,-0.8981232643127441,-0.5231232643127441,0.4073334038257599,0.5926665663719177,-0.918960452079773,-0.543960452079773,0.5926665663719177,1,1,"{""A"": ""orientation"", ""B"": ""position"", ""C"": ""color"", ""D"": ""size""}",/mnt/tidalfs-hssh01/dataset/xiang/models/Qwen2.5-VL-7B-Instruct,42,not_empty,next_token
A_0048,A,FINAL,AB,1,-0.825939416885376,-0.575939416885376,0.43782350420951843,0.562176525592804,-0.8308817148208618,-0.5808817148208618,0.562176525592804,1,1,"{""A"": ""orientation"", ""B"": ""position"", ""C"": ""color"", ""D"": ""size""}",/mnt/tidalfs-hssh01/dataset/xiang/models/Qwen2.5-VL-7B-Instruct,42,not_empty,next_token
A_0048,A,FINAL,AC,1,-0.825939416885376,-0.575939416885376,0.43782350420951843,0.562176525592804,-0.8279115557670593,-0.5779115557670593,0.562176525592804,1,1,"{""A"": ""orientation"", ""B"": ""position"", ""C"": ""color"", ""D"": ""size""}",/mnt/tidalfs-hssh01/dataset/xiang/models/Qwen2.5-VL-7B-Instruct,42,not_empty,next_token
A_0048,A,FINAL,AD,1,-0.825939416885376,-0.575939416885376,0.43782350420951843,0.562176525592804,-0.8332201242446899,-0.5832201242446899,0.562176525592804,1,1,"{""A"": ""orientation"", ""B"": ""position"", ""C"": ""color"", ""D"": ""size""}",/mnt/tidalfs-hssh01/dataset/xiang/models/Qwen2.5-VL-7B-Instruct,42,not_empty,next_token
A_0048,A,FINAL,BC,1,-0.825939416885376,-0.575939416885376,0.43782350420951843,0.562176525592804,-0.8288818597793579,-0.5788818597793579,0.562176525592804,1,1,"{""A"": ""orientation"", ""B"": ""position"", ""C"": ""color"", ""D"": ""size""}",/mnt/tidalfs-hssh01/dataset/xiang/models/Qwen2.5-VL-7B-Instruct,42,not_empty,next_token
A_0048,A,FINAL,BD,1,-0.8981232643127441,-0.5231232643127441,0.4073334038257599,0.5926665663719177,-0.9029777646064758,-0.5279777646064758,0.5926665663719177,1,1,"{""A"": ""orientation"", ""B"": ""position"", ""C"": ""color"", ""D"": ""size""}",/mnt/tidalfs-hssh01/dataset/xiang/models/Qwen2.5-VL-7B-Instruct,42,not_empty,next_token
A_0048,A,FINAL,CD,1,-0.8981232643127441,-0.5231232643127441,0.4073334038257599,0.5926665663719177,-0.9010255336761475,-0.5260255336761475,0.5926665663719177,1,1,"{""A"": ""orientation"", ""B"": ""position"", ""C"": ""color"", ""D"": ""size""}",/mnt/tidalfs-hssh01/dataset/xiang/models/Qwen2.5-VL-7B-Instruct,42,not_empty,next_token
A_0048,A,FINAL,ABC,1,-0.7575989961624146,-0.6325989961624146,0.4687906503677368,0.531209409236908,-0.7596891522407532,-0.6346891522407532,0.531209409236908,1,1,"{""A"": ""orientation"", ""B"": ""position"", ""C"": ""color"", ""D"": ""size""}",/mnt/tidalfs-hssh01/dataset/xiang/models/Qwen2.5-VL-7B-Instruct,42,not_empty,next_token
A_0048,A,FINAL,ABD,1,-0.8981232643127441,-0.5231232643127441,0.4073334038257599,0.5926665663719177,-0.900739312171936,-0.525739312171936,0.5926665663719177,1,1,"{""A"": ""orientation"", ""B"": ""position"", ""C"": ""color"", ""D"": ""size""}",/mnt/tidalfs-hssh01/dataset/xiang/models/Qwen2.5-VL-7B-Instruct,42,not_empty,next_token
A_0048,A,FINAL,ACD,1,-0.8981232643127441,-0.5231232643127441,0.4073334038257599,0.5926665663719177,-0.8997093439102173,-0.5247093439102173,0.5926665663719177,1,1,"{""A"": ""orientation"", ""B"": ""position"", ""C"": ""color"", ""D"": ""size""}",/mnt/tidalfs-hssh01/dataset/xiang/models/Qwen2.5-VL-7B-Instruct,42,not_empty,next_token
A_0048,A,FINAL,BCD,1,-0.8981232643127441,-0.5231232643127441,0.4073334038257599,0.5926665663719177,-0.899954080581665,-0.524954080581665,0.5926665663719177,1,1,"{""A"": ""orientation"", ""B"": ""position"", ""C"": ""color"", ""D"": ""size""}",/mnt/tidalfs-hssh01/dataset/xiang/models/Qwen2.5-VL-7B-Instruct,42,not_empty,next_token
A_0048,A,FINAL,ABCD,1,-0.8981232643127441,-0.5231232643127441,0.4073334038257599,0.5926665663719177,-0.8995289206504822,-0.5245289206504822,0.5926665663719177,1,1,"{""A"": ""orientation"", ""B"": ""position"", ""C"": ""color"", ""D"": ""size""}",/mnt/tidalfs-hssh01/dataset/xiang/models/Qwen2.5-VL-7B-Instruct,42,not_empty,next_token
A_0056,A,STEP1,EMPTY,1,-0.7575989961624146,-0.6325989961624146,0.4687906503677368,0.531209409236908,-0.8536394238471985,-0.7286394238471985,0.531209409236908,1,1,"{""A"": ""orientation"", ""B"": ""position"", ""C"": ""color"", ""D"": ""size""}",/mnt/tidalfs-hssh01/dataset/xiang/models/Qwen2.5-VL-7B-Instruct,42,text_only,next_token
A_0056,A,STEP1,A,1,-0.7575989961624146,-0.6325989961624146,0.4687906503677368,0.531209409236908,-0.7644864916801453,-0.6394864916801453,0.531209409236908,1,1,"{""A"": ""orientation"", ""B"": ""position"", ""C"": ""color"", ""D"": ""size""}",/mnt/tidalfs-hssh01/dataset/xiang/models/Qwen2.5-VL-7B-Instruct,42,not_empty,next_token
A_0056,A,STEP1,B,1,-0.825939416885376,-0.575939416885376,0.43782350420951843,0.562176525592804,-0.8280298113822937,-0.5780298113822937,0.562176525592804,1,1,"{""A"": ""orientation"", ""B"": ""position"", ""C"": ""color"", ""D"": ""size""}",/mnt/tidalfs-hssh01/dataset/xiang/models/Qwen2.5-VL-7B-Instruct,42,not_empty,next_token
A_0056,A,STEP1,C,1,-0.825939416885376,-0.575939416885376,0.43782350420951843,0.562176525592804,-0.8287026286125183,-0.5787026286125183,0.562176525592804,1,1,"{""A"": ""orientation"", ""B"": ""position"", ""C"": ""color"", ""D"": ""size""}",/mnt/tidalfs-hssh01/dataset/xiang/models/Qwen2.5-VL-7B-Instruct,42,not_empty,next_token
A_0056,A,STEP1,D,1,-0.8981232643127441,-0.5231232643127441,0.4073334038257599,0.5926665663719177,-0.9012390375137329,-0.5262390375137329,0.5926665663719177,1,1,"{""A"": ""orientation"", ""B"": ""position"", ""C"": ""color"", ""D"": ""size""}",/mnt/tidalfs-hssh01/dataset/xiang/models/Qwen2.5-VL-7B-Instruct,42,not_empty,next_token
A_0056,A,STEP1,AB,1,-0.7575989961624146,-0.6325989961624146,0.4687906503677368,0.531209409236908,-0.7584649920463562,-0.6334649920463562,0.531209409236908,1,1,"{""A"": ""orientation"", ""B"": ""position"", ""C"": ""color"", ""D"": ""size""}",/mnt/tidalfs-hssh01/dataset/xiang/models/Qwen2.5-VL-7B-Instruct,42,not_empty,next_token
A_0056,A,STEP1,AC,1,-0.825939416885376,-0.575939416885376,0.43782350420951843,0.562176525592804,-0.8264418244361877,-0.5764418244361877,0.562176525592804,1,1,"{""A"": ""orientation"", ""B"": ""position"", ""C"": ""color"", ""D"": ""size""}",/mnt/tidalfs-hssh01/dataset/xiang/models/Qwen2.5-VL-7B-Instruct,42,not_empty,next_token
A_0056,A,STEP1,AD,1,-0.7575989961624146,-0.6325989961624146,0.4687906503677368,0.531209409236908,-0.7584500908851624,-0.6334500908851624,0.531209409236908,1,1,"{""A"": ""orientation"", ""B"": ""position"", ""C"": ""color"", ""D"": ""size""}",/mnt/tidalfs-hssh01/dataset/xiang/models/Qwen2.5-VL-7B-Instruct,42,not_empty,next_token
A_0056,A,STEP1,BC,1,-0.8981232643127441,-0.5231232643127441,0.4073334038257599,0.5926665663719177,-0.8986491560935974,-0.5236491560935974,0.5926665663719177,1,1,"{""A"": ""orientation"", ""B"": ""position"", ""C"": ""color"", ""D"": ""size""}",/mnt/tidalfs-hssh01/dataset/xiang/models/Qwen2.5-VL-7B-Instruct,42,not_empty,next_token
A_0056,A,STEP1,BD,1,-0.825939416885376,-0.575939416885376,0.43782350420951843,0.562176525592804,-0.8267825245857239,-0.5767825245857239,0.562176525592804,1,1,"{""A"": ""orientation"", ""B"": ""position"", ""C"": ""color"", ""D"": ""size""}",/mnt/tidalfs-hssh01/dataset/xiang/models/Qwen2.5-VL-7B-Instruct,42,not_empty,next_token
A_0056,A,STEP1,CD,1,-0.8981232643127441,-0.5231232643127441,0.4073334038257599,0.5926665663719177,-0.8986594080924988,-0.5236594080924988,0.5926665663719177,1,1,"{""A"": ""orientation"", ""B"": ""position"", ""C"": ""color"", ""D"": ""size""}",/mnt/tidalfs-hssh01/dataset/xiang/models/Qwen2.5-VL-7B-Instruct,42,not_empty,next_token
A_0056,A,STEP1,ABC,1,-0.825939416885376,-0.575939416885376,0.43782350420951843,0.562176525592804,-0.8262223601341248,-0.5762223601341248,0.562176525592804,1,1,"{""A"": ""orientation"", ""B"": ""position"", ""C"": ""color"", ""D"": ""size""}",/mnt/tidalfs-hssh01/dataset/xiang/models/Qwen2.5-VL-7B-Instruct,42,not_empty,next_token
A_0056,A,STEP1,ABD,1,-0.825939416885376,-0.575939416885376,0.43782350420951843,0.562176525592804,-0.8262840509414673,-0.5762840509414673,0.562176525592804,1,1,"{""A"": ""orientation"", ""B"": ""position"", ""C"": ""color"", ""D"": ""size""}",/mnt/tidalfs-hssh01/dataset/xiang/models/Qwen2.5-VL-7B-Instruct,42,not_empty,next_token
A_0056,A,STEP1,ACD,1,-0.825939416885376,-0.575939416885376,0.43782350420951843,0.562176525592804,-0.826228678226471,-0.576228678226471,0.562176525592804,1,1,"{""A"": ""orientation"", ""B"": ""position"", ""C"": ""color"", ""D"": ""size""}",/mnt/tidalfs-hssh01/dataset/xiang/models/Qwen2.5-VL-7B-Instruct,42,not_empty,next_token
A_0056,A,STEP1,BCD,1,-0.8981232643127441,-0.5231232643127441,0.4073334038257599,0.5926665663719177,-0.8983176946640015,-0.5233176946640015,0.5926665663719177,1,1,"{""A"": ""orientation"", ""B"": ""position"", ""C"": ""color"", ""D"": ""size""}",/mnt/tidalfs-hssh01/dataset/xiang/models/Qwen2.5-VL-7B-Instruct,42,not_empty,next_token
A_0056,A,STEP1,ABCD,1,-0.8981232643127441,-0.5231232643127441,0.4073334038257599,0.5926665663719177,-0.8983191251754761,-0.5233191251754761,0.5926665663719177,1,1,"{""A"": ""orientation"", ""B"": ""position"", ""C"": ""color"", ""D"": ""size""}",/mnt/tidalfs-hssh01/dataset/xiang/models/Qwen2.5-VL-7B-Instruct,42,not_empty,next_token
A_0056,A,STEP2,EMPTY,1,-1.3132617473602295,-0.3132617473602295,0.26894140243530273,0.7310584783554077,-1.3575432300567627,-0.3575432002544403,0.7310584783554077,1,1,"{""A"": ""orientation"", ""B"": ""position"", ""C"": ""color"", ""D"": ""size""}",/mnt/tidalfs-hssh01/dataset/xiang/models/Qwen2.5-VL-7B-Instruct,42,text_only,next_token
A_0056,A,STEP2,A,1,-1.3132617473602295,-0.3132617473602295,0.26894140243530273,0.7310584783554077,-1.3183958530426025,-0.3183959126472473,0.7310584783554077,1,1,"{""A"": ""orientation"", ""B"": ""position"", ""C"": ""color"", ""D"": ""size""}",/mnt/tidalfs-hssh01/dataset/xiang/models/Qwen2.5-VL-7B-Instruct,42,not_empty,next_token
A_0056,A,STEP2,B,1,-1.1368709802627563,-0.38687101006507874,0.3208213150501251,0.6791786551475525,-1.138523817062378,-0.3885238468647003,0.6791786551475525,1,1,"{""A"": ""orientation"", ""B"": ""position"", ""C"": ""color"", ""D"": ""size""}",/mnt/tidalfs-hssh01/dataset/xiang/models/Qwen2.5-VL-7B-Instruct,42,not_empty,next_token
A_0056,A,STEP2,C,1,-1.1368709802627563,-0.38687101006507874,0.3208213150501251,0.6791786551475525,-1.1384496688842773,-0.38844969868659973,0.6791786551475525,1,1,"{""A"": ""orientation"", ""B"": ""position"", ""C"": ""color"", ""D"": ""size""}",/mnt/tidalfs-hssh01/dataset/xiang/models/Qwen2.5-VL-7B-Instruct,42,not_empty,next_token
A_0056,A,STEP2,D,1,-1.3132617473602295,-0.3132617473602295,0.26894140243530273,0.7310584783554077,-1.3144782781600952,-0.3144782781600952,0.7310584783554077,1,1,"{""A"": ""orientation"", ""B"": ""position"", ""C"": ""color"", ""D"": ""size""}",/mnt/tidalfs-hssh01/dataset/xiang/models/Qwen2.5-VL-7B-Instruct,42,not_empty,next_token
A_0056,A,STEP2,AB,1,-1.136871099472046,-0.38687101006507874,0.32082128524780273,0.6791786551475525,-1.138786792755127,-0.3887867331504822,0.6791786551475525,1,1,"{""A"": ""orientation"", ""B"": ""position"", ""C"": ""color"", ""D"": ""size""}",/mnt/tidalfs-hssh01/dataset/xiang/models/Qwen2.5-VL-7B-Instruct,42,not_empty,next_token
A_0056,A,STEP2,AC,1,-1.2234445810317993,-0.3484445810317993,0.29421499371528625,0.7057850360870361,-1.2240785360336304,-0.349078506231308,0.7057850360870361,1,1,"{""A"": ""orientation"", ""B"": ""position"", ""C"": ""color"", ""D"": ""size""}",/mnt/tidalfs-hssh01/dataset/xiang/models/Qwen2.5-VL-7B-Instruct,42,not_empty,next_token
A_0056,A,STEP2,AD,1,-1.2234444618225098,-0.3484445810317993,0.29421502351760864,0.7057850360870361,-1.2250499725341797,-0.35005003213882446,0.7057850360870361,1,1,"{""A"": ""orientation"", ""B"": ""position"", ""C"": ""color"", ""D"": ""size""}",/mnt/tidalfs-hssh01/dataset/xiang/models/Qwen2.5-VL-7B-Instruct,42,not_empty,next_token
A_0056,A,STEP2,BC,1,-1.2234445810317993,-0.3484445810317993,0.29421499371528625,0.7057850360870361,-1.224609136581421,-0.3496091067790985,0.7057850360870361,1,1,"{""A"": ""orientation"", ""B"": ""position"", ""C"": ""color"", ""D"": ""size""}",/mnt/tidalfs-hssh01/dataset/xiang/models/Qwen2.5-VL-7B-Instruct,42,not_empty,next_token
A_0056,A,STEP2,BD,1,-1.1368709802627563,-0.38687101006507874,0.3208213150501251,0.6791786551475525,-1.1383633613586426,-0.38836339116096497,0.6791786551475525,1,1,"{""A"": ""orientation"", ""B"": ""position"", ""C"": ""color"", ""D"": ""size""}",/mnt/tidalfs-hssh01/dataset/xiang/models/Qwen2.5-VL-7B-Instruct,42,not_empty,next_token
A_0056,A,STEP2,CD,1,-1.1368709802627563,-0.38687101006507874,0.3208213150501251,0.6791786551475525,-1.1373692750930786,-0.387369304895401,0.6791786551475525,1,1,"{""A"": ""orientation"", ""B"": ""position"", ""C"": ""color"", ""D"": ""size""}",/mnt/tidalfs-hssh01/dataset/xiang/models/Qwen2.5-VL-7B-Instruct,42,not_empty,next_token
A_0056,A,STEP2,ABC,1,-1.1368709802627563,-0.38687101006507874,0.3208213150501251,0.6791786551475525,-1.1377900838851929,-0.38779011368751526,0.6791786551475525,1,1,"{""A"": ""orientation"", ""B"": ""position"", ""C"": ""color"", ""D"": ""size""}",/mnt/tidalfs-hssh01/dataset/xiang/models/Qwen2.5-VL-7B-Instruct,42,not_empty,next_token
A_0056,A,STEP2,ABD,1,-1.2234444618225098,-0.3484445810317993,0.29421502351760864,0.7057850360870361,-1.2242014408111572,-0.349201500415802,0.7057850360870361,1,1,"{""A"": ""orientation"", ""B"": ""position"", ""C"": ""color"", ""D"": ""size""}",/mnt/tidalfs-hssh01/dataset/xiang/models/Qwen2.5-VL-7B-Instruct,42,not_empty,next_token
A_0056,A,STEP2,ACD,1,-1.136871099472046,-0.38687101006507874,0.32082128524780273,0.6791786551475525,-1.137291431427002,-0.3872913718223572,0.6791786551475525,1,1,"{""A"": ""orientation"", ""B"": ""position"", ""C"": ""color"", ""D"": ""size""}",/mnt/tidalfs-hssh01/dataset/xiang/models/Qwen2.5-VL-7B-Instruct,42,not_empty,next_token
A_0056,A,STEP2,BCD,1,-1.1368709802627563,-0.38687101006507874,0.3208213150501251,0.6791786551475525,-1.137262225151062,-0.3872622549533844,0.6791786551475525,1,1,"{""A"": ""orientation"", ""B"": ""position"", ""C"": ""color"", ""D"": ""size""}",/mnt/tidalfs-hssh01/dataset/xiang/models/Qwen2.5-VL-7B-Instruct,42,not_empty,next_token
A_0056,A,STEP2,ABCD,1,-1.1368709802627563,-0.38687101006507874,0.3208213150501251,0.6791786551475525,-1.1375644207000732,-0.387564480304718,0.6791786551475525,1,1,"{""A"": ""orientation"", ""B"": ""position"", ""C"": ""color"", ""D"": ""size""}",/mnt/tidalfs-hssh01/dataset/xiang/models/Qwen2.5-VL-7B-Instruct,42,not_empty,next_token
A_0056,A,FINAL,EMPTY,0,-0.8259394764900208,-0.575939416885376,0.43782350420951843,0.562176525592804,-1.1369755268096924,-0.8869754672050476,0.43782350420951843,1,0,"{""A"": ""orientation"", ""B"": ""position"", ""C"": ""color"", ""D"": ""size""}",/mnt/tidalfs-hssh01/dataset/xiang/models/Qwen2.5-VL-7B-Instruct,42,text_only,next_token
A_0056,A,FINAL,A,0,-0.8981232643127441,-0.5231232643127441,0.4073334038257599,0.5926665663719177,-0.9338021874427795,-0.5588021874427795,0.4073334038257599,1,0,"{""A"": ""orientation"", ""B"": ""position"", ""C"": ""color"", ""D"": ""size""}",/mnt/tidalfs-hssh01/dataset/xiang/models/Qwen2.5-VL-7B-Instruct,42,not_empty,next_token
A_0056,A,FINAL,B,0,-0.8981232643127441,-0.5231232643127441,0.4073334038257599,0.5926665663719177,-0.9216486215591431,-0.5466486215591431,0.4073334038257599,1,0,"{""A"": ""orientation"", ""B"": ""position"", ""C"": ""color"", ""D"": ""size""}",/mnt/tidalfs-hssh01/dataset/xiang/models/Qwen2.5-VL-7B-Instruct,42,not_empty,next_token
A_0056,A,FINAL,C,0,-0.8981232643127441,-0.5231232643127441,0.4073334038257599,0.5926665663719177,-0.9067662954330444,-0.5317662954330444,0.4073334038257599,1,0,"{""A"": ""orientation"", ""B"": ""position"", ""C"": ""color"", ""D"": ""size""}",/mnt/tidalfs-hssh01/dataset/xiang/models/Qwen2.5-VL-7B-Instruct,42,not_empty,next_token
A_0056,A,FINAL,D,0,-0.9740769863128662,-0.4740769863128662,0.3775406777858734,0.622459352016449,-0.9890617728233337,-0.48906177282333374,0.3775406777858734,1,0,"{""A"": ""orientation"", ""B"": ""position"", ""C"": ""color"", ""D"": ""size""}",/mnt/tidalfs-hssh01/dataset/xiang/models/Qwen2.5-VL-7B-Instruct,42,not_empty,next_token
A_0056,A,FINAL,AB,0,-0.825939416885376,-0.575939416885376,0.43782350420951843,0.562176525592804,-0.8317501544952393,-0.5817501544952393,0.43782350420951843,1,0,"{""A"": ""orientation"", ""B"": ""position"", ""C"": ""color"", ""D"": ""size""}",/mnt/tidalfs-hssh01/dataset/xiang/models/Qwen2.5-VL-7B-Instruct,42,not_empty,next_token
A_0056,A,FINAL,AC,0,-0.8981232643127441,-0.5231232643127441,0.4073334038257599,0.5926665663719177,-0.8993690013885498,-0.5243690013885498,0.4073334038257599,1,0,"{""A"": ""orientation"", ""B"": ""position"", ""C"": ""color"", ""D"": ""size""}",/mnt/tidalfs-hssh01/dataset/xiang/models/Qwen2.5-VL-7B-Instruct,42,not_empty,next_token
A_0056,A,FINAL,AD,0,-0.8981232643127441,-0.5231232643127441,0.4073334038257599,0.5926665663719177,-0.9032459259033203,-0.5282459259033203,0.4073334038257599,1,0,"{""A"": ""orientation"", ""B"": ""position"", ""C"": ""color"", ""D"": ""size""}",/mnt/tidalfs-hssh01/dataset/xiang/models/Qwen2.5-VL-7B-Instruct,42,not_empty,next_token
A_0056,A,FINAL,BC,0,-0.8981232643127441,-0.5231232643127441,0.4073334038257599,0.5926665663719177,-0.9014354944229126,-0.5264354944229126,0.4073334038257599,1,0,"{""A"": ""orientation"", ""B"": ""position"", ""C"": ""color"", ""D"": ""size""}",/mnt/tidalfs-hssh01/dataset/xiang/models/Qwen2.5-VL-7B-Instruct,42,not_empty,next_token
A_0056,A,FINAL,BD,0,-0.8981232643127441,-0.5231232643127441,0.4073334038257599,0.5926665663719177,-0.903567910194397,-0.528567910194397,0.4073334038257599,1,0,"{""A"": ""orientation"", ""B"": ""position"", ""C"": ""color"", ""D"": ""size""}",/mnt/tidalfs-hssh01/dataset/xiang/models/Qwen2.5-VL-7B-Instruct,42,not_empty,next_token
A_0056,A,FINAL,CD,0,-0.8981232643127441,-0.5231232643127441,0.4073334038257599,0.5926665663719177,-0.8992788791656494,-0.5242788791656494,0.4073334038257599,1,0,"{""A"": ""orientation"", ""B"": ""position"", ""C"": ""color"", ""D"": ""size""}",/mnt/tidalfs-hssh01/dataset/xiang/models/Qwen2.5-VL-7B-Instruct,42,not_empty,next_token
A_0056,A,FINAL,ABC,0,-0.825939416885376,-0.575939416885376,0.43782350420951843,0.562176525592804,-0.8287502527236938,-0.5787502527236938,0.43782350420951843,1,0,"{""A"": ""orientation"", ""B"": ""position"", ""C"": ""color"", ""D"": ""size""}",/mnt/tidalfs-hssh01/dataset/xiang/models/Qwen2.5-VL-7B-Instruct,42,not_empty,next_token
A_0056,A,FINAL,ABD,0,-0.825939416885376,-0.575939416885376,0.43782350420951843,0.562176525592804,-0.8283229470252991,-0.5783229470252991,0.43782350420951843,1,0,"{""A"": ""orientation"", ""B"": ""position"", ""C"": ""color"", ""D"": ""size""}",/mnt/tidalfs-hssh01/dataset/xiang/models/Qwen2.5-VL-7B-Instruct,42,not_empty,next_token
A_0056,A,FINAL,ACD,0,-0.8981232643127441,-0.5231232643127441,0.4073334038257599,0.5926665663719177,-0.8990203738212585,-0.5240203738212585,0.4073334038257599,1,0,"{""A"": ""orientation"", ""B"": ""position"", ""C"": ""color"", ""D"": ""size""}",/mnt/tidalfs-hssh01/dataset/xiang/models/Qwen2.5-VL-7B-Instruct,42,not_empty,next_token
A_0056,A,FINAL,BCD,0,-0.9740769863128662,-0.4740769863128662,0.3775406777858734,0.622459352016449,-0.976440966129303,-0.476440966129303,0.3775406777858734,1,0,"{""A"": ""orientation"", ""B"": ""position"", ""C"": ""color"", ""D"": ""size""}",/mnt/tidalfs-hssh01/dataset/xiang/models/Qwen2.5-VL-7B-Instruct,42,not_empty,next_token
A_0056,A,FINAL,ABCD,0,-0.9740769863128662,-0.4740769863128662,0.3775406777858734,0.622459352016449,-0.9758989214897156,-0.4758989214897156,0.3775406777858734,1,0,"{""A"": ""orientation"", ""B"": ""position"", ""C"": ""color"", ""D"": ""size""}",/mnt/tidalfs-hssh01/dataset/xiang/models/Qwen2.5-VL-7B-Instruct,42,not_empty,next_token
A_0064,A,STEP1,EMPTY,1,-0.6931471824645996,-0.6931471824645996,0.5,0.5,-0.7521441578865051,-0.7521441578865051,0.5,0,0,"{""A"": ""position"", ""B"": ""color"", ""C"": ""size"", ""D"": ""orientation""}",/mnt/tidalfs-hssh01/dataset/xiang/models/Qwen2.5-VL-7B-Instruct,42,text_only,next_token
A_0064,A,STEP1,A,1,-0.7575989961624146,-0.6325989961624146,0.4687906503677368,0.531209409236908,-0.7601996660232544,-0.6351996660232544,0.531209409236908,1,1,"{""A"": ""position"", ""B"": ""color"", ""C"": ""size"", ""D"": ""orientation""}",/mnt/tidalfs-hssh01/dataset/xiang/models/Qwen2.5-VL-7B-Instruct,42,not_empty,next_token
A_0064,A,STEP1,B,1,-0.6931471824645996,-0.6931471824645996,0.5,0.5,-0.6952781677246094,-0.6952781677246094,0.5,0,0,"{""A"": ""position"", ""B"": ""color"", ""C"": ""size"", ""D"": ""orientation""}",/mnt/tidalfs-hssh01/dataset/xiang/models/Qwen2.5-VL-7B-Instruct,42,not_empty,next_token
A_0064,A,STEP1,C,1,-0.6931471824645996,-0.6931471824645996,0.5,0.5,-0.6952361464500427,-0.6952361464500427,0.5,0,0,"{""A"": ""position"", ""B"": ""color"", ""C"": ""size"", ""D"": ""orientation""}",/mnt/tidalfs-hssh01/dataset/xiang/models/Qwen2.5-VL-7B-Instruct,42,not_empty,next_token
A_0064,A,STEP1,D,1,-0.825939416885376,-0.575939416885376,0.43782350420951843,0.562176525592804,-0.8328023552894592,-0.5828023552894592,0.562176525592804,1,1,"{""A"": ""position"", ""B"": ""color"", ""C"": ""size"", ""D"": ""orientation""}",/mnt/tidalfs-hssh01/dataset/xiang/models/Qwen2.5-VL-7B-Instruct,42,not_empty,next_token
A_0064,A,STEP1,AB,1,-0.7575989961624146,-0.6325989961624146,0.4687906503677368,0.531209409236908,-0.7580143809318542,-0.6330143809318542,0.531209409236908,1,1,"{""A"": ""position"", ""B"": ""color"", ""C"": ""size"", ""D"": ""orientation""}",/mnt/tidalfs-hssh01/dataset/xiang/models/Qwen2.5-VL-7B-Instruct,42,not_empty,next_token
A_0064,A,STEP1,AC,1,-0.7575989961624146,-0.6325989961624146,0.4687906503677368,0.531209409236908,-0.7579772472381592,-0.6329772472381592,0.531209409236908,1,1,"{""A"": ""position"", ""B"": ""color"", ""C"": ""size"", ""D"": ""orientation""}",/mnt/tidalfs-hssh01/dataset/xiang/models/Qwen2.5-VL-7B-Instruct,42,not_empty,next_token
A_0064,A,STEP1,AD,1,-0.825939416885376,-0.575939416885376,0.43782350420951843,0.562176525592804,-0.8274189233779907,-0.5774189233779907,0.562176525592804,1,1,"{""A"": ""position"", ""B"": ""color"", ""C"": ""size"", ""D"": ""orientation""}",/mnt/tidalfs-hssh01/dataset/xiang/models/Qwen2.5-VL-7B-Instruct,42,not_empty,next_token
A_0064,A,STEP1,BC,1,-0.7575989961624146,-0.6325989961624146,0.4687906503677368,0.531209409236908,-0.7582226991653442,-0.6332226991653442,0.531209409236908,1,1,"{""A"": ""position"", ""B"": ""color"", ""C"": ""size"", ""D"": ""orientation""}",/mnt/tidalfs-hssh01/dataset/xiang/models/Qwen2.5-VL-7B-Instruct,42,not_empty,next_token
A_0064,A,STEP1,BD,1,-0.8981232643127441,-0.5231232643127441,0.4073334038257599,0.5926665663719177,-0.8990029692649841,-0.5240029692649841,0.5926665663719177,1,1,"{""A"": ""position"", ""B"": ""color"", ""C"": ""size"", ""D"": ""orientation""}",/mnt/tidalfs-hssh01/dataset/xiang/models/Qwen2.5-VL-7B-Instruct,42,not_empty,next_token
A_0064,A,STEP1,CD,1,-0.825939416885376,-0.575939416885376,0.43782350420951843,0.562176525592804,-0.8270922303199768,-0.5770922303199768,0.562176525592804,1,1,"{""A"": ""position"", ""B"": ""color"", ""C"": ""size"", ""D"": ""orientation""}",/mnt/tidalfs-hssh01/dataset/xiang/models/Qwen2.5-VL-7B-Instruct,42,not_empty,next_token
A_0064,A,STEP1,ABC,1,-0.8981232643127441,-0.5231232643127441,0.4073334038257599,0.5926665663719177,-0.8983935117721558,-0.5233935117721558,0.5926665663719177,1,1,"{""A"": ""position"", ""B"": ""color"", ""C"": ""size"", ""D"": ""orientation""}",/mnt/tidalfs-hssh01/dataset/xiang/models/Qwen2.5-VL-7B-Instruct,42,not_empty,next_token
A_0064,A,STEP1,ABD,1,-0.9740769863128662,-0.4740769863128662,0.3775406777858734,0.622459352016449,-0.9743728637695312,-0.47437286376953125,0.622459352016449,1,1,"{""A"": ""position"", ""B"": ""color"", ""C"": ""size"", ""D"": ""orientation""}",/mnt/tidalfs-hssh01/dataset/xiang/models/Qwen2.5-VL-7B-Instruct,42,not_empty,next_token
A_0064,A,STEP1,ACD,1,-0.9740769863128662,-0.4740769863128662,0.3775406777858734,0.622459352016449,-0.9743648767471313,-0.47436487674713135,0.622459352016449,1,1,"{""A"": ""position"", ""B"": ""color"", ""C"": ""size"", ""D"": ""orientation""}",/mnt/tidalfs-hssh01/dataset/xiang/models/Qwen2.5-VL-7B-Instruct,42,not_empty,next_token
A_0064,A,STEP1,BCD,1,-0.9740769863128662,-0.4740769863128662,0.3775406777858734,0.622459352016449,-0.9743541479110718,-0.47435417771339417,0.622459352016449,1,1,"{""A"": ""position"", ""B"": ""color"", ""C"": ""size"", ""D"": ""orientation""}",/mnt/tidalfs-hssh01/dataset/xiang/models/Qwen2.5-VL-7B-Instruct,42,not_empty,next_token
A_0064,A,STEP1,ABCD,1,-0.9740769863128662,-0.4740769863128662,0.3775406777858734,0.622459352016449,-0.9742588400840759,-0.4742588400840759,0.622459352016449,1,1,"{""A"": ""position"", ""B"": ""color"", ""C"": ""size"", ""D"": ""orientation""}",/mnt/tidalfs-hssh01/dataset/xiang/models/Qwen2.5-VL-7B-Instruct,42,not_empty,next_token
A_0064,A,STEP2,EMPTY,1,-1.1368709802627563,-0.38687101006507874,0.3208213150501251,0.6791786551475525,-1.1873528957366943,-0.4373529553413391,0.6791786551475525,1,1,"{""A"": ""position"", ""B"": ""color"", ""C"": ""size"", ""D"": ""orientation""}",/mnt/tidalfs-hssh01/dataset/xiang/models/Qwen2.5-VL-7B-Instruct,42,text_only,next_token
A_0064,A,STEP2,A,1,-1.0537006855010986,-0.42870065569877625,0.3486451208591461,0.6513548493385315,-1.0558043718338013,-0.43080440163612366,0.6513548493385315,1,1,"{""A"": ""position"", ""B"": ""color"", ""C"": ""size"", ""D"": ""orientation""}",/mnt/tidalfs-hssh01/dataset/xiang/models/Qwen2.5-VL-7B-Instruct,42,not_empty,next_token
A_0064,A,STEP2,B,1,-0.8981232643127441,-0.5231232643127441,0.4073334038257599,0.5926665663719177,-0.9001257419586182,-0.5251257419586182,0.5926665663719177,1,1,"{""A"": ""position"", ""B"": ""color"", ""C"": ""size"", ""D"": ""orientation""}",/mnt/tidalfs-hssh01/dataset/xiang/models/Qwen2.5-VL-7B-Instruct,42,not_empty,next_token
A_0064,A,STEP2,C,1,-1.2234445810317993,-0.3484445810317993,0.29421499371528625,0.7057850360870361,-1.2249228954315186,-0.34992292523384094,0.7057850360870361,1,1,"{""A"": ""position"", ""B"": ""color"", ""C"": ""size"", ""D"": ""orientation""}",/mnt/tidalfs-hssh01/dataset/xiang/models/Qwen2.5-VL-7B-Instruct,42,not_empty,next_token
A_0064,A,STEP2,D,1,-1.2234445810317993,-0.3484445810317993,0.29421499371528625,0.7057850360870361,-1.2276611328125,-0.3526611626148224,0.7057850360870361,1,1,"{""A"": ""position"", ""B"": ""color"", ""C"": ""size"", ""D"": ""orientation""}",/mnt/tidalfs-hssh01/dataset/xiang/models/Qwen2.5-VL-7B-Instruct,42,not_empty,next_token
A_0064,A,STEP2,AB,1,-0.6931471824645996,-0.6931471824645996,0.5,0.5,-0.6942435503005981,-0.6942435503005981,0.5,0,0,"{""A"": ""position"", ""B"": ""color"", ""C"": ""size"", ""D"": ""orientation""}",/mnt/tidalfs-hssh01/dataset/xiang/models/Qwen2.5-VL-7B-Instruct,42,not_empty,next_token
A_0064,A,STEP2,AC,1,-1.3132617473602295,-0.3132617473602295,0.26894140243530273,0.7310584783554077,-1.3136677742004395,-0.31366777420043945,0.7310584783554077,1,1,"{""A"": ""position"", ""B"": ""color"", ""C"": ""size"", ""D"": ""orientation""}",/mnt/tidalfs-hssh01/dataset/xiang/models/Qwen2.5-VL-7B-Instruct,42,not_empty,next_token
A_0064,A,STEP2,AD,1,-0.9740769863128662,-0.4740769863128662,0.3775406777858734,0.622459352016449,-0.9753524661064148,-0.4753524661064148,0.622459352016449,1,1,"{""A"": ""position"", ""B"": ""color"", ""C"": ""size"", ""D"": ""orientation""}",/mnt/tidalfs-hssh01/dataset/xiang/models/Qwen2.5-VL-7B-Instruct,42,not_empty,next_token
A_0064,A,STEP2,BC,1,-1.1368709802627563,-0.38687101006507874,0.3208213150501251,0.6791786551475525,-1.1376681327819824,-0.3876681327819824,0.6791786551475525,1,1,"{""A"": ""position"", ""B"": ""color"", ""C"": ""size"", ""D"": ""orientation""}",/mnt/tidalfs-hssh01/dataset/xiang/models/Qwen2.5-VL-7B-Instruct,42,not_empty,next_token
A_0064,A,STEP2,BD,1,-0.8981232643127441,-0.5231232643127441,0.4073334038257599,0.5926665663719177,-0.9000710248947144,-0.5250710248947144,0.5926665663719177,1,1,"{""A"": ""position"", ""B"": ""color"", ""C"": ""size"", ""D"": ""orientation""}",/mnt/tidalfs-hssh01/dataset/xiang/models/Qwen2.5-VL-7B-Instruct,42,not_empty,next_token
A_0064,A,STEP2,CD,1,-1.3132617473602295,-0.3132617473602295,0.26894140243530273,0.7310584783554077,-1.3141708374023438,-0.3141708970069885,0.7310584783554077,1,1,"{""A"": ""position"", ""B"": ""color"", ""C"": ""size"", ""D"": ""orientation""}",/mnt/tidalfs-hssh01/dataset/xiang/models/Qwen2.5-VL-7B-Instruct,42,not_empty,next_token
A_0064,A,STEP2,ABC,1,-1.0537006855010986,-0.42870065569877625,0.3486451208591461,0.6513548493385315,-1.0542657375335693,-0.42926567792892456,0.6513548493385315,1,1,"{""A"": ""position"", ""B"": ""color"", ""C"": ""size"", ""D"": ""orientation""}",/mnt/tidalfs-hssh01/dataset/xiang/models/Qwen2.5-VL-7B-Instruct,42,not_empty,next_token
A_0064,A,STEP2,ABD,1,-0.6325989961624146,-0.7575989961624146,0.531209409236908,0.4687906503677368,-0.633442759513855,-0.758442759513855,0.4687906503677368,0,0,"{""A"": ""position"", ""B"": ""color"", ""C"": ""size"", ""D"": ""orientation""}",/mnt/tidalfs-hssh01/dataset/xiang/models/Qwen2.5-VL-7B-Instruct,42,not_empty,next_token
A_0064,A,STEP2,ACD,1,-1.3132617473602295,-0.3132617473602295,0.26894140243530273,0.7310584783554077,-1.3136084079742432,-0.3136083483695984,0.7310584783554077,1,1,"{""A"": ""position"", ""B"": ""color"", ""C"": ""size"", ""D"": ""orientation""}",/mnt/tidalfs-hssh01/dataset/xiang/models/Qwen2.5-VL-7B-Instruct,42,not_empty,next_token
A_0064,A,STEP2,BCD,1,-1.2234445810317993,-0.3484445810317993,0.29421499371528625,0.7057850360870361,-1.2238657474517822,-0.3488657474517822,0.7057850360870361,1,1,"{""A"": ""position"", ""B"": ""color"", ""C"": ""size"", ""D"": ""orientation""}",/mnt/tidalfs-hssh01/dataset/xiang/models/Qwen2.5-VL-7B-Instruct,42,not_empty,next_token
A_0064,A,STEP2,ABCD,1,-1.1368709802627563,-0.38687101006507874,0.3208213150501251,0.6791786551475525,-1.1373435258865356,-0.38734349608421326,0.6791786551475525,1,1,"{""A"": ""position"", ""B"": ""color"", ""C"": ""size"", ""D"": ""orientation""}",/mnt/tidalfs-hssh01/dataset/xiang/models/Qwen2.5-VL-7B-Instruct,42,not_empty,next_token
A_0064,A,FINAL,EMPTY,0,-0.825939416885376,-0.575939416885376,0.43782350420951843,0.562176525592804,-1.032974123954773,-0.782974123954773,0.43782350420951843,1,0,"{""A"": ""position"", ""B"": ""color"", ""C"": ""size"", ""D"": ""orientation""}",/mnt/tidalfs-hssh01/dataset/xiang/models/Qwen2.5-VL-7B-Instruct,42,text_only,next_token
A_0064,A,FINAL,A,0,-0.825939416885376,-0.575939416885376,0.43782350420951843,0.562176525592804,-0.8441141843795776,-0.5941141843795776,0.43782350420951843,1,0,"{""A"": ""position"", ""B"": ""color"", ""C"": ""size"", ""D"": ""orientation""}",/mnt/tidalfs-hssh01/dataset/xiang/models/Qwen2.5-VL-7B-Instruct,42,not_empty,next_token
A_0064,A,FINAL,B,0,-0.7575989961624146,-0.6325989961624146,0.4687906503677368,0.531209409236908,-0.7723475694656372,-0.6473475694656372,0.4687906503677368,1,0,"{""A"": ""position"", ""B"": ""color"", ""C"": ""size"", ""D"": ""orientation""}",/mnt/tidalfs-hssh01/dataset/xiang/models/Qwen2.5-VL-7B-Instruct,42,not_empty,next_token
A_0064,A,FINAL,C,0,-0.8981232643127441,-0.5231232643127441,0.4073334038257599,0.5926665663719177,-0.9070677757263184,-0.5320677757263184,0.4073334038257599,1,0,"{""A"": ""position"", ""B"": ""color"", ""C"": ""size"", ""D"": ""orientation""}",/mnt/tidalfs-hssh01/dataset/xiang/models/Qwen2.5-VL-7B-Instruct,42,not_empty,next_token
A_0064,A,FINAL,D,0,-0.8981232643127441,-0.5231232643127441,0.4073334038257599,0.5926665663719177,-0.947605311870575,-0.572605311870575,0.4073334038257599,1,0,"{""A"": ""position"", ""B"": ""color"", ""C"": ""size"", ""D"": ""orientation""}",/mnt/tidalfs-hssh01/dataset/xiang/models/Qwen2.5-VL-7B-Instruct,42,not_empty,next_token
A_0064,A,FINAL,AB,0,-0.6931471824645996,-0.6931471824645996,0.5,0.5,-0.6952663660049438,-0.6952663660049438,0.5,0,1,"{""A"": ""position"", ""B"": ""color"", ""C"": ""size"", ""D"": ""orientation""}",/mnt/tidalfs-hssh01/dataset/xiang/models/Qwen2.5-VL-7B-Instruct,42,not_empty,next_token
A_0064,A,FINAL,AC,0,-0.7575989961624146,-0.6325989961624146,0.4687906503677368,0.531209409236908,-0.7592196464538574,-0.6342196464538574,0.4687906503677368,1,0,"{""A"": ""position"", ""B"": ""color"", ""C"": ""size"", ""D"": ""orientation""}",/mnt/tidalfs-hssh01/dataset/xiang/models/Qwen2.5-VL-7B-Instruct,42,not_empty,next_token
A_0064,A,FINAL,AD,0,-0.8981232643127441,-0.5231232643127441,0.4073334038257599,0.5926665663719177,-0.9032495021820068,-0.5282495021820068,0.4073334038257599,1,0,"{""A"": ""position"", ""B"": ""color"", ""C"": ""size"", ""D"": ""orientation""}",/mnt/tidalfs-hssh01/dataset/xiang/models/Qwen2.5-VL-7B-Instruct,42,not_empty,next_token
A_0064,A,FINAL,BC,0,-0.7575989961624146,-0.6325989961624146,0.4687906503677368,0.531209409236908,-0.7607599496841431,-0.6357599496841431,0.4687906503677368,1,0,"{""A"": ""position"", ""B"": ""color"", ""C"": ""size"", ""D"": ""orientation""}",/mnt/tidalfs-hssh01/dataset/xiang/models/Qwen2.5-VL-7B-Instruct,42,not_empty,next_token
A_0064,A,FINAL,BD,0,-0.8981232643127441,-0.5231232643127441,0.4073334038257599,0.5926665663719177,-0.9042872786521912,-0.5292872786521912,0.4073334038257599,1,0,"{""A"": ""position"", ""B"": ""color"", ""C"": ""size"", ""D"": ""orientation""}",/mnt/tidalfs-hssh01/dataset/xiang/models/Qwen2.5-VL-7B-Instruct,42,not_empty,next_token
A_0064,A,FINAL,CD,0,-0.8981232643127441,-0.5231232643127441,0.4073334038257599,0.5926665663719177,-0.9033915996551514,-0.5283915996551514,0.4073334038257599,1,0,"{""A"": ""position"", ""B"": ""color"", ""C"": ""size"", ""D"": ""orientation""}",/mnt/tidalfs-hssh01/dataset/xiang/models/Qwen2.5-VL-7B-Instruct,42,not_empty,next_token
A_0064,A,FINAL,ABC,0,-0.7575989961624146,-0.6325989961624146,0.4687906503677368,0.531209409236908,-0.7590057253837585,-0.6340057253837585,0.4687906503677368,1,0,"{""A"": ""position"", ""B"": ""color"", ""C"": ""size"", ""D"": ""orientation""}",/mnt/tidalfs-hssh01/dataset/xiang/models/Qwen2.5-VL-7B-Instruct,42,not_empty,next_token
A_0064,A,FINAL,ABD,0,-0.8981232643127441,-0.5231232643127441,0.4073334038257599,0.5926665663719177,-0.8996133804321289,-0.5246133804321289,0.4073334038257599,1,0,"{""A"": ""position"", ""B"": ""color"", ""C"": ""size"", ""D"": ""orientation""}",/mnt/tidalfs-hssh01/dataset/xiang/models/Qwen2.5-VL-7B-Instruct,42,not_empty,next_token
A_0064,A,FINAL,ACD,0,-0.9740769863128662,-0.4740769863128662,0.3775406777858734,0.622459352016449,-0.9754539728164673,-0.4754539728164673,0.3775406777858734,1,0,"{""A"": ""position"", ""B"": ""color"", ""C"": ""size"", ""D"": ""orientation""}",/mnt/tidalfs-hssh01/dataset/xiang/models/Qwen2.5-VL-7B-Instruct,42,not_empty,next_token
A_0064,A,FINAL,BCD,0,-0.8981232643127441,-0.5231232643127441,0.4073334038257599,0.5926665663719177,-0.9003550410270691,-0.5253550410270691,0.4073334038257599,1,0,"{""A"": ""position"", ""B"": ""color"", ""C"": ""size"", ""D"": ""orientation""}",/mnt/tidalfs-hssh01/dataset/xiang/models/Qwen2.5-VL-7B-Instruct,42,not_empty,next_token
A_0064,A,FINAL,ABCD,0,-0.8981232643127441,-0.5231232643127441,0.4073334038257599,0.5926665663719177,-0.8994026780128479,-0.5244026780128479,0.4073334038257599,1,0,"{""A"": ""position"", ""B"": ""color"", ""C"": ""size"", ""D"": ""orientation""}",/mnt/tidalfs-hssh01/dataset/xiang/models/Qwen2.5-VL-7B-Instruct,42,not_empty,next_token
A_0072,A,STEP1,EMPTY,0,-0.6931471824645996,-0.6931471824645996,0.5,0.5,-0.7521441578865051,-0.7521441578865051,0.5,0,1,"{""A"": ""position"", ""B"": ""color"", ""C"": ""size"", ""D"": ""orientation""}",/mnt/tidalfs-hssh01/dataset/xiang/models/Qwen2.5-VL-7B-Instruct,42,text_only,next_token
A_0072,A,STEP1,A,0,-0.6931471824645996,-0.6931471824645996,0.5,0.5,-0.695659339427948,-0.695659339427948,0.5,0,1,"{""A"": ""position"", ""B"": ""color"", ""C"": ""size"", ""D"": ""orientation""}",/mnt/tidalfs-hssh01/dataset/xiang/models/Qwen2.5-VL-7B-Instruct,42,not_empty,next_token
A_0072,A,STEP1,B,0,-0.6931471824645996,-0.6931471824645996,0.5,0.5,-0.6952781677246094,-0.6952781677246094,0.5,0,1,"{""A"": ""position"", ""B"": ""color"", ""C"": ""size"", ""D"": ""orientation""}",/mnt/tidalfs-hssh01/dataset/xiang/models/Qwen2.5-VL-7B-Instruct,42,not_empty,next_token
A_0072,A,STEP1,C,0,-0.6931471824645996,-0.6931471824645996,0.5,0.5,-0.6952361464500427,-0.6952361464500427,0.5,0,1,"{""A"": ""position"", ""B"": ""color"", ""C"": ""size"", ""D"": ""orientation""}",/mnt/tidalfs-hssh01/dataset/xiang/models/Qwen2.5-VL-7B-Instruct,42,not_empty,next_token
A_0072,A,STEP1,D,0,-0.825939416885376,-0.575939416885376,0.43782350420951843,0.562176525592804,-0.8328023552894592,-0.5828023552894592,0.43782350420951843,1,0,"{""A"": ""position"", ""B"": ""color"", ""C"": ""size"", ""D"": ""orientation""}",/mnt/tidalfs-hssh01/dataset/xiang/models/Qwen2.5-VL-7B-Instruct,42,not_empty,next_token
A_0072,A,STEP1,AB,0,-0.6931471824645996,-0.6931471824645996,0.5,0.5,-0.6935794353485107,-0.6935794353485107,0.5,0,1,"{""A"": ""position"", ""B"": ""color"", ""C"": ""size"", ""D"": ""orientation""}",/mnt/tidalfs-hssh01/dataset/xiang/models/Qwen2.5-VL-7B-Instruct,42,not_empty,next_token
A_0072,A,STEP1,AC,0,-0.825939416885376,-0.575939416885376,0.43782350420951843,0.562176525592804,-0.8263320922851562,-0.5763320922851562,0.43782350420951843,1,0,"{""A"": ""position"", ""B"": ""color"", ""C"": ""size"", ""D"": ""orientation""}",/mnt/tidalfs-hssh01/dataset/xiang/models/Qwen2.5-VL-7B-Instruct,42,not_empty,next_token
A_0072,A,STEP1,AD,0,-0.825939416885376,-0.575939416885376,0.43782350420951843,0.562176525592804,-0.8270623683929443,-0.5770623683929443,0.43782350420951843,1,0,"{""A"": ""position"", ""B"": ""color"", ""C"": ""size"", ""D"": ""orientation""}",/mnt/tidalfs-hssh01/dataset/xiang/models/Qwen2.5-VL-7B-Instruct,42,not_empty,next_token
A_0072,A,STEP1,BC,0,-0.7575989961624146,-0.6325989961624146,0.4687906503677368,0.531209409236908,-0.7582226991653442,-0.6332226991653442,0.4687906503677368,1,0,"{""A"": ""position"", ""B"": ""color"", ""C"": ""size"", ""D"": ""orientation""}",/mnt/tidalfs-hssh01/dataset/xiang/models/Qwen2.5-VL-7B-Instruct,42,not_empty,next_token
A_0072,A,STEP1,BD,0,-0.8981232643127441,-0.5231232643127441,0.4073334038257599,0.5926665663719177,-0.8990029692649841,-0.5240029692649841,0.4073334038257599,1,0,"{""A"": ""position"", ""B"": ""color"", ""C"": ""size"", ""D"": ""orientation""}",/mnt/tidalfs-hssh01/dataset/xiang/models/Qwen2.5-VL-7B-Instruct,42,not_empty,next_token
A_0072,A,STEP1,CD,0,-0.825939416885376,-0.575939416885376,0.43782350420951843,0.562176525592804,-0.8270922303199768,-0.5770922303199768,0.43782350420951843,1,0,"{""A"": ""position"", ""B"": ""color"", ""C"": ""size"", ""D"": ""orientation""}",/mnt/tidalfs-hssh01/dataset/xiang/models/Qwen2.5-VL-7B-Instruct,42,not_empty,next_token
A_0072,A,STEP1,ABC,0,-0.825939416885376,-0.575939416885376,0.43782350420951843,0.562176525592804,-0.8261701464653015,-0.5761701464653015,0.43782350420951843,1,0,"{""A"": ""position"", ""B"": ""color"", ""C"": ""size"", ""D"": ""orientation""}",/mnt/tidalfs-hssh01/dataset/xiang/models/Qwen2.5-VL-7B-Instruct,42,not_empty,next_token
A_0072,A,STEP1,ABD,0,-0.825939416885376,-0.575939416885376,0.43782350420951843,0.562176525592804,-0.8262399435043335,-0.5762399435043335,0.43782350420951843,1,0,"{""A"": ""position"", ""B"": ""color"", ""C"": ""size"", ""D"": ""orientation""}",/mnt/tidalfs-hssh01/dataset/xiang/models/Qwen2.5-VL-7B-Instruct,42,not_empty,next_token
A_0072,A,STEP1,ACD,0,-0.8981232643127441,-0.5231232643127441,0.4073334038257599,0.5926665663719177,-0.8984265327453613,-0.5234265327453613,0.4073334038257599,1,0,"{""A"": ""position"", ""B"": ""color"", ""C"": ""size"", ""D"": ""orientation""}",/mnt/tidalfs-hssh01/dataset/xiang/models/Qwen2.5-VL-7B-Instruct,42,not_empty,next_token
A_0072,A,STEP1,BCD,0,-0.9740769863128662,-0.4740769863128662,0.3775406777858734,0.622459352016449,-0.9743541479110718,-0.47435417771339417,0.3775406777858734,1,0,"{""A"": ""position"", ""B"": ""color"", ""C"": ""size"", ""D"": ""orientation""}",/mnt/tidalfs-hssh01/dataset/xiang/models/Qwen2.5-VL-7B-Instruct,42,not_empty,next_token
A_0072,A,STEP1,ABCD,0,-0.9740769863128662,-0.4740769863128662,0.3775406777858734,0.622459352016449,-0.9742546677589417,-0.47425466775894165,0.3775406777858734,1,0,"{""A"": ""position"", ""B"": ""color"", ""C"": ""size"", ""D"": ""orientation""}",/mnt/tidalfs-hssh01/dataset/xiang/models/Qwen2.5-VL-7B-Instruct,42,not_empty,next_token
A_0072,A,STEP2,EMPTY,1,-1.1368709802627563,-0.38687101006507874,0.3208213150501251,0.6791786551475525,-1.1873528957366943,-0.4373529553413391,0.6791786551475525,1,1,"{""A"": ""position"", ""B"": ""color"", ""C"": ""size"", ""D"": ""orientation""}",/mnt/tidalfs-hssh01/dataset/xiang/models/Qwen2.5-VL-7B-Instruct,42,text_only,next_token
A_0072,A,STEP2,A,1,-0.9740769863128662,-0.4740769863128662,0.3775406777858734,0.622459352016449,-0.976046621799469,-0.476046621799469,0.622459352016449,1,1,"{""A"": ""position"", ""B"": ""color"", ""C"": ""size"", ""D"": ""orientation""}",/mnt/tidalfs-hssh01/dataset/xiang/models/Qwen2.5-VL-7B-Instruct,42,not_empty,next_token
A_0072,A,STEP2,B,1,-0.8981232643127441,-0.5231232643127441,0.4073334038257599,0.5926665663719177,-0.9001257419586182,-0.5251257419586182,0.5926665663719177,1,1,"{""A"": ""position"", ""B"": ""color"", ""C"": ""size"", ""D"": ""orientation""}",/mnt/tidalfs-hssh01/dataset/xiang/models/Qwen2.5-VL-7B-Instruct,42,not_empty,next_token
A_0072,A,STEP2,C,1,-1.2234445810317993,-0.3484445810317993,0.29421499371528625,0.7057850360870361,-1.2249228954315186,-0.34992292523384094,0.7057850360870361,1,1,"{""A"": ""position"", ""B"": ""color"", ""C"": ""size"", ""D"": ""orientation""}",/mnt/tidalfs-hssh01/dataset/xiang/models/Qwen2.5-VL-7B-Instruct,42,not_empty,next_token
A_0072,A,STEP2,D,1,-1.2234445810317993,-0.3484445810317993,0.29421499371528625,0.7057850360870361,-1.2276611328125,-0.3526611626148224,0.7057850360870361,1,1,"{""A"": ""position"", ""B"": ""color"", ""C"": ""size"", ""D"": ""orientation""}",/mnt/tidalfs-hssh01/dataset/xiang/models/Qwen2.5-VL-7B-Instruct,42,not_empty,next_token
A_0072,A,STEP2,AB,1,-0.7575989961624146,-0.6325989961624146,0.4687906503677368,0.531209409236908,-0.7584482431411743,-0.6334482431411743,0.531209409236908,1,1,"{""A"": ""position"", ""B"": ""color"", ""C"": ""size"", ""D"": ""orientation""}",/mnt/tidalfs-hssh01/dataset/xiang/models/Qwen2.5-VL-7B-Instruct,42,not_empty,next_token
A_0072,A,STEP2,AC,1,-1.4061501026153564,-0.28115010261535645,0.24508503079414368,0.7549149990081787,-1.4064395427703857,-0.28143957257270813,0.7549149990081787,1,1,"{""A"": ""position"", ""B"": ""color"", ""C"": ""size"", ""D"": ""orientation""}",/mnt/tidalfs-hssh01/dataset/xiang/models/Qwen2.5-VL-7B-Instruct,42,not_empty,next_token
A_0072,A,STEP2,AD,1,-0.9740769863128662,-0.4740769863128662,0.3775406777858734,0.622459352016449,-0.9756172299385071,-0.4756172299385071,0.622459352016449,1,1,"{""A"": ""position"", ""B"": ""color"", ""C"": ""size"", ""D"": ""orientation""}",/mnt/tidalfs-hssh01/dataset/xiang/models/Qwen2.5-VL-7B-Instruct,42,not_empty,next_token
A_0072,A,STEP2,BC,1,-1.1368709802627563,-0.38687101006507874,0.3208213150501251,0.6791786551475525,-1.1376681327819824,-0.3876681327819824,0.6791786551475525,1,1,"{""A"": ""position"", ""B"": ""color"", ""C"": ""size"", ""D"": ""orientation""}",/mnt/tidalfs-hssh01/dataset/xiang/models/Qwen2.5-VL-7B-Instruct,42,not_empty,next_token
A_0072,A,STEP2,BD,1,-0.8981232643127441,-0.5231232643127441,0.4073334038257599,0.5926665663719177,-0.9000710248947144,-0.5250710248947144,0.5926665663719177,1,1,"{""A"": ""position"", ""B"": ""color"", ""C"": ""size"", ""D"": ""orientation""}",/mnt/tidalfs-hssh01/dataset/xiang/models/Qwen2.5-VL-7B-Instruct,42,not_empty,next_token
A_0072,A,STEP2,CD,1,-1.3132617473602295,-0.3132617473602295,0.26894140243530273,0.7310584783554077,-1.3141708374023438,-0.3141708970069885,0.7310584783554077,1,1,"{""A"": ""position"", ""B"": ""color"", ""C"": ""size"", ""D"": ""orientation""}",/mnt/tidalfs-hssh01/dataset/xiang/models/Qwen2.5-VL-7B-Instruct,42,not_empty,next_token
A_0072,A,STEP2,ABC,1,-1.1368709802627563,-0.38687101006507874,0.3208213150501251,0.6791786551475525,-1.1374207735061646,-0.38742077350616455,0.6791786551475525,1,1,"{""A"": ""position"", ""B"": ""color"", ""C"": ""size"", ""D"": ""orientation""}",/mnt/tidalfs-hssh01/dataset/xiang/models/Qwen2.5-VL-7B-Instruct,42,not_empty,next_token
A_0072,A,STEP2,ABD,1,-0.6325989961624146,-0.7575989961624146,0.531209409236908,0.4687906503677368,-0.6333204507827759,-0.7583204507827759,0.4687906503677368,0,0,"{""A"": ""position"", ""B"": ""color"", ""C"": ""size"", ""D"": ""orientation""}",/mnt/tidalfs-hssh01/dataset/xiang/models/Qwen2.5-VL-7B-Instruct,42,not_empty,next_token
A_0072,A,STEP2,ACD,1,-1.6004126071929932,-0.22541262209415436,0.2018132209777832,0.7981867790222168,-1.6006540060043335,-0.2256539911031723,0.7981867790222168,1,1,"{""A"": ""position"", ""B"": ""color"", ""C"": ""size"", ""D"": ""orientation""}",/mnt/tidalfs-hssh01/dataset/xiang/models/Qwen2.5-VL-7B-Instruct,42,not_empty,next_token
A_0072,A,STEP2,BCD,1,-1.2234445810317993,-0.3484445810317993,0.29421499371528625,0.7057850360870361,-1.2238657474517822,-0.3488657474517822,0.7057850360870361,1,1,"{""A"": ""position"", ""B"": ""color"", ""C"": ""size"", ""D"": ""orientation""}",/mnt/tidalfs-hssh01/dataset/xiang/models/Qwen2.5-VL-7B-Instruct,42,not_empty,next_token
A_0072,A,STEP2,ABCD,1,-1.2234445810317993,-0.3484445810317993,0.29421499371528625,0.7057850360870361,-1.2238178253173828,-0.3488178253173828,0.7057850360870361,1,1,"{""A"": ""position"", ""B"": ""color"", ""C"": ""size"", ""D"": ""orientation""}",/mnt/tidalfs-hssh01/dataset/xiang/models/Qwen2.5-VL-7B-Instruct,42,not_empty,next_token
A_0072,A,FINAL,EMPTY,1,-0.825939416885376,-0.575939416885376,0.43782350420951843,0.562176525592804,-1.032974123954773,-0.782974123954773,0.562176525592804,1,1,"{""A"": ""position"", ""B"": ""color"", ""C"": ""size"", ""D"": ""orientation""}",/mnt/tidalfs-hssh01/dataset/xiang/models/Qwen2.5-VL-7B-Instruct,42,text_only,next_token
A_0072,A,FINAL,A,1,-0.825939416885376,-0.575939416885376,0.43782350420951843,0.562176525592804,-0.8462235331535339,-0.5962235331535339,0.562176525592804,1,1,"{""A"": ""position"", ""B"": ""color"", ""C"": ""size"", ""D"": ""orientation""}",/mnt/tidalfs-hssh01/dataset/xiang/models/Qwen2.5-VL-7B-Instruct,42,not_empty,next_token
A_0072,A,FINAL,B,1,-0.7575989961624146,-0.6325989961624146,0.4687906503677368,0.531209409236908,-0.7723475694656372,-0.6473475694656372,0.531209409236908,1,1,"{""A"": ""position"", ""B"": ""color"", ""C"": ""size"", ""D"": ""orientation""}",/mnt/tidalfs-hssh01/dataset/xiang/models/Qwen2.5-VL-7B-Instruct,42,not_empty,next_token
A_0072,A,FINAL,C,1,-0.8981232643127441,-0.5231232643127441,0.4073334038257599,0.5926665663719177,-0.9070677757263184,-0.5320677757263184,0.5926665663719177,1,1,"{""A"": ""position"", ""B"": ""color"", ""C"": ""size"", ""D"": ""orientation""}",/mnt/tidalfs-hssh01/dataset/xiang/models/Qwen2.5-VL-7B-Instruct,42,not_empty,next_token
A_0072,A,FINAL,D,1,-0.8981232643127441,-0.5231232643127441,0.4073334038257599,0.5926665663719177,-0.947605311870575,-0.572605311870575,0.5926665663719177,1,1,"{""A"": ""position"", ""B"": ""color"", ""C"": ""size"", ""D"": ""orientation""}",/mnt/tidalfs-hssh01/dataset/xiang/models/Qwen2.5-VL-7B-Instruct,42,not_empty,next_token
A_0072,A,FINAL,AB,1,-0.6931471824645996,-0.6931471824645996,0.5,0.5,-0.69500333070755,-0.69500333070755,0.5,0,0,"{""A"": ""position"", ""B"": ""color"", ""C"": ""size"", ""D"": ""orientation""}",/mnt/tidalfs-hssh01/dataset/xiang/models/Qwen2.5-VL-7B-Instruct,42,not_empty,next_token
A_0072,A,FINAL,AC,1,-0.825939416885376,-0.575939416885376,0.43782350420951843,0.562176525592804,-0.8274644017219543,-0.5774644017219543,0.562176525592804,1,1,"{""A"": ""position"", ""B"": ""color"", ""C"": ""size"", ""D"": ""orientation""}",/mnt/tidalfs-hssh01/dataset/xiang/models/Qwen2.5-VL-7B-Instruct,42,not_empty,next_token
A_0072,A,FINAL,AD,1,-0.8981232643127441,-0.5231232643127441,0.4073334038257599,0.5926665663719177,-0.9026461839675903,-0.5276461839675903,0.5926665663719177,1,1,"{""A"": ""position"", ""B"": ""color"", ""C"": ""size"", ""D"": ""orientation""}",/mnt/tidalfs-hssh01/dataset/xiang/models/Qwen2.5-VL-7B-Instruct,42,not_empty,next_token
A_0072,A,FINAL,BC,1,-0.7575989961624146,-0.6325989961624146,0.4687906503677368,0.531209409236908,-0.7607599496841431,-0.6357599496841431,0.531209409236908,1,1,"{""A"": ""position"", ""B"": ""color"", ""C"": ""size"", ""D"": ""orientation""}",/mnt/tidalfs-hssh01/dataset/xiang/models/Qwen2.5-VL-7B-Instruct,42,not_empty,next_token
A_0072,A,FINAL,BD,1,-0.8981232643127441,-0.5231232643127441,0.4073334038257599,0.5926665663719177,-0.9042872786521912,-0.5292872786521912,0.5926665663719177,1,1,"{""A"": ""position"", ""B"": ""color"", ""C"": ""size"", ""D"": ""orientation""}",/mnt/tidalfs-hssh01/dataset/xiang/models/Qwen2.5-VL-7B-Instruct,42,not_empty,next_token
A_0072,A,FINAL,CD,1,-0.8981232643127441,-0.5231232643127441,0.4073334038257599,0.5926665663719177,-0.9033915996551514,-0.5283915996551514,0.5926665663719177,1,1,"{""A"": ""position"", ""B"": ""color"", ""C"": ""size"", ""D"": ""orientation""}",/mnt/tidalfs-hssh01/dataset/xiang/models/Qwen2.5-VL-7B-Instruct,42,not_empty,next_token
A_0072,A,FINAL,ABC,1,-0.7575989961624146,-0.6325989961624146,0.4687906503677368,0.531209409236908,-0.7588856816291809,-0.6338856816291809,0.531209409236908,1,1,"{""A"": ""position"", ""B"": ""color"", ""C"": ""size"", ""D"": ""orientation""}",/mnt/tidalfs-hssh01/dataset/xiang/models/Qwen2.5-VL-7B-Instruct,42,not_empty,next_token
A_0072,A,FINAL,ABD,1,-0.8981232643127441,-0.5231232643127441,0.4073334038257599,0.5926665663719177,-0.8994264602661133,-0.5244264602661133,0.5926665663719177,1,1,"{""A"": ""position"", ""B"": ""color"", ""C"": ""size"", ""D"": ""orientation""}",/mnt/tidalfs-hssh01/dataset/xiang/models/Qwen2.5-VL-7B-Instruct,42,not_empty,next_token
A_0072,A,FINAL,ACD,1,-0.9740769863128662,-0.4740769863128662,0.3775406777858734,0.622459352016449,-0.9751112461090088,-0.4751112163066864,0.622459352016449,1,1,"{""A"": ""position"", ""B"": ""color"", ""C"": ""size"", ""D"": ""orientation""}",/mnt/tidalfs-hssh01/dataset/xiang/models/Qwen2.5-VL-7B-Instruct,42,not_empty,next_token
A_0072,A,FINAL,BCD,1,-0.8981232643127441,-0.5231232643127441,0.4073334038257599,0.5926665663719177,-0.9003550410270691,-0.5253550410270691,0.5926665663719177,1,1,"{""A"": ""position"", ""B"": ""color"", ""C"": ""size"", ""D"": ""orientation""}",/mnt/tidalfs-hssh01/dataset/xiang/models/Qwen2.5-VL-7B-Instruct,42,not_empty,next_token
A_0072,A,FINAL,ABCD,1,-0.9740769863128662,-0.4740769863128662,0.3775406777858734,0.622459352016449,-0.9750860929489136,-0.4750860929489136,0.622459352016449,1,1,"{""A"": ""position"", ""B"": ""color"", ""C"": ""size"", ""D"": ""orientation""}",/mnt/tidalfs-hssh01/dataset/xiang/models/Qwen2.5-VL-7B-Instruct,42,not_empty,next_token
A_0080,A,STEP1,EMPTY,1,-0.825939416885376,-0.575939416885376,0.43782350420951843,0.562176525592804,-0.8866772651672363,-0.6366772651672363,0.562176525592804,1,1,"{""A"": ""color"", ""B"": ""size"", ""C"": ""orientation"", ""D"": ""position""}",/mnt/tidalfs-hssh01/dataset/xiang/models/Qwen2.5-VL-7B-Instruct,42,text_only,next_token
A_0080,A,STEP1,A,1,-0.9740769863128662,-0.4740769863128662,0.3775406777858734,0.622459352016449,-0.9758946895599365,-0.4758947193622589,0.622459352016449,1,1,"{""A"": ""color"", ""B"": ""size"", ""C"": ""orientation"", ""D"": ""position""}",/mnt/tidalfs-hssh01/dataset/xiang/models/Qwen2.5-VL-7B-Instruct,42,not_empty,next_token
A_0080,A,STEP1,B,1,-0.8981232643127441,-0.5231232643127441,0.4073334038257599,0.5926665663719177,-0.9003609418869019,-0.5253609418869019,0.5926665663719177,1,1,"{""A"": ""color"", ""B"": ""size"", ""C"": ""orientation"", ""D"": ""position""}",/mnt/tidalfs-hssh01/dataset/xiang/models/Qwen2.5-VL-7B-Instruct,42,not_empty,next_token
A_0080,A,STEP1,C,1,-0.9740769863128662,-0.4740769863128662,0.3775406777858734,0.622459352016449,-0.981826663017273,-0.48182669281959534,0.622459352016449,1,1,"{""A"": ""color"", ""B"": ""size"", ""C"": ""orientation"", ""D"": ""position""}",/mnt/tidalfs-hssh01/dataset/xiang/models/Qwen2.5-VL-7B-Instruct,42,not_empty,next_token
A_0080,A,STEP1,D,1,-0.9740769863128662,-0.4740769863128662,0.3775406777858734,0.622459352016449,-0.9776468276977539,-0.4776468276977539,0.622459352016449,1,1,"{""A"": ""color"", ""B"": ""size"", ""C"": ""orientation"", ""D"": ""position""}",/mnt/tidalfs-hssh01/dataset/xiang/models/Qwen2.5-VL-7B-Instruct,42,not_empty,next_token
A_0080,A,STEP1,AB,1,-1.0537006855010986,-0.42870065569877625,0.3486451208591461,0.6513548493385315,-1.0539897680282593,-0.4289897680282593,0.6513548493385315,1,1,"{""A"": ""color"", ""B"": ""size"", ""C"": ""orientation"", ""D"": ""position""}",/mnt/tidalfs-hssh01/dataset/xiang/models/Qwen2.5-VL-7B-Instruct,42,not_empty,next_token
A_0080,A,STEP1,AC,1,-1.1368709802627563,-0.38687101006507874,0.3208213150501251,0.6791786551475525,-1.1373109817504883,-0.38731104135513306,0.6791786551475525,1,1,"{""A"": ""color"", ""B"": ""size"", ""C"": ""orientation"", ""D"": ""position""}",/mnt/tidalfs-hssh01/dataset/xiang/models/Qwen2.5-VL-7B-Instruct,42,not_empty,next_token
A_0080,A,STEP1,AD,1,-1.1368709802627563,-0.38687101006507874,0.3208213150501251,0.6791786551475525,-1.1374709606170654,-0.38747096061706543,0.6791786551475525,1,1,"{""A"": ""color"", ""B"": ""size"", ""C"": ""orientation"", ""D"": ""position""}",/mnt/tidalfs-hssh01/dataset/xiang/models/Qwen2.5-VL-7B-Instruct,42,not_empty,next_token
A_0080,A,STEP1,BC,1,-1.0537006855010986,-0.42870065569877625,0.3486451208591461,0.6513548493385315,-1.0549166202545166,-0.4299165606498718,0.6513548493385315,1,1,"{""A"": ""color"", ""B"": ""size"", ""C"": ""orientation"", ""D"": ""position""}",/mnt/tidalfs-hssh01/dataset/xiang/models/Qwen2.5-VL-7B-Instruct,42,not_empty,next_token
A_0080,A,STEP1,BD,1,-0.9740769863128662,-0.4740769863128662,0.3775406777858734,0.622459352016449,-0.9748591184616089,-0.4748591482639313,0.622459352016449,1,1,"{""A"": ""color"", ""B"": ""size"", ""C"": ""orientation"", ""D"": ""position""}",/mnt/tidalfs-hssh01/dataset/xiang/models/Qwen2.5-VL-7B-Instruct,42,not_empty,next_token
A_0080,A,STEP1,CD,1,-0.825939416885376,-0.575939416885376,0.43782350420951843,0.562176525592804,-0.8275344967842102,-0.5775344967842102,0.562176525592804,1,1,"{""A"": ""color"", ""B"": ""size"", ""C"": ""orientation"", ""D"": ""position""}",/mnt/tidalfs-hssh01/dataset/xiang/models/Qwen2.5-VL-7B-Instruct,42,not_empty,next_token
A_0080,A,STEP1,ABC,1,-1.1368709802627563,-0.38687101006507874,0.3208213150501251,0.6791786551475525,-1.1370599269866943,-0.38705989718437195,0.6791786551475525,1,1,"{""A"": ""color"", ""B"": ""size"", ""C"": ""orientation"", ""D"": ""position""}",/mnt/tidalfs-hssh01/dataset/xiang/models/Qwen2.5-VL-7B-Instruct,42,not_empty,next_token
A_0080,A,STEP1,ABD,1,-1.1368709802627563,-0.38687101006507874,0.3208213150501251,0.6791786551475525,-1.1370763778686523,-0.38707640767097473,0.6791786551475525,1,1,"{""A"": ""color"", ""B"": ""size"", ""C"": ""orientation"", ""D"": ""position""}",/mnt/tidalfs-hssh01/dataset/xiang/models/Qwen2.5-VL-7B-Instruct,42,not_empty,next_token
A_0080,A,STEP1,ACD,1,-1.2234445810317993,-0.3484445810317993,0.29421499371528625,0.7057850360870361,-1.2236882448196411,-0.3486882746219635,0.7057850360870361,1,1,"{""A"": ""color"", ""B"": ""size"", ""C"": ""orientation"", ""D"": ""position""}",/mnt/tidalfs-hssh01/dataset/xiang/models/Qwen2.5-VL-7B-Instruct,42,not_empty,next_token
A_0080,A,STEP1,BCD,1,-0.9740769863128662,-0.4740769863128662,0.3775406777858734,0.622459352016449,-0.9746965169906616,-0.474696546792984,0.622459352016449,1,1,"{""A"": ""color"", ""B"": ""size"", ""C"": ""orientation"", ""D"": ""position""}",/mnt/tidalfs-hssh01/dataset/xiang/models/Qwen2.5-VL-7B-Instruct,42,not_empty,next_token
A_0080,A,STEP1,ABCD,1,-1.0537006855010986,-0.42870065569877625,0.3486451208591461,0.6513548493385315,-1.0538854598999023,-0.42888543009757996,0.6513548493385315,1,1,"{""A"": ""color"", ""B"": ""size"", ""C"": ""orientation"", ""D"": ""position""}",/mnt/tidalfs-hssh01/dataset/xiang/models/Qwen2.5-VL-7B-Instruct,42,not_empty,next_token
A_0080,A,STEP2,EMPTY,1,-1.1368709802627563,-0.38687101006507874,0.3208213150501251,0.6791786551475525,-1.166052222251892,-0.4160521924495697,0.6791786551475525,1,1,"{""A"": ""color"", ""B"": ""size"", ""C"": ""orientation"", ""D"": ""position""}",/mnt/tidalfs-hssh01/dataset/xiang/models/Qwen2.5-VL-7B-Instruct,42,text_only,next_token
A_0080,A,STEP2,A,1,-1.1368709802627563,-0.38687101006507874,0.3208213150501251,0.6791786551475525,-1.1380829811096191,-0.3880830407142639,0.6791786551475525,1,1,"{""A"": ""color"", ""B"": ""size"", ""C"": ""orientation"", ""D"": ""position""}",/mnt/tidalfs-hssh01/dataset/xiang/models/Qwen2.5-VL-7B-Instruct,42,not_empty,next_token
A_0080,A,STEP2,B,1,-1.0537006855010986,-0.42870065569877625,0.3486451208591461,0.6513548493385315,-1.0553741455078125,-0.4303741157054901,0.6513548493385315,1,1,"{""A"": ""color"", ""B"": ""size"", ""C"": ""orientation"", ""D"": ""position""}",/mnt/tidalfs-hssh01/dataset/xiang/models/Qwen2.5-VL-7B-Instruct,42,not_empty,next_token
A_0080,A,STEP2,C,1,-1.1368709802627563,-0.38687101006507874,0.3208213150501251,0.6791786551475525,-1.1390414237976074,-0.3890414237976074,0.6791786551475525,1,1,"{""A"": ""color"", ""B"": ""size"", ""C"": ""orientation"", ""D"": ""position""}",/mnt/tidalfs-hssh01/dataset/xiang/models/Qwen2.5-VL-7B-Instruct,42,not_empty,next_token
A_0080,A,STEP2,D,1,-1.1368709802627563,-0.38687101006507874,0.3208213150501251,0.6791786551475525,-1.1389763355255127,-0.38897639513015747,0.6791786551475525,1,1,"{""A"": ""color"", ""B"": ""size"", ""C"": ""orientation"", ""D"": ""position""}",/mnt/tidalfs-hssh01/dataset/xiang/models/Qwen2.5-VL-7B-Instruct,42,not_empty,next_token
A_0080,A,STEP2,AB,1,-0.825939416885376,-0.575939416885376,0.43782350420951843,0.562176525592804,-0.8266257643699646,-0.5766257643699646,0.562176525592804,1,1,"{""A"": ""color"", ""B"": ""size"", ""C"": ""orientation"", ""D"": ""position""}",/mnt/tidalfs-hssh01/dataset/xiang/models/Qwen2.5-VL-7B-Instruct,42,not_empty,next_token
A_0080,A,STEP2,AC,1,-0.825939416885376,-0.575939416885376,0.43782350420951843,0.562176525592804,-0.8265881538391113,-0.5765881538391113,0.562176525592804,1,1,"{""A"": ""color"", ""B"": ""size"", ""C"": ""orientation"", ""D"": ""position""}",/mnt/tidalfs-hssh01/dataset/xiang/models/Qwen2.5-VL-7B-Instruct,42,not_empty,next_token
A_0080,A,STEP2,AD,1,-1.1368709802627563,-0.38687101006507874,0.3208213150501251,0.6791786551475525,-1.137675404548645,-0.387675404548645,0.6791786551475525,1,1,"{""A"": ""color"", ""B"": ""size"", ""C"": ""orientation"", ""D"": ""position""}",/mnt/tidalfs-hssh01/dataset/xiang/models/Qwen2.5-VL-7B-Instruct,42,not_empty,next_token
A_0080,A,STEP2,BC,1,-0.825939416885376,-0.575939416885376,0.43782350420951843,0.562176525592804,-0.8275207281112671,-0.5775207281112671,0.562176525592804,1,1,"{""A"": ""color"", ""B"": ""size"", ""C"": ""orientation"", ""D"": ""position""}",/mnt/tidalfs-hssh01/dataset/xiang/models/Qwen2.5-VL-7B-Instruct,42,not_empty,next_token
A_0080,A,STEP2,BD,1,-1.1368709802627563,-0.38687101006507874,0.3208213150501251,0.6791786551475525,-1.1380372047424316,-0.38803720474243164,0.6791786551475525,1,1,"{""A"": ""color"", ""B"": ""size"", ""C"": ""orientation"", ""D"": ""position""}",/mnt/tidalfs-hssh01/dataset/xiang/models/Qwen2.5-VL-7B-Instruct,42,not_empty,next_token
A_0080,A,STEP2,CD,1,-0.9740769863128662,-0.4740769863128662,0.3775406777858734,0.622459352016449,-0.9755614995956421,-0.4755614995956421,0.622459352016449,1,1,"{""A"": ""color"", ""B"": ""size"", ""C"": ""orientation"", ""D"": ""position""}",/mnt/tidalfs-hssh01/dataset/xiang/models/Qwen2.5-VL-7B-Instruct,42,not_empty,next_token
A_0080,A,STEP2,ABC,1,-0.6931471824645996,-0.6931471824645996,0.5,0.5,-0.6940169334411621,-0.6940169334411621,0.5,0,0,"{""A"": ""color"", ""B"": ""size"", ""C"": ""orientation"", ""D"": ""position""}",/mnt/tidalfs-hssh01/dataset/xiang/models/Qwen2.5-VL-7B-Instruct,42,not_empty,next_token
A_0080,A,STEP2,ABD,1,-0.8981232643127441,-0.5231232643127441,0.4073334038257599,0.5926665663719177,-0.8985787034034729,-0.5235787034034729,0.5926665663719177,1,1,"{""A"": ""color"", ""B"": ""size"", ""C"": ""orientation"", ""D"": ""position""}",/mnt/tidalfs-hssh01/dataset/xiang/models/Qwen2.5-VL-7B-Instruct,42,not_empty,next_token
A_0080,A,STEP2,ACD,1,-0.825939416885376,-0.575939416885376,0.43782350420951843,0.562176525592804,-0.8263127207756042,-0.5763127207756042,0.562176525592804,1,1,"{""A"": ""color"", ""B"": ""size"", ""C"": ""orientation"", ""D"": ""position""}",/mnt/tidalfs-hssh01/dataset/xiang/models/Qwen2.5-VL-7B-Instruct,42,not_empty,next_token
A_0080,A,STEP2,BCD,1,-0.825939416885376,-0.575939416885376,0.43782350420951843,0.562176525592804,-0.8268879055976868,-0.5768879055976868,0.562176525592804,1,1,"{""A"": ""color"", ""B"": ""size"", ""C"": ""orientation"", ""D"": ""position""}",/mnt/tidalfs-hssh01/dataset/xiang/models/Qwen2.5-VL-7B-Instruct,42,not_empty,next_token
A_0080,A,STEP2,ABCD,1,-0.7575989961624146,-0.6325989961624146,0.4687906503677368,0.531209409236908,-0.7581061124801636,-0.6331061124801636,0.531209409236908,1,1,"{""A"": ""color"", ""B"": ""size"", ""C"": ""orientation"", ""D"": ""position""}",/mnt/tidalfs-hssh01/dataset/xiang/models/Qwen2.5-VL-7B-Instruct,42,not_empty,next_token
A_0080,A,FINAL,EMPTY,0,-0.7575989961624146,-0.6325989961624146,0.4687906503677368,0.531209409236908,-0.9736700057983398,-0.8486700057983398,0.4687906503677368,1,0,"{""A"": ""color"", ""B"": ""size"", ""C"": ""orientation"", ""D"": ""position""}",/mnt/tidalfs-hssh01/dataset/xiang/models/Qwen2.5-VL-7B-Instruct,42,text_only,next_token
A_0080,A,FINAL,A,0,-0.8981232643127441,-0.5231232643127441,0.4073334038257599,0.5926665663719177,-0.904700517654419,-0.529700517654419,0.4073334038257599,1,0,"{""A"": ""color"", ""B"": ""size"", ""C"": ""orientation"", ""D"": ""position""}",/mnt/tidalfs-hssh01/dataset/xiang/models/Qwen2.5-VL-7B-Instruct,42,not_empty,next_token
A_0080,A,FINAL,B,0,-0.9740769863128662,-0.4740769863128662,0.3775406777858734,0.622459352016449,-0.9842839241027832,-0.4842839241027832,0.3775406777858734,1,0,"{""A"": ""color"", ""B"": ""size"", ""C"": ""orientation"", ""D"": ""position""}",/mnt/tidalfs-hssh01/dataset/xiang/models/Qwen2.5-VL-7B-Instruct,42,not_empty,next_token
A_0080,A,FINAL,C,0,-0.8981232643127441,-0.5231232643127441,0.4073334038257599,0.5926665663719177,-0.9219778776168823,-0.5469778776168823,0.4073334038257599,1,0,"{""A"": ""color"", ""B"": ""size"", ""C"": ""orientation"", ""D"": ""position""}",/mnt/tidalfs-hssh01/dataset/xiang/models/Qwen2.5-VL-7B-Instruct,42,not_empty,next_token
A_0080,A,FINAL,D,0,-0.8981232643127441,-0.5231232643127441,0.4073334038257599,0.5926665663719177,-0.914612352848053,-0.539612352848053,0.4073334038257599,1,0,"{""A"": ""color"", ""B"": ""size"", ""C"": ""orientation"", ""D"": ""position""}",/mnt/tidalfs-hssh01/dataset/xiang/models/Qwen2.5-VL-7B-Instruct,42,not_empty,next_token
A_0080,A,FINAL,AB,0,-0.825939416885376,-0.575939416885376,0.43782350420951843,0.562176525592804,-0.8267139792442322,-0.5767139792442322,0.43782350420951843,1,0,"{""A"": ""color"", ""B"": ""size"", ""C"": ""orientation"", ""D"": ""position""}",/mnt/tidalfs-hssh01/dataset/xiang/models/Qwen2.5-VL-7B-Instruct,42,not_empty,next_token
A_0080,A,FINAL,AC,0,-0.8981232643127441,-0.5231232643127441,0.4073334038257599,0.5926665663719177,-0.8995126485824585,-0.5245126485824585,0.4073334038257599,1,0,"{""A"": ""color"", ""B"": ""size"", ""C"": ""orientation"", ""D"": ""position""}",/mnt/tidalfs-hssh01/dataset/xiang/models/Qwen2.5-VL-7B-Instruct,42,not_empty,next_token
A_0080,A,FINAL,AD,0,-0.8981232643127441,-0.5231232643127441,0.4073334038257599,0.5926665663719177,-0.8994209170341492,-0.5244209170341492,0.4073334038257599,1,0,"{""A"": ""color"", ""B"": ""size"", ""C"": ""orientation"", ""D"": ""position""}",/mnt/tidalfs-hssh01/dataset/xiang/models/Qwen2.5-VL-7B-Instruct,42,not_empty,next_token
A_0080,A,FINAL,BC,0,-0.8981232643127441,-0.5231232643127441,0.4073334038257599,0.5926665663719177,-0.906234085559845,-0.531234085559845,0.4073334038257599,1,0,"{""A"": ""color"", ""B"": ""size"", ""C"": ""orientation"", ""D"": ""position""}",/mnt/tidalfs-hssh01/dataset/xiang/models/Qwen2.5-VL-7B-Instruct,42,not_empty,next_token
A_0080,A,FINAL,BD,0,-0.8981232643127441,-0.5231232643127441,0.4073334038257599,0.5926665663719177,-0.9022717475891113,-0.5272717475891113,0.4073334038257599,1,0,"{""A"": ""color"", ""B"": ""size"", ""C"": ""orientation"", ""D"": ""position""}",/mnt/tidalfs-hssh01/dataset/xiang/models/Qwen2.5-VL-7B-Instruct,42,not_empty,next_token
A_0080,A,FINAL,CD,0,-0.825939416885376,-0.575939416885376,0.43782350420951843,0.562176525592804,-0.834861695766449,-0.584861695766449,0.43782350420951843,1,0,"{""A"": ""color"", ""B"": ""size"", ""C"": ""orientation"", ""D"": ""position""}",/mnt/tidalfs-hssh01/dataset/xiang/models/Qwen2.5-VL-7B-Instruct,42,not_empty,next_token
A_0080,A,FINAL,ABC,0,-0.8981232643127441,-0.5231232643127441,0.4073334038257599,0.5926665663719177,-0.8992125988006592,-0.5242125988006592,0.4073334038257599,1,0,"{""A"": ""color"", ""B"": ""size"", ""C"": ""orientation"", ""D"": ""position""}",/mnt/tidalfs-hssh01/dataset/xiang/models/Qwen2.5-VL-7B-Instruct,42,not_empty,next_token
A_0080,A,FINAL,ABD,0,-0.8981232643127441,-0.5231232643127441,0.4073334038257599,0.5926665663719177,-0.8989078998565674,-0.5239078998565674,0.4073334038257599,1,0,"{""A"": ""color"", ""B"": ""size"", ""C"": ""orientation"", ""D"": ""position""}",/mnt/tidalfs-hssh01/dataset/xiang/models/Qwen2.5-VL-7B-Instruct,42,not_empty,next_token
A_0080,A,FINAL,ACD,0,-0.9740769863128662,-0.4740769863128662,0.3775406777858734,0.622459352016449,-0.9751920104026794,-0.47519201040267944,0.3775406777858734,1,0,"{""A"": ""color"", ""B"": ""size"", ""C"": ""orientation"", ""D"": ""position""}",/mnt/tidalfs-hssh01/dataset/xiang/models/Qwen2.5-VL-7B-Instruct,42,not_empty,next_token
A_0080,A,FINAL,BCD,0,-0.9740769863128662,-0.4740769863128662,0.3775406777858734,0.622459352016449,-0.9767332673072815,-0.4767332673072815,0.3775406777858734,1,0,"{""A"": ""color"", ""B"": ""size"", ""C"": ""orientation"", ""D"": ""position""}",/mnt/tidalfs-hssh01/dataset/xiang/models/Qwen2.5-VL-7B-Instruct,42,not_empty,next_token
A_0080,A,FINAL,ABCD,0,-0.9740769863128662,-0.4740769863128662,0.3775406777858734,0.622459352016449,-0.9753845930099487,-0.4753846228122711,0.3775406777858734,1,0,"{""A"": ""color"", ""B"": ""size"", ""C"": ""orientation"", ""D"": ""position""}",/mnt/tidalfs-hssh01/dataset/xiang/models/Qwen2.5-VL-7B-Instruct,42,not_empty,next_token
A_0088,A,STEP1,EMPTY,0,-0.825939416885376,-0.575939416885376,0.43782350420951843,0.562176525592804,-0.8866772651672363,-0.6366772651672363,0.43782350420951843,1,0,"{""A"": ""color"", ""B"": ""size"", ""C"": ""orientation"", ""D"": ""position""}",/mnt/tidalfs-hssh01/dataset/xiang/models/Qwen2.5-VL-7B-Instruct,42,text_only,next_token
A_0088,A,STEP1,A,0,-0.6325989961624146,-0.7575989961624146,0.531209409236908,0.4687906503677368,-0.6342206597328186,-0.7592206597328186,0.531209409236908,0,1,"{""A"": ""color"", ""B"": ""size"", ""C"": ""orientation"", ""D"": ""position""}",/mnt/tidalfs-hssh01/dataset/xiang/models/Qwen2.5-VL-7B-Instruct,42,not_empty,next_token
A_0088,A,STEP1,B,0,-0.8981232643127441,-0.5231232643127441,0.4073334038257599,0.5926665663719177,-0.9003609418869019,-0.5253609418869019,0.4073334038257599,1,0,"{""A"": ""color"", ""B"": ""size"", ""C"": ""orientation"", ""D"": ""position""}",/mnt/tidalfs-hssh01/dataset/xiang/models/Qwen2.5-VL-7B-Instruct,42,not_empty,next_token
A_0088,A,STEP1,C,0,-1.3132617473602295,-0.3132617473602295,0.26894140243530273,0.7310584783554077,-1.3148443698883057,-0.31484439969062805,0.26894140243530273,1,0,"{""A"": ""color"", ""B"": ""size"", ""C"": ""orientation"", ""D"": ""position""}",/mnt/tidalfs-hssh01/dataset/xiang/models/Qwen2.5-VL-7B-Instruct,42,not_empty,next_token
A_0088,A,STEP1,D,0,-0.9740769863128662,-0.4740769863128662,0.3775406777858734,0.622459352016449,-0.9776468276977539,-0.4776468276977539,0.3775406777858734,1,0,"{""A"": ""color"", ""B"": ""size"", ""C"": ""orientation"", ""D"": ""position""}",/mnt/tidalfs-hssh01/dataset/xiang/models/Qwen2.5-VL-7B-Instruct,42,not_empty,next_token
A_0088,A,STEP1,AB,0,-0.825939416885376,-0.575939416885376,0.43782350420951843,0.562176525592804,-0.8262333273887634,-0.5762333273887634,0.43782350420951843,1,0,"{""A"": ""color"", ""B"": ""size"", ""C"": ""orientation"", ""D"": ""position""}",/mnt/tidalfs-hssh01/dataset/xiang/models/Qwen2.5-VL-7B-Instruct,42,not_empty,next_token
A_0088,A,STEP1,AC,0,-0.7575989961624146,-0.6325989961624146,0.4687906503677368,0.531209409236908,-0.7579666376113892,-0.6329666376113892,0.4687906503677368,1,0,"{""A"": ""color"", ""B"": ""size"", ""C"": ""orientation"", ""D"": ""position""}",/mnt/tidalfs-hssh01/dataset/xiang/models/Qwen2.5-VL-7B-Instruct,42,not_empty,next_token
A_0088,A,STEP1,AD,0,-0.825939416885376,-0.575939416885376,0.43782350420951843,0.562176525592804,-0.826427698135376,-0.576427698135376,0.43782350420951843,1,0,"{""A"": ""color"", ""B"": ""size"", ""C"": ""orientation"", ""D"": ""position""}",/mnt/tidalfs-hssh01/dataset/xiang/models/Qwen2.5-VL-7B-Instruct,42,not_empty,next_token
A_0088,A,STEP1,BC,0,-0.9740769863128662,-0.4740769863128662,0.3775406777858734,0.622459352016449,-0.9748984575271606,-0.47489845752716064,0.3775406777858734,1,0,"{""A"": ""color"", ""B"": ""size"", ""C"": ""orientation"", ""D"": ""position""}",/mnt/tidalfs-hssh01/dataset/xiang/models/Qwen2.5-VL-7B-Instruct,42,not_empty,next_token
A_0088,A,STEP1,BD,0,-0.9740769863128662,-0.4740769863128662,0.3775406777858734,0.622459352016449,-0.9748591184616089,-0.4748591482639313,0.3775406777858734,1,0,"{""A"": ""color"", ""B"": ""size"", ""C"": ""orientation"", ""D"": ""position""}",/mnt/tidalfs-hssh01/dataset/xiang/models/Qwen2.5-VL-7B-Instruct,42,not_empty,next_token
A_0088,A,STEP1,CD,0,-1.4061501026153564,-0.28115010261535645,0.24508503079414368,0.7549149990081787,-1.4069337844848633,-0.2819337248802185,0.24508503079414368,1,0,"{""A"": ""color"", ""B"": ""size"", ""C"": ""orientation"", ""D"": ""position""}",/mnt/tidalfs-hssh01/dataset/xiang/models/Qwen2.5-VL-7B-Instruct,42,not_empty,next_token
A_0088,A,STEP1,ABC,0,-0.8981232643127441,-0.5231232643127441,0.4073334038257599,0.5926665663719177,-0.8983148336410522,-0.5233148336410522,0.4073334038257599,1,0,"{""A"": ""color"", ""B"": ""size"", ""C"": ""orientation"", ""D"": ""position""}",/mnt/tidalfs-hssh01/dataset/xiang/models/Qwen2.5-VL-7B-Instruct,42,not_empty,next_token
A_0088,A,STEP1,ABD,0,-0.8981232643127441,-0.5231232643127441,0.4073334038257599,0.5926665663719177,-0.8983500003814697,-0.5233500003814697,0.4073334038257599,1,0,"{""A"": ""color"", ""B"": ""size"", ""C"": ""orientation"", ""D"": ""position""}",/mnt/tidalfs-hssh01/dataset/xiang/models/Qwen2.5-VL-7B-Instruct,42,not_empty,next_token
A_0088,A,STEP1,ACD,0,-0.8981232643127441,-0.5231232643127441,0.4073334038257599,0.5926665663719177,-0.8984177112579346,-0.5234177112579346,0.4073334038257599,1,0,"{""A"": ""color"", ""B"": ""size"", ""C"": ""orientation"", ""D"": ""position""}",/mnt/tidalfs-hssh01/dataset/xiang/models/Qwen2.5-VL-7B-Instruct,42,not_empty,next_token
A_0088,A,STEP1,BCD,0,-0.8981232643127441,-0.5231232643127441,0.4073334038257599,0.5926665663719177,-0.898856520652771,-0.523856520652771,0.4073334038257599,1,0,"{""A"": ""color"", ""B"": ""size"", ""C"": ""orientation"", ""D"": ""position""}",/mnt/tidalfs-hssh01/dataset/xiang/models/Qwen2.5-VL-7B-Instruct,42,not_empty,next_token
A_0088,A,STEP1,ABCD,0,-0.8981232643127441,-0.5231232643127441,0.4073334038257599,0.5926665663719177,-0.8983361721038818,-0.5233361721038818,0.4073334038257599,1,0,"{""A"": ""color"", ""B"": ""size"", ""C"": ""orientation"", ""D"": ""position""}",/mnt/tidalfs-hssh01/dataset/xiang/models/Qwen2.5-VL-7B-Instruct,42,not_empty,next_token
A_0088,A,STEP2,EMPTY,0,-1.1368709802627563,-0.38687101006507874,0.3208213150501251,0.6791786551475525,-1.166052222251892,-0.4160521924495697,0.3208213150501251,1,0,"{""A"": ""color"", ""B"": ""size"", ""C"": ""orientation"", ""D"": ""position""}",/mnt/tidalfs-hssh01/dataset/xiang/models/Qwen2.5-VL-7B-Instruct,42,text_only,next_token
A_0088,A,STEP2,A,0,-1.1368709802627563,-0.38687101006507874,0.3208213150501251,0.6791786551475525,-1.138103723526001,-0.38810375332832336,0.3208213150501251,1,0,"{""A"": ""color"", ""B"": ""size"", ""C"": ""orientation"", ""D"": ""position""}",/mnt/tidalfs-hssh01/dataset/xiang/models/Qwen2.5-VL-7B-Instruct,42,not_empty,next_token
A_0088,A,STEP2,B,0,-1.0537006855010986,-0.42870065569877625,0.3486451208591461,0.6513548493385315,-1.0553741455078125,-0.4303741157054901,0.3486451208591461,1,0,"{""A"": ""color"", ""B"": ""size"", ""C"": ""orientation"", ""D"": ""position""}",/mnt/tidalfs-hssh01/dataset/xiang/models/Qwen2.5-VL-7B-Instruct,42,not_empty,next_token
A_0088,A,STEP2,C,0,-1.7014133930206299,-0.2014133334159851,0.18242549896240234,0.8175744414329529,-1.7026395797729492,-0.20263953506946564,0.18242549896240234,1,0,"{""A"": ""color"", ""B"": ""size"", ""C"": ""orientation"", ""D"": ""position""}",/mnt/tidalfs-hssh01/dataset/xiang/models/Qwen2.5-VL-7B-Instruct,42,not_empty,next_token
A_0088,A,STEP2,D,0,-1.1368709802627563,-0.38687101006507874,0.3208213150501251,0.6791786551475525,-1.1389763355255127,-0.38897639513015747,0.3208213150501251,1,0,"{""A"": ""color"", ""B"": ""size"", ""C"": ""orientation"", ""D"": ""position""}",/mnt/tidalfs-hssh01/dataset/xiang/models/Qwen2.5-VL-7B-Instruct,42,not_empty,next_token
A_0088,A,STEP2,AB,0,-0.825939416885376,-0.575939416885376,0.43782350420951843,0.562176525592804,-0.8268575072288513,-0.5768575072288513,0.43782350420951843,1,0,"{""A"": ""color"", ""B"": ""size"", ""C"": ""orientation"", ""D"": ""position""}",/mnt/tidalfs-hssh01/dataset/xiang/models/Qwen2.5-VL-7B-Instruct,42,not_empty,next_token
A_0088,A,STEP2,AC,0,-1.1368709802627563,-0.38687101006507874,0.3208213150501251,0.6791786551475525,-1.1372787952423096,-0.38727882504463196,0.3208213150501251,1,0,"{""A"": ""color"", ""B"": ""size"", ""C"": ""orientation"", ""D"": ""position""}",/mnt/tidalfs-hssh01/dataset/xiang/models/Qwen2.5-VL-7B-Instruct,42,not_empty,next_token
A_0088,A,STEP2,AD,0,-1.0537006855010986,-0.42870065569877625,0.3486451208591461,0.6513548493385315,-1.054436445236206,-0.42943641543388367,0.3486451208591461,1,0,"{""A"": ""color"", ""B"": ""size"", ""C"": ""orientation"", ""D"": ""position""}",/mnt/tidalfs-hssh01/dataset/xiang/models/Qwen2.5-VL-7B-Instruct,42,not_empty,next_token
A_0088,A,STEP2,BC,0,-1.1368709802627563,-0.38687101006507874,0.3208213150501251,0.6791786551475525,-1.1380695104599,-0.3880695402622223,0.3208213150501251,1,0,"{""A"": ""color"", ""B"": ""size"", ""C"": ""orientation"", ""D"": ""position""}",/mnt/tidalfs-hssh01/dataset/xiang/models/Qwen2.5-VL-7B-Instruct,42,not_empty,next_token
A_0088,A,STEP2,BD,0,-1.1368709802627563,-0.38687101006507874,0.3208213150501251,0.6791786551475525,-1.1380372047424316,-0.38803720474243164,0.3208213150501251,1,0,"{""A"": ""color"", ""B"": ""size"", ""C"": ""orientation"", ""D"": ""position""}",/mnt/tidalfs-hssh01/dataset/xiang/models/Qwen2.5-VL-7B-Instruct,42,not_empty,next_token
A_0088,A,STEP2,CD,0,-1.5019290447235107,-0.25192904472351074,0.22270016372203827,0.7772998809814453,-1.502645492553711,-0.25264543294906616,0.22270016372203827,1,0,"{""A"": ""color"", ""B"": ""size"", ""C"": ""orientation"", ""D"": ""position""}",/mnt/tidalfs-hssh01/dataset/xiang/models/Qwen2.5-VL-7B-Instruct,42,not_empty,next_token
A_0088,A,STEP2,ABC,0,-0.9740769863128662,-0.4740769863128662,0.3775406777858734,0.622459352016449,-0.9746232032775879,-0.4746232032775879,0.3775406777858734,1,0,"{""A"": ""color"", ""B"": ""size"", ""C"": ""orientation"", ""D"": ""position""}",/mnt/tidalfs-hssh01/dataset/xiang/models/Qwen2.5-VL-7B-Instruct,42,not_empty,next_token
A_0088,A,STEP2,ABD,0,-0.8981232643127441,-0.5231232643127441,0.4073334038257599,0.5926665663719177,-0.8985775709152222,-0.5235775709152222,0.4073334038257599,1,0,"{""A"": ""color"", ""B"": ""size"", ""C"": ""orientation"", ""D"": ""position""}",/mnt/tidalfs-hssh01/dataset/xiang/models/Qwen2.5-VL-7B-Instruct,42,not_empty,next_token
A_0088,A,STEP2,ACD,0,-1.1368709802627563,-0.38687101006507874,0.3208213150501251,0.6791786551475525,-1.1371442079544067,-0.3871442377567291,0.3208213150501251,1,0,"{""A"": ""color"", ""B"": ""size"", ""C"": ""orientation"", ""D"": ""position""}",/mnt/tidalfs-hssh01/dataset/xiang/models/Qwen2.5-VL-7B-Instruct,42,not_empty,next_token
A_0088,A,STEP2,BCD,0,-1.0537006855010986,-0.42870065569877625,0.3486451208591461,0.6513548493385315,-1.0547046661376953,-0.4297046661376953,0.3486451208591461,1,0,"{""A"": ""color"", ""B"": ""size"", ""C"": ""orientation"", ""D"": ""position""}",/mnt/tidalfs-hssh01/dataset/xiang/models/Qwen2.5-VL-7B-Instruct,42,not_empty,next_token
A_0088,A,STEP2,ABCD,0,-1.0537006855010986,-0.42870065569877625,0.3486451208591461,0.6513548493385315,-1.0541847944259644,-0.42918482422828674,0.3486451208591461,1,0,"{""A"": ""color"", ""B"": ""size"", ""C"": ""orientation"", ""D"": ""position""}",/mnt/tidalfs-hssh01/dataset/xiang/models/Qwen2.5-VL-7B-Instruct,42,not_empty,next_token
A_0088,A,FINAL,EMPTY,0,-0.7575989961624146,-0.6325989961624146,0.4687906503677368,0.531209409236908,-0.9736700057983398,-0.8486700057983398,0.4687906503677368,1,0,"{""A"": ""color"", ""B"": ""size"", ""C"": ""orientation"", ""D"": ""position""}",/mnt/tidalfs-hssh01/dataset/xiang/models/Qwen2.5-VL-7B-Instruct,42,text_only,next_token
A_0088,A,FINAL,A,0,-0.825939416885376,-0.575939416885376,0.43782350420951843,0.562176525592804,-0.8319355845451355,-0.5819355845451355,0.43782350420951843,1,0,"{""A"": ""color"", ""B"": ""size"", ""C"": ""orientation"", ""D"": ""position""}",/mnt/tidalfs-hssh01/dataset/xiang/models/Qwen2.5-VL-7B-Instruct,42,not_empty,next_token
A_0088,A,FINAL,B,0,-0.9740769863128662,-0.4740769863128662,0.3775406777858734,0.622459352016449,-0.9842839241027832,-0.4842839241027832,0.3775406777858734,1,0,"{""A"": ""color"", ""B"": ""size"", ""C"": ""orientation"", ""D"": ""position""}",/mnt/tidalfs-hssh01/dataset/xiang/models/Qwen2.5-VL-7B-Instruct,42,not_empty,next_token
A_0088,A,FINAL,C,0,-1.0537006855010986,-0.42870065569877625,0.3486451208591461,0.6513548493385315,-1.0634181499481201,-0.4384181499481201,0.3486451208591461,1,0,"{""A"": ""color"", ""B"": ""size"", ""C"": ""orientation"", ""D"": ""position""}",/mnt/tidalfs-hssh01/dataset/xiang/models/Qwen2.5-VL-7B-Instruct,42,not_empty,next_token
A_0088,A,FINAL,D,0,-0.8981232643127441,-0.5231232643127441,0.4073334038257599,0.5926665663719177,-0.914612352848053,-0.539612352848053,0.4073334038257599,1,0,"{""A"": ""color"", ""B"": ""size"", ""C"": ""orientation"", ""D"": ""position""}",/mnt/tidalfs-hssh01/dataset/xiang/models/Qwen2.5-VL-7B-Instruct,42,not_empty,next_token
A_0088,A,FINAL,AB,0,-0.7575989961624146,-0.6325989961624146,0.4687906503677368,0.531209409236908,-0.7583557367324829,-0.6333557367324829,0.4687906503677368,1,0,"{""A"": ""color"", ""B"": ""size"", ""C"": ""orientation"", ""D"": ""position""}",/mnt/tidalfs-hssh01/dataset/xiang/models/Qwen2.5-VL-7B-Instruct,42,not_empty,next_token
A_0088,A,FINAL,AC,0,-0.8981232643127441,-0.5231232643127441,0.4073334038257599,0.5926665663719177,-0.8991785645484924,-0.5241785645484924,0.4073334038257599,1,0,"{""A"": ""color"", ""B"": ""size"", ""C"": ""orientation"", ""D"": ""position""}",/mnt/tidalfs-hssh01/dataset/xiang/models/Qwen2.5-VL-7B-Instruct,42,not_empty,next_token
A_0088,A,FINAL,AD,0,-0.8981232643127441,-0.5231232643127441,0.4073334038257599,0.5926665663719177,-0.9000160694122314,-0.5250160694122314,0.4073334038257599,1,0,"{""A"": ""color"", ""B"": ""size"", ""C"": ""orientation"", ""D"": ""position""}",/mnt/tidalfs-hssh01/dataset/xiang/models/Qwen2.5-VL-7B-Instruct,42,not_empty,next_token
A_0088,A,FINAL,BC,0,-0.825939416885376,-0.575939416885376,0.43782350420951843,0.562176525592804,-0.8326082229614258,-0.5826082229614258,0.43782350420951843,1,0,"{""A"": ""color"", ""B"": ""size"", ""C"": ""orientation"", ""D"": ""position""}",/mnt/tidalfs-hssh01/dataset/xiang/models/Qwen2.5-VL-7B-Instruct,42,not_empty,next_token
A_0088,A,FINAL,BD,0,-0.8981232643127441,-0.5231232643127441,0.4073334038257599,0.5926665663719177,-0.9022717475891113,-0.5272717475891113,0.4073334038257599,1,0,"{""A"": ""color"", ""B"": ""size"", ""C"": ""orientation"", ""D"": ""position""}",/mnt/tidalfs-hssh01/dataset/xiang/models/Qwen2.5-VL-7B-Instruct,42,not_empty,next_token
A_0088,A,FINAL,CD,0,-0.8981232643127441,-0.5231232643127441,0.4073334038257599,0.5926665663719177,-0.905521035194397,-0.530521035194397,0.4073334038257599,1,0,"{""A"": ""color"", ""B"": ""size"", ""C"": ""orientation"", ""D"": ""position""}",/mnt/tidalfs-hssh01/dataset/xiang/models/Qwen2.5-VL-7B-Instruct,42,not_empty,next_token
A_0088,A,FINAL,ABC,0,-0.825939416885376,-0.575939416885376,0.43782350420951843,0.562176525592804,-0.8271662592887878,-0.5771662592887878,0.43782350420951843,1,0,"{""A"": ""color"", ""B"": ""size"", ""C"": ""orientation"", ""D"": ""position""}",/mnt/tidalfs-hssh01/dataset/xiang/models/Qwen2.5-VL-7B-Instruct,42,not_empty,next_token
A_0088,A,FINAL,ABD,0,-0.8981232643127441,-0.5231232643127441,0.4073334038257599,0.5926665663719177,-0.8988885283470154,-0.5238885283470154,0.4073334038257599,1,0,"{""A"": ""color"", ""B"": ""size"", ""C"": ""orientation"", ""D"": ""position""}",/mnt/tidalfs-hssh01/dataset/xiang/models/Qwen2.5-VL-7B-Instruct,42,not_empty,next_token
A_0088,A,FINAL,ACD,0,-0.9740769863128662,-0.4740769863128662,0.3775406777858734,0.622459352016449,-0.9749072790145874,-0.4749072790145874,0.3775406777858734,1,0,"{""A"": ""color"", ""B"": ""size"", ""C"": ""orientation"", ""D"": ""position""}",/mnt/tidalfs-hssh01/dataset/xiang/models/Qwen2.5-VL-7B-Instruct,42,not_empty,next_token
A_0088,A,FINAL,BCD,0,-0.8981232643127441,-0.5231232643127441,0.4073334038257599,0.5926665663719177,-0.9015337228775024,-0.5265337228775024,0.4073334038257599,1,0,"{""A"": ""color"", ""B"": ""size"", ""C"": ""orientation"", ""D"": ""position""}",/mnt/tidalfs-hssh01/dataset/xiang/models/Qwen2.5-VL-7B-Instruct,42,not_empty,next_token
A_0088,A,FINAL,ABCD,0,-0.9740769863128662,-0.4740769863128662,0.3775406777858734,0.622459352016449,-0.9751529693603516,-0.4751529395580292,0.3775406777858734,1,0,"{""A"": ""color"", ""B"": ""size"", ""C"": ""orientation"", ""D"": ""position""}",/mnt/tidalfs-hssh01/dataset/xiang/models/Qwen2.5-VL-7B-Instruct,42,not_empty,next_token
A_0096,A,STEP1,EMPTY,1,-0.6931471824645996,-0.6931471824645996,0.5,0.5,-0.819155216217041,-0.819155216217041,0.5,0,0,"{""A"": ""size"", ""B"": ""orientation"", ""C"": ""position"", ""D"": ""color""}",/mnt/tidalfs-hssh01/dataset/xiang/models/Qwen2.5-VL-7B-Instruct,42,text_only,next_token
A_0096,A,STEP1,A,1,-0.8981232643127441,-0.5231232643127441,0.4073334038257599,0.5926665663719177,-0.9000336527824402,-0.5250336527824402,0.5926665663719177,1,1,"{""A"": ""size"", ""B"": ""orientation"", ""C"": ""position"", ""D"": ""color""}",/mnt/tidalfs-hssh01/dataset/xiang/models/Qwen2.5-VL-7B-Instruct,42,not_empty,next_token
A_0096,A,STEP1,B,1,-1.4061501026153564,-0.28115010261535645,0.24508503079414368,0.7549149990081787,-1.408461093902588,-0.28346115350723267,0.7549149990081787,1,1,"{""A"": ""size"", ""B"": ""orientation"", ""C"": ""position"", ""D"": ""color""}",/mnt/tidalfs-hssh01/dataset/xiang/models/Qwen2.5-VL-7B-Instruct,42,not_empty,next_token
A_0096,A,STEP1,C,1,-0.6325989961624146,-0.7575989961624146,0.531209409236908,0.4687906503677368,-0.6354181170463562,-0.7604181170463562,0.4687906503677368,0,0,"{""A"": ""size"", ""B"": ""orientation"", ""C"": ""position"", ""D"": ""color""}",/mnt/tidalfs-hssh01/dataset/xiang/models/Qwen2.5-VL-7B-Instruct,42,not_empty,next_token
A_0096,A,STEP1,D,1,-0.825939416885376,-0.575939416885376,0.43782350420951843,0.562176525592804,-0.8284756541252136,-0.5784756541252136,0.562176525592804,1,1,"{""A"": ""size"", ""B"": ""orientation"", ""C"": ""position"", ""D"": ""color""}",/mnt/tidalfs-hssh01/dataset/xiang/models/Qwen2.5-VL-7B-Instruct,42,not_empty,next_token
A_0096,A,STEP1,AB,1,-0.8981232643127441,-0.5231232643127441,0.4073334038257599,0.5926665663719177,-0.8988406658172607,-0.5238406658172607,0.5926665663719177,1,1,"{""A"": ""size"", ""B"": ""orientation"", ""C"": ""position"", ""D"": ""color""}",/mnt/tidalfs-hssh01/dataset/xiang/models/Qwen2.5-VL-7B-Instruct,42,not_empty,next_token
A_0096,A,STEP1,AC,1,-0.7575989961624146,-0.6325989961624146,0.4687906503677368,0.531209409236908,-0.7581598162651062,-0.6331598162651062,0.531209409236908,1,1,"{""A"": ""size"", ""B"": ""orientation"", ""C"": ""position"", ""D"": ""color""}",/mnt/tidalfs-hssh01/dataset/xiang/models/Qwen2.5-VL-7B-Instruct,42,not_empty,next_token
A_0096,A,STEP1,AD,1,-0.825939416885376,-0.575939416885376,0.43782350420951843,0.562176525592804,-0.8267261981964111,-0.5767261981964111,0.562176525592804,1,1,"{""A"": ""size"", ""B"": ""orientation"", ""C"": ""position"", ""D"": ""color""}",/mnt/tidalfs-hssh01/dataset/xiang/models/Qwen2.5-VL-7B-Instruct,42,not_empty,next_token
A_0096,A,STEP1,BC,1,-1.7014133930206299,-0.2014133334159851,0.18242549896240234,0.8175744414329529,-1.70206880569458,-0.20206885039806366,0.8175744414329529,1,1,"{""A"": ""size"", ""B"": ""orientation"", ""C"": ""position"", ""D"": ""color""}",/mnt/tidalfs-hssh01/dataset/xiang/models/Qwen2.5-VL-7B-Instruct,42,not_empty,next_token
A_0096,A,STEP1,BD,1,-1.5019290447235107,-0.25192904472351074,0.22270016372203827,0.7772998809814453,-1.5025379657745361,-0.2525380253791809,0.7772998809814453,1,1,"{""A"": ""size"", ""B"": ""orientation"", ""C"": ""position"", ""D"": ""color""}",/mnt/tidalfs-hssh01/dataset/xiang/models/Qwen2.5-VL-7B-Instruct,42,not_empty,next_token
A_0096,A,STEP1,CD,1,-0.6931471824645996,-0.6931471824645996,0.5,0.5,-0.6938310861587524,-0.6938310861587524,0.5,0,0,"{""A"": ""size"", ""B"": ""orientation"", ""C"": ""position"", ""D"": ""color""}",/mnt/tidalfs-hssh01/dataset/xiang/models/Qwen2.5-VL-7B-Instruct,42,not_empty,next_token
A_0096,A,STEP1,ABC,1,-0.9740769863128662,-0.4740769863128662,0.3775406777858734,0.622459352016449,-0.9744132161140442,-0.4744132161140442,0.622459352016449,1,1,"{""A"": ""size"", ""B"": ""orientation"", ""C"": ""position"", ""D"": ""color""}",/mnt/tidalfs-hssh01/dataset/xiang/models/Qwen2.5-VL-7B-Instruct,42,not_empty,next_token
A_0096,A,STEP1,ABD,1,-0.825939416885376,-0.575939416885376,0.43782350420951843,0.562176525592804,-0.8263271450996399,-0.5763271450996399,0.562176525592804,1,1,"{""A"": ""size"", ""B"": ""orientation"", ""C"": ""position"", ""D"": ""color""}",/mnt/tidalfs-hssh01/dataset/xiang/models/Qwen2.5-VL-7B-Instruct,42,not_empty,next_token
A_0096,A,STEP1,ACD,1,-0.825939416885376,-0.575939416885376,0.43782350420951843,0.562176525592804,-0.8261727690696716,-0.5761727690696716,0.562176525592804,1,1,"{""A"": ""size"", ""B"": ""orientation"", ""C"": ""position"", ""D"": ""color""}",/mnt/tidalfs-hssh01/dataset/xiang/models/Qwen2.5-VL-7B-Instruct,42,not_empty,next_token
A_0096,A,STEP1,BCD,1,-1.6004126071929932,-0.22541262209415436,0.2018132209777832,0.7981867790222168,-1.6007111072540283,-0.22571107745170593,0.7981867790222168,1,1,"{""A"": ""size"", ""B"": ""orientation"", ""C"": ""position"", ""D"": ""color""}",/mnt/tidalfs-hssh01/dataset/xiang/models/Qwen2.5-VL-7B-Instruct,42,not_empty,next_token
A_0096,A,STEP1,ABCD,1,-0.9740769863128662,-0.4740769863128662,0.3775406777858734,0.622459352016449,-0.9743196964263916,-0.4743196964263916,0.622459352016449,1,1,"{""A"": ""size"", ""B"": ""orientation"", ""C"": ""position"", ""D"": ""color""}",/mnt/tidalfs-hssh01/dataset/xiang/models/Qwen2.5-VL-7B-Instruct,42,not_empty,next_token
A_0096,A,STEP2,EMPTY,0,-1.2234445810317993,-0.3484445810317993,0.29421499371528625,0.7057850360870361,-1.2687973976135254,-0.393797367811203,0.29421499371528625,1,0,"{""A"": ""size"", ""B"": ""orientation"", ""C"": ""position"", ""D"": ""color""}",/mnt/tidalfs-hssh01/dataset/xiang/models/Qwen2.5-VL-7B-Instruct,42,text_only,next_token
A_0096,A,STEP2,A,0,-1.1368709802627563,-0.38687101006507874,0.3208213150501251,0.6791786551475525,-1.137786865234375,-0.387786865234375,0.3208213150501251,1,0,"{""A"": ""size"", ""B"": ""orientation"", ""C"": ""position"", ""D"": ""color""}",/mnt/tidalfs-hssh01/dataset/xiang/models/Qwen2.5-VL-7B-Instruct,42,not_empty,next_token
A_0096,A,STEP2,B,0,-0.9740769863128662,-0.4740769863128662,0.3775406777858734,0.622459352016449,-0.9773802757263184,-0.47738030552864075,0.3775406777858734,1,0,"{""A"": ""size"", ""B"": ""orientation"", ""C"": ""position"", ""D"": ""color""}",/mnt/tidalfs-hssh01/dataset/xiang/models/Qwen2.5-VL-7B-Instruct,42,not_empty,next_token
A_0096,A,STEP2,C,0,-0.825939416885376,-0.575939416885376,0.43782350420951843,0.562176525592804,-0.8279662728309631,-0.5779662728309631,0.43782350420951843,1,0,"{""A"": ""size"", ""B"": ""orientation"", ""C"": ""position"", ""D"": ""color""}",/mnt/tidalfs-hssh01/dataset/xiang/models/Qwen2.5-VL-7B-Instruct,42,not_empty,next_token
A_0096,A,STEP2,D,0,-0.9740769863128662,-0.4740769863128662,0.3775406777858734,0.622459352016449,-0.9760007858276367,-0.4760007858276367,0.3775406777858734,1,0,"{""A"": ""size"", ""B"": ""orientation"", ""C"": ""position"", ""D"": ""color""}",/mnt/tidalfs-hssh01/dataset/xiang/models/Qwen2.5-VL-7B-Instruct,42,not_empty,next_token
A_0096,A,STEP2,AB,0,-0.825939416885376,-0.575939416885376,0.43782350420951843,0.562176525592804,-0.8274083137512207,-0.5774083137512207,0.43782350420951843,1,0,"{""A"": ""size"", ""B"": ""orientation"", ""C"": ""position"", ""D"": ""color""}",/mnt/tidalfs-hssh01/dataset/xiang/models/Qwen2.5-VL-7B-Instruct,42,not_empty,next_token
A_0096,A,STEP2,AC,0,-1.4061501026153564,-0.28115010261535645,0.24508503079414368,0.7549149990081787,-1.4065072536468506,-0.28150731325149536,0.24508503079414368,1,0,"{""A"": ""size"", ""B"": ""orientation"", ""C"": ""position"", ""D"": ""color""}",/mnt/tidalfs-hssh01/dataset/xiang/models/Qwen2.5-VL-7B-Instruct,42,not_empty,next_token
A_0096,A,STEP2,AD,0,-1.0537006855010986,-0.42870065569877625,0.3486451208591461,0.6513548493385315,-1.0546340942382812,-0.42963409423828125,0.3486451208591461,1,0,"{""A"": ""size"", ""B"": ""orientation"", ""C"": ""position"", ""D"": ""color""}",/mnt/tidalfs-hssh01/dataset/xiang/models/Qwen2.5-VL-7B-Instruct,42,not_empty,next_token
A_0096,A,STEP2,BC,0,-0.8981232643127441,-0.5231232643127441,0.4073334038257599,0.5926665663719177,-0.8998246192932129,-0.5248246192932129,0.4073334038257599,1,0,"{""A"": ""size"", ""B"": ""orientation"", ""C"": ""position"", ""D"": ""color""}",/mnt/tidalfs-hssh01/dataset/xiang/models/Qwen2.5-VL-7B-Instruct,42,not_empty,next_token
A_0096,A,STEP2,BD,0,-0.9740769863128662,-0.4740769863128662,0.3775406777858734,0.622459352016449,-0.9757431745529175,-0.4757431745529175,0.3775406777858734,1,0,"{""A"": ""size"", ""B"": ""orientation"", ""C"": ""position"", ""D"": ""color""}",/mnt/tidalfs-hssh01/dataset/xiang/models/Qwen2.5-VL-7B-Instruct,42,not_empty,next_token
A_0096,A,STEP2,CD,0,-0.825939416885376,-0.575939416885376,0.43782350420951843,0.562176525592804,-0.8264979720115662,-0.5764979720115662,0.43782350420951843,1,0,"{""A"": ""size"", ""B"": ""orientation"", ""C"": ""position"", ""D"": ""color""}",/mnt/tidalfs-hssh01/dataset/xiang/models/Qwen2.5-VL-7B-Instruct,42,not_empty,next_token
A_0096,A,STEP2,ABC,0,-1.0537006855010986,-0.42870065569877625,0.3486451208591461,0.6513548493385315,-1.0545928478240967,-0.4295928180217743,0.3486451208591461,1,0,"{""A"": ""size"", ""B"": ""orientation"", ""C"": ""position"", ""D"": ""color""}",/mnt/tidalfs-hssh01/dataset/xiang/models/Qwen2.5-VL-7B-Instruct,42,not_empty,next_token
A_0096,A,STEP2,ABD,0,-0.9740769863128662,-0.4740769863128662,0.3775406777858734,0.622459352016449,-0.9748314023017883,-0.47483140230178833,0.3775406777858734,1,0,"{""A"": ""size"", ""B"": ""orientation"", ""C"": ""position"", ""D"": ""color""}",/mnt/tidalfs-hssh01/dataset/xiang/models/Qwen2.5-VL-7B-Instruct,42,not_empty,next_token
A_0096,A,STEP2,ACD,0,-1.2234445810317993,-0.3484445810317993,0.29421499371528625,0.7057850360870361,-1.223748803138733,-0.3487488329410553,0.29421499371528625,1,0,"{""A"": ""size"", ""B"": ""orientation"", ""C"": ""position"", ""D"": ""color""}",/mnt/tidalfs-hssh01/dataset/xiang/models/Qwen2.5-VL-7B-Instruct,42,not_empty,next_token
A_0096,A,STEP2,BCD,0,-0.8981232643127441,-0.5231232643127441,0.4073334038257599,0.5926665663719177,-0.8991122841835022,-0.5241122841835022,0.4073334038257599,1,0,"{""A"": ""size"", ""B"": ""orientation"", ""C"": ""position"", ""D"": ""color""}",/mnt/tidalfs-hssh01/dataset/xiang/models/Qwen2.5-VL-7B-Instruct,42,not_empty,next_token
A_0096,A,STEP2,ABCD,0,-1.0537006855010986,-0.42870065569877625,0.3486451208591461,0.6513548493385315,-1.0544415712356567,-0.4294416010379791,0.3486451208591461,1,0,"{""A"": ""size"", ""B"": ""orientation"", ""C"": ""position"", ""D"": ""color""}",/mnt/tidalfs-hssh01/dataset/xiang/models/Qwen2.5-VL-7B-Instruct,42,not_empty,next_token
A_0096,A,FINAL,EMPTY,1,-0.7575989961624146,-0.6325989961624146,0.4687906503677368,0.531209409236908,-1.0674777030944824,-0.9424777030944824,0.531209409236908,1,1,"{""A"": ""size"", ""B"": ""orientation"", ""C"": ""position"", ""D"": ""color""}",/mnt/tidalfs-hssh01/dataset/xiang/models/Qwen2.5-VL-7B-Instruct,42,text_only,next_token
A_0096,A,FINAL,A,1,-0.8981232643127441,-0.5231232643127441,0.4073334038257599,0.5926665663719177,-0.9146147966384888,-0.5396147966384888,0.5926665663719177,1,1,"{""A"": ""size"", ""B"": ""orientation"", ""C"": ""position"", ""D"": ""color""}",/mnt/tidalfs-hssh01/dataset/xiang/models/Qwen2.5-VL-7B-Instruct,42,not_empty,next_token
A_0096,A,FINAL,B,1,-0.9740769863128662,-0.4740769863128662,0.3775406777858734,0.622459352016449,-1.0059685707092285,-0.5059685707092285,0.622459352016449,1,1,"{""A"": ""size"", ""B"": ""orientation"", ""C"": ""position"", ""D"": ""color""}",/mnt/tidalfs-hssh01/dataset/xiang/models/Qwen2.5-VL-7B-Instruct,42,not_empty,next_token
A_0096,A,FINAL,C,1,-0.7575989961624146,-0.6325989961624146,0.4687906503677368,0.531209409236908,-0.7881191968917847,-0.6631191968917847,0.531209409236908,1,1,"{""A"": ""size"", ""B"": ""orientation"", ""C"": ""position"", ""D"": ""color""}",/mnt/tidalfs-hssh01/dataset/xiang/models/Qwen2.5-VL-7B-Instruct,42,not_empty,next_token
A_0096,A,FINAL,D,1,-0.825939416885376,-0.575939416885376,0.43782350420951843,0.562176525592804,-0.8437479138374329,-0.5937479138374329,0.562176525592804,1,1,"{""A"": ""size"", ""B"": ""orientation"", ""C"": ""position"", ""D"": ""color""}",/mnt/tidalfs-hssh01/dataset/xiang/models/Qwen2.5-VL-7B-Instruct,42,not_empty,next_token
A_0096,A,FINAL,AB,1,-0.7575989961624146,-0.6325989961624146,0.4687906503677368,0.531209409236908,-0.7627891302108765,-0.6377891302108765,0.531209409236908,1,1,"{""A"": ""size"", ""B"": ""orientation"", ""C"": ""position"", ""D"": ""color""}",/mnt/tidalfs-hssh01/dataset/xiang/models/Qwen2.5-VL-7B-Instruct,42,not_empty,next_token
A_0096,A,FINAL,AC,1,-0.7575989961624146,-0.6325989961624146,0.4687906503677368,0.531209409236908,-0.7593158483505249,-0.6343158483505249,0.531209409236908,1,1,"{""A"": ""size"", ""B"": ""orientation"", ""C"": ""position"", ""D"": ""color""}",/mnt/tidalfs-hssh01/dataset/xiang/models/Qwen2.5-VL-7B-Instruct,42,not_empty,next_token
A_0096,A,FINAL,AD,1,-0.825939416885376,-0.575939416885376,0.43782350420951843,0.562176525592804,-0.8289813995361328,-0.5789813995361328,0.562176525592804,1,1,"{""A"": ""size"", ""B"": ""orientation"", ""C"": ""position"", ""D"": ""color""}",/mnt/tidalfs-hssh01/dataset/xiang/models/Qwen2.5-VL-7B-Instruct,42,not_empty,next_token
A_0096,A,FINAL,BC,1,-0.7575989961624146,-0.6325989961624146,0.4687906503677368,0.531209409236908,-0.7726367712020874,-0.6476367712020874,0.531209409236908,1,1,"{""A"": ""size"", ""B"": ""orientation"", ""C"": ""position"", ""D"": ""color""}",/mnt/tidalfs-hssh01/dataset/xiang/models/Qwen2.5-VL-7B-Instruct,42,not_empty,next_token
A_0096,A,FINAL,BD,1,-0.8981232643127441,-0.5231232643127441,0.4073334038257599,0.5926665663719177,-0.904366672039032,-0.529366672039032,0.5926665663719177,1,1,"{""A"": ""size"", ""B"": ""orientation"", ""C"": ""position"", ""D"": ""color""}",/mnt/tidalfs-hssh01/dataset/xiang/models/Qwen2.5-VL-7B-Instruct,42,not_empty,next_token
A_0096,A,FINAL,CD,1,-0.825939416885376,-0.575939416885376,0.43782350420951843,0.562176525592804,-0.8307905197143555,-0.5807905197143555,0.562176525592804,1,1,"{""A"": ""size"", ""B"": ""orientation"", ""C"": ""position"", ""D"": ""color""}",/mnt/tidalfs-hssh01/dataset/xiang/models/Qwen2.5-VL-7B-Instruct,42,not_empty,next_token
A_0096,A,FINAL,ABC,1,-0.7575989961624146,-0.6325989961624146,0.4687906503677368,0.531209409236908,-0.7614649534225464,-0.6364649534225464,0.531209409236908,1,1,"{""A"": ""size"", ""B"": ""orientation"", ""C"": ""position"", ""D"": ""color""}",/mnt/tidalfs-hssh01/dataset/xiang/models/Qwen2.5-VL-7B-Instruct,42,not_empty,next_token
A_0096,A,FINAL,ABD,1,-0.7575989961624146,-0.6325989961624146,0.4687906503677368,0.531209409236908,-0.7604308128356934,-0.6354308128356934,0.531209409236908,1,1,"{""A"": ""size"", ""B"": ""orientation"", ""C"": ""position"", ""D"": ""color""}",/mnt/tidalfs-hssh01/dataset/xiang/models/Qwen2.5-VL-7B-Instruct,42,not_empty,next_token
A_0096,A,FINAL,ACD,1,-0.825939416885376,-0.575939416885376,0.43782350420951843,0.562176525592804,-0.8276845216751099,-0.5776845216751099,0.562176525592804,1,1,"{""A"": ""size"", ""B"": ""orientation"", ""C"": ""position"", ""D"": ""color""}",/mnt/tidalfs-hssh01/dataset/xiang/models/Qwen2.5-VL-7B-Instruct,42,not_empty,next_token
A_0096,A,FINAL,BCD,1,-0.8981232643127441,-0.5231232643127441,0.4073334038257599,0.5926665663719177,-0.9024547338485718,-0.5274547338485718,0.5926665663719177,1,1,"{""A"": ""size"", ""B"": ""orientation"", ""C"": ""position"", ""D"": ""color""}",/mnt/tidalfs-hssh01/dataset/xiang/models/Qwen2.5-VL-7B-Instruct,42,not_empty,next_token
A_0096,A,FINAL,ABCD,1,-0.825939416885376,-0.575939416885376,0.43782350420951843,0.562176525592804,-0.8295929431915283,-0.5795929431915283,0.562176525592804,1,1,"{""A"": ""size"", ""B"": ""orientation"", ""C"": ""position"", ""D"": ""color""}",/mnt/tidalfs-hssh01/dataset/xiang/models/Qwen2.5-VL-7B-Instruct,42,not_empty,next_token
A_0104,A,STEP1,EMPTY,1,-0.6931471824645996,-0.6931471824645996,0.5,0.5,-0.819155216217041,-0.819155216217041,0.5,0,0,"{""A"": ""size"", ""B"": ""orientation"", ""C"": ""position"", ""D"": ""color""}",/mnt/tidalfs-hssh01/dataset/xiang/models/Qwen2.5-VL-7B-Instruct,42,text_only,next_token
A_0104,A,STEP1,A,1,-0.8981232643127441,-0.5231232643127441,0.4073334038257599,0.5926665663719177,-0.9000336527824402,-0.5250336527824402,0.5926665663719177,1,1,"{""A"": ""size"", ""B"": ""orientation"", ""C"": ""position"", ""D"": ""color""}",/mnt/tidalfs-hssh01/dataset/xiang/models/Qwen2.5-VL-7B-Instruct,42,not_empty,next_token
A_0104,A,STEP1,B,1,-1.4061501026153564,-0.28115010261535645,0.24508503079414368,0.7549149990081787,-1.408461093902588,-0.28346115350723267,0.7549149990081787,1,1,"{""A"": ""size"", ""B"": ""orientation"", ""C"": ""position"", ""D"": ""color""}",/mnt/tidalfs-hssh01/dataset/xiang/models/Qwen2.5-VL-7B-Instruct,42,not_empty,next_token
A_0104,A,STEP1,C,1,-0.6325989961624146,-0.7575989961624146,0.531209409236908,0.4687906503677368,-0.6356418132781982,-0.7606418132781982,0.4687906503677368,0,0,"{""A"": ""size"", ""B"": ""orientation"", ""C"": ""position"", ""D"": ""color""}",/mnt/tidalfs-hssh01/dataset/xiang/models/Qwen2.5-VL-7B-Instruct,42,not_empty,next_token
A_0104,A,STEP1,D,1,-0.8981232643127441,-0.5231232643127441,0.4073334038257599,0.5926665663719177,-0.9017981886863708,-0.5267981886863708,0.5926665663719177,1,1,"{""A"": ""size"", ""B"": ""orientation"", ""C"": ""position"", ""D"": ""color""}",/mnt/tidalfs-hssh01/dataset/xiang/models/Qwen2.5-VL-7B-Instruct,42,not_empty,next_token
A_0104,A,STEP1,AB,1,-0.8981232643127441,-0.5231232643127441,0.4073334038257599,0.5926665663719177,-0.8988406658172607,-0.5238406658172607,0.5926665663719177,1,1,"{""A"": ""size"", ""B"": ""orientation"", ""C"": ""position"", ""D"": ""color""}",/mnt/tidalfs-hssh01/dataset/xiang/models/Qwen2.5-VL-7B-Instruct,42,not_empty,next_token
A_0104,A,STEP1,AC,1,-0.7575989961624146,-0.6325989961624146,0.4687906503677368,0.531209409236908,-0.7584019303321838,-0.6334019303321838,0.531209409236908,1,1,"{""A"": ""size"", ""B"": ""orientation"", ""C"": ""position"", ""D"": ""color""}",/mnt/tidalfs-hssh01/dataset/xiang/models/Qwen2.5-VL-7B-Instruct,42,not_empty,next_token
A_0104,A,STEP1,AD,1,-0.7575989961624146,-0.6325989961624146,0.4687906503677368,0.531209409236908,-0.7584182620048523,-0.6334182620048523,0.531209409236908,1,1,"{""A"": ""size"", ""B"": ""orientation"", ""C"": ""position"", ""D"": ""color""}",/mnt/tidalfs-hssh01/dataset/xiang/models/Qwen2.5-VL-7B-Instruct,42,not_empty,next_token
A_0104,A,STEP1,BC,1,-1.7014133930206299,-0.2014133334159851,0.18242549896240234,0.8175744414329529,-1.70205557346344,-0.20205560326576233,0.8175744414329529,1,1,"{""A"": ""size"", ""B"": ""orientation"", ""C"": ""position"", ""D"": ""color""}",/mnt/tidalfs-hssh01/dataset/xiang/models/Qwen2.5-VL-7B-Instruct,42,not_empty,next_token
A_0104,A,STEP1,BD,1,-1.4061501026153564,-0.28115010261535645,0.24508503079414368,0.7549149990081787,-1.4070053100585938,-0.28200531005859375,0.7549149990081787,1,1,"{""A"": ""size"", ""B"": ""orientation"", ""C"": ""position"", ""D"": ""color""}",/mnt/tidalfs-hssh01/dataset/xiang/models/Qwen2.5-VL-7B-Instruct,42,not_empty,next_token
A_0104,A,STEP1,CD,1,-0.6325989961624146,-0.7575989961624146,0.531209409236908,0.4687906503677368,-0.6338198781013489,-0.7588198781013489,0.4687906503677368,0,0,"{""A"": ""size"", ""B"": ""orientation"", ""C"": ""position"", ""D"": ""color""}",/mnt/tidalfs-hssh01/dataset/xiang/models/Qwen2.5-VL-7B-Instruct,42,not_empty,next_token
A_0104,A,STEP1,ABC,1,-0.9740769863128662,-0.4740769863128662,0.3775406777858734,0.622459352016449,-0.9744926691055298,-0.4744926691055298,0.622459352016449,1,1,"{""A"": ""size"", ""B"": ""orientation"", ""C"": ""position"", ""D"": ""color""}",/mnt/tidalfs-hssh01/dataset/xiang/models/Qwen2.5-VL-7B-Instruct,42,not_empty,next_token
A_0104,A,STEP1,ABD,1,-0.8981232643127441,-0.5231232643127441,0.4073334038257599,0.5926665663719177,-0.8985530138015747,-0.5235530138015747,0.5926665663719177,1,1,"{""A"": ""size"", ""B"": ""orientation"", ""C"": ""position"", ""D"": ""color""}",/mnt/tidalfs-hssh01/dataset/xiang/models/Qwen2.5-VL-7B-Instruct,42,not_empty,next_token
A_0104,A,STEP1,ACD,1,-0.7575989961624146,-0.6325989961624146,0.4687906503677368,0.531209409236908,-0.7579172849655151,-0.6329172849655151,0.531209409236908,1,1,"{""A"": ""size"", ""B"": ""orientation"", ""C"": ""position"", ""D"": ""color""}",/mnt/tidalfs-hssh01/dataset/xiang/models/Qwen2.5-VL-7B-Instruct,42,not_empty,next_token
A_0104,A,STEP1,BCD,1,-1.7014133930206299,-0.2014133334159851,0.18242549896240234,0.8175744414329529,-1.7017097473144531,-0.2017097771167755,0.8175744414329529,1,1,"{""A"": ""size"", ""B"": ""orientation"", ""C"": ""position"", ""D"": ""color""}",/mnt/tidalfs-hssh01/dataset/xiang/models/Qwen2.5-VL-7B-Instruct,42,not_empty,next_token
A_0104,A,STEP1,ABCD,1,-0.8981232643127441,-0.5231232643127441,0.4073334038257599,0.5926665663719177,-0.8984196186065674,-0.5234196186065674,0.5926665663719177,1,1,"{""A"": ""size"", ""B"": ""orientation"", ""C"": ""position"", ""D"": ""color""}",/mnt/tidalfs-hssh01/dataset/xiang/models/Qwen2.5-VL-7B-Instruct,42,not_empty,next_token
A_0104,A,STEP2,EMPTY,0,-1.2234445810317993,-0.3484445810317993,0.29421499371528625,0.7057850360870361,-1.2687973976135254,-0.393797367811203,0.29421499371528625,1,0,"{""A"": ""size"", ""B"": ""orientation"", ""C"": ""position"", ""D"": ""color""}",/mnt/tidalfs-hssh01/dataset/xiang/models/Qwen2.5-VL-7B-Instruct,42,text_only,next_token
A_0104,A,STEP2,A,0,-1.1368709802627563,-0.38687101006507874,0.3208213150501251,0.6791786551475525,-1.137786865234375,-0.387786865234375,0.3208213150501251,1,0,"{""A"": ""size"", ""B"": ""orientation"", ""C"": ""position"", ""D"": ""color""}",/mnt/tidalfs-hssh01/dataset/xiang/models/Qwen2.5-VL-7B-Instruct,42,not_empty,next_token
A_0104,A,STEP2,B,0,-0.9740769863128662,-0.4740769863128662,0.3775406777858734,0.622459352016449,-0.9773802757263184,-0.47738030552864075,0.3775406777858734,1,0,"{""A"": ""size"", ""B"": ""orientation"", ""C"": ""position"", ""D"": ""color""}",/mnt/tidalfs-hssh01/dataset/xiang/models/Qwen2.5-VL-7B-Instruct,42,not_empty,next_token
A_0104,A,STEP2,C,0,-0.8981232643127441,-0.5231232643127441,0.4073334038257599,0.5926665663719177,-0.9000468254089355,-0.5250468254089355,0.4073334038257599,1,0,"{""A"": ""size"", ""B"": ""orientation"", ""C"": ""position"", ""D"": ""color""}",/mnt/tidalfs-hssh01/dataset/xiang/models/Qwen2.5-VL-7B-Instruct,42,not_empty,next_token
A_0104,A,STEP2,D,0,-1.0537006855010986,-0.42870065569877625,0.3486451208591461,0.6513548493385315,-1.055504560470581,-0.43050456047058105,0.3486451208591461,1,0,"{""A"": ""size"", ""B"": ""orientation"", ""C"": ""position"", ""D"": ""color""}",/mnt/tidalfs-hssh01/dataset/xiang/models/Qwen2.5-VL-7B-Instruct,42,not_empty,next_token
A_0104,A,STEP2,AB,0,-0.825939416885376,-0.575939416885376,0.43782350420951843,0.562176525592804,-0.8274083137512207,-0.5774083137512207,0.43782350420951843,1,0,"{""A"": ""size"", ""B"": ""orientation"", ""C"": ""position"", ""D"": ""color""}",/mnt/tidalfs-hssh01/dataset/xiang/models/Qwen2.5-VL-7B-Instruct,42,not_empty,next_token
A_0104,A,STEP2,AC,0,-1.4061501026153564,-0.28115010261535645,0.24508503079414368,0.7549149990081787,-1.406489372253418,-0.28148940205574036,0.24508503079414368,1,0,"{""A"": ""size"", ""B"": ""orientation"", ""C"": ""position"", ""D"": ""color""}",/mnt/tidalfs-hssh01/dataset/xiang/models/Qwen2.5-VL-7B-Instruct,42,not_empty,next_token
A_0104,A,STEP2,AD,0,-1.0537006855010986,-0.42870065569877625,0.3486451208591461,0.6513548493385315,-1.054628610610962,-0.4296285808086395,0.3486451208591461,1,0,"{""A"": ""size"", ""B"": ""orientation"", ""C"": ""position"", ""D"": ""color""}",/mnt/tidalfs-hssh01/dataset/xiang/models/Qwen2.5-VL-7B-Instruct,42,not_empty,next_token
A_0104,A,STEP2,BC,0,-0.8981232643127441,-0.5231232643127441,0.4073334038257599,0.5926665663719177,-0.90032958984375,-0.52532958984375,0.4073334038257599,1,0,"{""A"": ""size"", ""B"": ""orientation"", ""C"": ""position"", ""D"": ""color""}",/mnt/tidalfs-hssh01/dataset/xiang/models/Qwen2.5-VL-7B-Instruct,42,not_empty,next_token
A_0104,A,STEP2,BD,0,-0.9740769863128662,-0.4740769863128662,0.3775406777858734,0.622459352016449,-0.9755487442016602,-0.47554874420166016,0.3775406777858734,1,0,"{""A"": ""size"", ""B"": ""orientation"", ""C"": ""position"", ""D"": ""color""}",/mnt/tidalfs-hssh01/dataset/xiang/models/Qwen2.5-VL-7B-Instruct,42,not_empty,next_token
A_0104,A,STEP2,CD,0,-0.8981232643127441,-0.5231232643127441,0.4073334038257599,0.5926665663719177,-0.8988699913024902,-0.5238699913024902,0.4073334038257599,1,0,"{""A"": ""size"", ""B"": ""orientation"", ""C"": ""position"", ""D"": ""color""}",/mnt/tidalfs-hssh01/dataset/xiang/models/Qwen2.5-VL-7B-Instruct,42,not_empty,next_token
A_0104,A,STEP2,ABC,0,-1.1368709802627563,-0.38687101006507874,0.3208213150501251,0.6791786551475525,-1.1378378868103027,-0.3878379166126251,0.3208213150501251,1,0,"{""A"": ""size"", ""B"": ""orientation"", ""C"": ""position"", ""D"": ""color""}",/mnt/tidalfs-hssh01/dataset/xiang/models/Qwen2.5-VL-7B-Instruct,42,not_empty,next_token
A_0104,A,STEP2,ABD,0,-0.9740769863128662,-0.4740769863128662,0.3775406777858734,0.622459352016449,-0.9748589992523193,-0.47485899925231934,0.3775406777858734,1,0,"{""A"": ""size"", ""B"": ""orientation"", ""C"": ""position"", ""D"": ""color""}",/mnt/tidalfs-hssh01/dataset/xiang/models/Qwen2.5-VL-7B-Instruct,42,not_empty,next_token
A_0104,A,STEP2,ACD,0,-1.1368709802627563,-0.38687101006507874,0.3208213150501251,0.6791786551475525,-1.1371279954910278,-0.38712796568870544,0.3208213150501251,1,0,"{""A"": ""size"", ""B"": ""orientation"", ""C"": ""position"", ""D"": ""color""}",/mnt/tidalfs-hssh01/dataset/xiang/models/Qwen2.5-VL-7B-Instruct,42,not_empty,next_token
A_0104,A,STEP2,BCD,0,-0.825939416885376,-0.575939416885376,0.43782350420951843,0.562176525592804,-0.8269051909446716,-0.5769051909446716,0.43782350420951843,1,0,"{""A"": ""size"", ""B"": ""orientation"", ""C"": ""position"", ""D"": ""color""}",/mnt/tidalfs-hssh01/dataset/xiang/models/Qwen2.5-VL-7B-Instruct,42,not_empty,next_token
A_0104,A,STEP2,ABCD,0,-1.0537006855010986,-0.42870065569877625,0.3486451208591461,0.6513548493385315,-1.0544005632400513,-0.42940056324005127,0.3486451208591461,1,0,"{""A"": ""size"", ""B"": ""orientation"", ""C"": ""position"", ""D"": ""color""}",/mnt/tidalfs-hssh01/dataset/xiang/models/Qwen2.5-VL-7B-Instruct,42,not_empty,next_token
A_0104,A,FINAL,EMPTY,1,-0.7575989961624146,-0.6325989961624146,0.4687906503677368,0.531209409236908,-1.0674777030944824,-0.9424777030944824,0.531209409236908,1,1,"{""A"": ""size"", ""B"": ""orientation"", ""C"": ""position"", ""D"": ""color""}",/mnt/tidalfs-hssh01/dataset/xiang/models/Qwen2.5-VL-7B-Instruct,42,text_only,next_token
A_0104,A,FINAL,A,1,-0.8981232643127441,-0.5231232643127441,0.4073334038257599,0.5926665663719177,-0.9146147966384888,-0.5396147966384888,0.5926665663719177,1,1,"{""A"": ""size"", ""B"": ""orientation"", ""C"": ""position"", ""D"": ""color""}",/mnt/tidalfs-hssh01/dataset/xiang/models/Qwen2.5-VL-7B-Instruct,42,not_empty,next_token
A_0104,A,FINAL,B,1,-0.9740769863128662,-0.4740769863128662,0.3775406777858734,0.622459352016449,-1.0059685707092285,-0.5059685707092285,0.622459352016449,1,1,"{""A"": ""size"", ""B"": ""orientation"", ""C"": ""position"", ""D"": ""color""}",/mnt/tidalfs-hssh01/dataset/xiang/models/Qwen2.5-VL-7B-Instruct,42,not_empty,next_token
A_0104,A,FINAL,C,1,-0.7575989961624146,-0.6325989961624146,0.4687906503677368,0.531209409236908,-0.7903133630752563,-0.6653133630752563,0.531209409236908,1,1,"{""A"": ""size"", ""B"": ""orientation"", ""C"": ""position"", ""D"": ""color""}",/mnt/tidalfs-hssh01/dataset/xiang/models/Qwen2.5-VL-7B-Instruct,42,not_empty,next_token
A_0104,A,FINAL,D,1,-0.825939416885376,-0.575939416885376,0.43782350420951843,0.562176525592804,-0.8468918800354004,-0.5968918800354004,0.562176525592804,1,1,"{""A"": ""size"", ""B"": ""orientation"", ""C"": ""position"", ""D"": ""color""}",/mnt/tidalfs-hssh01/dataset/xiang/models/Qwen2.5-VL-7B-Instruct,42,not_empty,next_token
A_0104,A,FINAL,AB,1,-0.7575989961624146,-0.6325989961624146,0.4687906503677368,0.531209409236908,-0.7627891302108765,-0.6377891302108765,0.531209409236908,1,1,"{""A"": ""size"", ""B"": ""orientation"", ""C"": ""position"", ""D"": ""color""}",/mnt/tidalfs-hssh01/dataset/xiang/models/Qwen2.5-VL-7B-Instruct,42,not_empty,next_token
A_0104,A,FINAL,AC,1,-0.825939416885376,-0.575939416885376,0.43782350420951843,0.562176525592804,-0.8276616334915161,-0.5776616334915161,0.562176525592804,1,1,"{""A"": ""size"", ""B"": ""orientation"", ""C"": ""position"", ""D"": ""color""}",/mnt/tidalfs-hssh01/dataset/xiang/models/Qwen2.5-VL-7B-Instruct,42,not_empty,next_token
A_0104,A,FINAL,AD,1,-0.7575989961624146,-0.6325989961624146,0.4687906503677368,0.531209409236908,-0.760784924030304,-0.635784924030304,0.531209409236908,1,1,"{""A"": ""size"", ""B"": ""orientation"", ""C"": ""position"", ""D"": ""color""}",/mnt/tidalfs-hssh01/dataset/xiang/models/Qwen2.5-VL-7B-Instruct,42,not_empty,next_token
A_0104,A,FINAL,BC,1,-0.7575989961624146,-0.6325989961624146,0.4687906503677368,0.531209409236908,-0.7709290981292725,-0.6459290981292725,0.531209409236908,1,1,"{""A"": ""size"", ""B"": ""orientation"", ""C"": ""position"", ""D"": ""color""}",/mnt/tidalfs-hssh01/dataset/xiang/models/Qwen2.5-VL-7B-Instruct,42,not_empty,next_token
A_0104,A,FINAL,BD,1,-0.825939416885376,-0.575939416885376,0.43782350420951843,0.562176525592804,-0.8356859087944031,-0.5856859087944031,0.562176525592804,1,1,"{""A"": ""size"", ""B"": ""orientation"", ""C"": ""position"", ""D"": ""color""}",/mnt/tidalfs-hssh01/dataset/xiang/models/Qwen2.5-VL-7B-Instruct,42,not_empty,next_token
A_0104,A,FINAL,CD,1,-0.7575989961624146,-0.6325989961624146,0.4687906503677368,0.531209409236908,-0.7624086737632751,-0.6374086737632751,0.531209409236908,1,1,"{""A"": ""size"", ""B"": ""orientation"", ""C"": ""position"", ""D"": ""color""}",/mnt/tidalfs-hssh01/dataset/xiang/models/Qwen2.5-VL-7B-Instruct,42,not_empty,next_token
A_0104,A,FINAL,ABC,1,-0.6931471824645996,-0.6931471824645996,0.5,0.5,-0.6975792050361633,-0.6975792050361633,0.5,0,0,"{""A"": ""size"", ""B"": ""orientation"", ""C"": ""position"", ""D"": ""color""}",/mnt/tidalfs-hssh01/dataset/xiang/models/Qwen2.5-VL-7B-Instruct,42,not_empty,next_token
A_0104,A,FINAL,ABD,1,-0.6931471824645996,-0.6931471824645996,0.5,0.5,-0.6959815621376038,-0.6959815621376038,0.5,0,0,"{""A"": ""size"", ""B"": ""orientation"", ""C"": ""position"", ""D"": ""color""}",/mnt/tidalfs-hssh01/dataset/xiang/models/Qwen2.5-VL-7B-Instruct,42,not_empty,next_token
A_0104,A,FINAL,ACD,1,-0.7575989961624146,-0.6325989961624146,0.4687906503677368,0.531209409236908,-0.7592528462409973,-0.6342528462409973,0.531209409236908,1,1,"{""A"": ""size"", ""B"": ""orientation"", ""C"": ""position"", ""D"": ""color""}",/mnt/tidalfs-hssh01/dataset/xiang/models/Qwen2.5-VL-7B-Instruct,42,not_empty,next_token
A_0104,A,FINAL,BCD,1,-0.825939416885376,-0.575939416885376,0.43782350420951843,0.562176525592804,-0.830736517906189,-0.580736517906189,0.562176525592804,1,1,"{""A"": ""size"", ""B"": ""orientation"", ""C"": ""position"", ""D"": ""color""}",/mnt/tidalfs-hssh01/dataset/xiang/models/Qwen2.5-VL-7B-Instruct,42,not_empty,next_token
A_0104,A,FINAL,ABCD,1,-0.7575989961624146,-0.6325989961624146,0.4687906503677368,0.531209409236908,-0.7617709040641785,-0.6367709040641785,0.531209409236908,1,1,"{""A"": ""size"", ""B"": ""orientation"", ""C"": ""position"", ""D"": ""color""}",/mnt/tidalfs-hssh01/dataset/xiang/models/Qwen2.5-VL-7B-Instruct,42,not_empty,next_token
A_0112,A,STEP1,EMPTY,0,-0.7575989961624146,-0.6325989961624146,0.4687906503677368,0.531209409236908,-0.8536394238471985,-0.7286394238471985,0.4687906503677368,1,0,"{""A"": ""orientation"", ""B"": ""position"", ""C"": ""color"", ""D"": ""size""}",/mnt/tidalfs-hssh01/dataset/xiang/models/Qwen2.5-VL-7B-Instruct,42,text_only,next_token
A_0112,A,STEP1,A,0,-0.7575989961624146,-0.6325989961624146,0.4687906503677368,0.531209409236908,-0.7644864916801453,-0.6394864916801453,0.4687906503677368,1,0,"{""A"": ""orientation"", ""B"": ""position"", ""C"": ""color"", ""D"": ""size""}",/mnt/tidalfs-hssh01/dataset/xiang/models/Qwen2.5-VL-7B-Instruct,42,not_empty,next_token
A_0112,A,STEP1,B,0,-0.825939416885376,-0.575939416885376,0.43782350420951843,0.562176525592804,-0.8280855417251587,-0.5780855417251587,0.43782350420951843,1,0,"{""A"": ""orientation"", ""B"": ""position"", ""C"": ""color"", ""D"": ""size""}",/mnt/tidalfs-hssh01/dataset/xiang/models/Qwen2.5-VL-7B-Instruct,42,not_empty,next_token
A_0112,A,STEP1,C,0,-0.825939416885376,-0.575939416885376,0.43782350420951843,0.562176525592804,-0.8287026286125183,-0.5787026286125183,0.43782350420951843,1,0,"{""A"": ""orientation"", ""B"": ""position"", ""C"": ""color"", ""D"": ""size""}",/mnt/tidalfs-hssh01/dataset/xiang/models/Qwen2.5-VL-7B-Instruct,42,not_empty,next_token
A_0112,A,STEP1,D,0,-0.8981232643127441,-0.5231232643127441,0.4073334038257599,0.5926665663719177,-0.9012390375137329,-0.5262390375137329,0.4073334038257599,1,0,"{""A"": ""orientation"", ""B"": ""position"", ""C"": ""color"", ""D"": ""size""}",/mnt/tidalfs-hssh01/dataset/xiang/models/Qwen2.5-VL-7B-Instruct,42,not_empty,next_token
A_0112,A,STEP1,AB,0,-0.7575989961624146,-0.6325989961624146,0.4687906503677368,0.531209409236908,-0.7582846283912659,-0.6332846283912659,0.4687906503677368,1,0,"{""A"": ""orientation"", ""B"": ""position"", ""C"": ""color"", ""D"": ""size""}",/mnt/tidalfs-hssh01/dataset/xiang/models/Qwen2.5-VL-7B-Instruct,42,not_empty,next_token
A_0112,A,STEP1,AC,0,-0.825939416885376,-0.575939416885376,0.43782350420951843,0.562176525592804,-0.8264418244361877,-0.5764418244361877,0.43782350420951843,1,0,"{""A"": ""orientation"", ""B"": ""position"", ""C"": ""color"", ""D"": ""size""}",/mnt/tidalfs-hssh01/dataset/xiang/models/Qwen2.5-VL-7B-Instruct,42,not_empty,next_token
A_0112,A,STEP1,AD,0,-0.7575989961624146,-0.6325989961624146,0.4687906503677368,0.531209409236908,-0.7584500908851624,-0.6334500908851624,0.4687906503677368,1,0,"{""A"": ""orientation"", ""B"": ""position"", ""C"": ""color"", ""D"": ""size""}",/mnt/tidalfs-hssh01/dataset/xiang/models/Qwen2.5-VL-7B-Instruct,42,not_empty,next_token
A_0112,A,STEP1,BC,0,-0.8981232643127441,-0.5231232643127441,0.4073334038257599,0.5926665663719177,-0.898585319519043,-0.523585319519043,0.4073334038257599,1,0,"{""A"": ""orientation"", ""B"": ""position"", ""C"": ""color"", ""D"": ""size""}",/mnt/tidalfs-hssh01/dataset/xiang/models/Qwen2.5-VL-7B-Instruct,42,not_empty,next_token
A_0112,A,STEP1,BD,0,-0.825939416885376,-0.575939416885376,0.43782350420951843,0.562176525592804,-0.8265420794487,-0.5765420794487,0.43782350420951843,1,0,"{""A"": ""orientation"", ""B"": ""position"", ""C"": ""color"", ""D"": ""size""}",/mnt/tidalfs-hssh01/dataset/xiang/models/Qwen2.5-VL-7B-Instruct,42,not_empty,next_token
A_0112,A,STEP1,CD,0,-0.8981232643127441,-0.5231232643127441,0.4073334038257599,0.5926665663719177,-0.8986594080924988,-0.5236594080924988,0.4073334038257599,1,0,"{""A"": ""orientation"", ""B"": ""position"", ""C"": ""color"", ""D"": ""size""}",/mnt/tidalfs-hssh01/dataset/xiang/models/Qwen2.5-VL-7B-Instruct,42,not_empty,next_token
A_0112,A,STEP1,ABC,0,-0.825939416885376,-0.575939416885376,0.43782350420951843,0.562176525592804,-0.8262364864349365,-0.5762364864349365,0.43782350420951843,1,0,"{""A"": ""orientation"", ""B"": ""position"", ""C"": ""color"", ""D"": ""size""}",/mnt/tidalfs-hssh01/dataset/xiang/models/Qwen2.5-VL-7B-Instruct,42,not_empty,next_token
A_0112,A,STEP1,ABD,0,-0.825939416885376,-0.575939416885376,0.43782350420951843,0.562176525592804,-0.8262649774551392,-0.5762649774551392,0.43782350420951843,1,0,"{""A"": ""orientation"", ""B"": ""position"", ""C"": ""color"", ""D"": ""size""}",/mnt/tidalfs-hssh01/dataset/xiang/models/Qwen2.5-VL-7B-Instruct,42,not_empty,next_token
A_0112,A,STEP1,ACD,0,-0.825939416885376,-0.575939416885376,0.43782350420951843,0.562176525592804,-0.826228678226471,-0.576228678226471,0.43782350420951843,1,0,"{""A"": ""orientation"", ""B"": ""position"", ""C"": ""color"", ""D"": ""size""}",/mnt/tidalfs-hssh01/dataset/xiang/models/Qwen2.5-VL-7B-Instruct,42,not_empty,next_token
A_0112,A,STEP1,BCD,0,-0.825939416885376,-0.575939416885376,0.43782350420951843,0.562176525592804,-0.8261277079582214,-0.5761277079582214,0.43782350420951843,1,0,"{""A"": ""orientation"", ""B"": ""position"", ""C"": ""color"", ""D"": ""size""}",/mnt/tidalfs-hssh01/dataset/xiang/models/Qwen2.5-VL-7B-Instruct,42,not_empty,next_token
A_0112,A,STEP1,ABCD,0,-0.9740769863128662,-0.4740769863128662,0.3775406777858734,0.622459352016449,-0.9743108749389648,-0.47431084513664246,0.3775406777858734,1,0,"{""A"": ""orientation"", ""B"": ""position"", ""C"": ""color"", ""D"": ""size""}",/mnt/tidalfs-hssh01/dataset/xiang/models/Qwen2.5-VL-7B-Instruct,42,not_empty,next_token
A_0112,A,STEP2,EMPTY,1,-1.3132617473602295,-0.3132617473602295,0.26894140243530273,0.7310584783554077,-1.3575432300567627,-0.3575432002544403,0.7310584783554077,1,1,"{""A"": ""orientation"", ""B"": ""position"", ""C"": ""color"", ""D"": ""size""}",/mnt/tidalfs-hssh01/dataset/xiang/models/Qwen2.5-VL-7B-Instruct,42,text_only,next_token
A_0112,A,STEP2,A,1,-1.3132617473602295,-0.3132617473602295,0.26894140243530273,0.7310584783554077,-1.3183958530426025,-0.3183959126472473,0.7310584783554077,1,1,"{""A"": ""orientation"", ""B"": ""position"", ""C"": ""color"", ""D"": ""size""}",/mnt/tidalfs-hssh01/dataset/xiang/models/Qwen2.5-VL-7B-Instruct,42,not_empty,next_token
A_0112,A,STEP2,B,1,-1.1368709802627563,-0.38687101006507874,0.3208213150501251,0.6791786551475525,-1.13828706741333,-0.3882870674133301,0.6791786551475525,1,1,"{""A"": ""orientation"", ""B"": ""position"", ""C"": ""color"", ""D"": ""size""}",/mnt/tidalfs-hssh01/dataset/xiang/models/Qwen2.5-VL-7B-Instruct,42,not_empty,next_token
A_0112,A,STEP2,C,1,-1.1368709802627563,-0.38687101006507874,0.3208213150501251,0.6791786551475525,-1.1384496688842773,-0.38844969868659973,0.6791786551475525,1,1,"{""A"": ""orientation"", ""B"": ""position"", ""C"": ""color"", ""D"": ""size""}",/mnt/tidalfs-hssh01/dataset/xiang/models/Qwen2.5-VL-7B-Instruct,42,not_empty,next_token
A_0112,A,STEP2,D,1,-1.3132617473602295,-0.3132617473602295,0.26894140243530273,0.7310584783554077,-1.3144782781600952,-0.3144782781600952,0.7310584783554077,1,1,"{""A"": ""orientation"", ""B"": ""position"", ""C"": ""color"", ""D"": ""size""}",/mnt/tidalfs-hssh01/dataset/xiang/models/Qwen2.5-VL-7B-Instruct,42,not_empty,next_token
A_0112,A,STEP2,AB,1,-1.1368709802627563,-0.38687101006507874,0.3208213150501251,0.6791786551475525,-1.1385843753814697,-0.3885843753814697,0.6791786551475525,1,1,"{""A"": ""orientation"", ""B"": ""position"", ""C"": ""color"", ""D"": ""size""}",/mnt/tidalfs-hssh01/dataset/xiang/models/Qwen2.5-VL-7B-Instruct,42,not_empty,next_token
A_0112,A,STEP2,AC,1,-1.2234445810317993,-0.3484445810317993,0.29421499371528625,0.7057850360870361,-1.2240785360336304,-0.349078506231308,0.7057850360870361,1,1,"{""A"": ""orientation"", ""B"": ""position"", ""C"": ""color"", ""D"": ""size""}",/mnt/tidalfs-hssh01/dataset/xiang/models/Qwen2.5-VL-7B-Instruct,42,not_empty,next_token
A_0112,A,STEP2,AD,1,-1.2234444618225098,-0.3484445810317993,0.29421502351760864,0.7057850360870361,-1.2250499725341797,-0.35005003213882446,0.7057850360870361,1,1,"{""A"": ""orientation"", ""B"": ""position"", ""C"": ""color"", ""D"": ""size""}",/mnt/tidalfs-hssh01/dataset/xiang/models/Qwen2.5-VL-7B-Instruct,42,not_empty,next_token
A_0112,A,STEP2,BC,1,-1.3132617473602295,-0.3132617473602295,0.26894140243530273,0.7310584783554077,-1.314172625541687,-0.314172625541687,0.7310584783554077,1,1,"{""A"": ""orientation"", ""B"": ""position"", ""C"": ""color"", ""D"": ""size""}",/mnt/tidalfs-hssh01/dataset/xiang/models/Qwen2.5-VL-7B-Instruct,42,not_empty,next_token
A_0112,A,STEP2,BD,1,-1.136871099472046,-0.38687101006507874,0.32082128524780273,0.6791786551475525,-1.1382524967193604,-0.3882524371147156,0.6791786551475525,1,1,"{""A"": ""orientation"", ""B"": ""position"", ""C"": ""color"", ""D"": ""size""}",/mnt/tidalfs-hssh01/dataset/xiang/models/Qwen2.5-VL-7B-Instruct,42,not_empty,next_token
A_0112,A,STEP2,CD,1,-1.1368709802627563,-0.38687101006507874,0.3208213150501251,0.6791786551475525,-1.1373692750930786,-0.387369304895401,0.6791786551475525,1,1,"{""A"": ""orientation"", ""B"": ""position"", ""C"": ""color"", ""D"": ""size""}",/mnt/tidalfs-hssh01/dataset/xiang/models/Qwen2.5-VL-7B-Instruct,42,not_empty,next_token
A_0112,A,STEP2,ABC,1,-1.2234447002410889,-0.3484445810317993,0.2942149341106415,0.7057850360870361,-1.2241716384887695,-0.34917157888412476,0.7057850360870361,1,1,"{""A"": ""orientation"", ""B"": ""position"", ""C"": ""color"", ""D"": ""size""}",/mnt/tidalfs-hssh01/dataset/xiang/models/Qwen2.5-VL-7B-Instruct,42,not_empty,next_token
A_0112,A,STEP2,ABD,1,-1.2234445810317993,-0.3484445810317993,0.29421499371528625,0.7057850360870361,-1.22417414188385,-0.3491741120815277,0.7057850360870361,1,1,"{""A"": ""orientation"", ""B"": ""position"", ""C"": ""color"", ""D"": ""size""}",/mnt/tidalfs-hssh01/dataset/xiang/models/Qwen2.5-VL-7B-Instruct,42,not_empty,next_token
A_0112,A,STEP2,ACD,1,-1.136871099472046,-0.38687101006507874,0.32082128524780273,0.6791786551475525,-1.137291431427002,-0.3872913718223572,0.6791786551475525,1,1,"{""A"": ""orientation"", ""B"": ""position"", ""C"": ""color"", ""D"": ""size""}",/mnt/tidalfs-hssh01/dataset/xiang/models/Qwen2.5-VL-7B-Instruct,42,not_empty,next_token
A_0112,A,STEP2,BCD,1,-1.1368709802627563,-0.38687101006507874,0.3208213150501251,0.6791786551475525,-1.137174129486084,-0.38717418909072876,0.6791786551475525,1,1,"{""A"": ""orientation"", ""B"": ""position"", ""C"": ""color"", ""D"": ""size""}",/mnt/tidalfs-hssh01/dataset/xiang/models/Qwen2.5-VL-7B-Instruct,42,not_empty,next_token
A_0112,A,STEP2,ABCD,1,-1.0537006855010986,-0.42870065569877625,0.3486451208591461,0.6513548493385315,-1.0544761419296265,-0.42947614192962646,0.6513548493385315,1,1,"{""A"": ""orientation"", ""B"": ""position"", ""C"": ""color"", ""D"": ""size""}",/mnt/tidalfs-hssh01/dataset/xiang/models/Qwen2.5-VL-7B-Instruct,42,not_empty,next_token
A_0112,A,FINAL,EMPTY,1,-0.8259394764900208,-0.575939416885376,0.43782350420951843,0.562176525592804,-1.1369755268096924,-0.8869754672050476,0.562176525592804,1,1,"{""A"": ""orientation"", ""B"": ""position"", ""C"": ""color"", ""D"": ""size""}",/mnt/tidalfs-hssh01/dataset/xiang/models/Qwen2.5-VL-7B-Instruct,42,text_only,next_token
A_0112,A,FINAL,A,1,-0.8981232643127441,-0.5231232643127441,0.4073334038257599,0.5926665663719177,-0.9338021874427795,-0.5588021874427795,0.5926665663719177,1,1,"{""A"": ""orientation"", ""B"": ""position"", ""C"": ""color"", ""D"": ""size""}",/mnt/tidalfs-hssh01/dataset/xiang/models/Qwen2.5-VL-7B-Instruct,42,not_empty,next_token
A_0112,A,FINAL,B,1,-0.8981232643127441,-0.5231232643127441,0.4073334038257599,0.5926665663719177,-0.9183915853500366,-0.5433915853500366,0.5926665663719177,1,1,"{""A"": ""orientation"", ""B"": ""position"", ""C"": ""color"", ""D"": ""size""}",/mnt/tidalfs-hssh01/dataset/xiang/models/Qwen2.5-VL-7B-Instruct,42,not_empty,next_token
A_0112,A,FINAL,C,1,-0.8981232643127441,-0.5231232643127441,0.4073334038257599,0.5926665663719177,-0.9067662954330444,-0.5317662954330444,0.5926665663719177,1,1,"{""A"": ""orientation"", ""B"": ""position"", ""C"": ""color"", ""D"": ""size""}",/mnt/tidalfs-hssh01/dataset/xiang/models/Qwen2.5-VL-7B-Instruct,42,not_empty,next_token
A_0112,A,FINAL,D,1,-0.9740769863128662,-0.4740769863128662,0.3775406777858734,0.622459352016449,-0.9890617728233337,-0.48906177282333374,0.622459352016449,1,1,"{""A"": ""orientation"", ""B"": ""position"", ""C"": ""color"", ""D"": ""size""}",/mnt/tidalfs-hssh01/dataset/xiang/models/Qwen2.5-VL-7B-Instruct,42,not_empty,next_token
A_0112,A,FINAL,AB,1,-0.825939416885376,-0.575939416885376,0.43782350420951843,0.562176525592804,-0.8308817148208618,-0.5808817148208618,0.562176525592804,1,1,"{""A"": ""orientation"", ""B"": ""position"", ""C"": ""color"", ""D"": ""size""}",/mnt/tidalfs-hssh01/dataset/xiang/models/Qwen2.5-VL-7B-Instruct,42,not_empty,next_token
A_0112,A,FINAL,AC,1,-0.8981232643127441,-0.5231232643127441,0.4073334038257599,0.5926665663719177,-0.8993690013885498,-0.5243690013885498,0.5926665663719177,1,1,"{""A"": ""orientation"", ""B"": ""position"", ""C"": ""color"", ""D"": ""size""}",/mnt/tidalfs-hssh01/dataset/xiang/models/Qwen2.5-VL-7B-Instruct,42,not_empty,next_token
A_0112,A,FINAL,AD,1,-0.8981232643127441,-0.5231232643127441,0.4073334038257599,0.5926665663719177,-0.9032459259033203,-0.5282459259033203,0.5926665663719177,1,1,"{""A"": ""orientation"", ""B"": ""position"", ""C"": ""color"", ""D"": ""size""}",/mnt/tidalfs-hssh01/dataset/xiang/models/Qwen2.5-VL-7B-Instruct,42,not_empty,next_token
A_0112,A,FINAL,BC,1,-0.8981232643127441,-0.5231232643127441,0.4073334038257599,0.5926665663719177,-0.9007495641708374,-0.5257495641708374,0.5926665663719177,1,1,"{""A"": ""orientation"", ""B"": ""position"", ""C"": ""color"", ""D"": ""size""}",/mnt/tidalfs-hssh01/dataset/xiang/models/Qwen2.5-VL-7B-Instruct,42,not_empty,next_token
A_0112,A,FINAL,BD,1,-0.8981232643127441,-0.5231232643127441,0.4073334038257599,0.5926665663719177,-0.9015244245529175,-0.5265244245529175,0.5926665663719177,1,1,"{""A"": ""orientation"", ""B"": ""position"", ""C"": ""color"", ""D"": ""size""}",/mnt/tidalfs-hssh01/dataset/xiang/models/Qwen2.5-VL-7B-Instruct,42,not_empty,next_token
A_0112,A,FINAL,CD,1,-0.8981232643127441,-0.5231232643127441,0.4073334038257599,0.5926665663719177,-0.8992788791656494,-0.5242788791656494,0.5926665663719177,1,1,"{""A"": ""orientation"", ""B"": ""position"", ""C"": ""color"", ""D"": ""size""}",/mnt/tidalfs-hssh01/dataset/xiang/models/Qwen2.5-VL-7B-Instruct,42,not_empty,next_token
A_0112,A,FINAL,ABC,1,-0.8981232643127441,-0.5231232643127441,0.4073334038257599,0.5926665663719177,-0.8999630808830261,-0.5249630808830261,0.5926665663719177,1,1,"{""A"": ""orientation"", ""B"": ""position"", ""C"": ""color"", ""D"": ""size""}",/mnt/tidalfs-hssh01/dataset/xiang/models/Qwen2.5-VL-7B-Instruct,42,not_empty,next_token
A_0112,A,FINAL,ABD,1,-0.8981232643127441,-0.5231232643127441,0.4073334038257599,0.5926665663719177,-0.9000773429870605,-0.5250773429870605,0.5926665663719177,1,1,"{""A"": ""orientation"", ""B"": ""position"", ""C"": ""color"", ""D"": ""size""}",/mnt/tidalfs-hssh01/dataset/xiang/models/Qwen2.5-VL-7B-Instruct,42,not_empty,next_token
A_0112,A,FINAL,ACD,1,-0.8981232643127441,-0.5231232643127441,0.4073334038257599,0.5926665663719177,-0.8990203738212585,-0.5240203738212585,0.5926665663719177,1,1,"{""A"": ""orientation"", ""B"": ""position"", ""C"": ""color"", ""D"": ""size""}",/mnt/tidalfs-hssh01/dataset/xiang/models/Qwen2.5-VL-7B-Instruct,42,not_empty,next_token
A_0112,A,FINAL,BCD,1,-0.9740769863128662,-0.4740769863128662,0.3775406777858734,0.622459352016449,-0.9754968285560608,-0.4754968285560608,0.622459352016449,1,1,"{""A"": ""orientation"", ""B"": ""position"", ""C"": ""color"", ""D"": ""size""}",/mnt/tidalfs-hssh01/dataset/xiang/models/Qwen2.5-VL-7B-Instruct,42,not_empty,next_token
A_0112,A,FINAL,ABCD,1,-0.8981232643127441,-0.5231232643127441,0.4073334038257599,0.5926665663719177,-0.8996206521987915,-0.5246206521987915,0.5926665663719177,1,1,"{""A"": ""orientation"", ""B"": ""position"", ""C"": ""color"", ""D"": ""size""}",/mnt/tidalfs-hssh01/dataset/xiang/models/Qwen2.5-VL-7B-Instruct,42,not_empty,next_token
A_0120,A,STEP1,EMPTY,0,-0.7575989961624146,-0.6325989961624146,0.4687906503677368,0.531209409236908,-0.8536394238471985,-0.7286394238471985,0.4687906503677368,1,0,"{""A"": ""orientation"", ""B"": ""position"", ""C"": ""color"", ""D"": ""size""}",/mnt/tidalfs-hssh01/dataset/xiang/models/Qwen2.5-VL-7B-Instruct,42,text_only,next_token
A_0120,A,STEP1,A,0,-0.7575989961624146,-0.6325989961624146,0.4687906503677368,0.531209409236908,-0.7644864916801453,-0.6394864916801453,0.4687906503677368,1,0,"{""A"": ""orientation"", ""B"": ""position"", ""C"": ""color"", ""D"": ""size""}",/mnt/tidalfs-hssh01/dataset/xiang/models/Qwen2.5-VL-7B-Instruct,42,not_empty,next_token
A_0120,A,STEP1,B,0,-0.825939416885376,-0.575939416885376,0.43782350420951843,0.562176525592804,-0.8280855417251587,-0.5780855417251587,0.43782350420951843,1,0,"{""A"": ""orientation"", ""B"": ""position"", ""C"": ""color"", ""D"": ""size""}",/mnt/tidalfs-hssh01/dataset/xiang/models/Qwen2.5-VL-7B-Instruct,42,not_empty,next_token
A_0120,A,STEP1,C,0,-0.825939416885376,-0.575939416885376,0.43782350420951843,0.562176525592804,-0.8315712809562683,-0.5815712809562683,0.43782350420951843,1,0,"{""A"": ""orientation"", ""B"": ""position"", ""C"": ""color"", ""D"": ""size""}",/mnt/tidalfs-hssh01/dataset/xiang/models/Qwen2.5-VL-7B-Instruct,42,not_empty,next_token
A_0120,A,STEP1,D,0,-0.8981232643127441,-0.5231232643127441,0.4073334038257599,0.5926665663719177,-0.9012390375137329,-0.5262390375137329,0.4073334038257599,1,0,"{""A"": ""orientation"", ""B"": ""position"", ""C"": ""color"", ""D"": ""size""}",/mnt/tidalfs-hssh01/dataset/xiang/models/Qwen2.5-VL-7B-Instruct,42,not_empty,next_token
A_0120,A,STEP1,AB,0,-0.7575989961624146,-0.6325989961624146,0.4687906503677368,0.531209409236908,-0.7582846283912659,-0.6332846283912659,0.4687906503677368,1,0,"{""A"": ""orientation"", ""B"": ""position"", ""C"": ""color"", ""D"": ""size""}",/mnt/tidalfs-hssh01/dataset/xiang/models/Qwen2.5-VL-7B-Instruct,42,not_empty,next_token
A_0120,A,STEP1,AC,0,-0.7575989961624146,-0.6325989961624146,0.4687906503677368,0.531209409236908,-0.7581377625465393,-0.6331377625465393,0.4687906503677368,1,0,"{""A"": ""orientation"", ""B"": ""position"", ""C"": ""color"", ""D"": ""size""}",/mnt/tidalfs-hssh01/dataset/xiang/models/Qwen2.5-VL-7B-Instruct,42,not_empty,next_token
A_0120,A,STEP1,AD,0,-0.7575989961624146,-0.6325989961624146,0.4687906503677368,0.531209409236908,-0.7584500908851624,-0.6334500908851624,0.4687906503677368,1,0,"{""A"": ""orientation"", ""B"": ""position"", ""C"": ""color"", ""D"": ""size""}",/mnt/tidalfs-hssh01/dataset/xiang/models/Qwen2.5-VL-7B-Instruct,42,not_empty,next_token
A_0120,A,STEP1,BC,0,-0.825939416885376,-0.575939416885376,0.43782350420951843,0.562176525592804,-0.8263543844223022,-0.5763543844223022,0.43782350420951843,1,0,"{""A"": ""orientation"", ""B"": ""position"", ""C"": ""color"", ""D"": ""size""}",/mnt/tidalfs-hssh01/dataset/xiang/models/Qwen2.5-VL-7B-Instruct,42,not_empty,next_token
A_0120,A,STEP1,BD,0,-0.825939416885376,-0.575939416885376,0.43782350420951843,0.562176525592804,-0.8265420794487,-0.5765420794487,0.43782350420951843,1,0,"{""A"": ""orientation"", ""B"": ""position"", ""C"": ""color"", ""D"": ""size""}",/mnt/tidalfs-hssh01/dataset/xiang/models/Qwen2.5-VL-7B-Instruct,42,not_empty,next_token
A_0120,A,STEP1,CD,0,-0.8981232643127441,-0.5231232643127441,0.4073334038257599,0.5926665663719177,-0.8987683653831482,-0.5237683653831482,0.4073334038257599,1,0,"{""A"": ""orientation"", ""B"": ""position"", ""C"": ""color"", ""D"": ""size""}",/mnt/tidalfs-hssh01/dataset/xiang/models/Qwen2.5-VL-7B-Instruct,42,not_empty,next_token
A_0120,A,STEP1,ABC,0,-0.825939416885376,-0.575939416885376,0.43782350420951843,0.562176525592804,-0.8262960910797119,-0.5762960910797119,0.43782350420951843,1,0,"{""A"": ""orientation"", ""B"": ""position"", ""C"": ""color"", ""D"": ""size""}",/mnt/tidalfs-hssh01/dataset/xiang/models/Qwen2.5-VL-7B-Instruct,42,not_empty,next_token
A_0120,A,STEP1,ABD,0,-0.825939416885376,-0.575939416885376,0.43782350420951843,0.562176525592804,-0.8262649774551392,-0.5762649774551392,0.43782350420951843,1,0,"{""A"": ""orientation"", ""B"": ""position"", ""C"": ""color"", ""D"": ""size""}",/mnt/tidalfs-hssh01/dataset/xiang/models/Qwen2.5-VL-7B-Instruct,42,not_empty,next_token
A_0120,A,STEP1,ACD,0,-0.7575989961624146,-0.6325989961624146,0.4687906503677368,0.531209409236908,-0.7578884959220886,-0.6328884959220886,0.4687906503677368,1,0,"{""A"": ""orientation"", ""B"": ""position"", ""C"": ""color"", ""D"": ""size""}",/mnt/tidalfs-hssh01/dataset/xiang/models/Qwen2.5-VL-7B-Instruct,42,not_empty,next_token
A_0120,A,STEP1,BCD,0,-0.8981232643127441,-0.5231232643127441,0.4073334038257599,0.5926665663719177,-0.8983252644538879,-0.5233252644538879,0.4073334038257599,1,0,"{""A"": ""orientation"", ""B"": ""position"", ""C"": ""color"", ""D"": ""size""}",/mnt/tidalfs-hssh01/dataset/xiang/models/Qwen2.5-VL-7B-Instruct,42,not_empty,next_token
A_0120,A,STEP1,ABCD,0,-0.825939416885376,-0.575939416885376,0.43782350420951843,0.562176525592804,-0.8261984586715698,-0.5761984586715698,0.43782350420951843,1,0,"{""A"": ""orientation"", ""B"": ""position"", ""C"": ""color"", ""D"": ""size""}",/mnt/tidalfs-hssh01/dataset/xiang/models/Qwen2.5-VL-7B-Instruct,42,not_empty,next_token
A_0120,A,STEP2,EMPTY,0,-1.3132617473602295,-0.3132617473602295,0.26894140243530273,0.7310584783554077,-1.3575432300567627,-0.3575432002544403,0.26894140243530273,1,0,"{""A"": ""orientation"", ""B"": ""position"", ""C"": ""color"", ""D"": ""size""}",/mnt/tidalfs-hssh01/dataset/xiang/models/Qwen2.5-VL-7B-Instruct,42,text_only,next_token
A_0120,A,STEP2,A,0,-1.3132617473602295,-0.3132617473602295,0.26894140243530273,0.7310584783554077,-1.3183958530426025,-0.3183959126472473,0.26894140243530273,1,0,"{""A"": ""orientation"", ""B"": ""position"", ""C"": ""color"", ""D"": ""size""}",/mnt/tidalfs-hssh01/dataset/xiang/models/Qwen2.5-VL-7B-Instruct,42,not_empty,next_token
A_0120,A,STEP2,B,0,-1.1368709802627563,-0.38687101006507874,0.3208213150501251,0.6791786551475525,-1.13828706741333,-0.3882870674133301,0.3208213150501251,1,0,"{""A"": ""orientation"", ""B"": ""position"", ""C"": ""color"", ""D"": ""size""}",/mnt/tidalfs-hssh01/dataset/xiang/models/Qwen2.5-VL-7B-Instruct,42,not_empty,next_token
A_0120,A,STEP2,C,0,-1.1368709802627563,-0.38687101006507874,0.3208213150501251,0.6791786551475525,-1.1387856006622314,-0.38878560066223145,0.3208213150501251,1,0,"{""A"": ""orientation"", ""B"": ""position"", ""C"": ""color"", ""D"": ""size""}",/mnt/tidalfs-hssh01/dataset/xiang/models/Qwen2.5-VL-7B-Instruct,42,not_empty,next_token
A_0120,A,STEP2,D,0,-1.3132617473602295,-0.3132617473602295,0.26894140243530273,0.7310584783554077,-1.3144782781600952,-0.3144782781600952,0.26894140243530273,1,0,"{""A"": ""orientation"", ""B"": ""position"", ""C"": ""color"", ""D"": ""size""}",/mnt/tidalfs-hssh01/dataset/xiang/models/Qwen2.5-VL-7B-Instruct,42,not_empty,next_token
A_0120,A,STEP2,AB,0,-1.1368709802627563,-0.38687101006507874,0.3208213150501251,0.6791786551475525,-1.1385843753814697,-0.3885843753814697,0.3208213150501251,1,0,"{""A"": ""orientation"", ""B"": ""position"", ""C"": ""color"", ""D"": ""size""}",/mnt/tidalfs-hssh01/dataset/xiang/models/Qwen2.5-VL-7B-Instruct,42,not_empty,next_token
A_0120,A,STEP2,AC,0,-1.3132617473602295,-0.3132617473602295,0.26894140243530273,0.7310584783554077,-1.3137611150741577,-0.3137611448764801,0.26894140243530273,1,0,"{""A"": ""orientation"", ""B"": ""position"", ""C"": ""color"", ""D"": ""size""}",/mnt/tidalfs-hssh01/dataset/xiang/models/Qwen2.5-VL-7B-Instruct,42,not_empty,next_token
A_0120,A,STEP2,AD,0,-1.2234444618225098,-0.3484445810317993,0.29421502351760864,0.7057850360870361,-1.2250499725341797,-0.35005003213882446,0.29421502351760864,1,0,"{""A"": ""orientation"", ""B"": ""position"", ""C"": ""color"", ""D"": ""size""}",/mnt/tidalfs-hssh01/dataset/xiang/models/Qwen2.5-VL-7B-Instruct,42,not_empty,next_token
A_0120,A,STEP2,BC,0,-1.4061501026153564,-0.28115010261535645,0.24508503079414368,0.7549149990081787,-1.4069448709487915,-0.2819448709487915,0.24508503079414368,1,0,"{""A"": ""orientation"", ""B"": ""position"", ""C"": ""color"", ""D"": ""size""}",/mnt/tidalfs-hssh01/dataset/xiang/models/Qwen2.5-VL-7B-Instruct,42,not_empty,next_token
A_0120,A,STEP2,BD,0,-1.136871099472046,-0.38687101006507874,0.32082128524780273,0.6791786551475525,-1.1382524967193604,-0.3882524371147156,0.32082128524780273,1,0,"{""A"": ""orientation"", ""B"": ""position"", ""C"": ""color"", ""D"": ""size""}",/mnt/tidalfs-hssh01/dataset/xiang/models/Qwen2.5-VL-7B-Instruct,42,not_empty,next_token
A_0120,A,STEP2,CD,0,-1.0537006855010986,-0.42870065569877625,0.3486451208591461,0.6513548493385315,-1.054722547531128,-0.42972251772880554,0.3486451208591461,1,0,"{""A"": ""orientation"", ""B"": ""position"", ""C"": ""color"", ""D"": ""size""}",/mnt/tidalfs-hssh01/dataset/xiang/models/Qwen2.5-VL-7B-Instruct,42,not_empty,next_token
A_0120,A,STEP2,ABC,0,-1.2234445810317993,-0.3484445810317993,0.29421499371528625,0.7057850360870361,-1.2247041463851929,-0.34970414638519287,0.29421499371528625,1,0,"{""A"": ""orientation"", ""B"": ""position"", ""C"": ""color"", ""D"": ""size""}",/mnt/tidalfs-hssh01/dataset/xiang/models/Qwen2.5-VL-7B-Instruct,42,not_empty,next_token
A_0120,A,STEP2,ABD,0,-1.2234445810317993,-0.3484445810317993,0.29421499371528625,0.7057850360870361,-1.22417414188385,-0.3491741120815277,0.29421499371528625,1,0,"{""A"": ""orientation"", ""B"": ""position"", ""C"": ""color"", ""D"": ""size""}",/mnt/tidalfs-hssh01/dataset/xiang/models/Qwen2.5-VL-7B-Instruct,42,not_empty,next_token
A_0120,A,STEP2,ACD,0,-1.2234447002410889,-0.3484445810317993,0.2942149341106415,0.7057850360870361,-1.2238271236419678,-0.348827064037323,0.2942149341106415,1,0,"{""A"": ""orientation"", ""B"": ""position"", ""C"": ""color"", ""D"": ""size""}",/mnt/tidalfs-hssh01/dataset/xiang/models/Qwen2.5-VL-7B-Instruct,42,not_empty,next_token
A_0120,A,STEP2,BCD,0,-1.2234445810317993,-0.3484445810317993,0.29421499371528625,0.7057850360870361,-1.2238022089004517,-0.3488021790981293,0.29421499371528625,1,0,"{""A"": ""orientation"", ""B"": ""position"", ""C"": ""color"", ""D"": ""size""}",/mnt/tidalfs-hssh01/dataset/xiang/models/Qwen2.5-VL-7B-Instruct,42,not_empty,next_token
A_0120,A,STEP2,ABCD,0,-1.2234445810317993,-0.3484445810317993,0.29421499371528625,0.7057850360870361,-1.2240703105926514,-0.34907034039497375,0.29421499371528625,1,0,"{""A"": ""orientation"", ""B"": ""position"", ""C"": ""color"", ""D"": ""size""}",/mnt/tidalfs-hssh01/dataset/xiang/models/Qwen2.5-VL-7B-Instruct,42,not_empty,next_token
A_0120,A,FINAL,EMPTY,0,-0.8259394764900208,-0.575939416885376,0.43782350420951843,0.562176525592804,-1.1369755268096924,-0.8869754672050476,0.43782350420951843,1,0,"{""A"": ""orientation"", ""B"": ""position"", ""C"": ""color"", ""D"": ""size""}",/mnt/tidalfs-hssh01/dataset/xiang/models/Qwen2.5-VL-7B-Instruct,42,text_only,next_token
A_0120,A,FINAL,A,0,-0.8981232643127441,-0.5231232643127441,0.4073334038257599,0.5926665663719177,-0.9338021874427795,-0.5588021874427795,0.4073334038257599,1,0,"{""A"": ""orientation"", ""B"": ""position"", ""C"": ""color"", ""D"": ""size""}",/mnt/tidalfs-hssh01/dataset/xiang/models/Qwen2.5-VL-7B-Instruct,42,not_empty,next_token
A_0120,A,FINAL,B,0,-0.8981232643127441,-0.5231232643127441,0.4073334038257599,0.5926665663719177,-0.9183915853500366,-0.5433915853500366,0.4073334038257599,1,0,"{""A"": ""orientation"", ""B"": ""position"", ""C"": ""color"", ""D"": ""size""}",/mnt/tidalfs-hssh01/dataset/xiang/models/Qwen2.5-VL-7B-Instruct,42,not_empty,next_token
A_0120,A,FINAL,C,0,-0.8981232643127441,-0.5231232643127441,0.4073334038257599,0.5926665663719177,-0.9063037633895874,-0.5313037633895874,0.4073334038257599,1,0,"{""A"": ""orientation"", ""B"": ""position"", ""C"": ""color"", ""D"": ""size""}",/mnt/tidalfs-hssh01/dataset/xiang/models/Qwen2.5-VL-7B-Instruct,42,not_empty,next_token
A_0120,A,FINAL,D,0,-0.9740769863128662,-0.4740769863128662,0.3775406777858734,0.622459352016449,-0.9890617728233337,-0.48906177282333374,0.3775406777858734,1,0,"{""A"": ""orientation"", ""B"": ""position"", ""C"": ""color"", ""D"": ""size""}",/mnt/tidalfs-hssh01/dataset/xiang/models/Qwen2.5-VL-7B-Instruct,42,not_empty,next_token
A_0120,A,FINAL,AB,0,-0.825939416885376,-0.575939416885376,0.43782350420951843,0.562176525592804,-0.8308817148208618,-0.5808817148208618,0.43782350420951843,1,0,"{""A"": ""orientation"", ""B"": ""position"", ""C"": ""color"", ""D"": ""size""}",/mnt/tidalfs-hssh01/dataset/xiang/models/Qwen2.5-VL-7B-Instruct,42,not_empty,next_token
A_0120,A,FINAL,AC,0,-0.825939416885376,-0.575939416885376,0.43782350420951843,0.562176525592804,-0.8279115557670593,-0.5779115557670593,0.43782350420951843,1,0,"{""A"": ""orientation"", ""B"": ""position"", ""C"": ""color"", ""D"": ""size""}",/mnt/tidalfs-hssh01/dataset/xiang/models/Qwen2.5-VL-7B-Instruct,42,not_empty,next_token
A_0120,A,FINAL,AD,0,-0.8981232643127441,-0.5231232643127441,0.4073334038257599,0.5926665663719177,-0.9032459259033203,-0.5282459259033203,0.4073334038257599,1,0,"{""A"": ""orientation"", ""B"": ""position"", ""C"": ""color"", ""D"": ""size""}",/mnt/tidalfs-hssh01/dataset/xiang/models/Qwen2.5-VL-7B-Instruct,42,not_empty,next_token
A_0120,A,FINAL,BC,0,-0.825939416885376,-0.575939416885376,0.43782350420951843,0.562176525592804,-0.8288818597793579,-0.5788818597793579,0.43782350420951843,1,0,"{""A"": ""orientation"", ""B"": ""position"", ""C"": ""color"", ""D"": ""size""}",/mnt/tidalfs-hssh01/dataset/xiang/models/Qwen2.5-VL-7B-Instruct,42,not_empty,next_token
A_0120,A,FINAL,BD,0,-0.8981232643127441,-0.5231232643127441,0.4073334038257599,0.5926665663719177,-0.9015244245529175,-0.5265244245529175,0.4073334038257599,1,0,"{""A"": ""orientation"", ""B"": ""position"", ""C"": ""color"", ""D"": ""size""}",/mnt/tidalfs-hssh01/dataset/xiang/models/Qwen2.5-VL-7B-Instruct,42,not_empty,next_token
A_0120,A,FINAL,CD,0,-0.825939416885376,-0.575939416885376,0.43782350420951843,0.562176525592804,-0.8281992077827454,-0.5781992077827454,0.43782350420951843,1,0,"{""A"": ""orientation"", ""B"": ""position"", ""C"": ""color"", ""D"": ""size""}",/mnt/tidalfs-hssh01/dataset/xiang/models/Qwen2.5-VL-7B-Instruct,42,not_empty,next_token
A_0120,A,FINAL,ABC,0,-0.7575989961624146,-0.6325989961624146,0.4687906503677368,0.531209409236908,-0.7596891522407532,-0.6346891522407532,0.4687906503677368,1,0,"{""A"": ""orientation"", ""B"": ""position"", ""C"": ""color"", ""D"": ""size""}",/mnt/tidalfs-hssh01/dataset/xiang/models/Qwen2.5-VL-7B-Instruct,42,not_empty,next_token
A_0120,A,FINAL,ABD,0,-0.8981232643127441,-0.5231232643127441,0.4073334038257599,0.5926665663719177,-0.9000773429870605,-0.5250773429870605,0.4073334038257599,1,0,"{""A"": ""orientation"", ""B"": ""position"", ""C"": ""color"", ""D"": ""size""}",/mnt/tidalfs-hssh01/dataset/xiang/models/Qwen2.5-VL-7B-Instruct,42,not_empty,next_token
A_0120,A,FINAL,ACD,0,-0.8981232643127441,-0.5231232643127441,0.4073334038257599,0.5926665663719177,-0.8993036150932312,-0.5243036150932312,0.4073334038257599,1,0,"{""A"": ""orientation"", ""B"": ""position"", ""C"": ""color"", ""D"": ""size""}",/mnt/tidalfs-hssh01/dataset/xiang/models/Qwen2.5-VL-7B-Instruct,42,not_empty,next_token
A_0120,A,FINAL,BCD,0,-0.9740769863128662,-0.4740769863128662,0.3775406777858734,0.622459352016449,-0.9755059480667114,-0.4755059480667114,0.3775406777858734,1,0,"{""A"": ""orientation"", ""B"": ""position"", ""C"": ""color"", ""D"": ""size""}",/mnt/tidalfs-hssh01/dataset/xiang/models/Qwen2.5-VL-7B-Instruct,42,not_empty,next_token
A_0120,A,FINAL,ABCD,0,-0.8981232643127441,-0.5231232643127441,0.4073334038257599,0.5926665663719177,-0.899936318397522,-0.524936318397522,0.4073334038257599,1,0,"{""A"": ""orientation"", ""B"": ""position"", ""C"": ""color"", ""D"": ""size""}",/mnt/tidalfs-hssh01/dataset/xiang/models/Qwen2.5-VL-7B-Instruct,42,not_empty,next_token
B_0000,B,STEP,EMPTY,0,-0.8981232643127441,-0.5231232643127441,0.4073334038257599,0.5926665663719177,-0.9199725389480591,-0.5449725389480591,0.4073334038257599,1,0,"{""A"": ""position"", ""B"": ""color"", ""C"": ""size"", ""D"": ""orientation""}",/mnt/tidalfs-hssh01/dataset/xiang/models/Qwen2.5-VL-7B-Instruct,42,text_only,next_token
B_0000,B,STEP,A,0,-0.825939416885376,-0.575939416885376,0.43782350420951843,0.562176525592804,-0.828015148639679,-0.578015148639679,0.43782350420951843,1,0,"{""A"": ""position"", ""B"": ""color"", ""C"": ""size"", ""D"": ""orientation""}",/mnt/tidalfs-hssh01/dataset/xiang/models/Qwen2.5-VL-7B-Instruct,42,not_empty,next_token
B_0000,B,STEP,B,0,-0.9740769863128662,-0.4740769863128662,0.3775406777858734,0.622459352016449,-0.9755319356918335,-0.4755319356918335,0.3775406777858734,1,0,"{""A"": ""position"", ""B"": ""color"", ""C"": ""size"", ""D"": ""orientation""}",/mnt/tidalfs-hssh01/dataset/xiang/models/Qwen2.5-VL-7B-Instruct,42,not_empty,next_token
B_0000,B,STEP,C,0,-0.9740769863128662,-0.4740769863128662,0.3775406777858734,0.622459352016449,-0.975752592086792,-0.475752592086792,0.3775406777858734,1,0,"{""A"": ""position"", ""B"": ""color"", ""C"": ""size"", ""D"": ""orientation""}",/mnt/tidalfs-hssh01/dataset/xiang/models/Qwen2.5-VL-7B-Instruct,42,not_empty,next_token
B_0000,B,STEP,D,0,-0.9740769863128662,-0.4740769863128662,0.3775406777858734,0.622459352016449,-0.976794958114624,-0.4767949879169464,0.3775406777858734,1,0,"{""A"": ""position"", ""B"": ""color"", ""C"": ""size"", ""D"": ""orientation""}",/mnt/tidalfs-hssh01/dataset/xiang/models/Qwen2.5-VL-7B-Instruct,42,not_empty,next_token
B_0000,B,STEP,AB,0,-0.8981232643127441,-0.5231232643127441,0.4073334038257599,0.5926665663719177,-0.8987858891487122,-0.5237858891487122,0.4073334038257599,1,0,"{""A"": ""position"", ""B"": ""color"", ""C"": ""size"", ""D"": ""orientation""}",/mnt/tidalfs-hssh01/dataset/xiang/models/Qwen2.5-VL-7B-Instruct,42,not_empty,next_token
B_0000,B,STEP,AC,0,-0.8981232643127441,-0.5231232643127441,0.4073334038257599,0.5926665663719177,-0.8986004590988159,-0.5236004590988159,0.4073334038257599,1,0,"{""A"": ""position"", ""B"": ""color"", ""C"": ""size"", ""D"": ""orientation""}",/mnt/tidalfs-hssh01/dataset/xiang/models/Qwen2.5-VL-7B-Instruct,42,not_empty,next_token
B_0000,B,STEP,AD,0,-0.825939416885376,-0.575939416885376,0.43782350420951843,0.562176525592804,-0.8268888592720032,-0.5768888592720032,0.43782350420951843,1,0,"{""A"": ""position"", ""B"": ""color"", ""C"": ""size"", ""D"": ""orientation""}",/mnt/tidalfs-hssh01/dataset/xiang/models/Qwen2.5-VL-7B-Instruct,42,not_empty,next_token
B_0000,B,STEP,BC,0,-0.9740769863128662,-0.4740769863128662,0.3775406777858734,0.622459352016449,-0.9747999310493469,-0.4747999310493469,0.3775406777858734,1,0,"{""A"": ""position"", ""B"": ""color"", ""C"": ""size"", ""D"": ""orientation""}",/mnt/tidalfs-hssh01/dataset/xiang/models/Qwen2.5-VL-7B-Instruct,42,not_empty,next_token
B_0000,B,STEP,BD,0,-0.8981232643127441,-0.5231232643127441,0.4073334038257599,0.5926665663719177,-0.8989585638046265,-0.5239585638046265,0.4073334038257599,1,0,"{""A"": ""position"", ""B"": ""color"", ""C"": ""size"", ""D"": ""orientation""}",/mnt/tidalfs-hssh01/dataset/xiang/models/Qwen2.5-VL-7B-Instruct,42,not_empty,next_token
B_0000,B,STEP,CD,0,-0.9740769863128662,-0.4740769863128662,0.3775406777858734,0.622459352016449,-0.974639356136322,-0.474639356136322,0.3775406777858734,1,0,"{""A"": ""position"", ""B"": ""color"", ""C"": ""size"", ""D"": ""orientation""}",/mnt/tidalfs-hssh01/dataset/xiang/models/Qwen2.5-VL-7B-Instruct,42,not_empty,next_token
B_0000,B,STEP,ABC,0,-0.9740769863128662,-0.4740769863128662,0.3775406777858734,0.622459352016449,-0.9744856953620911,-0.47448569536209106,0.3775406777858734,1,0,"{""A"": ""position"", ""B"": ""color"", ""C"": ""size"", ""D"": ""orientation""}",/mnt/tidalfs-hssh01/dataset/xiang/models/Qwen2.5-VL-7B-Instruct,42,not_empty,next_token
B_0000,B,STEP,ABD,0,-0.9740769863128662,-0.4740769863128662,0.3775406777858734,0.622459352016449,-0.9744592905044556,-0.47445929050445557,0.3775406777858734,1,0,"{""A"": ""position"", ""B"": ""color"", ""C"": ""size"", ""D"": ""orientation""}",/mnt/tidalfs-hssh01/dataset/xiang/models/Qwen2.5-VL-7B-Instruct,42,not_empty,next_token
B_0000,B,STEP,ACD,0,-0.9740769863128662,-0.4740769863128662,0.3775406777858734,0.622459352016449,-0.9744682312011719,-0.47446826100349426,0.3775406777858734,1,0,"{""A"": ""position"", ""B"": ""color"", ""C"": ""size"", ""D"": ""orientation""}",/mnt/tidalfs-hssh01/dataset/xiang/models/Qwen2.5-VL-7B-Instruct,42,not_empty,next_token
B_0000,B,STEP,BCD,0,-0.9740769863128662,-0.4740769863128662,0.3775406777858734,0.622459352016449,-0.974540650844574,-0.474540650844574,0.3775406777858734,1,0,"{""A"": ""position"", ""B"": ""color"", ""C"": ""size"", ""D"": ""orientation""}",/mnt/tidalfs-hssh01/dataset/xiang/models/Qwen2.5-VL-7B-Instruct,42,not_empty,next_token
B_0000,B,STEP,ABCD,0,-1.0537006855010986,-0.42870065569877625,0.3486451208591461,0.6513548493385315,-1.0540250539779663,-0.4290250837802887,0.3486451208591461,1,0,"{""A"": ""position"", ""B"": ""color"", ""C"": ""size"", ""D"": ""orientation""}",/mnt/tidalfs-hssh01/dataset/xiang/models/Qwen2.5-VL-7B-Instruct,42,not_empty,next_token
B_0008,B,STEP,EMPTY,0,-0.9740769863128662,-0.4740769863128662,0.3775406777858734,0.622459352016449,-0.9828988313674927,-0.4828988313674927,0.3775406777858734,1,0,"{""A"": ""color"", ""B"": ""size"", ""C"": ""orientation"", ""D"": ""position""}",/mnt/tidalfs-hssh01/dataset/xiang/models/Qwen2.5-VL-7B-Instruct,42,text_only,next_token
B_0008,B,STEP,A,0,-0.8981232643127441,-0.5231232643127441,0.4073334038257599,0.5926665663719177,-0.8992325067520142,-0.5242325067520142,0.4073334038257599,1,0,"{""A"": ""color"", ""B"": ""size"", ""C"": ""orientation"", ""D"": ""position""}",/mnt/tidalfs-hssh01/dataset/xiang/models/Qwen2.5-VL-7B-Instruct,42,not_empty,next_token
B_0008,B,STEP,B,0,-0.9740769863128662,-0.4740769863128662,0.3775406777858734,0.622459352016449,-0.9750934839248657,-0.4750934839248657,0.3775406777858734,1,0,"{""A"": ""color"", ""B"": ""size"", ""C"": ""orientation"", ""D"": ""position""}",/mnt/tidalfs-hssh01/dataset/xiang/models/Qwen2.5-VL-7B-Instruct,42,not_empty,next_token
B_0008,B,STEP,C,0,-1.1368709802627563,-0.38687101006507874,0.3208213150501251,0.6791786551475525,-1.1379870176315308,-0.3879869878292084,0.3208213150501251,1,0,"{""A"": ""color"", ""B"": ""size"", ""C"": ""orientation"", ""D"": ""position""}",/mnt/tidalfs-hssh01/dataset/xiang/models/Qwen2.5-VL-7B-Instruct,42,not_empty,next_token
B_0008,B,STEP,D,0,-0.9740769863128662,-0.4740769863128662,0.3775406777858734,0.622459352016449,-0.9757544994354248,-0.4757544994354248,0.3775406777858734,1,0,"{""A"": ""color"", ""B"": ""size"", ""C"": ""orientation"", ""D"": ""position""}",/mnt/tidalfs-hssh01/dataset/xiang/models/Qwen2.5-VL-7B-Instruct,42,not_empty,next_token
B_0008,B,STEP,AB,0,-0.9740769863128662,-0.4740769863128662,0.3775406777858734,0.622459352016449,-0.9745907783508301,-0.4745907783508301,0.3775406777858734,1,0,"{""A"": ""color"", ""B"": ""size"", ""C"": ""orientation"", ""D"": ""position""}",/mnt/tidalfs-hssh01/dataset/xiang/models/Qwen2.5-VL-7B-Instruct,42,not_empty,next_token
B_0008,B,STEP,AC,0,-0.9740769863128662,-0.4740769863128662,0.3775406777858734,0.622459352016449,-0.9745014905929565,-0.47450149059295654,0.3775406777858734,1,0,"{""A"": ""color"", ""B"": ""size"", ""C"": ""orientation"", ""D"": ""position""}",/mnt/tidalfs-hssh01/dataset/xiang/models/Qwen2.5-VL-7B-Instruct,42,not_empty,next_token
B_0008,B,STEP,AD,0,-0.825939416885376,-0.575939416885376,0.43782350420951843,0.562176525592804,-0.8263810873031616,-0.5763810873031616,0.43782350420951843,1,0,"{""A"": ""color"", ""B"": ""size"", ""C"": ""orientation"", ""D"": ""position""}",/mnt/tidalfs-hssh01/dataset/xiang/models/Qwen2.5-VL-7B-Instruct,42,not_empty,next_token
B_0008,B,STEP,BC,0,-1.0537006855010986,-0.42870065569877625,0.3486451208591461,0.6513548493385315,-1.0542337894439697,-0.4292337894439697,0.3486451208591461,1,0,"{""A"": ""color"", ""B"": ""size"", ""C"": ""orientation"", ""D"": ""position""}",/mnt/tidalfs-hssh01/dataset/xiang/models/Qwen2.5-VL-7B-Instruct,42,not_empty,next_token
B_0008,B,STEP,BD,0,-0.8981232643127441,-0.5231232643127441,0.4073334038257599,0.5926665663719177,-0.8987648487091064,-0.5237648487091064,0.4073334038257599,1,0,"{""A"": ""color"", ""B"": ""size"", ""C"": ""orientation"", ""D"": ""position""}",/mnt/tidalfs-hssh01/dataset/xiang/models/Qwen2.5-VL-7B-Instruct,42,not_empty,next_token
B_0008,B,STEP,CD,0,-1.053700566291809,-0.42870065569877625,0.3486451506614685,0.6513548493385315,-1.0543367862701416,-0.4293368458747864,0.3486451506614685,1,0,"{""A"": ""color"", ""B"": ""size"", ""C"": ""orientation"", ""D"": ""position""}",/mnt/tidalfs-hssh01/dataset/xiang/models/Qwen2.5-VL-7B-Instruct,42,not_empty,next_token
B_0008,B,STEP,ABC,0,-0.8981232643127441,-0.5231232643127441,0.4073334038257599,0.5926665663719177,-0.8984525799751282,-0.5234525799751282,0.4073334038257599,1,0,"{""A"": ""color"", ""B"": ""size"", ""C"": ""orientation"", ""D"": ""position""}",/mnt/tidalfs-hssh01/dataset/xiang/models/Qwen2.5-VL-7B-Instruct,42,not_empty,next_token
B_0008,B,STEP,ABD,0,-0.8981232643127441,-0.5231232643127441,0.4073334038257599,0.5926665663719177,-0.8984254598617554,-0.5234254598617554,0.4073334038257599,1,0,"{""A"": ""color"", ""B"": ""size"", ""C"": ""orientation"", ""D"": ""position""}",/mnt/tidalfs-hssh01/dataset/xiang/models/Qwen2.5-VL-7B-Instruct,42,not_empty,next_token
B_0008,B,STEP,ACD,0,-1.0537006855010986,-0.42870065569877625,0.3486451208591461,0.6513548493385315,-1.0540244579315186,-0.42902445793151855,0.3486451208591461,1,0,"{""A"": ""color"", ""B"": ""size"", ""C"": ""orientation"", ""D"": ""position""}",/mnt/tidalfs-hssh01/dataset/xiang/models/Qwen2.5-VL-7B-Instruct,42,not_empty,next_token
B_0008,B,STEP,BCD,0,-0.9740769863128662,-0.4740769863128662,0.3775406777858734,0.622459352016449,-0.974594235420227,-0.47459420561790466,0.3775406777858734,1,0,"{""A"": ""color"", ""B"": ""size"", ""C"": ""orientation"", ""D"": ""position""}",/mnt/tidalfs-hssh01/dataset/xiang/models/Qwen2.5-VL-7B-Instruct,42,not_empty,next_token
B_0008,B,STEP,ABCD,0,-1.1368709802627563,-0.38687101006507874,0.3208213150501251,0.6791786551475525,-1.1371241807937622,-0.3871241509914398,0.3208213150501251,1,0,"{""A"": ""color"", ""B"": ""size"", ""C"": ""orientation"", ""D"": ""position""}",/mnt/tidalfs-hssh01/dataset/xiang/models/Qwen2.5-VL-7B-Instruct,42,not_empty,next_token
B_0016,B,STEP,EMPTY,0,-0.825939416885376,-0.575939416885376,0.43782350420951843,0.562176525592804,-0.8349793553352356,-0.5849793553352356,0.43782350420951843,1,0,"{""A"": ""size"", ""B"": ""orientation"", ""C"": ""position"", ""D"": ""color""}",/mnt/tidalfs-hssh01/dataset/xiang/models/Qwen2.5-VL-7B-Instruct,42,text_only,next_token
B_0016,B,STEP,A,0,-0.8981232643127441,-0.5231232643127441,0.4073334038257599,0.5926665663719177,-0.8990103006362915,-0.5240103006362915,0.4073334038257599,1,0,"{""A"": ""size"", ""B"": ""orientation"", ""C"": ""position"", ""D"": ""color""}",/mnt/tidalfs-hssh01/dataset/xiang/models/Qwen2.5-VL-7B-Instruct,42,not_empty,next_token
B_0016,B,STEP,B,0,-1.0537006855010986,-0.42870065569877625,0.3486451208591461,0.6513548493385315,-1.0545393228530884,-0.429539293050766,0.3486451208591461,1,0,"{""A"": ""size"", ""B"": ""orientation"", ""C"": ""position"", ""D"": ""color""}",/mnt/tidalfs-hssh01/dataset/xiang/models/Qwen2.5-VL-7B-Instruct,42,not_empty,next_token
B_0016,B,STEP,C,0,-0.825939416885376,-0.575939416885376,0.43782350420951843,0.562176525592804,-0.8274153470993042,-0.5774153470993042,0.43782350420951843,1,0,"{""A"": ""size"", ""B"": ""orientation"", ""C"": ""position"", ""D"": ""color""}",/mnt/tidalfs-hssh01/dataset/xiang/models/Qwen2.5-VL-7B-Instruct,42,not_empty,next_token
B_0016,B,STEP,D,0,-0.825939416885376,-0.575939416885376,0.43782350420951843,0.562176525592804,-0.8275613784790039,-0.5775613784790039,0.43782350420951843,1,0,"{""A"": ""size"", ""B"": ""orientation"", ""C"": ""position"", ""D"": ""color""}",/mnt/tidalfs-hssh01/dataset/xiang/models/Qwen2.5-VL-7B-Instruct,42,not_empty,next_token
B_0016,B,STEP,AB,0,-0.825939416885376,-0.575939416885376,0.43782350420951843,0.562176525592804,-0.82627272605896,-0.57627272605896,0.43782350420951843,1,0,"{""A"": ""size"", ""B"": ""orientation"", ""C"": ""position"", ""D"": ""color""}",/mnt/tidalfs-hssh01/dataset/xiang/models/Qwen2.5-VL-7B-Instruct,42,not_empty,next_token
B_0016,B,STEP,AC,0,-0.8981232643127441,-0.5231232643127441,0.4073334038257599,0.5926665663719177,-0.8984248042106628,-0.5234248042106628,0.4073334038257599,1,0,"{""A"": ""size"", ""B"": ""orientation"", ""C"": ""position"", ""D"": ""color""}",/mnt/tidalfs-hssh01/dataset/xiang/models/Qwen2.5-VL-7B-Instruct,42,not_empty,next_token
B_0016,B,STEP,AD,0,-0.8981232643127441,-0.5231232643127441,0.4073334038257599,0.5926665663719177,-0.89857017993927,-0.52357017993927,0.4073334038257599,1,0,"{""A"": ""size"", ""B"": ""orientation"", ""C"": ""position"", ""D"": ""color""}",/mnt/tidalfs-hssh01/dataset/xiang/models/Qwen2.5-VL-7B-Instruct,42,not_empty,next_token
B_0016,B,STEP,BC,0,-1.053700566291809,-0.42870065569877625,0.3486451506614685,0.6513548493385315,-1.0542738437652588,-0.42927390336990356,0.3486451506614685,1,0,"{""A"": ""size"", ""B"": ""orientation"", ""C"": ""position"", ""D"": ""color""}",/mnt/tidalfs-hssh01/dataset/xiang/models/Qwen2.5-VL-7B-Instruct,42,not_empty,next_token
B_0016,B,STEP,BD,0,-1.053700566291809,-0.42870065569877625,0.3486451506614685,0.6513548493385315,-1.0542681217193604,-0.4292681813240051,0.3486451506614685,1,0,"{""A"": ""size"", ""B"": ""orientation"", ""C"": ""position"", ""D"": ""color""}",/mnt/tidalfs-hssh01/dataset/xiang/models/Qwen2.5-VL-7B-Instruct,42,not_empty,next_token
B_0016,B,STEP,CD,0,-0.825939416885376,-0.575939416885376,0.43782350420951843,0.562176525592804,-0.8265458345413208,-0.5765458345413208,0.43782350420951843,1,0,"{""A"": ""size"", ""B"": ""orientation"", ""C"": ""position"", ""D"": ""color""}",/mnt/tidalfs-hssh01/dataset/xiang/models/Qwen2.5-VL-7B-Instruct,42,not_empty,next_token
B_0016,B,STEP,ABC,0,-0.825939416885376,-0.575939416885376,0.43782350420951843,0.562176525592804,-0.8262737393379211,-0.5762737393379211,0.43782350420951843,1,0,"{""A"": ""size"", ""B"": ""orientation"", ""C"": ""position"", ""D"": ""color""}",/mnt/tidalfs-hssh01/dataset/xiang/models/Qwen2.5-VL-7B-Instruct,42,not_empty,next_token
B_0016,B,STEP,ABD,0,-0.825939416885376,-0.575939416885376,0.43782350420951843,0.562176525592804,-0.8262296915054321,-0.5762296915054321,0.43782350420951843,1,0,"{""A"": ""size"", ""B"": ""orientation"", ""C"": ""position"", ""D"": ""color""}",/mnt/tidalfs-hssh01/dataset/xiang/models/Qwen2.5-VL-7B-Instruct,42,not_empty,next_token
B_0016,B,STEP,ACD,0,-0.8981232643127441,-0.5231232643127441,0.4073334038257599,0.5926665663719177,-0.8983664512634277,-0.5233664512634277,0.4073334038257599,1,0,"{""A"": ""size"", ""B"": ""orientation"", ""C"": ""position"", ""D"": ""color""}",/mnt/tidalfs-hssh01/dataset/xiang/models/Qwen2.5-VL-7B-Instruct,42,not_empty,next_token
B_0016,B,STEP,BCD,0,-0.9740769863128662,-0.4740769863128662,0.3775406777858734,0.622459352016449,-0.9747082591056824,-0.4747082591056824,0.3775406777858734,1,0,"{""A"": ""size"", ""B"": ""orientation"", ""C"": ""position"", ""D"": ""color""}",/mnt/tidalfs-hssh01/dataset/xiang/models/Qwen2.5-VL-7B-Instruct,42,not_empty,next_token
B_0016,B,STEP,ABCD,0,-0.825939416885376,-0.575939416885376,0.43782350420951843,0.562176525592804,-0.8262183666229248,-0.5762183666229248,0.43782350420951843,1,0,"{""A"": ""size"", ""B"": ""orientation"", ""C"": ""position"", ""D"": ""color""}",/mnt/tidalfs-hssh01/dataset/xiang/models/Qwen2.5-VL-7B-Instruct,42,not_empty,next_token
B_0024,B,STEP,EMPTY,0,-0.8981232643127441,-0.5231232643127441,0.4073334038257599,0.5926665663719177,-0.9087707996368408,-0.5337707996368408,0.4073334038257599,1,0,"{""A"": ""orientation"", ""B"": ""position"", ""C"": ""color"", ""D"": ""size""}",/mnt/tidalfs-hssh01/dataset/xiang/models/Qwen2.5-VL-7B-Instruct,42,text_only,next_token
B_0024,B,STEP,A,0,-0.825939416885376,-0.575939416885376,0.43782350420951843,0.562176525592804,-0.8267313241958618,-0.5767313241958618,0.43782350420951843,1,0,"{""A"": ""orientation"", ""B"": ""position"", ""C"": ""color"", ""D"": ""size""}",/mnt/tidalfs-hssh01/dataset/xiang/models/Qwen2.5-VL-7B-Instruct,42,not_empty,next_token
B_0024,B,STEP,B,0,-0.825939416885376,-0.575939416885376,0.43782350420951843,0.562176525592804,-0.8270713090896606,-0.5770713090896606,0.43782350420951843,1,0,"{""A"": ""orientation"", ""B"": ""position"", ""C"": ""color"", ""D"": ""size""}",/mnt/tidalfs-hssh01/dataset/xiang/models/Qwen2.5-VL-7B-Instruct,42,not_empty,next_token
B_0024,B,STEP,C,0,-0.825939416885376,-0.575939416885376,0.43782350420951843,0.562176525592804,-0.8267386555671692,-0.5767386555671692,0.43782350420951843,1,0,"{""A"": ""orientation"", ""B"": ""position"", ""C"": ""color"", ""D"": ""size""}",/mnt/tidalfs-hssh01/dataset/xiang/models/Qwen2.5-VL-7B-Instruct,42,not_empty,next_token
B_0024,B,STEP,D,0,-0.8981232643127441,-0.5231232643127441,0.4073334038257599,0.5926665663719177,-0.8993092775344849,-0.5243092775344849,0.4073334038257599,1,0,"{""A"": ""orientation"", ""B"": ""position"", ""C"": ""color"", ""D"": ""size""}",/mnt/tidalfs-hssh01/dataset/xiang/models/Qwen2.5-VL-7B-Instruct,42,not_empty,next_token
B_0024,B,STEP,AB,0,-0.8981232643127441,-0.5231232643127441,0.4073334038257599,0.5926665663719177,-0.898700475692749,-0.523700475692749,0.4073334038257599,1,0,"{""A"": ""orientation"", ""B"": ""position"", ""C"": ""color"", ""D"": ""size""}",/mnt/tidalfs-hssh01/dataset/xiang/models/Qwen2.5-VL-7B-Instruct,42,not_empty,next_token
B_0024,B,STEP,AC,0,-0.9740769863128662,-0.4740769863128662,0.3775406777858734,0.622459352016449,-0.974475622177124,-0.474475622177124,0.3775406777858734,1,0,"{""A"": ""orientation"", ""B"": ""position"", ""C"": ""color"", ""D"": ""size""}",/mnt/tidalfs-hssh01/dataset/xiang/models/Qwen2.5-VL-7B-Instruct,42,not_empty,next_token
B_0024,B,STEP,AD,0,-0.8981232643127441,-0.5231232643127441,0.4073334038257599,0.5926665663719177,-0.8986918330192566,-0.5236918330192566,0.4073334038257599,1,0,"{""A"": ""orientation"", ""B"": ""position"", ""C"": ""color"", ""D"": ""size""}",/mnt/tidalfs-hssh01/dataset/xiang/models/Qwen2.5-VL-7B-Instruct,42,not_empty,next_token
B_0024,B,STEP,BC,0,-0.8981232643127441,-0.5231232643127441,0.4073334038257599,0.5926665663719177,-0.8987576365470886,-0.5237576365470886,0.4073334038257599,1,0,"{""A"": ""orientation"", ""B"": ""position"", ""C"": ""color"", ""D"": ""size""}",/mnt/tidalfs-hssh01/dataset/xiang/models/Qwen2.5-VL-7B-Instruct,42,not_empty,next_token
B_0024,B,STEP,BD,0,-0.7575989961624146,-0.6325989961624146,0.4687906503677368,0.531209409236908,-0.7579213976860046,-0.6329213976860046,0.4687906503677368,1,0,"{""A"": ""orientation"", ""B"": ""position"", ""C"": ""color"", ""D"": ""size""}",/mnt/tidalfs-hssh01/dataset/xiang/models/Qwen2.5-VL-7B-Instruct,42,not_empty,next_token
B_0024,B,STEP,CD,0,-0.825939416885376,-0.575939416885376,0.43782350420951843,0.562176525592804,-0.82627272605896,-0.57627272605896,0.43782350420951843,1,0,"{""A"": ""orientation"", ""B"": ""position"", ""C"": ""color"", ""D"": ""size""}",/mnt/tidalfs-hssh01/dataset/xiang/models/Qwen2.5-VL-7B-Instruct,42,not_empty,next_token
B_0024,B,STEP,ABC,0,-0.9740769863128662,-0.4740769863128662,0.3775406777858734,0.622459352016449,-0.9745186567306519,-0.47451862692832947,0.3775406777858734,1,0,"{""A"": ""orientation"", ""B"": ""position"", ""C"": ""color"", ""D"": ""size""}",/mnt/tidalfs-hssh01/dataset/xiang/models/Qwen2.5-VL-7B-Instruct,42,not_empty,next_token
B_0024,B,STEP,ABD,0,-0.8981232643127441,-0.5231232643127441,0.4073334038257599,0.5926665663719177,-0.8984944820404053,-0.5234944820404053,0.4073334038257599,1,0,"{""A"": ""orientation"", ""B"": ""position"", ""C"": ""color"", ""D"": ""size""}",/mnt/tidalfs-hssh01/dataset/xiang/models/Qwen2.5-VL-7B-Instruct,42,not_empty,next_token
B_0024,B,STEP,ACD,0,-0.9740769863128662,-0.4740769863128662,0.3775406777858734,0.622459352016449,-0.9743804931640625,-0.4743804931640625,0.3775406777858734,1,0,"{""A"": ""orientation"", ""B"": ""position"", ""C"": ""color"", ""D"": ""size""}",/mnt/tidalfs-hssh01/dataset/xiang/models/Qwen2.5-VL-7B-Instruct,42,not_empty,next_token
B_0024,B,STEP,BCD,0,-0.825939416885376,-0.575939416885376,0.43782350420951843,0.562176525592804,-0.8262289762496948,-0.5762289762496948,0.43782350420951843,1,0,"{""A"": ""orientation"", ""B"": ""position"", ""C"": ""color"", ""D"": ""size""}",/mnt/tidalfs-hssh01/dataset/xiang/models/Qwen2.5-VL-7B-Instruct,42,not_empty,next_token
B_0024,B,STEP,ABCD,0,-1.0537006855010986,-0.42870065569877625,0.3486451208591461,0.6513548493385315,-1.0540271997451782,-0.4290271997451782,0.3486451208591461,1,0,"{""A"": ""orientation"", ""B"": ""position"", ""C"": ""color"", ""D"": ""size""}",/mnt/tidalfs-hssh01/dataset/xiang/models/Qwen2.5-VL-7B-Instruct,42,not_empty,next_token
B_0032,B,STEP,EMPTY,1,-0.8981232643127441,-0.5231232643127441,0.4073334038257599,0.5926665663719177,-0.9199725389480591,-0.5449725389480591,0.5926665663719177,1,1,"{""A"": ""position"", ""B"": ""color"", ""C"": ""size"", ""D"": ""orientation""}",/mnt/tidalfs-hssh01/dataset/xiang/models/Qwen2.5-VL-7B-Instruct,42,text_only,next_token
B_0032,B,STEP,A,1,-0.7575989961624146,-0.6325989961624146,0.4687906503677368,0.531209409236908,-0.7590900659561157,-0.6340900659561157,0.531209409236908,1,1,"{""A"": ""position"", ""B"": ""color"", ""C"": ""size"", ""D"": ""orientation""}",/mnt/tidalfs-hssh01/dataset/xiang/models/Qwen2.5-VL-7B-Instruct,42,not_empty,next_token
B_0032,B,STEP,B,1,-0.9740769863128662,-0.4740769863128662,0.3775406777858734,0.622459352016449,-0.9755319356918335,-0.4755319356918335,0.622459352016449,1,1,"{""A"": ""position"", ""B"": ""color"", ""C"": ""size"", ""D"": ""orientation""}",/mnt/tidalfs-hssh01/dataset/xiang/models/Qwen2.5-VL-7B-Instruct,42,not_empty,next_token
B_0032,B,STEP,C,1,-0.9740769863128662,-0.4740769863128662,0.3775406777858734,0.622459352016449,-0.975752592086792,-0.475752592086792,0.622459352016449,1,1,"{""A"": ""position"", ""B"": ""color"", ""C"": ""size"", ""D"": ""orientation""}",/mnt/tidalfs-hssh01/dataset/xiang/models/Qwen2.5-VL-7B-Instruct,42,not_empty,next_token
B_0032,B,STEP,D,1,-0.825939416885376,-0.575939416885376,0.43782350420951843,0.562176525592804,-0.830412745475769,-0.580412745475769,0.562176525592804,1,1,"{""A"": ""position"", ""B"": ""color"", ""C"": ""size"", ""D"": ""orientation""}",/mnt/tidalfs-hssh01/dataset/xiang/models/Qwen2.5-VL-7B-Instruct,42,not_empty,next_token
B_0032,B,STEP,AB,1,-0.8981232643127441,-0.5231232643127441,0.4073334038257599,0.5926665663719177,-0.8987698554992676,-0.5237698554992676,0.5926665663719177,1,1,"{""A"": ""position"", ""B"": ""color"", ""C"": ""size"", ""D"": ""orientation""}",/mnt/tidalfs-hssh01/dataset/xiang/models/Qwen2.5-VL-7B-Instruct,42,not_empty,next_token
B_0032,B,STEP,AC,1,-0.8981232643127441,-0.5231232643127441,0.4073334038257599,0.5926665663719177,-0.8985034227371216,-0.5235034227371216,0.5926665663719177,1,1,"{""A"": ""position"", ""B"": ""color"", ""C"": ""size"", ""D"": ""orientation""}",/mnt/tidalfs-hssh01/dataset/xiang/models/Qwen2.5-VL-7B-Instruct,42,not_empty,next_token
B_0032,B,STEP,AD,1,-0.825939416885376,-0.575939416885376,0.43782350420951843,0.562176525592804,-0.826555073261261,-0.576555073261261,0.562176525592804,1,1,"{""A"": ""position"", ""B"": ""color"", ""C"": ""size"", ""D"": ""orientation""}",/mnt/tidalfs-hssh01/dataset/xiang/models/Qwen2.5-VL-7B-Instruct,42,not_empty,next_token
B_0032,B,STEP,BC,1,-0.9740769863128662,-0.4740769863128662,0.3775406777858734,0.622459352016449,-0.9747999310493469,-0.4747999310493469,0.622459352016449,1,1,"{""A"": ""position"", ""B"": ""color"", ""C"": ""size"", ""D"": ""orientation""}",/mnt/tidalfs-hssh01/dataset/xiang/models/Qwen2.5-VL-7B-Instruct,42,not_empty,next_token
B_0032,B,STEP,BD,1,-0.8981232643127441,-0.5231232643127441,0.4073334038257599,0.5926665663719177,-0.8990422487258911,-0.5240422487258911,0.5926665663719177,1,1,"{""A"": ""position"", ""B"": ""color"", ""C"": ""size"", ""D"": ""orientation""}",/mnt/tidalfs-hssh01/dataset/xiang/models/Qwen2.5-VL-7B-Instruct,42,not_empty,next_token
B_0032,B,STEP,CD,1,-0.9740769863128662,-0.4740769863128662,0.3775406777858734,0.622459352016449,-0.9747158288955688,-0.47471582889556885,0.622459352016449,1,1,"{""A"": ""position"", ""B"": ""color"", ""C"": ""size"", ""D"": ""orientation""}",/mnt/tidalfs-hssh01/dataset/xiang/models/Qwen2.5-VL-7B-Instruct,42,not_empty,next_token
B_0032,B,STEP,ABC,1,-0.8981232643127441,-0.5231232643127441,0.4073334038257599,0.5926665663719177,-0.8984819650650024,-0.5234819650650024,0.5926665663719177,1,1,"{""A"": ""position"", ""B"": ""color"", ""C"": ""size"", ""D"": ""orientation""}",/mnt/tidalfs-hssh01/dataset/xiang/models/Qwen2.5-VL-7B-Instruct,42,not_empty,next_token
B_0032,B,STEP,ABD,1,-0.8981232643127441,-0.5231232643127441,0.4073334038257599,0.5926665663719177,-0.8984718322753906,-0.5234718322753906,0.5926665663719177,1,1,"{""A"": ""position"", ""B"": ""color"", ""C"": ""size"", ""D"": ""orientation""}",/mnt/tidalfs-hssh01/dataset/xiang/models/Qwen2.5-VL-7B-Instruct,42,not_empty,next_token
B_0032,B,STEP,ACD,1,-0.8981232643127441,-0.5231232643127441,0.4073334038257599,0.5926665663719177,-0.8984436988830566,-0.5234436988830566,0.5926665663719177,1,1,"{""A"": ""position"", ""B"": ""color"", ""C"": ""size"", ""D"": ""orientation""}",/mnt/tidalfs-hssh01/dataset/xiang/models/Qwen2.5-VL-7B-Instruct,42,not_empty,next_token
B_0032,B,STEP,BCD,1,-0.9740769863128662,-0.4740769863128662,0.3775406777858734,0.622459352016449,-0.9745994806289673,-0.4745994806289673,0.622459352016449,1,1,"{""A"": ""position"", ""B"": ""color"", ""C"": ""size"", ""D"": ""orientation""}",/mnt/tidalfs-hssh01/dataset/xiang/models/Qwen2.5-VL-7B-Instruct,42,not_empty,next_token
B_0032,B,STEP,ABCD,1,-0.9740769863128662,-0.4740769863128662,0.3775406777858734,0.622459352016449,-0.9743953347206116,-0.4743953347206116,0.622459352016449,1,1,"{""A"": ""position"", ""B"": ""color"", ""C"": ""size"", ""D"": ""orientation""}",/mnt/tidalfs-hssh01/dataset/xiang/models/Qwen2.5-VL-7B-Instruct,42,not_empty,next_token
B_0040,B,STEP,EMPTY,1,-0.9740769863128662,-0.4740769863128662,0.3775406777858734,0.622459352016449,-0.9828988313674927,-0.4828988313674927,0.622459352016449,1,1,"{""A"": ""color"", ""B"": ""size"", ""C"": ""orientation"", ""D"": ""position""}",/mnt/tidalfs-hssh01/dataset/xiang/models/Qwen2.5-VL-7B-Instruct,42,text_only,next_token
B_0040,B,STEP,A,1,-0.825939416885376,-0.575939416885376,0.43782350420951843,0.562176525592804,-0.8269744515419006,-0.5769744515419006,0.562176525592804,1,1,"{""A"": ""color"", ""B"": ""size"", ""C"": ""orientation"", ""D"": ""position""}",/mnt/tidalfs-hssh01/dataset/xiang/models/Qwen2.5-VL-7B-Instruct,42,not_empty,next_token
B_0040,B,STEP,B,1,-0.9740769863128662,-0.4740769863128662,0.3775406777858734,0.622459352016449,-0.9750934839248657,-0.4750934839248657,0.622459352016449,1,1,"{""A"": ""color"", ""B"": ""size"", ""C"": ""orientation"", ""D"": ""position""}",/mnt/tidalfs-hssh01/dataset/xiang/models/Qwen2.5-VL-7B-Instruct,42,not_empty,next_token
B_0040,B,STEP,C,1,-1.1368709802627563,-0.38687101006507874,0.3208213150501251,0.6791786551475525,-1.1379870176315308,-0.3879869878292084,0.6791786551475525,1,1,"{""A"": ""color"", ""B"": ""size"", ""C"": ""orientation"", ""D"": ""position""}",/mnt/tidalfs-hssh01/dataset/xiang/models/Qwen2.5-VL-7B-Instruct,42,not_empty,next_token
B_0040,B,STEP,D,1,-0.8981232643127441,-0.5231232643127441,0.4073334038257599,0.5926665663719177,-0.8994076251983643,-0.5244076251983643,0.5926665663719177,1,1,"{""A"": ""color"", ""B"": ""size"", ""C"": ""orientation"", ""D"": ""position""}",/mnt/tidalfs-hssh01/dataset/xiang/models/Qwen2.5-VL-7B-Instruct,42,not_empty,next_token
B_0040,B,STEP,AB,1,-0.8981232643127441,-0.5231232643127441,0.4073334038257599,0.5926665663719177,-0.8985550403594971,-0.5235550403594971,0.5926665663719177,1,1,"{""A"": ""color"", ""B"": ""size"", ""C"": ""orientation"", ""D"": ""position""}",/mnt/tidalfs-hssh01/dataset/xiang/models/Qwen2.5-VL-7B-Instruct,42,not_empty,next_token
B_0040,B,STEP,AC,1,-0.8981232643127441,-0.5231232643127441,0.4073334038257599,0.5926665663719177,-0.8985245227813721,-0.5235245227813721,0.5926665663719177,1,1,"{""A"": ""color"", ""B"": ""size"", ""C"": ""orientation"", ""D"": ""position""}",/mnt/tidalfs-hssh01/dataset/xiang/models/Qwen2.5-VL-7B-Instruct,42,not_empty,next_token
B_0040,B,STEP,AD,1,-0.825939416885376,-0.575939416885376,0.43782350420951843,0.562176525592804,-0.8264421820640564,-0.5764421820640564,0.562176525592804,1,1,"{""A"": ""color"", ""B"": ""size"", ""C"": ""orientation"", ""D"": ""position""}",/mnt/tidalfs-hssh01/dataset/xiang/models/Qwen2.5-VL-7B-Instruct,42,not_empty,next_token
B_0040,B,STEP,BC,1,-1.0537006855010986,-0.42870065569877625,0.3486451208591461,0.6513548493385315,-1.0542337894439697,-0.4292337894439697,0.6513548493385315,1,1,"{""A"": ""color"", ""B"": ""size"", ""C"": ""orientation"", ""D"": ""position""}",/mnt/tidalfs-hssh01/dataset/xiang/models/Qwen2.5-VL-7B-Instruct,42,not_empty,next_token
B_0040,B,STEP,BD,1,-0.8981232643127441,-0.5231232643127441,0.4073334038257599,0.5926665663719177,-0.8987621068954468,-0.5237621068954468,0.5926665663719177,1,1,"{""A"": ""color"", ""B"": ""size"", ""C"": ""orientation"", ""D"": ""position""}",/mnt/tidalfs-hssh01/dataset/xiang/models/Qwen2.5-VL-7B-Instruct,42,not_empty,next_token
B_0040,B,STEP,CD,1,-1.1368709802627563,-0.38687101006507874,0.3208213150501251,0.6791786551475525,-1.137416958808899,-0.3874169886112213,0.6791786551475525,1,1,"{""A"": ""color"", ""B"": ""size"", ""C"": ""orientation"", ""D"": ""position""}",/mnt/tidalfs-hssh01/dataset/xiang/models/Qwen2.5-VL-7B-Instruct,42,not_empty,next_token
B_0040,B,STEP,ABC,1,-0.825939416885376,-0.575939416885376,0.43782350420951843,0.562176525592804,-0.8262410759925842,-0.5762410759925842,0.562176525592804,1,1,"{""A"": ""color"", ""B"": ""size"", ""C"": ""orientation"", ""D"": ""position""}",/mnt/tidalfs-hssh01/dataset/xiang/models/Qwen2.5-VL-7B-Instruct,42,not_empty,next_token
B_0040,B,STEP,ABD,1,-0.825939416885376,-0.575939416885376,0.43782350420951843,0.562176525592804,-0.8262583017349243,-0.5762583017349243,0.562176525592804,1,1,"{""A"": ""color"", ""B"": ""size"", ""C"": ""orientation"", ""D"": ""position""}",/mnt/tidalfs-hssh01/dataset/xiang/models/Qwen2.5-VL-7B-Instruct,42,not_empty,next_token
B_0040,B,STEP,ACD,1,-0.9740769863128662,-0.4740769863128662,0.3775406777858734,0.622459352016449,-0.9744516611099243,-0.4744516611099243,0.622459352016449,1,1,"{""A"": ""color"", ""B"": ""size"", ""C"": ""orientation"", ""D"": ""position""}",/mnt/tidalfs-hssh01/dataset/xiang/models/Qwen2.5-VL-7B-Instruct,42,not_empty,next_token
B_0040,B,STEP,BCD,1,-0.9740769863128662,-0.4740769863128662,0.3775406777858734,0.622459352016449,-0.9746048450469971,-0.47460487484931946,0.622459352016449,1,1,"{""A"": ""color"", ""B"": ""size"", ""C"": ""orientation"", ""D"": ""position""}",/mnt/tidalfs-hssh01/dataset/xiang/models/Qwen2.5-VL-7B-Instruct,42,not_empty,next_token
B_0040,B,STEP,ABCD,1,-0.9740769863128662,-0.4740769863128662,0.3775406777858734,0.622459352016449,-0.9743319153785706,-0.47433191537857056,0.622459352016449,1,1,"{""A"": ""color"", ""B"": ""size"", ""C"": ""orientation"", ""D"": ""position""}",/mnt/tidalfs-hssh01/dataset/xiang/models/Qwen2.5-VL-7B-Instruct,42,not_empty,next_token
B_0048,B,STEP,EMPTY,0,-0.825939416885376,-0.575939416885376,0.43782350420951843,0.562176525592804,-0.8349793553352356,-0.5849793553352356,0.43782350420951843,1,0,"{""A"": ""size"", ""B"": ""orientation"", ""C"": ""position"", ""D"": ""color""}",/mnt/tidalfs-hssh01/dataset/xiang/models/Qwen2.5-VL-7B-Instruct,42,text_only,next_token
B_0048,B,STEP,A,0,-0.8981232643127441,-0.5231232643127441,0.4073334038257599,0.5926665663719177,-0.8990103006362915,-0.5240103006362915,0.4073334038257599,1,0,"{""A"": ""size"", ""B"": ""orientation"", ""C"": ""position"", ""D"": ""color""}",/mnt/tidalfs-hssh01/dataset/xiang/models/Qwen2.5-VL-7B-Instruct,42,not_empty,next_token
B_0048,B,STEP,B,0,-1.0537006855010986,-0.42870065569877625,0.3486451208591461,0.6513548493385315,-1.0545393228530884,-0.429539293050766,0.3486451208591461,1,0,"{""A"": ""size"", ""B"": ""orientation"", ""C"": ""position"", ""D"": ""color""}",/mnt/tidalfs-hssh01/dataset/xiang/models/Qwen2.5-VL-7B-Instruct,42,not_empty,next_token
B_0048,B,STEP,C,0,-0.825939416885376,-0.575939416885376,0.43782350420951843,0.562176525592804,-0.8274153470993042,-0.5774153470993042,0.43782350420951843,1,0,"{""A"": ""size"", ""B"": ""orientation"", ""C"": ""position"", ""D"": ""color""}",/mnt/tidalfs-hssh01/dataset/xiang/models/Qwen2.5-VL-7B-Instruct,42,not_empty,next_token
B_0048,B,STEP,D,0,-0.825939416885376,-0.575939416885376,0.43782350420951843,0.562176525592804,-0.8275613784790039,-0.5775613784790039,0.43782350420951843,1,0,"{""A"": ""size"", ""B"": ""orientation"", ""C"": ""position"", ""D"": ""color""}",/mnt/tidalfs-hssh01/dataset/xiang/models/Qwen2.5-VL-7B-Instruct,42,not_empty,next_token
B_0048,B,STEP,AB,0,-0.825939416885376,-0.575939416885376,0.43782350420951843,0.562176525592804,-0.82627272605896,-0.57627272605896,0.43782350420951843,1,0,"{""A"": ""size"", ""B"": ""orientation"", ""C"": ""position"", ""D"": ""color""}",/mnt/tidalfs-hssh01/dataset/xiang/models/Qwen2.5-VL-7B-Instruct,42,not_empty,next_token
B_0048,B,STEP,AC,0,-0.8981232643127441,-0.5231232643127441,0.4073334038257599,0.5926665663719177,-0.8984248042106628,-0.5234248042106628,0.4073334038257599,1,0,"{""A"": ""size"", ""B"": ""orientation"", ""C"": ""position"", ""D"": ""color""}",/mnt/tidalfs-hssh01/dataset/xiang/models/Qwen2.5-VL-7B-Instruct,42,not_empty,next_token
B_0048,B,STEP,AD,0,-0.8981232643127441,-0.5231232643127441,0.4073334038257599,0.5926665663719177,-0.89857017993927,-0.52357017993927,0.4073334038257599,1,0,"{""A"": ""size"", ""B"": ""orientation"", ""C"": ""position"", ""D"": ""color""}",/mnt/tidalfs-hssh01/dataset/xiang/models/Qwen2.5-VL-7B-Instruct,42,not_empty,next_token
B_0048,B,STEP,BC,0,-1.053700566291809,-0.42870065569877625,0.3486451506614685,0.6513548493385315,-1.0542738437652588,-0.42927390336990356,0.3486451506614685,1,0,"{""A"": ""size"", ""B"": ""orientation"", ""C"": ""position"", ""D"": ""color""}",/mnt/tidalfs-hssh01/dataset/xiang/models/Qwen2.5-VL-7B-Instruct,42,not_empty,next_token
B_0048,B,STEP,BD,0,-1.053700566291809,-0.42870065569877625,0.3486451506614685,0.6513548493385315,-1.0542681217193604,-0.4292681813240051,0.3486451506614685,1,0,"{""A"": ""size"", ""B"": ""orientation"", ""C"": ""position"", ""D"": ""color""}",/mnt/tidalfs-hssh01/dataset/xiang/models/Qwen2.5-VL-7B-Instruct,42,not_empty,next_token
B_0048,B,STEP,CD,0,-0.825939416885376,-0.575939416885376,0.43782350420951843,0.562176525592804,-0.8265458345413208,-0.5765458345413208,0.43782350420951843,1,0,"{""A"": ""size"", ""B"": ""orientation"", ""C"": ""position"", ""D"": ""color""}",/mnt/tidalfs-hssh01/dataset/xiang/models/Qwen2.5-VL-7B-Instruct,42,not_empty,next_token
B_0048,B,STEP,ABC,0,-0.825939416885376,-0.575939416885376,0.43782350420951843,0.562176525592804,-0.8262737393379211,-0.5762737393379211,0.43782350420951843,1,0,"{""A"": ""size"", ""B"": ""orientation"", ""C"": ""position"", ""D"": ""color""}",/mnt/tidalfs-hssh01/dataset/xiang/models/Qwen2.5-VL-7B-Instruct,42,not_empty,next_token
B_0048,B,STEP,ABD,0,-0.825939416885376,-0.575939416885376,0.43782350420951843,0.562176525592804,-0.8262296915054321,-0.5762296915054321,0.43782350420951843,1,0,"{""A"": ""size"", ""B"": ""orientation"", ""C"": ""position"", ""D"": ""color""}",/mnt/tidalfs-hssh01/dataset/xiang/models/Qwen2.5-VL-7B-Instruct,42,not_empty,next_token
B_0048,B,STEP,ACD,0,-0.8981232643127441,-0.5231232643127441,0.4073334038257599,0.5926665663719177,-0.8983664512634277,-0.5233664512634277,0.4073334038257599,1,0,"{""A"": ""size"", ""B"": ""orientation"", ""C"": ""position"", ""D"": ""color""}",/mnt/tidalfs-hssh01/dataset/xiang/models/Qwen2.5-VL-7B-Instruct,42,not_empty,next_token
B_0048,B,STEP,BCD,0,-0.9740769863128662,-0.4740769863128662,0.3775406777858734,0.622459352016449,-0.9747082591056824,-0.4747082591056824,0.3775406777858734,1,0,"{""A"": ""size"", ""B"": ""orientation"", ""C"": ""position"", ""D"": ""color""}",/mnt/tidalfs-hssh01/dataset/xiang/models/Qwen2.5-VL-7B-Instruct,42,not_empty,next_token
B_0048,B,STEP,ABCD,0,-0.825939416885376,-0.575939416885376,0.43782350420951843,0.562176525592804,-0.8262183666229248,-0.5762183666229248,0.43782350420951843,1,0,"{""A"": ""size"", ""B"": ""orientation"", ""C"": ""position"", ""D"": ""color""}",/mnt/tidalfs-hssh01/dataset/xiang/models/Qwen2.5-VL-7B-Instruct,42,not_empty,next_token
B_0056,B,STEP,EMPTY,1,-0.8981232643127441,-0.5231232643127441,0.4073334038257599,0.5926665663719177,-0.9087707996368408,-0.5337707996368408,0.5926665663719177,1,1,"{""A"": ""orientation"", ""B"": ""position"", ""C"": ""color"", ""D"": ""size""}",/mnt/tidalfs-hssh01/dataset/xiang/models/Qwen2.5-VL-7B-Instruct,42,text_only,next_token
B_0056,B,STEP,A,1,-0.6931471824645996,-0.6931471824645996,0.5,0.5,-0.694259524345398,-0.694259524345398,0.5,0,0,"{""A"": ""orientation"", ""B"": ""position"", ""C"": ""color"", ""D"": ""size""}",/mnt/tidalfs-hssh01/dataset/xiang/models/Qwen2.5-VL-7B-Instruct,42,not_empty,next_token
B_0056,B,STEP,B,1,-0.825939416885376,-0.575939416885376,0.43782350420951843,0.562176525592804,-0.8270713090896606,-0.5770713090896606,0.562176525592804,1,1,"{""A"": ""orientation"", ""B"": ""position"", ""C"": ""color"", ""D"": ""size""}",/mnt/tidalfs-hssh01/dataset/xiang/models/Qwen2.5-VL-7B-Instruct,42,not_empty,next_token
B_0056,B,STEP,C,1,-0.8981232643127441,-0.5231232643127441,0.4073334038257599,0.5926665663719177,-0.8988602161407471,-0.5238602161407471,0.5926665663719177,1,1,"{""A"": ""orientation"", ""B"": ""position"", ""C"": ""color"", ""D"": ""size""}",/mnt/tidalfs-hssh01/dataset/xiang/models/Qwen2.5-VL-7B-Instruct,42,not_empty,next_token
B_0056,B,STEP,D,1,-0.8981232643127441,-0.5231232643127441,0.4073334038257599,0.5926665663719177,-0.8993092775344849,-0.5243092775344849,0.5926665663719177,1,1,"{""A"": ""orientation"", ""B"": ""position"", ""C"": ""color"", ""D"": ""size""}",/mnt/tidalfs-hssh01/dataset/xiang/models/Qwen2.5-VL-7B-Instruct,42,not_empty,next_token
B_0056,B,STEP,AB,1,-0.825939416885376,-0.575939416885376,0.43782350420951843,0.562176525592804,-0.8266562819480896,-0.5766562819480896,0.562176525592804,1,1,"{""A"": ""orientation"", ""B"": ""position"", ""C"": ""color"", ""D"": ""size""}",/mnt/tidalfs-hssh01/dataset/xiang/models/Qwen2.5-VL-7B-Instruct,42,not_empty,next_token
B_0056,B,STEP,AC,1,-0.825939416885376,-0.575939416885376,0.43782350420951843,0.562176525592804,-0.8264391422271729,-0.5764391422271729,0.562176525592804,1,1,"{""A"": ""orientation"", ""B"": ""position"", ""C"": ""color"", ""D"": ""size""}",/mnt/tidalfs-hssh01/dataset/xiang/models/Qwen2.5-VL-7B-Instruct,42,not_empty,next_token
B_0056,B,STEP,AD,1,-0.7575989961624146,-0.6325989961624146,0.4687906503677368,0.531209409236908,-0.7581385970115662,-0.6331385970115662,0.531209409236908,1,1,"{""A"": ""orientation"", ""B"": ""position"", ""C"": ""color"", ""D"": ""size""}",/mnt/tidalfs-hssh01/dataset/xiang/models/Qwen2.5-VL-7B-Instruct,42,not_empty,next_token
B_0056,B,STEP,BC,1,-0.8981232643127441,-0.5231232643127441,0.4073334038257599,0.5926665663719177,-0.8985655307769775,-0.5235655307769775,0.5926665663719177,1,1,"{""A"": ""orientation"", ""B"": ""position"", ""C"": ""color"", ""D"": ""size""}",/mnt/tidalfs-hssh01/dataset/xiang/models/Qwen2.5-VL-7B-Instruct,42,not_empty,next_token
B_0056,B,STEP,BD,1,-0.7575989961624146,-0.6325989961624146,0.4687906503677368,0.531209409236908,-0.7579213976860046,-0.6329213976860046,0.531209409236908,1,1,"{""A"": ""orientation"", ""B"": ""position"", ""C"": ""color"", ""D"": ""size""}",/mnt/tidalfs-hssh01/dataset/xiang/models/Qwen2.5-VL-7B-Instruct,42,not_empty,next_token
B_0056,B,STEP,CD,1,-0.825939416885376,-0.575939416885376,0.43782350420951843,0.562176525592804,-0.8262506127357483,-0.5762506127357483,0.562176525592804,1,1,"{""A"": ""orientation"", ""B"": ""position"", ""C"": ""color"", ""D"": ""size""}",/mnt/tidalfs-hssh01/dataset/xiang/models/Qwen2.5-VL-7B-Instruct,42,not_empty,next_token
B_0056,B,STEP,ABC,1,-0.825939416885376,-0.575939416885376,0.43782350420951843,0.562176525592804,-0.8263602256774902,-0.5763602256774902,0.562176525592804,1,1,"{""A"": ""orientation"", ""B"": ""position"", ""C"": ""color"", ""D"": ""size""}",/mnt/tidalfs-hssh01/dataset/xiang/models/Qwen2.5-VL-7B-Instruct,42,not_empty,next_token
B_0056,B,STEP,ABD,1,-0.7575989961624146,-0.6325989961624146,0.4687906503677368,0.531209409236908,-0.7578725218772888,-0.6328725218772888,0.531209409236908,1,1,"{""A"": ""orientation"", ""B"": ""position"", ""C"": ""color"", ""D"": ""size""}",/mnt/tidalfs-hssh01/dataset/xiang/models/Qwen2.5-VL-7B-Instruct,42,not_empty,next_token
B_0056,B,STEP,ACD,1,-0.8981232643127441,-0.5231232643127441,0.4073334038257599,0.5926665663719177,-0.8983548283576965,-0.5233548283576965,0.5926665663719177,1,1,"{""A"": ""orientation"", ""B"": ""position"", ""C"": ""color"", ""D"": ""size""}",/mnt/tidalfs-hssh01/dataset/xiang/models/Qwen2.5-VL-7B-Instruct,42,not_empty,next_token
B_0056,B,STEP,BCD,1,-0.825939416885376,-0.575939416885376,0.43782350420951843,0.562176525592804,-0.8261817097663879,-0.5761817097663879,0.562176525592804,1,1,"{""A"": ""orientation"", ""B"": ""position"", ""C"": ""color"", ""D"": ""size""}",/mnt/tidalfs-hssh01/dataset/xiang/models/Qwen2.5-VL-7B-Instruct,42,not_empty,next_token
B_0056,B,STEP,ABCD,1,-0.8981232643127441,-0.5231232643127441,0.4073334038257599,0.5926665663719177,-0.8983914852142334,-0.5233914852142334,0.5926665663719177,1,1,"{""A"": ""orientation"", ""B"": ""position"", ""C"": ""color"", ""D"": ""size""}",/mnt/tidalfs-hssh01/dataset/xiang/models/Qwen2.5-VL-7B-Instruct,42,not_empty,next_token
B_0064,B,STEP,EMPTY,0,-0.8981232643127441,-0.5231232643127441,0.4073334038257599,0.5926665663719177,-0.9199725389480591,-0.5449725389480591,0.4073334038257599,1,0,"{""A"": ""position"", ""B"": ""color"", ""C"": ""size"", ""D"": ""orientation""}",/mnt/tidalfs-hssh01/dataset/xiang/models/Qwen2.5-VL-7B-Instruct,42,text_only,next_token
B_0064,B,STEP,A,0,-0.825939416885376,-0.575939416885376,0.43782350420951843,0.562176525592804,-0.828015148639679,-0.578015148639679,0.43782350420951843,1,0,"{""A"": ""position"", ""B"": ""color"", ""C"": ""size"", ""D"": ""orientation""}",/mnt/tidalfs-hssh01/dataset/xiang/models/Qwen2.5-VL-7B-Instruct,42,not_empty,next_token
B_0064,B,STEP,B,0,-0.9740769863128662,-0.4740769863128662,0.3775406777858734,0.622459352016449,-0.9755319356918335,-0.4755319356918335,0.3775406777858734,1,0,"{""A"": ""position"", ""B"": ""color"", ""C"": ""size"", ""D"": ""orientation""}",/mnt/tidalfs-hssh01/dataset/xiang/models/Qwen2.5-VL-7B-Instruct,42,not_empty,next_token
B_0064,B,STEP,C,0,-0.825939416885376,-0.575939416885376,0.43782350420951843,0.562176525592804,-0.8287182450294495,-0.5787182450294495,0.43782350420951843,1,0,"{""A"": ""position"", ""B"": ""color"", ""C"": ""size"", ""D"": ""orientation""}",/mnt/tidalfs-hssh01/dataset/xiang/models/Qwen2.5-VL-7B-Instruct,42,not_empty,next_token
B_0064,B,STEP,D,0,-0.825939416885376,-0.575939416885376,0.43782350420951843,0.562176525592804,-0.830412745475769,-0.580412745475769,0.43782350420951843,1,0,"{""A"": ""position"", ""B"": ""color"", ""C"": ""size"", ""D"": ""orientation""}",/mnt/tidalfs-hssh01/dataset/xiang/models/Qwen2.5-VL-7B-Instruct,42,not_empty,next_token
B_0064,B,STEP,AB,0,-0.8981232643127441,-0.5231232643127441,0.4073334038257599,0.5926665663719177,-0.8987858891487122,-0.5237858891487122,0.4073334038257599,1,0,"{""A"": ""position"", ""B"": ""color"", ""C"": ""size"", ""D"": ""orientation""}",/mnt/tidalfs-hssh01/dataset/xiang/models/Qwen2.5-VL-7B-Instruct,42,not_empty,next_token
B_0064,B,STEP,AC,0,-0.8981232643127441,-0.5231232643127441,0.4073334038257599,0.5926665663719177,-0.898501455783844,-0.523501455783844,0.4073334038257599,1,0,"{""A"": ""position"", ""B"": ""color"", ""C"": ""size"", ""D"": ""orientation""}",/mnt/tidalfs-hssh01/dataset/xiang/models/Qwen2.5-VL-7B-Instruct,42,not_empty,next_token
B_0064,B,STEP,AD,0,-0.825939416885376,-0.575939416885376,0.43782350420951843,0.562176525592804,-0.8266482353210449,-0.5766482353210449,0.43782350420951843,1,0,"{""A"": ""position"", ""B"": ""color"", ""C"": ""size"", ""D"": ""orientation""}",/mnt/tidalfs-hssh01/dataset/xiang/models/Qwen2.5-VL-7B-Instruct,42,not_empty,next_token
B_0064,B,STEP,BC,0,-0.9740769863128662,-0.4740769863128662,0.3775406777858734,0.622459352016449,-0.9747395515441895,-0.47473955154418945,0.3775406777858734,1,0,"{""A"": ""position"", ""B"": ""color"", ""C"": ""size"", ""D"": ""orientation""}",/mnt/tidalfs-hssh01/dataset/xiang/models/Qwen2.5-VL-7B-Instruct,42,not_empty,next_token
B_0064,B,STEP,BD,0,-0.8981232643127441,-0.5231232643127441,0.4073334038257599,0.5926665663719177,-0.8990422487258911,-0.5240422487258911,0.4073334038257599,1,0,"{""A"": ""position"", ""B"": ""color"", ""C"": ""size"", ""D"": ""orientation""}",/mnt/tidalfs-hssh01/dataset/xiang/models/Qwen2.5-VL-7B-Instruct,42,not_empty,next_token
B_0064,B,STEP,CD,0,-0.825939416885376,-0.575939416885376,0.43782350420951843,0.562176525592804,-0.8268108367919922,-0.5768108367919922,0.43782350420951843,1,0,"{""A"": ""position"", ""B"": ""color"", ""C"": ""size"", ""D"": ""orientation""}",/mnt/tidalfs-hssh01/dataset/xiang/models/Qwen2.5-VL-7B-Instruct,42,not_empty,next_token
B_0064,B,STEP,ABC,0,-0.825939416885376,-0.575939416885376,0.43782350420951843,0.562176525592804,-0.8262991309165955,-0.5762991309165955,0.43782350420951843,1,0,"{""A"": ""position"", ""B"": ""color"", ""C"": ""size"", ""D"": ""orientation""}",/mnt/tidalfs-hssh01/dataset/xiang/models/Qwen2.5-VL-7B-Instruct,42,not_empty,next_token
B_0064,B,STEP,ABD,0,-0.9740769863128662,-0.4740769863128662,0.3775406777858734,0.622459352016449,-0.9744574427604675,-0.47445744276046753,0.3775406777858734,1,0,"{""A"": ""position"", ""B"": ""color"", ""C"": ""size"", ""D"": ""orientation""}",/mnt/tidalfs-hssh01/dataset/xiang/models/Qwen2.5-VL-7B-Instruct,42,not_empty,next_token
B_0064,B,STEP,ACD,0,-0.8981232643127441,-0.5231232643127441,0.4073334038257599,0.5926665663719177,-0.8985100984573364,-0.5235100984573364,0.4073334038257599,1,0,"{""A"": ""position"", ""B"": ""color"", ""C"": ""size"", ""D"": ""orientation""}",/mnt/tidalfs-hssh01/dataset/xiang/models/Qwen2.5-VL-7B-Instruct,42,not_empty,next_token
B_0064,B,STEP,BCD,0,-1.053700566291809,-0.42870065569877625,0.3486451506614685,0.6513548493385315,-1.054185390472412,-0.4291854500770569,0.3486451506614685,1,0,"{""A"": ""position"", ""B"": ""color"", ""C"": ""size"", ""D"": ""orientation""}",/mnt/tidalfs-hssh01/dataset/xiang/models/Qwen2.5-VL-7B-Instruct,42,not_empty,next_token
B_0064,B,STEP,ABCD,0,-0.8981232643127441,-0.5231232643127441,0.4073334038257599,0.5926665663719177,-0.89857017993927,-0.52357017993927,0.4073334038257599,1,0,"{""A"": ""position"", ""B"": ""color"", ""C"": ""size"", ""D"": ""orientation""}",/mnt/tidalfs-hssh01/dataset/xiang/models/Qwen2.5-VL-7B-Instruct,42,not_empty,next_token
B_0072,B,STEP,EMPTY,1,-0.9740769863128662,-0.4740769863128662,0.3775406777858734,0.622459352016449,-0.9828988313674927,-0.4828988313674927,0.622459352016449,1,1,"{""A"": ""color"", ""B"": ""size"", ""C"": ""orientation"", ""D"": ""position""}",/mnt/tidalfs-hssh01/dataset/xiang/models/Qwen2.5-VL-7B-Instruct,42,text_only,next_token
B_0072,B,STEP,A,1,-0.825939416885376,-0.575939416885376,0.43782350420951843,0.562176525592804,-0.8269744515419006,-0.5769744515419006,0.562176525592804,1,1,"{""A"": ""color"", ""B"": ""size"", ""C"": ""orientation"", ""D"": ""position""}",/mnt/tidalfs-hssh01/dataset/xiang/models/Qwen2.5-VL-7B-Instruct,42,not_empty,next_token
B_0072,B,STEP,B,1,-0.9740769863128662,-0.4740769863128662,0.3775406777858734,0.622459352016449,-0.9750934839248657,-0.4750934839248657,0.622459352016449,1,1,"{""A"": ""color"", ""B"": ""size"", ""C"": ""orientation"", ""D"": ""position""}",/mnt/tidalfs-hssh01/dataset/xiang/models/Qwen2.5-VL-7B-Instruct,42,not_empty,next_token
B_0072,B,STEP,C,1,-1.1368709802627563,-0.38687101006507874,0.3208213150501251,0.6791786551475525,-1.1379870176315308,-0.3879869878292084,0.6791786551475525,1,1,"{""A"": ""color"", ""B"": ""size"", ""C"": ""orientation"", ""D"": ""position""}",/mnt/tidalfs-hssh01/dataset/xiang/models/Qwen2.5-VL-7B-Instruct,42,not_empty,next_token
B_0072,B,STEP,D,1,-0.8981232643127441,-0.5231232643127441,0.4073334038257599,0.5926665663719177,-0.8994076251983643,-0.5244076251983643,0.5926665663719177,1,1,"{""A"": ""color"", ""B"": ""size"", ""C"": ""orientation"", ""D"": ""position""}",/mnt/tidalfs-hssh01/dataset/xiang/models/Qwen2.5-VL-7B-Instruct,42,not_empty,next_token
B_0072,B,STEP,AB,1,-0.8981232643127441,-0.5231232643127441,0.4073334038257599,0.5926665663719177,-0.8985550403594971,-0.5235550403594971,0.5926665663719177,1,1,"{""A"": ""color"", ""B"": ""size"", ""C"": ""orientation"", ""D"": ""position""}",/mnt/tidalfs-hssh01/dataset/xiang/models/Qwen2.5-VL-7B-Instruct,42,not_empty,next_token
B_0072,B,STEP,AC,1,-0.8981232643127441,-0.5231232643127441,0.4073334038257599,0.5926665663719177,-0.8985245227813721,-0.5235245227813721,0.5926665663719177,1,1,"{""A"": ""color"", ""B"": ""size"", ""C"": ""orientation"", ""D"": ""position""}",/mnt/tidalfs-hssh01/dataset/xiang/models/Qwen2.5-VL-7B-Instruct,42,not_empty,next_token
B_0072,B,STEP,AD,1,-0.825939416885376,-0.575939416885376,0.43782350420951843,0.562176525592804,-0.8264421820640564,-0.5764421820640564,0.562176525592804,1,1,"{""A"": ""color"", ""B"": ""size"", ""C"": ""orientation"", ""D"": ""position""}",/mnt/tidalfs-hssh01/dataset/xiang/models/Qwen2.5-VL-7B-Instruct,42,not_empty,next_token
B_0072,B,STEP,BC,1,-1.0537006855010986,-0.42870065569877625,0.3486451208591461,0.6513548493385315,-1.0542337894439697,-0.4292337894439697,0.6513548493385315,1,1,"{""A"": ""color"", ""B"": ""size"", ""C"": ""orientation"", ""D"": ""position""}",/mnt/tidalfs-hssh01/dataset/xiang/models/Qwen2.5-VL-7B-Instruct,42,not_empty,next_token
B_0072,B,STEP,BD,1,-0.8981232643127441,-0.5231232643127441,0.4073334038257599,0.5926665663719177,-0.8987621068954468,-0.5237621068954468,0.5926665663719177,1,1,"{""A"": ""color"", ""B"": ""size"", ""C"": ""orientation"", ""D"": ""position""}",/mnt/tidalfs-hssh01/dataset/xiang/models/Qwen2.5-VL-7B-Instruct,42,not_empty,next_token
B_0072,B,STEP,CD,1,-1.1368709802627563,-0.38687101006507874,0.3208213150501251,0.6791786551475525,-1.137416958808899,-0.3874169886112213,0.6791786551475525,1,1,"{""A"": ""color"", ""B"": ""size"", ""C"": ""orientation"", ""D"": ""position""}",/mnt/tidalfs-hssh01/dataset/xiang/models/Qwen2.5-VL-7B-Instruct,42,not_empty,next_token
B_0072,B,STEP,ABC,1,-0.825939416885376,-0.575939416885376,0.43782350420951843,0.562176525592804,-0.8262410759925842,-0.5762410759925842,0.562176525592804,1,1,"{""A"": ""color"", ""B"": ""size"", ""C"": ""orientation"", ""D"": ""position""}",/mnt/tidalfs-hssh01/dataset/xiang/models/Qwen2.5-VL-7B-Instruct,42,not_empty,next_token
B_0072,B,STEP,ABD,1,-0.825939416885376,-0.575939416885376,0.43782350420951843,0.562176525592804,-0.8262583017349243,-0.5762583017349243,0.562176525592804,1,1,"{""A"": ""color"", ""B"": ""size"", ""C"": ""orientation"", ""D"": ""position""}",/mnt/tidalfs-hssh01/dataset/xiang/models/Qwen2.5-VL-7B-Instruct,42,not_empty,next_token
B_0072,B,STEP,ACD,1,-0.9740769863128662,-0.4740769863128662,0.3775406777858734,0.622459352016449,-0.9744516611099243,-0.4744516611099243,0.622459352016449,1,1,"{""A"": ""color"", ""B"": ""size"", ""C"": ""orientation"", ""D"": ""position""}",/mnt/tidalfs-hssh01/dataset/xiang/models/Qwen2.5-VL-7B-Instruct,42,not_empty,next_token
B_0072,B,STEP,BCD,1,-0.9740769863128662,-0.4740769863128662,0.3775406777858734,0.622459352016449,-0.9746048450469971,-0.47460487484931946,0.622459352016449,1,1,"{""A"": ""color"", ""B"": ""size"", ""C"": ""orientation"", ""D"": ""position""}",/mnt/tidalfs-hssh01/dataset/xiang/models/Qwen2.5-VL-7B-Instruct,42,not_empty,next_token
B_0072,B,STEP,ABCD,1,-0.9740769863128662,-0.4740769863128662,0.3775406777858734,0.622459352016449,-0.9743319153785706,-0.47433191537857056,0.622459352016449,1,1,"{""A"": ""color"", ""B"": ""size"", ""C"": ""orientation"", ""D"": ""position""}",/mnt/tidalfs-hssh01/dataset/xiang/models/Qwen2.5-VL-7B-Instruct,42,not_empty,next_token
B_0080,B,STEP,EMPTY,1,-0.825939416885376,-0.575939416885376,0.43782350420951843,0.562176525592804,-0.8349793553352356,-0.5849793553352356,0.562176525592804,1,1,"{""A"": ""size"", ""B"": ""orientation"", ""C"": ""position"", ""D"": ""color""}",/mnt/tidalfs-hssh01/dataset/xiang/models/Qwen2.5-VL-7B-Instruct,42,text_only,next_token
B_0080,B,STEP,A,1,-0.6931471824645996,-0.6931471824645996,0.5,0.5,-0.6942474842071533,-0.6942474842071533,0.5,0,0,"{""A"": ""size"", ""B"": ""orientation"", ""C"": ""position"", ""D"": ""color""}",/mnt/tidalfs-hssh01/dataset/xiang/models/Qwen2.5-VL-7B-Instruct,42,not_empty,next_token
B_0080,B,STEP,B,1,-1.0537006855010986,-0.42870065569877625,0.3486451208591461,0.6513548493385315,-1.0545393228530884,-0.429539293050766,0.6513548493385315,1,1,"{""A"": ""size"", ""B"": ""orientation"", ""C"": ""position"", ""D"": ""color""}",/mnt/tidalfs-hssh01/dataset/xiang/models/Qwen2.5-VL-7B-Instruct,42,not_empty,next_token
B_0080,B,STEP,C,1,-0.7575989961624146,-0.6325989961624146,0.4687906503677368,0.531209409236908,-0.759021520614624,-0.634021520614624,0.531209409236908,1,1,"{""A"": ""size"", ""B"": ""orientation"", ""C"": ""position"", ""D"": ""color""}",/mnt/tidalfs-hssh01/dataset/xiang/models/Qwen2.5-VL-7B-Instruct,42,not_empty,next_token
B_0080,B,STEP,D,1,-0.825939416885376,-0.575939416885376,0.43782350420951843,0.562176525592804,-0.8275613784790039,-0.5775613784790039,0.562176525592804,1,1,"{""A"": ""size"", ""B"": ""orientation"", ""C"": ""position"", ""D"": ""color""}",/mnt/tidalfs-hssh01/dataset/xiang/models/Qwen2.5-VL-7B-Instruct,42,not_empty,next_token
B_0080,B,STEP,AB,1,-0.825939416885376,-0.575939416885376,0.43782350420951843,0.562176525592804,-0.8265458345413208,-0.5765458345413208,0.562176525592804,1,1,"{""A"": ""size"", ""B"": ""orientation"", ""C"": ""position"", ""D"": ""color""}",/mnt/tidalfs-hssh01/dataset/xiang/models/Qwen2.5-VL-7B-Instruct,42,not_empty,next_token
B_0080,B,STEP,AC,1,-0.825939416885376,-0.575939416885376,0.43782350420951843,0.562176525592804,-0.8263104557991028,-0.5763104557991028,0.562176525592804,1,1,"{""A"": ""size"", ""B"": ""orientation"", ""C"": ""position"", ""D"": ""color""}",/mnt/tidalfs-hssh01/dataset/xiang/models/Qwen2.5-VL-7B-Instruct,42,not_empty,next_token
B_0080,B,STEP,AD,1,-0.825939416885376,-0.575939416885376,0.43782350420951843,0.562176525592804,-0.8266156315803528,-0.5766156315803528,0.562176525592804,1,1,"{""A"": ""size"", ""B"": ""orientation"", ""C"": ""position"", ""D"": ""color""}",/mnt/tidalfs-hssh01/dataset/xiang/models/Qwen2.5-VL-7B-Instruct,42,not_empty,next_token
B_0080,B,STEP,BC,1,-1.1368709802627563,-0.38687101006507874,0.3208213150501251,0.6791786551475525,-1.1375669240951538,-0.3875668942928314,0.6791786551475525,1,1,"{""A"": ""size"", ""B"": ""orientation"", ""C"": ""position"", ""D"": ""color""}",/mnt/tidalfs-hssh01/dataset/xiang/models/Qwen2.5-VL-7B-Instruct,42,not_empty,next_token
B_0080,B,STEP,BD,1,-1.053700566291809,-0.42870065569877625,0.3486451506614685,0.6513548493385315,-1.0542681217193604,-0.4292681813240051,0.6513548493385315,1,1,"{""A"": ""size"", ""B"": ""orientation"", ""C"": ""position"", ""D"": ""color""}",/mnt/tidalfs-hssh01/dataset/xiang/models/Qwen2.5-VL-7B-Instruct,42,not_empty,next_token
B_0080,B,STEP,CD,1,-0.7575989961624146,-0.6325989961624146,0.4687906503677368,0.531209409236908,-0.7582088708877563,-0.6332088708877563,0.531209409236908,1,1,"{""A"": ""size"", ""B"": ""orientation"", ""C"": ""position"", ""D"": ""color""}",/mnt/tidalfs-hssh01/dataset/xiang/models/Qwen2.5-VL-7B-Instruct,42,not_empty,next_token
B_0080,B,STEP,ABC,1,-0.825939416885376,-0.575939416885376,0.43782350420951843,0.562176525592804,-0.8263147473335266,-0.5763147473335266,0.562176525592804,1,1,"{""A"": ""size"", ""B"": ""orientation"", ""C"": ""position"", ""D"": ""color""}",/mnt/tidalfs-hssh01/dataset/xiang/models/Qwen2.5-VL-7B-Instruct,42,not_empty,next_token
B_0080,B,STEP,ABD,1,-0.7575989961624146,-0.6325989961624146,0.4687906503677368,0.531209409236908,-0.7580645680427551,-0.6330645680427551,0.531209409236908,1,1,"{""A"": ""size"", ""B"": ""orientation"", ""C"": ""position"", ""D"": ""color""}",/mnt/tidalfs-hssh01/dataset/xiang/models/Qwen2.5-VL-7B-Instruct,42,not_empty,next_token
B_0080,B,STEP,ACD,1,-0.825939416885376,-0.575939416885376,0.43782350420951843,0.562176525592804,-0.8262614011764526,-0.5762614011764526,0.562176525592804,1,1,"{""A"": ""size"", ""B"": ""orientation"", ""C"": ""position"", ""D"": ""color""}",/mnt/tidalfs-hssh01/dataset/xiang/models/Qwen2.5-VL-7B-Instruct,42,not_empty,next_token
B_0080,B,STEP,BCD,1,-1.1368709802627563,-0.38687101006507874,0.3208213150501251,0.6791786551475525,-1.1373530626296997,-0.3873530626296997,0.6791786551475525,1,1,"{""A"": ""size"", ""B"": ""orientation"", ""C"": ""position"", ""D"": ""color""}",/mnt/tidalfs-hssh01/dataset/xiang/models/Qwen2.5-VL-7B-Instruct,42,not_empty,next_token
B_0080,B,STEP,ABCD,1,-0.7575989961624146,-0.6325989961624146,0.4687906503677368,0.531209409236908,-0.7579883933067322,-0.6329883933067322,0.531209409236908,1,1,"{""A"": ""size"", ""B"": ""orientation"", ""C"": ""position"", ""D"": ""color""}",/mnt/tidalfs-hssh01/dataset/xiang/models/Qwen2.5-VL-7B-Instruct,42,not_empty,next_token
B_0088,B,STEP,EMPTY,0,-0.8981232643127441,-0.5231232643127441,0.4073334038257599,0.5926665663719177,-0.9087707996368408,-0.5337707996368408,0.4073334038257599,1,0,"{""A"": ""orientation"", ""B"": ""position"", ""C"": ""color"", ""D"": ""size""}",/mnt/tidalfs-hssh01/dataset/xiang/models/Qwen2.5-VL-7B-Instruct,42,text_only,next_token
B_0088,B,STEP,A,0,-0.6931471824645996,-0.6931471824645996,0.5,0.5,-0.694259524345398,-0.694259524345398,0.5,0,1,"{""A"": ""orientation"", ""B"": ""position"", ""C"": ""color"", ""D"": ""size""}",/mnt/tidalfs-hssh01/dataset/xiang/models/Qwen2.5-VL-7B-Instruct,42,not_empty,next_token
B_0088,B,STEP,B,0,-0.8981232643127441,-0.5231232643127441,0.4073334038257599,0.5926665663719177,-0.8991214632987976,-0.5241214632987976,0.4073334038257599,1,0,"{""A"": ""orientation"", ""B"": ""position"", ""C"": ""color"", ""D"": ""size""}",/mnt/tidalfs-hssh01/dataset/xiang/models/Qwen2.5-VL-7B-Instruct,42,not_empty,next_token
B_0088,B,STEP,C,0,-0.825939416885376,-0.575939416885376,0.43782350420951843,0.562176525592804,-0.8267386555671692,-0.5767386555671692,0.43782350420951843,1,0,"{""A"": ""orientation"", ""B"": ""position"", ""C"": ""color"", ""D"": ""size""}",/mnt/tidalfs-hssh01/dataset/xiang/models/Qwen2.5-VL-7B-Instruct,42,not_empty,next_token
B_0088,B,STEP,D,0,-0.8981232643127441,-0.5231232643127441,0.4073334038257599,0.5926665663719177,-0.8993092775344849,-0.5243092775344849,0.4073334038257599,1,0,"{""A"": ""orientation"", ""B"": ""position"", ""C"": ""color"", ""D"": ""size""}",/mnt/tidalfs-hssh01/dataset/xiang/models/Qwen2.5-VL-7B-Instruct,42,not_empty,next_token
B_0088,B,STEP,AB,0,-0.825939416885376,-0.575939416885376,0.43782350420951843,0.562176525592804,-0.8266220688819885,-0.5766220688819885,0.43782350420951843,1,0,"{""A"": ""orientation"", ""B"": ""position"", ""C"": ""color"", ""D"": ""size""}",/mnt/tidalfs-hssh01/dataset/xiang/models/Qwen2.5-VL-7B-Instruct,42,not_empty,next_token
B_0088,B,STEP,AC,0,-0.7575989961624146,-0.6325989961624146,0.4687906503677368,0.531209409236908,-0.7581346035003662,-0.6331346035003662,0.4687906503677368,1,0,"{""A"": ""orientation"", ""B"": ""position"", ""C"": ""color"", ""D"": ""size""}",/mnt/tidalfs-hssh01/dataset/xiang/models/Qwen2.5-VL-7B-Instruct,42,not_empty,next_token
B_0088,B,STEP,AD,0,-0.7575989961624146,-0.6325989961624146,0.4687906503677368,0.531209409236908,-0.7581385970115662,-0.6331385970115662,0.4687906503677368,1,0,"{""A"": ""orientation"", ""B"": ""position"", ""C"": ""color"", ""D"": ""size""}",/mnt/tidalfs-hssh01/dataset/xiang/models/Qwen2.5-VL-7B-Instruct,42,not_empty,next_token
B_0088,B,STEP,BC,0,-0.825939416885376,-0.575939416885376,0.43782350420951843,0.562176525592804,-0.8263018131256104,-0.5763018131256104,0.43782350420951843,1,0,"{""A"": ""orientation"", ""B"": ""position"", ""C"": ""color"", ""D"": ""size""}",/mnt/tidalfs-hssh01/dataset/xiang/models/Qwen2.5-VL-7B-Instruct,42,not_empty,next_token
B_0088,B,STEP,BD,0,-0.7575989961624146,-0.6325989961624146,0.4687906503677368,0.531209409236908,-0.7579465508460999,-0.6329465508460999,0.4687906503677368,1,0,"{""A"": ""orientation"", ""B"": ""position"", ""C"": ""color"", ""D"": ""size""}",/mnt/tidalfs-hssh01/dataset/xiang/models/Qwen2.5-VL-7B-Instruct,42,not_empty,next_token
B_0088,B,STEP,CD,0,-0.825939416885376,-0.575939416885376,0.43782350420951843,0.562176525592804,-0.82627272605896,-0.57627272605896,0.43782350420951843,1,0,"{""A"": ""orientation"", ""B"": ""position"", ""C"": ""color"", ""D"": ""size""}",/mnt/tidalfs-hssh01/dataset/xiang/models/Qwen2.5-VL-7B-Instruct,42,not_empty,next_token
B_0088,B,STEP,ABC,0,-0.825939416885376,-0.575939416885376,0.43782350420951843,0.562176525592804,-0.8263386487960815,-0.5763386487960815,0.43782350420951843,1,0,"{""A"": ""orientation"", ""B"": ""position"", ""C"": ""color"", ""D"": ""size""}",/mnt/tidalfs-hssh01/dataset/xiang/models/Qwen2.5-VL-7B-Instruct,42,not_empty,next_token
B_0088,B,STEP,ABD,0,-0.825939416885376,-0.575939416885376,0.43782350420951843,0.562176525592804,-0.8262856006622314,-0.5762856006622314,0.43782350420951843,1,0,"{""A"": ""orientation"", ""B"": ""position"", ""C"": ""color"", ""D"": ""size""}",/mnt/tidalfs-hssh01/dataset/xiang/models/Qwen2.5-VL-7B-Instruct,42,not_empty,next_token
B_0088,B,STEP,ACD,0,-0.8981232643127441,-0.5231232643127441,0.4073334038257599,0.5926665663719177,-0.8983819484710693,-0.5233819484710693,0.4073334038257599,1,0,"{""A"": ""orientation"", ""B"": ""position"", ""C"": ""color"", ""D"": ""size""}",/mnt/tidalfs-hssh01/dataset/xiang/models/Qwen2.5-VL-7B-Instruct,42,not_empty,next_token
B_0088,B,STEP,BCD,0,-0.825939416885376,-0.575939416885376,0.43782350420951843,0.562176525592804,-0.8261498212814331,-0.5761498212814331,0.43782350420951843,1,0,"{""A"": ""orientation"", ""B"": ""position"", ""C"": ""color"", ""D"": ""size""}",/mnt/tidalfs-hssh01/dataset/xiang/models/Qwen2.5-VL-7B-Instruct,42,not_empty,next_token
B_0088,B,STEP,ABCD,0,-0.8981232643127441,-0.5231232643127441,0.4073334038257599,0.5926665663719177,-0.8983801007270813,-0.5233801007270813,0.4073334038257599,1,0,"{""A"": ""orientation"", ""B"": ""position"", ""C"": ""color"", ""D"": ""size""}",/mnt/tidalfs-hssh01/dataset/xiang/models/Qwen2.5-VL-7B-Instruct,42,not_empty,next_token
B_0096,B,STEP,EMPTY,0,-0.8981232643127441,-0.5231232643127441,0.4073334038257599,0.5926665663719177,-0.9199725389480591,-0.5449725389480591,0.4073334038257599,1,0,"{""A"": ""position"", ""B"": ""color"", ""C"": ""size"", ""D"": ""orientation""}",/mnt/tidalfs-hssh01/dataset/xiang/models/Qwen2.5-VL-7B-Instruct,42,text_only,next_token
B_0096,B,STEP,A,0,-0.7575989961624146,-0.6325989961624146,0.4687906503677368,0.531209409236908,-0.7590900659561157,-0.6340900659561157,0.4687906503677368,1,0,"{""A"": ""position"", ""B"": ""color"", ""C"": ""size"", ""D"": ""orientation""}",/mnt/tidalfs-hssh01/dataset/xiang/models/Qwen2.5-VL-7B-Instruct,42,not_empty,next_token
B_0096,B,STEP,B,0,-0.9740769863128662,-0.4740769863128662,0.3775406777858734,0.622459352016449,-0.975214958190918,-0.47521498799324036,0.3775406777858734,1,0,"{""A"": ""position"", ""B"": ""color"", ""C"": ""size"", ""D"": ""orientation""}",/mnt/tidalfs-hssh01/dataset/xiang/models/Qwen2.5-VL-7B-Instruct,42,not_empty,next_token
B_0096,B,STEP,C,0,-0.825939416885376,-0.575939416885376,0.43782350420951843,0.562176525592804,-0.8287182450294495,-0.5787182450294495,0.43782350420951843,1,0,"{""A"": ""position"", ""B"": ""color"", ""C"": ""size"", ""D"": ""orientation""}",/mnt/tidalfs-hssh01/dataset/xiang/models/Qwen2.5-VL-7B-Instruct,42,not_empty,next_token
B_0096,B,STEP,D,0,-0.825939416885376,-0.575939416885376,0.43782350420951843,0.562176525592804,-0.830412745475769,-0.580412745475769,0.43782350420951843,1,0,"{""A"": ""position"", ""B"": ""color"", ""C"": ""size"", ""D"": ""orientation""}",/mnt/tidalfs-hssh01/dataset/xiang/models/Qwen2.5-VL-7B-Instruct,42,not_empty,next_token
B_0096,B,STEP,AB,0,-0.8981232643127441,-0.5231232643127441,0.4073334038257599,0.5926665663719177,-0.898739218711853,-0.523739218711853,0.4073334038257599,1,0,"{""A"": ""position"", ""B"": ""color"", ""C"": ""size"", ""D"": ""orientation""}",/mnt/tidalfs-hssh01/dataset/xiang/models/Qwen2.5-VL-7B-Instruct,42,not_empty,next_token
B_0096,B,STEP,AC,0,-0.8981232643127441,-0.5231232643127441,0.4073334038257599,0.5926665663719177,-0.8985093832015991,-0.5235093832015991,0.4073334038257599,1,0,"{""A"": ""position"", ""B"": ""color"", ""C"": ""size"", ""D"": ""orientation""}",/mnt/tidalfs-hssh01/dataset/xiang/models/Qwen2.5-VL-7B-Instruct,42,not_empty,next_token
B_0096,B,STEP,AD,0,-0.825939416885376,-0.575939416885376,0.43782350420951843,0.562176525592804,-0.826555073261261,-0.576555073261261,0.43782350420951843,1,0,"{""A"": ""position"", ""B"": ""color"", ""C"": ""size"", ""D"": ""orientation""}",/mnt/tidalfs-hssh01/dataset/xiang/models/Qwen2.5-VL-7B-Instruct,42,not_empty,next_token
B_0096,B,STEP,BC,0,-0.8981232643127441,-0.5231232643127441,0.4073334038257599,0.5926665663719177,-0.898754358291626,-0.523754358291626,0.4073334038257599,1,0,"{""A"": ""position"", ""B"": ""color"", ""C"": ""size"", ""D"": ""orientation""}",/mnt/tidalfs-hssh01/dataset/xiang/models/Qwen2.5-VL-7B-Instruct,42,not_empty,next_token
B_0096,B,STEP,BD,0,-0.8981232643127441,-0.5231232643127441,0.4073334038257599,0.5926665663719177,-0.8989251852035522,-0.5239251852035522,0.4073334038257599,1,0,"{""A"": ""position"", ""B"": ""color"", ""C"": ""size"", ""D"": ""orientation""}",/mnt/tidalfs-hssh01/dataset/xiang/models/Qwen2.5-VL-7B-Instruct,42,not_empty,next_token
B_0096,B,STEP,CD,0,-0.825939416885376,-0.575939416885376,0.43782350420951843,0.562176525592804,-0.8268108367919922,-0.5768108367919922,0.43782350420951843,1,0,"{""A"": ""position"", ""B"": ""color"", ""C"": ""size"", ""D"": ""orientation""}",/mnt/tidalfs-hssh01/dataset/xiang/models/Qwen2.5-VL-7B-Instruct,42,not_empty,next_token
B_0096,B,STEP,ABC,0,-0.825939416885376,-0.575939416885376,0.43782350420951843,0.562176525592804,-0.8262953162193298,-0.5762953162193298,0.43782350420951843,1,0,"{""A"": ""position"", ""B"": ""color"", ""C"": ""size"", ""D"": ""orientation""}",/mnt/tidalfs-hssh01/dataset/xiang/models/Qwen2.5-VL-7B-Instruct,42,not_empty,next_token
B_0096,B,STEP,ABD,0,-0.8981232643127441,-0.5231232643127441,0.4073334038257599,0.5926665663719177,-0.8985210657119751,-0.5235210657119751,0.4073334038257599,1,0,"{""A"": ""position"", ""B"": ""color"", ""C"": ""size"", ""D"": ""orientation""}",/mnt/tidalfs-hssh01/dataset/xiang/models/Qwen2.5-VL-7B-Instruct,42,not_empty,next_token
B_0096,B,STEP,ACD,0,-0.825939416885376,-0.575939416885376,0.43782350420951843,0.562176525592804,-0.8263157606124878,-0.5763157606124878,0.43782350420951843,1,0,"{""A"": ""position"", ""B"": ""color"", ""C"": ""size"", ""D"": ""orientation""}",/mnt/tidalfs-hssh01/dataset/xiang/models/Qwen2.5-VL-7B-Instruct,42,not_empty,next_token
B_0096,B,STEP,BCD,0,-0.8981232643127441,-0.5231232643127441,0.4073334038257599,0.5926665663719177,-0.898628830909729,-0.523628830909729,0.4073334038257599,1,0,"{""A"": ""position"", ""B"": ""color"", ""C"": ""size"", ""D"": ""orientation""}",/mnt/tidalfs-hssh01/dataset/xiang/models/Qwen2.5-VL-7B-Instruct,42,not_empty,next_token
B_0096,B,STEP,ABCD,0,-0.8981232643127441,-0.5231232643127441,0.4073334038257599,0.5926665663719177,-0.8984817862510681,-0.5234817862510681,0.4073334038257599,1,0,"{""A"": ""position"", ""B"": ""color"", ""C"": ""size"", ""D"": ""orientation""}",/mnt/tidalfs-hssh01/dataset/xiang/models/Qwen2.5-VL-7B-Instruct,42,not_empty,next_token
B_0104,B,STEP,EMPTY,1,-0.9740769863128662,-0.4740769863128662,0.3775406777858734,0.622459352016449,-0.9828988313674927,-0.4828988313674927,0.622459352016449,1,1,"{""A"": ""color"", ""B"": ""size"", ""C"": ""orientation"", ""D"": ""position""}",/mnt/tidalfs-hssh01/dataset/xiang/models/Qwen2.5-VL-7B-Instruct,42,text_only,next_token
B_0104,B,STEP,A,1,-0.825939416885376,-0.575939416885376,0.43782350420951843,0.562176525592804,-0.8269744515419006,-0.5769744515419006,0.562176525592804,1,1,"{""A"": ""color"", ""B"": ""size"", ""C"": ""orientation"", ""D"": ""position""}",/mnt/tidalfs-hssh01/dataset/xiang/models/Qwen2.5-VL-7B-Instruct,42,not_empty,next_token
B_0104,B,STEP,B,1,-0.9740769863128662,-0.4740769863128662,0.3775406777858734,0.622459352016449,-0.9750934839248657,-0.4750934839248657,0.622459352016449,1,1,"{""A"": ""color"", ""B"": ""size"", ""C"": ""orientation"", ""D"": ""position""}",/mnt/tidalfs-hssh01/dataset/xiang/models/Qwen2.5-VL-7B-Instruct,42,not_empty,next_token
B_0104,B,STEP,C,1,-0.8981232643127441,-0.5231232643127441,0.4073334038257599,0.5926665663719177,-0.8999212384223938,-0.5249212384223938,0.5926665663719177,1,1,"{""A"": ""color"", ""B"": ""size"", ""C"": ""orientation"", ""D"": ""position""}",/mnt/tidalfs-hssh01/dataset/xiang/models/Qwen2.5-VL-7B-Instruct,42,not_empty,next_token
B_0104,B,STEP,D,1,-0.9740769863128662,-0.4740769863128662,0.3775406777858734,0.622459352016449,-0.9757544994354248,-0.4757544994354248,0.622459352016449,1,1,"{""A"": ""color"", ""B"": ""size"", ""C"": ""orientation"", ""D"": ""position""}",/mnt/tidalfs-hssh01/dataset/xiang/models/Qwen2.5-VL-7B-Instruct,42,not_empty,next_token
B_0104,B,STEP,AB,1,-0.8981232643127441,-0.5231232643127441,0.4073334038257599,0.5926665663719177,-0.8985550403594971,-0.5235550403594971,0.5926665663719177,1,1,"{""A"": ""color"", ""B"": ""size"", ""C"": ""orientation"", ""D"": ""position""}",/mnt/tidalfs-hssh01/dataset/xiang/models/Qwen2.5-VL-7B-Instruct,42,not_empty,next_token
B_0104,B,STEP,AC,1,-0.8981232643127441,-0.5231232643127441,0.4073334038257599,0.5926665663719177,-0.8986351490020752,-0.5236351490020752,0.5926665663719177,1,1,"{""A"": ""color"", ""B"": ""size"", ""C"": ""orientation"", ""D"": ""position""}",/mnt/tidalfs-hssh01/dataset/xiang/models/Qwen2.5-VL-7B-Instruct,42,not_empty,next_token
B_0104,B,STEP,AD,1,-0.7575989961624146,-0.6325989961624146,0.4687906503677368,0.531209409236908,-0.7581004500389099,-0.6331004500389099,0.531209409236908,1,1,"{""A"": ""color"", ""B"": ""size"", ""C"": ""orientation"", ""D"": ""position""}",/mnt/tidalfs-hssh01/dataset/xiang/models/Qwen2.5-VL-7B-Instruct,42,not_empty,next_token
B_0104,B,STEP,BC,1,-0.8981232643127441,-0.5231232643127441,0.4073334038257599,0.5926665663719177,-0.8988579511642456,-0.5238579511642456,0.5926665663719177,1,1,"{""A"": ""color"", ""B"": ""size"", ""C"": ""orientation"", ""D"": ""position""}",/mnt/tidalfs-hssh01/dataset/xiang/models/Qwen2.5-VL-7B-Instruct,42,not_empty,next_token
B_0104,B,STEP,BD,1,-0.8981232643127441,-0.5231232643127441,0.4073334038257599,0.5926665663719177,-0.8987648487091064,-0.5237648487091064,0.5926665663719177,1,1,"{""A"": ""color"", ""B"": ""size"", ""C"": ""orientation"", ""D"": ""position""}",/mnt/tidalfs-hssh01/dataset/xiang/models/Qwen2.5-VL-7B-Instruct,42,not_empty,next_token
B_0104,B,STEP,CD,1,-0.6931471824645996,-0.6931471824645996,0.5,0.5,-0.693934977054596,-0.693934977054596,0.5,0,0,"{""A"": ""color"", ""B"": ""size"", ""C"": ""orientation"", ""D"": ""position""}",/mnt/tidalfs-hssh01/dataset/xiang/models/Qwen2.5-VL-7B-Instruct,42,not_empty,next_token
B_0104,B,STEP,ABC,1,-0.825939416885376,-0.575939416885376,0.43782350420951843,0.562176525592804,-0.8263506293296814,-0.5763506293296814,0.562176525592804,1,1,"{""A"": ""color"", ""B"": ""size"", ""C"": ""orientation"", ""D"": ""position""}",/mnt/tidalfs-hssh01/dataset/xiang/models/Qwen2.5-VL-7B-Instruct,42,not_empty,next_token
B_0104,B,STEP,ABD,1,-0.825939416885376,-0.575939416885376,0.43782350420951843,0.562176525592804,-0.8262720704078674,-0.5762720704078674,0.562176525592804,1,1,"{""A"": ""color"", ""B"": ""size"", ""C"": ""orientation"", ""D"": ""position""}",/mnt/tidalfs-hssh01/dataset/xiang/models/Qwen2.5-VL-7B-Instruct,42,not_empty,next_token
B_0104,B,STEP,ACD,1,-0.825939416885376,-0.575939416885376,0.43782350420951843,0.562176525592804,-0.8262763023376465,-0.5762763023376465,0.562176525592804,1,1,"{""A"": ""color"", ""B"": ""size"", ""C"": ""orientation"", ""D"": ""position""}",/mnt/tidalfs-hssh01/dataset/xiang/models/Qwen2.5-VL-7B-Instruct,42,not_empty,next_token
B_0104,B,STEP,BCD,1,-0.8981232643127441,-0.5231232643127441,0.4073334038257599,0.5926665663719177,-0.8987075090408325,-0.5237075090408325,0.5926665663719177,1,1,"{""A"": ""color"", ""B"": ""size"", ""C"": ""orientation"", ""D"": ""position""}",/mnt/tidalfs-hssh01/dataset/xiang/models/Qwen2.5-VL-7B-Instruct,42,not_empty,next_token
B_0104,B,STEP,ABCD,1,-0.825939416885376,-0.575939416885376,0.43782350420951843,0.562176525592804,-0.8262386322021484,-0.5762386322021484,0.562176525592804,1,1,"{""A"": ""color"", ""B"": ""size"", ""C"": ""orientation"", ""D"": ""position""}",/mnt/tidalfs-hssh01/dataset/xiang/models/Qwen2.5-VL-7B-Instruct,42,not_empty,next_token
B_0112,B,STEP,EMPTY,0,-0.825939416885376,-0.575939416885376,0.43782350420951843,0.562176525592804,-0.8349793553352356,-0.5849793553352356,0.43782350420951843,1,0,"{""A"": ""size"", ""B"": ""orientation"", ""C"": ""position"", ""D"": ""color""}",/mnt/tidalfs-hssh01/dataset/xiang/models/Qwen2.5-VL-7B-Instruct,42,text_only,next_token
B_0112,B,STEP,A,0,-0.6931471824645996,-0.6931471824645996,0.5,0.5,-0.6942474842071533,-0.6942474842071533,0.5,0,1,"{""A"": ""size"", ""B"": ""orientation"", ""C"": ""position"", ""D"": ""color""}",/mnt/tidalfs-hssh01/dataset/xiang/models/Qwen2.5-VL-7B-Instruct,42,not_empty,next_token
B_0112,B,STEP,B,0,-0.7575989961624146,-0.6325989961624146,0.4687906503677368,0.531209409236908,-0.7592000961303711,-0.6342000961303711,0.4687906503677368,1,0,"{""A"": ""size"", ""B"": ""orientation"", ""C"": ""position"", ""D"": ""color""}",/mnt/tidalfs-hssh01/dataset/xiang/models/Qwen2.5-VL-7B-Instruct,42,not_empty,next_token
B_0112,B,STEP,C,0,-0.7575989961624146,-0.6325989961624146,0.4687906503677368,0.531209409236908,-0.759021520614624,-0.634021520614624,0.4687906503677368,1,0,"{""A"": ""size"", ""B"": ""orientation"", ""C"": ""position"", ""D"": ""color""}",/mnt/tidalfs-hssh01/dataset/xiang/models/Qwen2.5-VL-7B-Instruct,42,not_empty,next_token
B_0112,B,STEP,D,0,-0.7575989961624146,-0.6325989961624146,0.4687906503677368,0.531209409236908,-0.7591000199317932,-0.6341000199317932,0.4687906503677368,1,0,"{""A"": ""size"", ""B"": ""orientation"", ""C"": ""position"", ""D"": ""color""}",/mnt/tidalfs-hssh01/dataset/xiang/models/Qwen2.5-VL-7B-Instruct,42,not_empty,next_token
B_0112,B,STEP,AB,0,-0.6931471824645996,-0.6931471824645996,0.5,0.5,-0.6938742399215698,-0.6938742399215698,0.5,0,1,"{""A"": ""size"", ""B"": ""orientation"", ""C"": ""position"", ""D"": ""color""}",/mnt/tidalfs-hssh01/dataset/xiang/models/Qwen2.5-VL-7B-Instruct,42,not_empty,next_token
B_0112,B,STEP,AC,0,-0.825939416885376,-0.575939416885376,0.43782350420951843,0.562176525592804,-0.8263104557991028,-0.5763104557991028,0.43782350420951843,1,0,"{""A"": ""size"", ""B"": ""orientation"", ""C"": ""position"", ""D"": ""color""}",/mnt/tidalfs-hssh01/dataset/xiang/models/Qwen2.5-VL-7B-Instruct,42,not_empty,next_token
B_0112,B,STEP,AD,0,-0.7575989961624146,-0.6325989961624146,0.4687906503677368,0.531209409236908,-0.7582787275314331,-0.6332787275314331,0.4687906503677368,1,0,"{""A"": ""size"", ""B"": ""orientation"", ""C"": ""position"", ""D"": ""color""}",/mnt/tidalfs-hssh01/dataset/xiang/models/Qwen2.5-VL-7B-Instruct,42,not_empty,next_token
B_0112,B,STEP,BC,0,-0.7575989961624146,-0.6325989961624146,0.4687906503677368,0.531209409236908,-0.758733332157135,-0.633733332157135,0.4687906503677368,1,0,"{""A"": ""size"", ""B"": ""orientation"", ""C"": ""position"", ""D"": ""color""}",/mnt/tidalfs-hssh01/dataset/xiang/models/Qwen2.5-VL-7B-Instruct,42,not_empty,next_token
B_0112,B,STEP,BD,0,-0.825939416885376,-0.575939416885376,0.43782350420951843,0.562176525592804,-0.8266938924789429,-0.5766938924789429,0.43782350420951843,1,0,"{""A"": ""size"", ""B"": ""orientation"", ""C"": ""position"", ""D"": ""color""}",/mnt/tidalfs-hssh01/dataset/xiang/models/Qwen2.5-VL-7B-Instruct,42,not_empty,next_token
B_0112,B,STEP,CD,0,-0.7575989961624146,-0.6325989961624146,0.4687906503677368,0.531209409236908,-0.758171558380127,-0.633171558380127,0.4687906503677368,1,0,"{""A"": ""size"", ""B"": ""orientation"", ""C"": ""position"", ""D"": ""color""}",/mnt/tidalfs-hssh01/dataset/xiang/models/Qwen2.5-VL-7B-Instruct,42,not_empty,next_token
B_0112,B,STEP,ABC,0,-0.7575989961624146,-0.6325989961624146,0.4687906503677368,0.531209409236908,-0.7579737901687622,-0.6329737901687622,0.4687906503677368,1,0,"{""A"": ""size"", ""B"": ""orientation"", ""C"": ""position"", ""D"": ""color""}",/mnt/tidalfs-hssh01/dataset/xiang/models/Qwen2.5-VL-7B-Instruct,42,not_empty,next_token
B_0112,B,STEP,ABD,0,-0.7575989961624146,-0.6325989961624146,0.4687906503677368,0.531209409236908,-0.7580500841140747,-0.6330500841140747,0.4687906503677368,1,0,"{""A"": ""size"", ""B"": ""orientation"", ""C"": ""position"", ""D"": ""color""}",/mnt/tidalfs-hssh01/dataset/xiang/models/Qwen2.5-VL-7B-Instruct,42,not_empty,next_token
B_0112,B,STEP,ACD,0,-0.825939416885376,-0.575939416885376,0.43782350420951843,0.562176525592804,-0.8262595534324646,-0.5762595534324646,0.43782350420951843,1,0,"{""A"": ""size"", ""B"": ""orientation"", ""C"": ""position"", ""D"": ""color""}",/mnt/tidalfs-hssh01/dataset/xiang/models/Qwen2.5-VL-7B-Instruct,42,not_empty,next_token
B_0112,B,STEP,BCD,0,-0.825939416885376,-0.575939416885376,0.43782350420951843,0.562176525592804,-0.826627254486084,-0.576627254486084,0.43782350420951843,1,0,"{""A"": ""size"", ""B"": ""orientation"", ""C"": ""position"", ""D"": ""color""}",/mnt/tidalfs-hssh01/dataset/xiang/models/Qwen2.5-VL-7B-Instruct,42,not_empty,next_token
B_0112,B,STEP,ABCD,0,-0.7575989961624146,-0.6325989961624146,0.4687906503677368,0.531209409236908,-0.7580143809318542,-0.6330143809318542,0.4687906503677368,1,0,"{""A"": ""size"", ""B"": ""orientation"", ""C"": ""position"", ""D"": ""color""}",/mnt/tidalfs-hssh01/dataset/xiang/models/Qwen2.5-VL-7B-Instruct,42,not_empty,next_token
B_0120,B,STEP,EMPTY,1,-0.8981232643127441,-0.5231232643127441,0.4073334038257599,0.5926665663719177,-0.9087707996368408,-0.5337707996368408,0.5926665663719177,1,1,"{""A"": ""orientation"", ""B"": ""position"", ""C"": ""color"", ""D"": ""size""}",/mnt/tidalfs-hssh01/dataset/xiang/models/Qwen2.5-VL-7B-Instruct,42,text_only,next_token
B_0120,B,STEP,A,1,-0.6931471824645996,-0.6931471824645996,0.5,0.5,-0.694259524345398,-0.694259524345398,0.5,0,0,"{""A"": ""orientation"", ""B"": ""position"", ""C"": ""color"", ""D"": ""size""}",/mnt/tidalfs-hssh01/dataset/xiang/models/Qwen2.5-VL-7B-Instruct,42,not_empty,next_token
B_0120,B,STEP,B,1,-0.825939416885376,-0.575939416885376,0.43782350420951843,0.562176525592804,-0.8270713090896606,-0.5770713090896606,0.562176525592804,1,1,"{""A"": ""orientation"", ""B"": ""position"", ""C"": ""color"", ""D"": ""size""}",/mnt/tidalfs-hssh01/dataset/xiang/models/Qwen2.5-VL-7B-Instruct,42,not_empty,next_token
B_0120,B,STEP,C,1,-0.825939416885376,-0.575939416885376,0.43782350420951843,0.562176525592804,-0.8267386555671692,-0.5767386555671692,0.562176525592804,1,1,"{""A"": ""orientation"", ""B"": ""position"", ""C"": ""color"", ""D"": ""size""}",/mnt/tidalfs-hssh01/dataset/xiang/models/Qwen2.5-VL-7B-Instruct,42,not_empty,next_token
B_0120,B,STEP,D,1,-0.8981232643127441,-0.5231232643127441,0.4073334038257599,0.5926665663719177,-0.8992534875869751,-0.5242534875869751,0.5926665663719177,1,1,"{""A"": ""orientation"", ""B"": ""position"", ""C"": ""color"", ""D"": ""size""}",/mnt/tidalfs-hssh01/dataset/xiang/models/Qwen2.5-VL-7B-Instruct,42,not_empty,next_token
B_0120,B,STEP,AB,1,-0.825939416885376,-0.575939416885376,0.43782350420951843,0.562176525592804,-0.8266562819480896,-0.5766562819480896,0.562176525592804,1,1,"{""A"": ""orientation"", ""B"": ""position"", ""C"": ""color"", ""D"": ""size""}",/mnt/tidalfs-hssh01/dataset/xiang/models/Qwen2.5-VL-7B-Instruct,42,not_empty,next_token
B_0120,B,STEP,AC,1,-0.7575989961624146,-0.6325989961624146,0.4687906503677368,0.531209409236908,-0.7581346035003662,-0.6331346035003662,0.531209409236908,1,1,"{""A"": ""orientation"", ""B"": ""position"", ""C"": ""color"", ""D"": ""size""}",/mnt/tidalfs-hssh01/dataset/xiang/models/Qwen2.5-VL-7B-Instruct,42,not_empty,next_token
B_0120,B,STEP,AD,1,-0.7575989961624146,-0.6325989961624146,0.4687906503677368,0.531209409236908,-0.7582812309265137,-0.6332812309265137,0.531209409236908,1,1,"{""A"": ""orientation"", ""B"": ""position"", ""C"": ""color"", ""D"": ""size""}",/mnt/tidalfs-hssh01/dataset/xiang/models/Qwen2.5-VL-7B-Instruct,42,not_empty,next_token
B_0120,B,STEP,BC,1,-0.8981232643127441,-0.5231232643127441,0.4073334038257599,0.5926665663719177,-0.8987576365470886,-0.5237576365470886,0.5926665663719177,1,1,"{""A"": ""orientation"", ""B"": ""position"", ""C"": ""color"", ""D"": ""size""}",/mnt/tidalfs-hssh01/dataset/xiang/models/Qwen2.5-VL-7B-Instruct,42,not_empty,next_token
B_0120,B,STEP,BD,1,-0.8981232643127441,-0.5231232643127441,0.4073334038257599,0.5926665663719177,-0.8985228538513184,-0.5235228538513184,0.5926665663719177,1,1,"{""A"": ""orientation"", ""B"": ""position"", ""C"": ""color"", ""D"": ""size""}",/mnt/tidalfs-hssh01/dataset/xiang/models/Qwen2.5-VL-7B-Instruct,42,not_empty,next_token
B_0120,B,STEP,CD,1,-0.8981232643127441,-0.5231232643127441,0.4073334038257599,0.5926665663719177,-0.898444652557373,-0.523444652557373,0.5926665663719177,1,1,"{""A"": ""orientation"", ""B"": ""position"", ""C"": ""color"", ""D"": ""size""}",/mnt/tidalfs-hssh01/dataset/xiang/models/Qwen2.5-VL-7B-Instruct,42,not_empty,next_token
B_0120,B,STEP,ABC,1,-0.7575989961624146,-0.6325989961624146,0.4687906503677368,0.531209409236908,-0.7579985857009888,-0.6329985857009888,0.531209409236908,1,1,"{""A"": ""orientation"", ""B"": ""position"", ""C"": ""color"", ""D"": ""size""}",/mnt/tidalfs-hssh01/dataset/xiang/models/Qwen2.5-VL-7B-Instruct,42,not_empty,next_token
B_0120,B,STEP,ABD,1,-0.825939416885376,-0.575939416885376,0.43782350420951843,0.562176525592804,-0.8263369798660278,-0.5763369798660278,0.562176525592804,1,1,"{""A"": ""orientation"", ""B"": ""position"", ""C"": ""color"", ""D"": ""size""}",/mnt/tidalfs-hssh01/dataset/xiang/models/Qwen2.5-VL-7B-Instruct,42,not_empty,next_token
B_0120,B,STEP,ACD,1,-0.8981232643127441,-0.5231232643127441,0.4073334038257599,0.5926665663719177,-0.8983654975891113,-0.5233654975891113,0.5926665663719177,1,1,"{""A"": ""orientation"", ""B"": ""position"", ""C"": ""color"", ""D"": ""size""}",/mnt/tidalfs-hssh01/dataset/xiang/models/Qwen2.5-VL-7B-Instruct,42,not_empty,next_token
B_0120,B,STEP,BCD,1,-0.8981232643127441,-0.5231232643127441,0.4073334038257599,0.5926665663719177,-0.8984354734420776,-0.5234354734420776,0.5926665663719177,1,1,"{""A"": ""orientation"", ""B"": ""position"", ""C"": ""color"", ""D"": ""size""}",/mnt/tidalfs-hssh01/dataset/xiang/models/Qwen2.5-VL-7B-Instruct,42,not_empty,next_token
B_0120,B,STEP,ABCD,1,-0.825939416885376,-0.575939416885376,0.43782350420951843,0.562176525592804,-0.8262197971343994,-0.5762197971343994,0.562176525592804,1,1,"{""A"": ""orientation"", ""B"": ""position"", ""C"": ""color"", ""D"": ""size""}",/mnt/tidalfs-hssh01/dataset/xiang/models/Qwen2.5-VL-7B-Instruct,42,not_empty,next_token
