sample_id,probe,target_field,subset,ground_truth,logp_0,logp_1,p_0,p_1,candidate_loglik_0,candidate_loglik_1,p_correct,prediction,correct,cue_styles,model_name,seed,empty_mode,scoring_mode
A_0004,A,STEP1,EMPTY,0,-0.6931471824645996,-0.6931471824645996,0.5,0.5,-0.7521441578865051,-0.7521441578865051,0.5,0,1,"{""A"": ""position"", ""B"": ""color"", ""C"": ""size"", ""D"": ""orientation""}",/mnt/tidalfs-hssh01/dataset/xiang/models/Qwen2.5-VL-7B-Instruct,42,text_only,next_token
A_0004,A,STEP1,A,0,-0.7575989961624146,-0.6325989961624146,0.4687906503677368,0.531209409236908,-0.7601996660232544,-0.6351996660232544,0.4687906503677368,1,0,"{""A"": ""position"", ""B"": ""color"", ""C"": ""size"", ""D"": ""orientation""}",/mnt/tidalfs-hssh01/dataset/xiang/models/Qwen2.5-VL-7B-Instruct,42,not_empty,next_token
A_0004,A,STEP1,B,0,-0.7575989961624146,-0.6325989961624146,0.4687906503677368,0.531209409236908,-0.7589655518531799,-0.6339655518531799,0.4687906503677368,1,0,"{""A"": ""position"", ""B"": ""color"", ""C"": ""size"", ""D"": ""orientation""}",/mnt/tidalfs-hssh01/dataset/xiang/models/Qwen2.5-VL-7B-Instruct,42,not_empty,next_token
A_0004,A,STEP1,C,0,-0.6931471824645996,-0.6931471824645996,0.5,0.5,-0.6952361464500427,-0.6952361464500427,0.5,0,1,"{""A"": ""position"", ""B"": ""color"", ""C"": ""size"", ""D"": ""orientation""}",/mnt/tidalfs-hssh01/dataset/xiang/models/Qwen2.5-VL-7B-Instruct,42,not_empty,next_token
A_0004,A,STEP1,D,0,-0.825939416885376,-0.575939416885376,0.43782350420951843,0.562176525592804,-0.8328023552894592,-0.5828023552894592,0.43782350420951843,1,0,"{""A"": ""position"", ""B"": ""color"", ""C"": ""size"", ""D"": ""orientation""}",/mnt/tidalfs-hssh01/dataset/xiang/models/Qwen2.5-VL-7B-Instruct,42,not_empty,next_token
A_0004,A,STEP1,AB,0,-0.6931471824645996,-0.6931471824645996,0.5,0.5,-0.6936166286468506,-0.6936166286468506,0.5,0,1,"{""A"": ""position"", ""B"": ""color"", ""C"": ""size"", ""D"": ""orientation""}",/mnt/tidalfs-hssh01/dataset/xiang/models/Qwen2.5-VL-7B-Instruct,42,not_empty,next_token
A_0004,A,STEP1,AC,0,-0.7575989961624146,-0.6325989961624146,0.4687906503677368,0.531209409236908,-0.7579772472381592,-0.6329772472381592,0.4687906503677368,1,0,"{""A"": ""position"", ""B"": ""color"", ""C"": ""size"", ""D"": ""orientation""}",/mnt/tidalfs-hssh01/dataset/xiang/models/Qwen2.5-VL-7B-Instruct,42,not_empty,next_token
A_0004,A,STEP1,AD,0,-0.825939416885376,-0.575939416885376,0.43782350420951843,0.562176525592804,-0.8274189233779907,-0.5774189233779907,0.43782350420951843,1,0,"{""A"": ""position"", ""B"": ""color"", ""C"": ""size"", ""D"": ""orientation""}",/mnt/tidalfs-hssh01/dataset/xiang/models/Qwen2.5-VL-7B-Instruct,42,not_empty,next_token
A_0004,A,STEP1,BC,0,-0.8981232643127441,-0.5231232643127441,0.4073334038257599,0.5926665663719177,-0.8986302614212036,-0.5236302614212036,0.4073334038257599,1,0,"{""A"": ""position"", ""B"": ""color"", ""C"": ""size"", ""D"": ""orientation""}",/mnt/tidalfs-hssh01/dataset/xiang/models/Qwen2.5-VL-7B-Instruct,42,not_empty,next_token
A_0004,A,STEP1,BD,0,-0.825939416885376,-0.575939416885376,0.43782350420951843,0.562176525592804,-0.8274023532867432,-0.5774023532867432,0.43782350420951843,1,0,"{""A"": ""position"", ""B"": ""color"", ""C"": ""size"", ""D"": ""orientation""}",/mnt/tidalfs-hssh01/dataset/xiang/models/Qwen2.5-VL-7B-Instruct,42,not_empty,next_token
A_0004,A,STEP1,CD,0,-0.825939416885376,-0.575939416885376,0.43782350420951843,0.562176525592804,-0.8270922303199768,-0.5770922303199768,0.43782350420951843,1,0,"{""A"": ""position"", ""B"": ""color"", ""C"": ""size"", ""D"": ""orientation""}",/mnt/tidalfs-hssh01/dataset/xiang/models/Qwen2.5-VL-7B-Instruct,42,not_empty,next_token
A_0004,A,STEP1,ABC,0,-0.825939416885376,-0.575939416885376,0.43782350420951843,0.562176525592804,-0.8262367248535156,-0.5762367248535156,0.43782350420951843,1,0,"{""A"": ""position"", ""B"": ""color"", ""C"": ""size"", ""D"": ""orientation""}",/mnt/tidalfs-hssh01/dataset/xiang/models/Qwen2.5-VL-7B-Instruct,42,not_empty,next_token
A_0004,A,STEP1,ABD,0,-0.9740769863128662,-0.4740769863128662,0.3775406777858734,0.622459352016449,-0.9744433164596558,-0.47444331645965576,0.3775406777858734,1,0,"{""A"": ""position"", ""B"": ""color"", ""C"": ""size"", ""D"": ""orientation""}",/mnt/tidalfs-hssh01/dataset/xiang/models/Qwen2.5-VL-7B-Instruct,42,not_empty,next_token
A_0004,A,STEP1,ACD,0,-0.9740769863128662,-0.4740769863128662,0.3775406777858734,0.622459352016449,-0.9743648767471313,-0.47436487674713135,0.3775406777858734,1,0,"{""A"": ""position"", ""B"": ""color"", ""C"": ""size"", ""D"": ""orientation""}",/mnt/tidalfs-hssh01/dataset/xiang/models/Qwen2.5-VL-7B-Instruct,42,not_empty,next_token
A_0004,A,STEP1,BCD,0,-1.0537006855010986,-0.42870065569877625,0.3486451208591461,0.6513548493385315,-1.054032564163208,-0.4290325343608856,0.3486451208591461,1,0,"{""A"": ""position"", ""B"": ""color"", ""C"": ""size"", ""D"": ""orientation""}",/mnt/tidalfs-hssh01/dataset/xiang/models/Qwen2.5-VL-7B-Instruct,42,not_empty,next_token
A_0004,A,STEP1,ABCD,0,-0.9740769863128662,-0.4740769863128662,0.3775406777858734,0.622459352016449,-0.9742633700370789,-0.47426337003707886,0.3775406777858734,1,0,"{""A"": ""position"", ""B"": ""color"", ""C"": ""size"", ""D"": ""orientation""}",/mnt/tidalfs-hssh01/dataset/xiang/models/Qwen2.5-VL-7B-Instruct,42,not_empty,next_token
A_0004,A,STEP2,EMPTY,1,-1.1368709802627563,-0.38687101006507874,0.3208213150501251,0.6791786551475525,-1.1873528957366943,-0.4373529553413391,0.6791786551475525,1,1,"{""A"": ""position"", ""B"": ""color"", ""C"": ""size"", ""D"": ""orientation""}",/mnt/tidalfs-hssh01/dataset/xiang/models/Qwen2.5-VL-7B-Instruct,42,text_only,next_token
A_0004,A,STEP2,A,1,-1.0537006855010986,-0.42870065569877625,0.3486451208591461,0.6513548493385315,-1.0558043718338013,-0.43080440163612366,0.6513548493385315,1,1,"{""A"": ""position"", ""B"": ""color"", ""C"": ""size"", ""D"": ""orientation""}",/mnt/tidalfs-hssh01/dataset/xiang/models/Qwen2.5-VL-7B-Instruct,42,not_empty,next_token
A_0004,A,STEP2,B,1,-0.825939416885376,-0.575939416885376,0.43782350420951843,0.562176525592804,-0.8274880647659302,-0.5774880647659302,0.562176525592804,1,1,"{""A"": ""position"", ""B"": ""color"", ""C"": ""size"", ""D"": ""orientation""}",/mnt/tidalfs-hssh01/dataset/xiang/models/Qwen2.5-VL-7B-Instruct,42,not_empty,next_token
A_0004,A,STEP2,C,1,-1.2234445810317993,-0.3484445810317993,0.29421499371528625,0.7057850360870361,-1.2249228954315186,-0.34992292523384094,0.7057850360870361,1,1,"{""A"": ""position"", ""B"": ""color"", ""C"": ""size"", ""D"": ""orientation""}",/mnt/tidalfs-hssh01/dataset/xiang/models/Qwen2.5-VL-7B-Instruct,42,not_empty,next_token
A_0004,A,STEP2,D,1,-1.2234445810317993,-0.3484445810317993,0.29421499371528625,0.7057850360870361,-1.2276611328125,-0.3526611626148224,0.7057850360870361,1,1,"{""A"": ""position"", ""B"": ""color"", ""C"": ""size"", ""D"": ""orientation""}",/mnt/tidalfs-hssh01/dataset/xiang/models/Qwen2.5-VL-7B-Instruct,42,not_empty,next_token
A_0004,A,STEP2,AB,1,-0.7575989961624146,-0.6325989961624146,0.4687906503677368,0.531209409236908,-0.7587367296218872,-0.6337367296218872,0.531209409236908,1,1,"{""A"": ""position"", ""B"": ""color"", ""C"": ""size"", ""D"": ""orientation""}",/mnt/tidalfs-hssh01/dataset/xiang/models/Qwen2.5-VL-7B-Instruct,42,not_empty,next_token
A_0004,A,STEP2,AC,1,-1.3132617473602295,-0.3132617473602295,0.26894140243530273,0.7310584783554077,-1.3136677742004395,-0.31366777420043945,0.7310584783554077,1,1,"{""A"": ""position"", ""B"": ""color"", ""C"": ""size"", ""D"": ""orientation""}",/mnt/tidalfs-hssh01/dataset/xiang/models/Qwen2.5-VL-7B-Instruct,42,not_empty,next_token
A_0004,A,STEP2,AD,1,-0.9740769863128662,-0.4740769863128662,0.3775406777858734,0.622459352016449,-0.9753524661064148,-0.4753524661064148,0.622459352016449,1,1,"{""A"": ""position"", ""B"": ""color"", ""C"": ""size"", ""D"": ""orientation""}",/mnt/tidalfs-hssh01/dataset/xiang/models/Qwen2.5-VL-7B-Instruct,42,not_empty,next_token
A_0004,A,STEP2,BC,1,-1.136871099472046,-0.38687101006507874,0.32082128524780273,0.6791786551475525,-1.1378247737884521,-0.3878247141838074,0.6791786551475525,1,1,"{""A"": ""position"", ""B"": ""color"", ""C"": ""size"", ""D"": ""orientation""}",/mnt/tidalfs-hssh01/dataset/xiang/models/Qwen2.5-VL-7B-Instruct,42,not_empty,next_token
A_0004,A,STEP2,BD,1,-0.9740769863128662,-0.4740769863128662,0.3775406777858734,0.622459352016449,-0.9757934808731079,-0.4757934808731079,0.622459352016449,1,1,"{""A"": ""position"", ""B"": ""color"", ""C"": ""size"", ""D"": ""orientation""}",/mnt/tidalfs-hssh01/dataset/xiang/models/Qwen2.5-VL-7B-Instruct,42,not_empty,next_token
A_0004,A,STEP2,CD,1,-1.3132617473602295,-0.3132617473602295,0.26894140243530273,0.7310584783554077,-1.3141708374023438,-0.3141708970069885,0.7310584783554077,1,1,"{""A"": ""position"", ""B"": ""color"", ""C"": ""size"", ""D"": ""orientation""}",/mnt/tidalfs-hssh01/dataset/xiang/models/Qwen2.5-VL-7B-Instruct,42,not_empty,next_token
A_0004,A,STEP2,ABC,1,-0.9740769863128662,-0.4740769863128662,0.3775406777858734,0.622459352016449,-0.9746973514556885,-0.4746973514556885,0.622459352016449,1,1,"{""A"": ""position"", ""B"": ""color"", ""C"": ""size"", ""D"": ""orientation""}",/mnt/tidalfs-hssh01/dataset/xiang/models/Qwen2.5-VL-7B-Instruct,42,not_empty,next_token
A_0004,A,STEP2,ABD,1,-0.6325989961624146,-0.7575989961624146,0.531209409236908,0.4687906503677368,-0.6333395838737488,-0.7583395838737488,0.4687906503677368,0,0,"{""A"": ""position"", ""B"": ""color"", ""C"": ""size"", ""D"": ""orientation""}",/mnt/tidalfs-hssh01/dataset/xiang/models/Qwen2.5-VL-7B-Instruct,42,not_empty,next_token
A_0004,A,STEP2,ACD,1,-1.3132617473602295,-0.3132617473602295,0.26894140243530273,0.7310584783554077,-1.3136084079742432,-0.3136083483695984,0.7310584783554077,1,1,"{""A"": ""position"", ""B"": ""color"", ""C"": ""size"", ""D"": ""orientation""}",/mnt/tidalfs-hssh01/dataset/xiang/models/Qwen2.5-VL-7B-Instruct,42,not_empty,next_token
A_0004,A,STEP2,BCD,1,-1.1368709802627563,-0.38687101006507874,0.3208213150501251,0.6791786551475525,-1.1373779773712158,-0.3873780369758606,0.6791786551475525,1,1,"{""A"": ""position"", ""B"": ""color"", ""C"": ""size"", ""D"": ""orientation""}",/mnt/tidalfs-hssh01/dataset/xiang/models/Qwen2.5-VL-7B-Instruct,42,not_empty,next_token
A_0004,A,STEP2,ABCD,1,-1.0537006855010986,-0.42870065569877625,0.3486451208591461,0.6513548493385315,-1.0541856288909912,-0.4291855990886688,0.6513548493385315,1,1,"{""A"": ""position"", ""B"": ""color"", ""C"": ""size"", ""D"": ""orientation""}",/mnt/tidalfs-hssh01/dataset/xiang/models/Qwen2.5-VL-7B-Instruct,42,not_empty,next_token
A_0004,A,FINAL,EMPTY,1,-0.825939416885376,-0.575939416885376,0.43782350420951843,0.562176525592804,-1.032974123954773,-0.782974123954773,0.562176525592804,1,1,"{""A"": ""position"", ""B"": ""color"", ""C"": ""size"", ""D"": ""orientation""}",/mnt/tidalfs-hssh01/dataset/xiang/models/Qwen2.5-VL-7B-Instruct,42,text_only,next_token
A_0004,A,FINAL,A,1,-0.825939416885376,-0.575939416885376,0.43782350420951843,0.562176525592804,-0.8441141843795776,-0.5941141843795776,0.562176525592804,1,1,"{""A"": ""position"", ""B"": ""color"", ""C"": ""size"", ""D"": ""orientation""}",/mnt/tidalfs-hssh01/dataset/xiang/models/Qwen2.5-VL-7B-Instruct,42,not_empty,next_token
A_0004,A,FINAL,B,1,-0.7575989961624146,-0.6325989961624146,0.4687906503677368,0.531209409236908,-0.7693278193473816,-0.6443278193473816,0.531209409236908,1,1,"{""A"": ""position"", ""B"": ""color"", ""C"": ""size"", ""D"": ""orientation""}",/mnt/tidalfs-hssh01/dataset/xiang/models/Qwen2.5-VL-7B-Instruct,42,not_empty,next_token
A_0004,A,FINAL,C,1,-0.8981232643127441,-0.5231232643127441,0.4073334038257599,0.5926665663719177,-0.9070677757263184,-0.5320677757263184,0.5926665663719177,1,1,"{""A"": ""position"", ""B"": ""color"", ""C"": ""size"", ""D"": ""orientation""}",/mnt/tidalfs-hssh01/dataset/xiang/models/Qwen2.5-VL-7B-Instruct,42,not_empty,next_token
A_0004,A,FINAL,D,1,-0.8981232643127441,-0.5231232643127441,0.4073334038257599,0.5926665663719177,-0.947605311870575,-0.572605311870575,0.5926665663719177,1,1,"{""A"": ""position"", ""B"": ""color"", ""C"": ""size"", ""D"": ""orientation""}",/mnt/tidalfs-hssh01/dataset/xiang/models/Qwen2.5-VL-7B-Instruct,42,not_empty,next_token
A_0004,A,FINAL,AB,1,-0.6931471824645996,-0.6931471824645996,0.5,0.5,-0.6951395869255066,-0.6951395869255066,0.5,0,0,"{""A"": ""position"", ""B"": ""color"", ""C"": ""size"", ""D"": ""orientation""}",/mnt/tidalfs-hssh01/dataset/xiang/models/Qwen2.5-VL-7B-Instruct,42,not_empty,next_token
A_0004,A,FINAL,AC,1,-0.7575989961624146,-0.6325989961624146,0.4687906503677368,0.531209409236908,-0.7592196464538574,-0.6342196464538574,0.531209409236908,1,1,"{""A"": ""position"", ""B"": ""color"", ""C"": ""size"", ""D"": ""orientation""}",/mnt/tidalfs-hssh01/dataset/xiang/models/Qwen2.5-VL-7B-Instruct,42,not_empty,next_token
A_0004,A,FINAL,AD,1,-0.8981232643127441,-0.5231232643127441,0.4073334038257599,0.5926665663719177,-0.9032495021820068,-0.5282495021820068,0.5926665663719177,1,1,"{""A"": ""position"", ""B"": ""color"", ""C"": ""size"", ""D"": ""orientation""}",/mnt/tidalfs-hssh01/dataset/xiang/models/Qwen2.5-VL-7B-Instruct,42,not_empty,next_token
A_0004,A,FINAL,BC,1,-0.7575989961624146,-0.6325989961624146,0.4687906503677368,0.531209409236908,-0.7610874772071838,-0.6360874772071838,0.531209409236908,1,1,"{""A"": ""position"", ""B"": ""color"", ""C"": ""size"", ""D"": ""orientation""}",/mnt/tidalfs-hssh01/dataset/xiang/models/Qwen2.5-VL-7B-Instruct,42,not_empty,next_token
A_0004,A,FINAL,BD,1,-0.825939416885376,-0.575939416885376,0.43782350420951843,0.562176525592804,-0.835913896560669,-0.585913896560669,0.562176525592804,1,1,"{""A"": ""position"", ""B"": ""color"", ""C"": ""size"", ""D"": ""orientation""}",/mnt/tidalfs-hssh01/dataset/xiang/models/Qwen2.5-VL-7B-Instruct,42,not_empty,next_token
A_0004,A,FINAL,CD,1,-0.8981232643127441,-0.5231232643127441,0.4073334038257599,0.5926665663719177,-0.9033915996551514,-0.5283915996551514,0.5926665663719177,1,1,"{""A"": ""position"", ""B"": ""color"", ""C"": ""size"", ""D"": ""orientation""}",/mnt/tidalfs-hssh01/dataset/xiang/models/Qwen2.5-VL-7B-Instruct,42,not_empty,next_token
A_0004,A,FINAL,ABC,1,-0.7575989961624146,-0.6325989961624146,0.4687906503677368,0.531209409236908,-0.7594267129898071,-0.6344267129898071,0.531209409236908,1,1,"{""A"": ""position"", ""B"": ""color"", ""C"": ""size"", ""D"": ""orientation""}",/mnt/tidalfs-hssh01/dataset/xiang/models/Qwen2.5-VL-7B-Instruct,42,not_empty,next_token
A_0004,A,FINAL,ABD,1,-0.825939416885376,-0.575939416885376,0.43782350420951843,0.562176525592804,-0.8281193971633911,-0.5781193971633911,0.562176525592804,1,1,"{""A"": ""position"", ""B"": ""color"", ""C"": ""size"", ""D"": ""orientation""}",/mnt/tidalfs-hssh01/dataset/xiang/models/Qwen2.5-VL-7B-Instruct,42,not_empty,next_token
A_0004,A,FINAL,ACD,1,-0.9740769863128662,-0.4740769863128662,0.3775406777858734,0.622459352016449,-0.9754539728164673,-0.4754539728164673,0.622459352016449,1,1,"{""A"": ""position"", ""B"": ""color"", ""C"": ""size"", ""D"": ""orientation""}",/mnt/tidalfs-hssh01/dataset/xiang/models/Qwen2.5-VL-7B-Instruct,42,not_empty,next_token
A_0004,A,FINAL,BCD,1,-0.9740769863128662,-0.4740769863128662,0.3775406777858734,0.622459352016449,-0.9761111736297607,-0.47611120343208313,0.622459352016449,1,1,"{""A"": ""position"", ""B"": ""color"", ""C"": ""size"", ""D"": ""orientation""}",/mnt/tidalfs-hssh01/dataset/xiang/models/Qwen2.5-VL-7B-Instruct,42,not_empty,next_token
A_0004,A,FINAL,ABCD,1,-0.8981232643127441,-0.5231232643127441,0.4073334038257599,0.5926665663719177,-0.8997654914855957,-0.5247654914855957,0.5926665663719177,1,1,"{""A"": ""position"", ""B"": ""color"", ""C"": ""size"", ""D"": ""orientation""}",/mnt/tidalfs-hssh01/dataset/xiang/models/Qwen2.5-VL-7B-Instruct,42,not_empty,next_token
A_0012,A,STEP1,EMPTY,1,-0.6931471824645996,-0.6931471824645996,0.5,0.5,-0.7521441578865051,-0.7521441578865051,0.5,0,0,"{""A"": ""position"", ""B"": ""color"", ""C"": ""size"", ""D"": ""orientation""}",/mnt/tidalfs-hssh01/dataset/xiang/models/Qwen2.5-VL-7B-Instruct,42,text_only,next_token
A_0012,A,STEP1,A,1,-0.6931471824645996,-0.6931471824645996,0.5,0.5,-0.695659339427948,-0.695659339427948,0.5,0,0,"{""A"": ""position"", ""B"": ""color"", ""C"": ""size"", ""D"": ""orientation""}",/mnt/tidalfs-hssh01/dataset/xiang/models/Qwen2.5-VL-7B-Instruct,42,not_empty,next_token
A_0012,A,STEP1,B,1,-0.7575989961624146,-0.6325989961624146,0.4687906503677368,0.531209409236908,-0.7589655518531799,-0.6339655518531799,0.531209409236908,1,1,"{""A"": ""position"", ""B"": ""color"", ""C"": ""size"", ""D"": ""orientation""}",/mnt/tidalfs-hssh01/dataset/xiang/models/Qwen2.5-VL-7B-Instruct,42,not_empty,next_token
A_0012,A,STEP1,C,1,-0.6931471824645996,-0.6931471824645996,0.5,0.5,-0.6965280771255493,-0.6965280771255493,0.5,0,0,"{""A"": ""position"", ""B"": ""color"", ""C"": ""size"", ""D"": ""orientation""}",/mnt/tidalfs-hssh01/dataset/xiang/models/Qwen2.5-VL-7B-Instruct,42,not_empty,next_token
A_0012,A,STEP1,D,1,-0.825939416885376,-0.575939416885376,0.43782350420951843,0.562176525592804,-0.8328023552894592,-0.5828023552894592,0.562176525592804,1,1,"{""A"": ""position"", ""B"": ""color"", ""C"": ""size"", ""D"": ""orientation""}",/mnt/tidalfs-hssh01/dataset/xiang/models/Qwen2.5-VL-7B-Instruct,42,not_empty,next_token
A_0012,A,STEP1,AB,1,-0.6325989961624146,-0.7575989961624146,0.531209409236908,0.4687906503677368,-0.6331754922866821,-0.7581754922866821,0.4687906503677368,0,0,"{""A"": ""position"", ""B"": ""color"", ""C"": ""size"", ""D"": ""orientation""}",/mnt/tidalfs-hssh01/dataset/xiang/models/Qwen2.5-VL-7B-Instruct,42,not_empty,next_token
A_0012,A,STEP1,AC,1,-0.825939416885376,-0.575939416885376,0.43782350420951843,0.562176525592804,-0.8264027833938599,-0.5764027833938599,0.562176525592804,1,1,"{""A"": ""position"", ""B"": ""color"", ""C"": ""size"", ""D"": ""orientation""}",/mnt/tidalfs-hssh01/dataset/xiang/models/Qwen2.5-VL-7B-Instruct,42,not_empty,next_token
A_0012,A,STEP1,AD,1,-0.825939416885376,-0.575939416885376,0.43782350420951843,0.562176525592804,-0.8270623683929443,-0.5770623683929443,0.562176525592804,1,1,"{""A"": ""position"", ""B"": ""color"", ""C"": ""size"", ""D"": ""orientation""}",/mnt/tidalfs-hssh01/dataset/xiang/models/Qwen2.5-VL-7B-Instruct,42,not_empty,next_token
A_0012,A,STEP1,BC,1,-0.8981232643127441,-0.5231232643127441,0.4073334038257599,0.5926665663719177,-0.8987282514572144,-0.5237282514572144,0.5926665663719177,1,1,"{""A"": ""position"", ""B"": ""color"", ""C"": ""size"", ""D"": ""orientation""}",/mnt/tidalfs-hssh01/dataset/xiang/models/Qwen2.5-VL-7B-Instruct,42,not_empty,next_token
A_0012,A,STEP1,BD,1,-0.825939416885376,-0.575939416885376,0.43782350420951843,0.562176525592804,-0.8274023532867432,-0.5774023532867432,0.562176525592804,1,1,"{""A"": ""position"", ""B"": ""color"", ""C"": ""size"", ""D"": ""orientation""}",/mnt/tidalfs-hssh01/dataset/xiang/models/Qwen2.5-VL-7B-Instruct,42,not_empty,next_token
A_0012,A,STEP1,CD,1,-0.825939416885376,-0.575939416885376,0.43782350420951843,0.562176525592804,-0.8271618485450745,-0.5771618485450745,0.562176525592804,1,1,"{""A"": ""position"", ""B"": ""color"", ""C"": ""size"", ""D"": ""orientation""}",/mnt/tidalfs-hssh01/dataset/xiang/models/Qwen2.5-VL-7B-Instruct,42,not_empty,next_token
A_0012,A,STEP1,ABC,1,-0.8981232643127441,-0.5231232643127441,0.4073334038257599,0.5926665663719177,-0.8983640074729919,-0.5233640074729919,0.5926665663719177,1,1,"{""A"": ""position"", ""B"": ""color"", ""C"": ""size"", ""D"": ""orientation""}",/mnt/tidalfs-hssh01/dataset/xiang/models/Qwen2.5-VL-7B-Instruct,42,not_empty,next_token
A_0012,A,STEP1,ABD,1,-0.8981232643127441,-0.5231232643127441,0.4073334038257599,0.5926665663719177,-0.898414134979248,-0.523414134979248,0.5926665663719177,1,1,"{""A"": ""position"", ""B"": ""color"", ""C"": ""size"", ""D"": ""orientation""}",/mnt/tidalfs-hssh01/dataset/xiang/models/Qwen2.5-VL-7B-Instruct,42,not_empty,next_token
A_0012,A,STEP1,ACD,1,-0.9740769863128662,-0.4740769863128662,0.3775406777858734,0.622459352016449,-0.9743494987487793,-0.4743494987487793,0.622459352016449,1,1,"{""A"": ""position"", ""B"": ""color"", ""C"": ""size"", ""D"": ""orientation""}",/mnt/tidalfs-hssh01/dataset/xiang/models/Qwen2.5-VL-7B-Instruct,42,not_empty,next_token
A_0012,A,STEP1,BCD,1,-0.9740769863128662,-0.4740769863128662,0.3775406777858734,0.622459352016449,-0.9743934869766235,-0.47439348697662354,0.622459352016449,1,1,"{""A"": ""position"", ""B"": ""color"", ""C"": ""size"", ""D"": ""orientation""}",/mnt/tidalfs-hssh01/dataset/xiang/models/Qwen2.5-VL-7B-Instruct,42,not_empty,next_token
A_0012,A,STEP1,ABCD,1,-0.8981232643127441,-0.5231232643127441,0.4073334038257599,0.5926665663719177,-0.8983171582221985,-0.5233171582221985,0.5926665663719177,1,1,"{""A"": ""position"", ""B"": ""color"", ""C"": ""size"", ""D"": ""orientation""}",/mnt/tidalfs-hssh01/dataset/xiang/models/Qwen2.5-VL-7B-Instruct,42,not_empty,next_token
A_0012,A,STEP2,EMPTY,0,-1.1368709802627563,-0.38687101006507874,0.3208213150501251,0.6791786551475525,-1.1873528957366943,-0.4373529553413391,0.3208213150501251,1,0,"{""A"": ""position"", ""B"": ""color"", ""C"": ""size"", ""D"": ""orientation""}",/mnt/tidalfs-hssh01/dataset/xiang/models/Qwen2.5-VL-7B-Instruct,42,text_only,next_token
A_0012,A,STEP2,A,0,-0.9740769863128662,-0.4740769863128662,0.3775406777858734,0.622459352016449,-0.976046621799469,-0.476046621799469,0.3775406777858734,1,0,"{""A"": ""position"", ""B"": ""color"", ""C"": ""size"", ""D"": ""orientation""}",/mnt/tidalfs-hssh01/dataset/xiang/models/Qwen2.5-VL-7B-Instruct,42,not_empty,next_token
A_0012,A,STEP2,B,0,-0.825939416885376,-0.575939416885376,0.43782350420951843,0.562176525592804,-0.8274880647659302,-0.5774880647659302,0.43782350420951843,1,0,"{""A"": ""position"", ""B"": ""color"", ""C"": ""size"", ""D"": ""orientation""}",/mnt/tidalfs-hssh01/dataset/xiang/models/Qwen2.5-VL-7B-Instruct,42,not_empty,next_token
A_0012,A,STEP2,C,0,-0.8981232643127441,-0.5231232643127441,0.4073334038257599,0.5926665663719177,-0.8998823761940002,-0.5248823761940002,0.4073334038257599,1,0,"{""A"": ""position"", ""B"": ""color"", ""C"": ""size"", ""D"": ""orientation""}",/mnt/tidalfs-hssh01/dataset/xiang/models/Qwen2.5-VL-7B-Instruct,42,not_empty,next_token
A_0012,A,STEP2,D,0,-1.2234445810317993,-0.3484445810317993,0.29421499371528625,0.7057850360870361,-1.2276611328125,-0.3526611626148224,0.29421499371528625,1,0,"{""A"": ""position"", ""B"": ""color"", ""C"": ""size"", ""D"": ""orientation""}",/mnt/tidalfs-hssh01/dataset/xiang/models/Qwen2.5-VL-7B-Instruct,42,not_empty,next_token
A_0012,A,STEP2,AB,0,-0.6931471824645996,-0.6931471824645996,0.5,0.5,-0.6940824389457703,-0.6940824389457703,0.5,0,1,"{""A"": ""position"", ""B"": ""color"", ""C"": ""size"", ""D"": ""orientation""}",/mnt/tidalfs-hssh01/dataset/xiang/models/Qwen2.5-VL-7B-Instruct,42,not_empty,next_token
A_0012,A,STEP2,AC,0,-0.8981232643127441,-0.5231232643127441,0.4073334038257599,0.5926665663719177,-0.8984832167625427,-0.5234832167625427,0.4073334038257599,1,0,"{""A"": ""position"", ""B"": ""color"", ""C"": ""size"", ""D"": ""orientation""}",/mnt/tidalfs-hssh01/dataset/xiang/models/Qwen2.5-VL-7B-Instruct,42,not_empty,next_token
A_0012,A,STEP2,AD,0,-0.9740769863128662,-0.4740769863128662,0.3775406777858734,0.622459352016449,-0.9756172299385071,-0.4756172299385071,0.3775406777858734,1,0,"{""A"": ""position"", ""B"": ""color"", ""C"": ""size"", ""D"": ""orientation""}",/mnt/tidalfs-hssh01/dataset/xiang/models/Qwen2.5-VL-7B-Instruct,42,not_empty,next_token
A_0012,A,STEP2,BC,0,-0.7575989961624146,-0.6325989961624146,0.4687906503677368,0.531209409236908,-0.7587319612503052,-0.6337319612503052,0.4687906503677368,1,0,"{""A"": ""position"", ""B"": ""color"", ""C"": ""size"", ""D"": ""orientation""}",/mnt/tidalfs-hssh01/dataset/xiang/models/Qwen2.5-VL-7B-Instruct,42,not_empty,next_token
A_0012,A,STEP2,BD,0,-0.9740769863128662,-0.4740769863128662,0.3775406777858734,0.622459352016449,-0.9757934808731079,-0.4757934808731079,0.3775406777858734,1,0,"{""A"": ""position"", ""B"": ""color"", ""C"": ""size"", ""D"": ""orientation""}",/mnt/tidalfs-hssh01/dataset/xiang/models/Qwen2.5-VL-7B-Instruct,42,not_empty,next_token
A_0012,A,STEP2,CD,0,-0.825939416885376,-0.575939416885376,0.43782350420951843,0.562176525592804,-0.8271183967590332,-0.5771183967590332,0.43782350420951843,1,0,"{""A"": ""position"", ""B"": ""color"", ""C"": ""size"", ""D"": ""orientation""}",/mnt/tidalfs-hssh01/dataset/xiang/models/Qwen2.5-VL-7B-Instruct,42,not_empty,next_token
A_0012,A,STEP2,ABC,0,-0.575939416885376,-0.825939416885376,0.562176525592804,0.43782350420951843,-0.5766057968139648,-0.8266057968139648,0.562176525592804,0,1,"{""A"": ""position"", ""B"": ""color"", ""C"": ""size"", ""D"": ""orientation""}",/mnt/tidalfs-hssh01/dataset/xiang/models/Qwen2.5-VL-7B-Instruct,42,not_empty,next_token
A_0012,A,STEP2,ABD,0,-0.6325989961624146,-0.7575989961624146,0.531209409236908,0.4687906503677368,-0.6334043145179749,-0.7584043145179749,0.531209409236908,0,1,"{""A"": ""position"", ""B"": ""color"", ""C"": ""size"", ""D"": ""orientation""}",/mnt/tidalfs-hssh01/dataset/xiang/models/Qwen2.5-VL-7B-Instruct,42,not_empty,next_token
A_0012,A,STEP2,ACD,0,-0.825939416885376,-0.575939416885376,0.43782350420951843,0.562176525592804,-0.8262977600097656,-0.5762977600097656,0.43782350420951843,1,0,"{""A"": ""position"", ""B"": ""color"", ""C"": ""size"", ""D"": ""orientation""}",/mnt/tidalfs-hssh01/dataset/xiang/models/Qwen2.5-VL-7B-Instruct,42,not_empty,next_token
A_0012,A,STEP2,BCD,0,-0.825939416885376,-0.575939416885376,0.43782350420951843,0.562176525592804,-0.826637327671051,-0.576637327671051,0.43782350420951843,1,0,"{""A"": ""position"", ""B"": ""color"", ""C"": ""size"", ""D"": ""orientation""}",/mnt/tidalfs-hssh01/dataset/xiang/models/Qwen2.5-VL-7B-Instruct,42,not_empty,next_token
A_0012,A,STEP2,ABCD,0,-0.6325989961624146,-0.7575989961624146,0.531209409236908,0.4687906503677368,-0.6331280469894409,-0.7581280469894409,0.531209409236908,0,1,"{""A"": ""position"", ""B"": ""color"", ""C"": ""size"", ""D"": ""orientation""}",/mnt/tidalfs-hssh01/dataset/xiang/models/Qwen2.5-VL-7B-Instruct,42,not_empty,next_token
A_0012,A,FINAL,EMPTY,1,-0.825939416885376,-0.575939416885376,0.43782350420951843,0.562176525592804,-1.032974123954773,-0.782974123954773,0.562176525592804,1,1,"{""A"": ""position"", ""B"": ""color"", ""C"": ""size"", ""D"": ""orientation""}",/mnt/tidalfs-hssh01/dataset/xiang/models/Qwen2.5-VL-7B-Instruct,42,text_only,next_token
A_0012,A,FINAL,A,1,-0.825939416885376,-0.575939416885376,0.43782350420951843,0.562176525592804,-0.8462235331535339,-0.5962235331535339,0.562176525592804,1,1,"{""A"": ""position"", ""B"": ""color"", ""C"": ""size"", ""D"": ""orientation""}",/mnt/tidalfs-hssh01/dataset/xiang/models/Qwen2.5-VL-7B-Instruct,42,not_empty,next_token
A_0012,A,FINAL,B,1,-0.7575989961624146,-0.6325989961624146,0.4687906503677368,0.531209409236908,-0.7693278193473816,-0.6443278193473816,0.531209409236908,1,1,"{""A"": ""position"", ""B"": ""color"", ""C"": ""size"", ""D"": ""orientation""}",/mnt/tidalfs-hssh01/dataset/xiang/models/Qwen2.5-VL-7B-Instruct,42,not_empty,next_token
A_0012,A,FINAL,C,1,-0.825939416885376,-0.575939416885376,0.43782350420951843,0.562176525592804,-0.8405668139457703,-0.5905668139457703,0.562176525592804,1,1,"{""A"": ""position"", ""B"": ""color"", ""C"": ""size"", ""D"": ""orientation""}",/mnt/tidalfs-hssh01/dataset/xiang/models/Qwen2.5-VL-7B-Instruct,42,not_empty,next_token
A_0012,A,FINAL,D,1,-0.8981232643127441,-0.5231232643127441,0.4073334038257599,0.5926665663719177,-0.947605311870575,-0.572605311870575,0.5926665663719177,1,1,"{""A"": ""position"", ""B"": ""color"", ""C"": ""size"", ""D"": ""orientation""}",/mnt/tidalfs-hssh01/dataset/xiang/models/Qwen2.5-VL-7B-Instruct,42,not_empty,next_token
A_0012,A,FINAL,AB,1,-0.6325989961624146,-0.7575989961624146,0.531209409236908,0.4687906503677368,-0.6347389221191406,-0.7597389221191406,0.4687906503677368,0,0,"{""A"": ""position"", ""B"": ""color"", ""C"": ""size"", ""D"": ""orientation""}",/mnt/tidalfs-hssh01/dataset/xiang/models/Qwen2.5-VL-7B-Instruct,42,not_empty,next_token
A_0012,A,FINAL,AC,1,-0.7575989961624146,-0.6325989961624146,0.4687906503677368,0.531209409236908,-0.7587816715240479,-0.6337816715240479,0.531209409236908,1,1,"{""A"": ""position"", ""B"": ""color"", ""C"": ""size"", ""D"": ""orientation""}",/mnt/tidalfs-hssh01/dataset/xiang/models/Qwen2.5-VL-7B-Instruct,42,not_empty,next_token
A_0012,A,FINAL,AD,1,-0.8981232643127441,-0.5231232643127441,0.4073334038257599,0.5926665663719177,-0.9026461839675903,-0.5276461839675903,0.5926665663719177,1,1,"{""A"": ""position"", ""B"": ""color"", ""C"": ""size"", ""D"": ""orientation""}",/mnt/tidalfs-hssh01/dataset/xiang/models/Qwen2.5-VL-7B-Instruct,42,not_empty,next_token
A_0012,A,FINAL,BC,1,-0.7575989961624146,-0.6325989961624146,0.4687906503677368,0.531209409236908,-0.761656641960144,-0.636656641960144,0.531209409236908,1,1,"{""A"": ""position"", ""B"": ""color"", ""C"": ""size"", ""D"": ""orientation""}",/mnt/tidalfs-hssh01/dataset/xiang/models/Qwen2.5-VL-7B-Instruct,42,not_empty,next_token
A_0012,A,FINAL,BD,1,-0.825939416885376,-0.575939416885376,0.43782350420951843,0.562176525592804,-0.835913896560669,-0.585913896560669,0.562176525592804,1,1,"{""A"": ""position"", ""B"": ""color"", ""C"": ""size"", ""D"": ""orientation""}",/mnt/tidalfs-hssh01/dataset/xiang/models/Qwen2.5-VL-7B-Instruct,42,not_empty,next_token
A_0012,A,FINAL,CD,1,-0.825939416885376,-0.575939416885376,0.43782350420951843,0.562176525592804,-0.8348593711853027,-0.5848593711853027,0.562176525592804,1,1,"{""A"": ""position"", ""B"": ""color"", ""C"": ""size"", ""D"": ""orientation""}",/mnt/tidalfs-hssh01/dataset/xiang/models/Qwen2.5-VL-7B-Instruct,42,not_empty,next_token
A_0012,A,FINAL,ABC,1,-0.6931471824645996,-0.6931471824645996,0.5,0.5,-0.6950396299362183,-0.6950396299362183,0.5,0,0,"{""A"": ""position"", ""B"": ""color"", ""C"": ""size"", ""D"": ""orientation""}",/mnt/tidalfs-hssh01/dataset/xiang/models/Qwen2.5-VL-7B-Instruct,42,not_empty,next_token
A_0012,A,FINAL,ABD,1,-0.8981232643127441,-0.5231232643127441,0.4073334038257599,0.5926665663719177,-0.8994989395141602,-0.5244989395141602,0.5926665663719177,1,1,"{""A"": ""position"", ""B"": ""color"", ""C"": ""size"", ""D"": ""orientation""}",/mnt/tidalfs-hssh01/dataset/xiang/models/Qwen2.5-VL-7B-Instruct,42,not_empty,next_token
A_0012,A,FINAL,ACD,1,-0.9740769863128662,-0.4740769863128662,0.3775406777858734,0.622459352016449,-0.9751153588294983,-0.4751153588294983,0.622459352016449,1,1,"{""A"": ""position"", ""B"": ""color"", ""C"": ""size"", ""D"": ""orientation""}",/mnt/tidalfs-hssh01/dataset/xiang/models/Qwen2.5-VL-7B-Instruct,42,not_empty,next_token
A_0012,A,FINAL,BCD,1,-0.8981232643127441,-0.5231232643127441,0.4073334038257599,0.5926665663719177,-0.9017210006713867,-0.5267210006713867,0.5926665663719177,1,1,"{""A"": ""position"", ""B"": ""color"", ""C"": ""size"", ""D"": ""orientation""}",/mnt/tidalfs-hssh01/dataset/xiang/models/Qwen2.5-VL-7B-Instruct,42,not_empty,next_token
A_0012,A,FINAL,ABCD,1,-0.8981232643127441,-0.5231232643127441,0.4073334038257599,0.5926665663719177,-0.8991581201553345,-0.5241581201553345,0.5926665663719177,1,1,"{""A"": ""position"", ""B"": ""color"", ""C"": ""size"", ""D"": ""orientation""}",/mnt/tidalfs-hssh01/dataset/xiang/models/Qwen2.5-VL-7B-Instruct,42,not_empty,next_token
A_0020,A,STEP1,EMPTY,0,-0.825939416885376,-0.575939416885376,0.43782350420951843,0.562176525592804,-0.8866772651672363,-0.6366772651672363,0.43782350420951843,1,0,"{""A"": ""color"", ""B"": ""size"", ""C"": ""orientation"", ""D"": ""position""}",/mnt/tidalfs-hssh01/dataset/xiang/models/Qwen2.5-VL-7B-Instruct,42,text_only,next_token
A_0020,A,STEP1,A,0,-0.6325989961624146,-0.7575989961624146,0.531209409236908,0.4687906503677368,-0.6342206597328186,-0.7592206597328186,0.531209409236908,0,1,"{""A"": ""color"", ""B"": ""size"", ""C"": ""orientation"", ""D"": ""position""}",/mnt/tidalfs-hssh01/dataset/xiang/models/Qwen2.5-VL-7B-Instruct,42,not_empty,next_token
A_0020,A,STEP1,B,0,-0.8981232643127441,-0.5231232643127441,0.4073334038257599,0.5926665663719177,-0.9003609418869019,-0.5253609418869019,0.4073334038257599,1,0,"{""A"": ""color"", ""B"": ""size"", ""C"": ""orientation"", ""D"": ""position""}",/mnt/tidalfs-hssh01/dataset/xiang/models/Qwen2.5-VL-7B-Instruct,42,not_empty,next_token
A_0020,A,STEP1,C,0,-1.3132617473602295,-0.3132617473602295,0.26894140243530273,0.7310584783554077,-1.3148443698883057,-0.31484439969062805,0.26894140243530273,1,0,"{""A"": ""color"", ""B"": ""size"", ""C"": ""orientation"", ""D"": ""position""}",/mnt/tidalfs-hssh01/dataset/xiang/models/Qwen2.5-VL-7B-Instruct,42,not_empty,next_token
A_0020,A,STEP1,D,0,-0.9740769863128662,-0.4740769863128662,0.3775406777858734,0.622459352016449,-0.9789466857910156,-0.4789466857910156,0.3775406777858734,1,0,"{""A"": ""color"", ""B"": ""size"", ""C"": ""orientation"", ""D"": ""position""}",/mnt/tidalfs-hssh01/dataset/xiang/models/Qwen2.5-VL-7B-Instruct,42,not_empty,next_token
A_0020,A,STEP1,AB,0,-0.825939416885376,-0.575939416885376,0.43782350420951843,0.562176525592804,-0.8262333273887634,-0.5762333273887634,0.43782350420951843,1,0,"{""A"": ""color"", ""B"": ""size"", ""C"": ""orientation"", ""D"": ""position""}",/mnt/tidalfs-hssh01/dataset/xiang/models/Qwen2.5-VL-7B-Instruct,42,not_empty,next_token
A_0020,A,STEP1,AC,0,-0.7575989961624146,-0.6325989961624146,0.4687906503677368,0.531209409236908,-0.7579666376113892,-0.6329666376113892,0.4687906503677368,1,0,"{""A"": ""color"", ""B"": ""size"", ""C"": ""orientation"", ""D"": ""position""}",/mnt/tidalfs-hssh01/dataset/xiang/models/Qwen2.5-VL-7B-Instruct,42,not_empty,next_token
A_0020,A,STEP1,AD,0,-0.825939416885376,-0.575939416885376,0.43782350420951843,0.562176525592804,-0.8264911770820618,-0.5764911770820618,0.43782350420951843,1,0,"{""A"": ""color"", ""B"": ""size"", ""C"": ""orientation"", ""D"": ""position""}",/mnt/tidalfs-hssh01/dataset/xiang/models/Qwen2.5-VL-7B-Instruct,42,not_empty,next_token
A_0020,A,STEP1,BC,0,-0.9740769863128662,-0.4740769863128662,0.3775406777858734,0.622459352016449,-0.9748984575271606,-0.47489845752716064,0.3775406777858734,1,0,"{""A"": ""color"", ""B"": ""size"", ""C"": ""orientation"", ""D"": ""position""}",/mnt/tidalfs-hssh01/dataset/xiang/models/Qwen2.5-VL-7B-Instruct,42,not_empty,next_token
A_0020,A,STEP1,BD,0,-0.9740769863128662,-0.4740769863128662,0.3775406777858734,0.622459352016449,-0.9747393131256104,-0.47473931312561035,0.3775406777858734,1,0,"{""A"": ""color"", ""B"": ""size"", ""C"": ""orientation"", ""D"": ""position""}",/mnt/tidalfs-hssh01/dataset/xiang/models/Qwen2.5-VL-7B-Instruct,42,not_empty,next_token
A_0020,A,STEP1,CD,0,-1.3132617473602295,-0.3132617473602295,0.26894140243530273,0.7310584783554077,-1.3139698505401611,-0.3139699101448059,0.26894140243530273,1,0,"{""A"": ""color"", ""B"": ""size"", ""C"": ""orientation"", ""D"": ""position""}",/mnt/tidalfs-hssh01/dataset/xiang/models/Qwen2.5-VL-7B-Instruct,42,not_empty,next_token
A_0020,A,STEP1,ABC,0,-0.8981232643127441,-0.5231232643127441,0.4073334038257599,0.5926665663719177,-0.8983148336410522,-0.5233148336410522,0.4073334038257599,1,0,"{""A"": ""color"", ""B"": ""size"", ""C"": ""orientation"", ""D"": ""position""}",/mnt/tidalfs-hssh01/dataset/xiang/models/Qwen2.5-VL-7B-Instruct,42,not_empty,next_token
A_0020,A,STEP1,ABD,0,-0.8981232643127441,-0.5231232643127441,0.4073334038257599,0.5926665663719177,-0.898350715637207,-0.523350715637207,0.4073334038257599,1,0,"{""A"": ""color"", ""B"": ""size"", ""C"": ""orientation"", ""D"": ""position""}",/mnt/tidalfs-hssh01/dataset/xiang/models/Qwen2.5-VL-7B-Instruct,42,not_empty,next_token
A_0020,A,STEP1,ACD,0,-0.9740769863128662,-0.4740769863128662,0.3775406777858734,0.622459352016449,-0.9743081331253052,-0.4743081033229828,0.3775406777858734,1,0,"{""A"": ""color"", ""B"": ""size"", ""C"": ""orientation"", ""D"": ""position""}",/mnt/tidalfs-hssh01/dataset/xiang/models/Qwen2.5-VL-7B-Instruct,42,not_empty,next_token
A_0020,A,STEP1,BCD,0,-0.8981232643127441,-0.5231232643127441,0.4073334038257599,0.5926665663719177,-0.8986122608184814,-0.5236122608184814,0.4073334038257599,1,0,"{""A"": ""color"", ""B"": ""size"", ""C"": ""orientation"", ""D"": ""position""}",/mnt/tidalfs-hssh01/dataset/xiang/models/Qwen2.5-VL-7B-Instruct,42,not_empty,next_token
A_0020,A,STEP1,ABCD,0,-0.8981232643127441,-0.5231232643127441,0.4073334038257599,0.5926665663719177,-0.8983944654464722,-0.5233944654464722,0.4073334038257599,1,0,"{""A"": ""color"", ""B"": ""size"", ""C"": ""orientation"", ""D"": ""position""}",/mnt/tidalfs-hssh01/dataset/xiang/models/Qwen2.5-VL-7B-Instruct,42,not_empty,next_token
A_0020,A,STEP2,EMPTY,1,-1.1368709802627563,-0.38687101006507874,0.3208213150501251,0.6791786551475525,-1.166052222251892,-0.4160521924495697,0.6791786551475525,1,1,"{""A"": ""color"", ""B"": ""size"", ""C"": ""orientation"", ""D"": ""position""}",/mnt/tidalfs-hssh01/dataset/xiang/models/Qwen2.5-VL-7B-Instruct,42,text_only,next_token
A_0020,A,STEP2,A,1,-1.1368709802627563,-0.38687101006507874,0.3208213150501251,0.6791786551475525,-1.138103723526001,-0.38810375332832336,0.6791786551475525,1,1,"{""A"": ""color"", ""B"": ""size"", ""C"": ""orientation"", ""D"": ""position""}",/mnt/tidalfs-hssh01/dataset/xiang/models/Qwen2.5-VL-7B-Instruct,42,not_empty,next_token
A_0020,A,STEP2,B,1,-1.0537006855010986,-0.42870065569877625,0.3486451208591461,0.6513548493385315,-1.0553741455078125,-0.4303741157054901,0.6513548493385315,1,1,"{""A"": ""color"", ""B"": ""size"", ""C"": ""orientation"", ""D"": ""position""}",/mnt/tidalfs-hssh01/dataset/xiang/models/Qwen2.5-VL-7B-Instruct,42,not_empty,next_token
A_0020,A,STEP2,C,1,-1.7014133930206299,-0.2014133334159851,0.18242549896240234,0.8175744414329529,-1.7026395797729492,-0.20263953506946564,0.8175744414329529,1,1,"{""A"": ""color"", ""B"": ""size"", ""C"": ""orientation"", ""D"": ""position""}",/mnt/tidalfs-hssh01/dataset/xiang/models/Qwen2.5-VL-7B-Instruct,42,not_empty,next_token
A_0020,A,STEP2,D,1,-1.2234444618225098,-0.3484445810317993,0.29421502351760864,0.7057850360870361,-1.2250585556030273,-0.3500586152076721,0.7057850360870361,1,1,"{""A"": ""color"", ""B"": ""size"", ""C"": ""orientation"", ""D"": ""position""}",/mnt/tidalfs-hssh01/dataset/xiang/models/Qwen2.5-VL-7B-Instruct,42,not_empty,next_token
A_0020,A,STEP2,AB,1,-0.825939416885376,-0.575939416885376,0.43782350420951843,0.562176525592804,-0.8268575072288513,-0.5768575072288513,0.562176525592804,1,1,"{""A"": ""color"", ""B"": ""size"", ""C"": ""orientation"", ""D"": ""position""}",/mnt/tidalfs-hssh01/dataset/xiang/models/Qwen2.5-VL-7B-Instruct,42,not_empty,next_token
A_0020,A,STEP2,AC,1,-1.1368709802627563,-0.38687101006507874,0.3208213150501251,0.6791786551475525,-1.1372787952423096,-0.38727882504463196,0.6791786551475525,1,1,"{""A"": ""color"", ""B"": ""size"", ""C"": ""orientation"", ""D"": ""position""}",/mnt/tidalfs-hssh01/dataset/xiang/models/Qwen2.5-VL-7B-Instruct,42,not_empty,next_token
A_0020,A,STEP2,AD,1,-1.0537006855010986,-0.42870065569877625,0.3486451208591461,0.6513548493385315,-1.0546177625656128,-0.4296177923679352,0.6513548493385315,1,1,"{""A"": ""color"", ""B"": ""size"", ""C"": ""orientation"", ""D"": ""position""}",/mnt/tidalfs-hssh01/dataset/xiang/models/Qwen2.5-VL-7B-Instruct,42,not_empty,next_token
A_0020,A,STEP2,BC,1,-1.1368709802627563,-0.38687101006507874,0.3208213150501251,0.6791786551475525,-1.1380695104599,-0.3880695402622223,0.6791786551475525,1,1,"{""A"": ""color"", ""B"": ""size"", ""C"": ""orientation"", ""D"": ""position""}",/mnt/tidalfs-hssh01/dataset/xiang/models/Qwen2.5-VL-7B-Instruct,42,not_empty,next_token
A_0020,A,STEP2,BD,1,-1.0537006855010986,-0.42870065569877625,0.3486451208591461,0.6513548493385315,-1.0548336505889893,-0.42983368039131165,0.6513548493385315,1,1,"{""A"": ""color"", ""B"": ""size"", ""C"": ""orientation"", ""D"": ""position""}",/mnt/tidalfs-hssh01/dataset/xiang/models/Qwen2.5-VL-7B-Instruct,42,not_empty,next_token
A_0020,A,STEP2,CD,1,-1.5019290447235107,-0.25192904472351074,0.22270016372203827,0.7772998809814453,-1.5027116537094116,-0.25271162390708923,0.7772998809814453,1,1,"{""A"": ""color"", ""B"": ""size"", ""C"": ""orientation"", ""D"": ""position""}",/mnt/tidalfs-hssh01/dataset/xiang/models/Qwen2.5-VL-7B-Instruct,42,not_empty,next_token
A_0020,A,STEP2,ABC,1,-0.9740769863128662,-0.4740769863128662,0.3775406777858734,0.622459352016449,-0.9746232032775879,-0.4746232032775879,0.622459352016449,1,1,"{""A"": ""color"", ""B"": ""size"", ""C"": ""orientation"", ""D"": ""position""}",/mnt/tidalfs-hssh01/dataset/xiang/models/Qwen2.5-VL-7B-Instruct,42,not_empty,next_token
A_0020,A,STEP2,ABD,1,-0.8981232643127441,-0.5231232643127441,0.4073334038257599,0.5926665663719177,-0.8986709117889404,-0.5236709117889404,0.5926665663719177,1,1,"{""A"": ""color"", ""B"": ""size"", ""C"": ""orientation"", ""D"": ""position""}",/mnt/tidalfs-hssh01/dataset/xiang/models/Qwen2.5-VL-7B-Instruct,42,not_empty,next_token
A_0020,A,STEP2,ACD,1,-1.136871099472046,-0.38687101006507874,0.32082128524780273,0.6791786551475525,-1.1372199058532715,-0.3872198462486267,0.6791786551475525,1,1,"{""A"": ""color"", ""B"": ""size"", ""C"": ""orientation"", ""D"": ""position""}",/mnt/tidalfs-hssh01/dataset/xiang/models/Qwen2.5-VL-7B-Instruct,42,not_empty,next_token
A_0020,A,STEP2,BCD,1,-0.9740769863128662,-0.4740769863128662,0.3775406777858734,0.622459352016449,-0.9752131700515747,-0.4752131998538971,0.622459352016449,1,1,"{""A"": ""color"", ""B"": ""size"", ""C"": ""orientation"", ""D"": ""position""}",/mnt/tidalfs-hssh01/dataset/xiang/models/Qwen2.5-VL-7B-Instruct,42,not_empty,next_token
A_0020,A,STEP2,ABCD,1,-1.0537006855010986,-0.42870065569877625,0.3486451208591461,0.6513548493385315,-1.0541349649429321,-0.42913493514060974,0.6513548493385315,1,1,"{""A"": ""color"", ""B"": ""size"", ""C"": ""orientation"", ""D"": ""position""}",/mnt/tidalfs-hssh01/dataset/xiang/models/Qwen2.5-VL-7B-Instruct,42,not_empty,next_token
A_0020,A,FINAL,EMPTY,1,-0.7575989961624146,-0.6325989961624146,0.4687906503677368,0.531209409236908,-0.9736700057983398,-0.8486700057983398,0.531209409236908,1,1,"{""A"": ""color"", ""B"": ""size"", ""C"": ""orientation"", ""D"": ""position""}",/mnt/tidalfs-hssh01/dataset/xiang/models/Qwen2.5-VL-7B-Instruct,42,text_only,next_token
A_0020,A,FINAL,A,1,-0.825939416885376,-0.575939416885376,0.43782350420951843,0.562176525592804,-0.8319355845451355,-0.5819355845451355,0.562176525592804,1,1,"{""A"": ""color"", ""B"": ""size"", ""C"": ""orientation"", ""D"": ""position""}",/mnt/tidalfs-hssh01/dataset/xiang/models/Qwen2.5-VL-7B-Instruct,42,not_empty,next_token
A_0020,A,FINAL,B,1,-0.9740769863128662,-0.4740769863128662,0.3775406777858734,0.622459352016449,-0.9842839241027832,-0.4842839241027832,0.622459352016449,1,1,"{""A"": ""color"", ""B"": ""size"", ""C"": ""orientation"", ""D"": ""position""}",/mnt/tidalfs-hssh01/dataset/xiang/models/Qwen2.5-VL-7B-Instruct,42,not_empty,next_token
A_0020,A,FINAL,C,1,-1.0537006855010986,-0.42870065569877625,0.3486451208591461,0.6513548493385315,-1.0634181499481201,-0.4384181499481201,0.6513548493385315,1,1,"{""A"": ""color"", ""B"": ""size"", ""C"": ""orientation"", ""D"": ""position""}",/mnt/tidalfs-hssh01/dataset/xiang/models/Qwen2.5-VL-7B-Instruct,42,not_empty,next_token
A_0020,A,FINAL,D,1,-0.8981232643127441,-0.5231232643127441,0.4073334038257599,0.5926665663719177,-0.9094062447547913,-0.5344062447547913,0.5926665663719177,1,1,"{""A"": ""color"", ""B"": ""size"", ""C"": ""orientation"", ""D"": ""position""}",/mnt/tidalfs-hssh01/dataset/xiang/models/Qwen2.5-VL-7B-Instruct,42,not_empty,next_token
A_0020,A,FINAL,AB,1,-0.7575989961624146,-0.6325989961624146,0.4687906503677368,0.531209409236908,-0.7583557367324829,-0.6333557367324829,0.531209409236908,1,1,"{""A"": ""color"", ""B"": ""size"", ""C"": ""orientation"", ""D"": ""position""}",/mnt/tidalfs-hssh01/dataset/xiang/models/Qwen2.5-VL-7B-Instruct,42,not_empty,next_token
A_0020,A,FINAL,AC,1,-0.8981232643127441,-0.5231232643127441,0.4073334038257599,0.5926665663719177,-0.8991785645484924,-0.5241785645484924,0.5926665663719177,1,1,"{""A"": ""color"", ""B"": ""size"", ""C"": ""orientation"", ""D"": ""position""}",/mnt/tidalfs-hssh01/dataset/xiang/models/Qwen2.5-VL-7B-Instruct,42,not_empty,next_token
A_0020,A,FINAL,AD,1,-0.8981232643127441,-0.5231232643127441,0.4073334038257599,0.5926665663719177,-0.8995832204818726,-0.5245832204818726,0.5926665663719177,1,1,"{""A"": ""color"", ""B"": ""size"", ""C"": ""orientation"", ""D"": ""position""}",/mnt/tidalfs-hssh01/dataset/xiang/models/Qwen2.5-VL-7B-Instruct,42,not_empty,next_token
A_0020,A,FINAL,BC,1,-0.825939416885376,-0.575939416885376,0.43782350420951843,0.562176525592804,-0.8326082229614258,-0.5826082229614258,0.562176525592804,1,1,"{""A"": ""color"", ""B"": ""size"", ""C"": ""orientation"", ""D"": ""position""}",/mnt/tidalfs-hssh01/dataset/xiang/models/Qwen2.5-VL-7B-Instruct,42,not_empty,next_token
A_0020,A,FINAL,BD,1,-0.8981232643127441,-0.5231232643127441,0.4073334038257599,0.5926665663719177,-0.9021197557449341,-0.5271197557449341,0.5926665663719177,1,1,"{""A"": ""color"", ""B"": ""size"", ""C"": ""orientation"", ""D"": ""position""}",/mnt/tidalfs-hssh01/dataset/xiang/models/Qwen2.5-VL-7B-Instruct,42,not_empty,next_token
A_0020,A,FINAL,CD,1,-0.9740769863128662,-0.4740769863128662,0.3775406777858734,0.622459352016449,-0.9794908761978149,-0.47949084639549255,0.622459352016449,1,1,"{""A"": ""color"", ""B"": ""size"", ""C"": ""orientation"", ""D"": ""position""}",/mnt/tidalfs-hssh01/dataset/xiang/models/Qwen2.5-VL-7B-Instruct,42,not_empty,next_token
A_0020,A,FINAL,ABC,1,-0.825939416885376,-0.575939416885376,0.43782350420951843,0.562176525592804,-0.8271662592887878,-0.5771662592887878,0.562176525592804,1,1,"{""A"": ""color"", ""B"": ""size"", ""C"": ""orientation"", ""D"": ""position""}",/mnt/tidalfs-hssh01/dataset/xiang/models/Qwen2.5-VL-7B-Instruct,42,not_empty,next_token
A_0020,A,FINAL,ABD,1,-0.8981232643127441,-0.5231232643127441,0.4073334038257599,0.5926665663719177,-0.8990597724914551,-0.5240597724914551,0.5926665663719177,1,1,"{""A"": ""color"", ""B"": ""size"", ""C"": ""orientation"", ""D"": ""position""}",/mnt/tidalfs-hssh01/dataset/xiang/models/Qwen2.5-VL-7B-Instruct,42,not_empty,next_token
A_0020,A,FINAL,ACD,1,-0.9740769863128662,-0.4740769863128662,0.3775406777858734,0.622459352016449,-0.9748743772506714,-0.474874347448349,0.622459352016449,1,1,"{""A"": ""color"", ""B"": ""size"", ""C"": ""orientation"", ""D"": ""position""}",/mnt/tidalfs-hssh01/dataset/xiang/models/Qwen2.5-VL-7B-Instruct,42,not_empty,next_token
A_0020,A,FINAL,BCD,1,-0.8981232643127441,-0.5231232643127441,0.4073334038257599,0.5926665663719177,-0.9015963673591614,-0.5265963673591614,0.5926665663719177,1,1,"{""A"": ""color"", ""B"": ""size"", ""C"": ""orientation"", ""D"": ""position""}",/mnt/tidalfs-hssh01/dataset/xiang/models/Qwen2.5-VL-7B-Instruct,42,not_empty,next_token
A_0020,A,FINAL,ABCD,1,-0.8981232643127441,-0.5231232643127441,0.4073334038257599,0.5926665663719177,-0.8993627429008484,-0.5243627429008484,0.5926665663719177,1,1,"{""A"": ""color"", ""B"": ""size"", ""C"": ""orientation"", ""D"": ""position""}",/mnt/tidalfs-hssh01/dataset/xiang/models/Qwen2.5-VL-7B-Instruct,42,not_empty,next_token
A_0028,A,STEP1,EMPTY,0,-0.825939416885376,-0.575939416885376,0.43782350420951843,0.562176525592804,-0.8866772651672363,-0.6366772651672363,0.43782350420951843,1,0,"{""A"": ""color"", ""B"": ""size"", ""C"": ""orientation"", ""D"": ""position""}",/mnt/tidalfs-hssh01/dataset/xiang/models/Qwen2.5-VL-7B-Instruct,42,text_only,next_token
A_0028,A,STEP1,A,0,-0.6325989961624146,-0.7575989961624146,0.531209409236908,0.4687906503677368,-0.6342206597328186,-0.7592206597328186,0.531209409236908,0,1,"{""A"": ""color"", ""B"": ""size"", ""C"": ""orientation"", ""D"": ""position""}",/mnt/tidalfs-hssh01/dataset/xiang/models/Qwen2.5-VL-7B-Instruct,42,not_empty,next_token
A_0028,A,STEP1,B,0,-0.8981232643127441,-0.5231232643127441,0.4073334038257599,0.5926665663719177,-0.9003609418869019,-0.5253609418869019,0.4073334038257599,1,0,"{""A"": ""color"", ""B"": ""size"", ""C"": ""orientation"", ""D"": ""position""}",/mnt/tidalfs-hssh01/dataset/xiang/models/Qwen2.5-VL-7B-Instruct,42,not_empty,next_token
A_0028,A,STEP1,C,0,-0.9740769863128662,-0.4740769863128662,0.3775406777858734,0.622459352016449,-0.981826663017273,-0.48182669281959534,0.3775406777858734,1,0,"{""A"": ""color"", ""B"": ""size"", ""C"": ""orientation"", ""D"": ""position""}",/mnt/tidalfs-hssh01/dataset/xiang/models/Qwen2.5-VL-7B-Instruct,42,not_empty,next_token
A_0028,A,STEP1,D,0,-0.9740769863128662,-0.4740769863128662,0.3775406777858734,0.622459352016449,-0.9789466857910156,-0.4789466857910156,0.3775406777858734,1,0,"{""A"": ""color"", ""B"": ""size"", ""C"": ""orientation"", ""D"": ""position""}",/mnt/tidalfs-hssh01/dataset/xiang/models/Qwen2.5-VL-7B-Instruct,42,not_empty,next_token
A_0028,A,STEP1,AB,0,-0.825939416885376,-0.575939416885376,0.43782350420951843,0.562176525592804,-0.8262333273887634,-0.5762333273887634,0.43782350420951843,1,0,"{""A"": ""color"", ""B"": ""size"", ""C"": ""orientation"", ""D"": ""position""}",/mnt/tidalfs-hssh01/dataset/xiang/models/Qwen2.5-VL-7B-Instruct,42,not_empty,next_token
A_0028,A,STEP1,AC,0,-0.7575989961624146,-0.6325989961624146,0.4687906503677368,0.531209409236908,-0.758022129535675,-0.633022129535675,0.4687906503677368,1,0,"{""A"": ""color"", ""B"": ""size"", ""C"": ""orientation"", ""D"": ""position""}",/mnt/tidalfs-hssh01/dataset/xiang/models/Qwen2.5-VL-7B-Instruct,42,not_empty,next_token
A_0028,A,STEP1,AD,0,-0.825939416885376,-0.575939416885376,0.43782350420951843,0.562176525592804,-0.8264911770820618,-0.5764911770820618,0.43782350420951843,1,0,"{""A"": ""color"", ""B"": ""size"", ""C"": ""orientation"", ""D"": ""position""}",/mnt/tidalfs-hssh01/dataset/xiang/models/Qwen2.5-VL-7B-Instruct,42,not_empty,next_token
A_0028,A,STEP1,BC,0,-1.0537006855010986,-0.42870065569877625,0.3486451208591461,0.6513548493385315,-1.0549166202545166,-0.4299165606498718,0.3486451208591461,1,0,"{""A"": ""color"", ""B"": ""size"", ""C"": ""orientation"", ""D"": ""position""}",/mnt/tidalfs-hssh01/dataset/xiang/models/Qwen2.5-VL-7B-Instruct,42,not_empty,next_token
A_0028,A,STEP1,BD,0,-0.9740769863128662,-0.4740769863128662,0.3775406777858734,0.622459352016449,-0.9747393131256104,-0.47473931312561035,0.3775406777858734,1,0,"{""A"": ""color"", ""B"": ""size"", ""C"": ""orientation"", ""D"": ""position""}",/mnt/tidalfs-hssh01/dataset/xiang/models/Qwen2.5-VL-7B-Instruct,42,not_empty,next_token
A_0028,A,STEP1,CD,0,-0.7575989961624146,-0.6325989961624146,0.4687906503677368,0.531209409236908,-0.759433925151825,-0.634433925151825,0.4687906503677368,1,0,"{""A"": ""color"", ""B"": ""size"", ""C"": ""orientation"", ""D"": ""position""}",/mnt/tidalfs-hssh01/dataset/xiang/models/Qwen2.5-VL-7B-Instruct,42,not_empty,next_token
A_0028,A,STEP1,ABC,0,-0.9740769863128662,-0.4740769863128662,0.3775406777858734,0.622459352016449,-0.9743039608001709,-0.4743039608001709,0.3775406777858734,1,0,"{""A"": ""color"", ""B"": ""size"", ""C"": ""orientation"", ""D"": ""position""}",/mnt/tidalfs-hssh01/dataset/xiang/models/Qwen2.5-VL-7B-Instruct,42,not_empty,next_token
A_0028,A,STEP1,ABD,0,-0.8981232643127441,-0.5231232643127441,0.4073334038257599,0.5926665663719177,-0.898350715637207,-0.523350715637207,0.4073334038257599,1,0,"{""A"": ""color"", ""B"": ""size"", ""C"": ""orientation"", ""D"": ""position""}",/mnt/tidalfs-hssh01/dataset/xiang/models/Qwen2.5-VL-7B-Instruct,42,not_empty,next_token
A_0028,A,STEP1,ACD,0,-0.8981232643127441,-0.5231232643127441,0.4073334038257599,0.5926665663719177,-0.8983768224716187,-0.5233768224716187,0.4073334038257599,1,0,"{""A"": ""color"", ""B"": ""size"", ""C"": ""orientation"", ""D"": ""position""}",/mnt/tidalfs-hssh01/dataset/xiang/models/Qwen2.5-VL-7B-Instruct,42,not_empty,next_token
A_0028,A,STEP1,BCD,0,-0.9740769863128662,-0.4740769863128662,0.3775406777858734,0.622459352016449,-0.9746951460838318,-0.4746951460838318,0.3775406777858734,1,0,"{""A"": ""color"", ""B"": ""size"", ""C"": ""orientation"", ""D"": ""position""}",/mnt/tidalfs-hssh01/dataset/xiang/models/Qwen2.5-VL-7B-Instruct,42,not_empty,next_token
A_0028,A,STEP1,ABCD,0,-0.8981232643127441,-0.5231232643127441,0.4073334038257599,0.5926665663719177,-0.8983870148658752,-0.5233870148658752,0.4073334038257599,1,0,"{""A"": ""color"", ""B"": ""size"", ""C"": ""orientation"", ""D"": ""position""}",/mnt/tidalfs-hssh01/dataset/xiang/models/Qwen2.5-VL-7B-Instruct,42,not_empty,next_token
A_0028,A,STEP2,EMPTY,0,-1.1368709802627563,-0.38687101006507874,0.3208213150501251,0.6791786551475525,-1.166052222251892,-0.4160521924495697,0.3208213150501251,1,0,"{""A"": ""color"", ""B"": ""size"", ""C"": ""orientation"", ""D"": ""position""}",/mnt/tidalfs-hssh01/dataset/xiang/models/Qwen2.5-VL-7B-Instruct,42,text_only,next_token
A_0028,A,STEP2,A,0,-1.1368709802627563,-0.38687101006507874,0.3208213150501251,0.6791786551475525,-1.138103723526001,-0.38810375332832336,0.3208213150501251,1,0,"{""A"": ""color"", ""B"": ""size"", ""C"": ""orientation"", ""D"": ""position""}",/mnt/tidalfs-hssh01/dataset/xiang/models/Qwen2.5-VL-7B-Instruct,42,not_empty,next_token
A_0028,A,STEP2,B,0,-1.0537006855010986,-0.42870065569877625,0.3486451208591461,0.6513548493385315,-1.0553741455078125,-0.4303741157054901,0.3486451208591461,1,0,"{""A"": ""color"", ""B"": ""size"", ""C"": ""orientation"", ""D"": ""position""}",/mnt/tidalfs-hssh01/dataset/xiang/models/Qwen2.5-VL-7B-Instruct,42,not_empty,next_token
A_0028,A,STEP2,C,0,-1.1368709802627563,-0.38687101006507874,0.3208213150501251,0.6791786551475525,-1.1390414237976074,-0.3890414237976074,0.3208213150501251,1,0,"{""A"": ""color"", ""B"": ""size"", ""C"": ""orientation"", ""D"": ""position""}",/mnt/tidalfs-hssh01/dataset/xiang/models/Qwen2.5-VL-7B-Instruct,42,not_empty,next_token
A_0028,A,STEP2,D,0,-1.2234444618225098,-0.3484445810317993,0.29421502351760864,0.7057850360870361,-1.2250585556030273,-0.3500586152076721,0.29421502351760864,1,0,"{""A"": ""color"", ""B"": ""size"", ""C"": ""orientation"", ""D"": ""position""}",/mnt/tidalfs-hssh01/dataset/xiang/models/Qwen2.5-VL-7B-Instruct,42,not_empty,next_token
A_0028,A,STEP2,AB,0,-0.825939416885376,-0.575939416885376,0.43782350420951843,0.562176525592804,-0.8268575072288513,-0.5768575072288513,0.43782350420951843,1,0,"{""A"": ""color"", ""B"": ""size"", ""C"": ""orientation"", ""D"": ""position""}",/mnt/tidalfs-hssh01/dataset/xiang/models/Qwen2.5-VL-7B-Instruct,42,not_empty,next_token
A_0028,A,STEP2,AC,0,-0.825939416885376,-0.575939416885376,0.43782350420951843,0.562176525592804,-0.8264377117156982,-0.5764377117156982,0.43782350420951843,1,0,"{""A"": ""color"", ""B"": ""size"", ""C"": ""orientation"", ""D"": ""position""}",/mnt/tidalfs-hssh01/dataset/xiang/models/Qwen2.5-VL-7B-Instruct,42,not_empty,next_token
A_0028,A,STEP2,AD,0,-1.0537006855010986,-0.42870065569877625,0.3486451208591461,0.6513548493385315,-1.0546177625656128,-0.4296177923679352,0.3486451208591461,1,0,"{""A"": ""color"", ""B"": ""size"", ""C"": ""orientation"", ""D"": ""position""}",/mnt/tidalfs-hssh01/dataset/xiang/models/Qwen2.5-VL-7B-Instruct,42,not_empty,next_token
A_0028,A,STEP2,BC,0,-0.825939416885376,-0.575939416885376,0.43782350420951843,0.562176525592804,-0.8275207281112671,-0.5775207281112671,0.43782350420951843,1,0,"{""A"": ""color"", ""B"": ""size"", ""C"": ""orientation"", ""D"": ""position""}",/mnt/tidalfs-hssh01/dataset/xiang/models/Qwen2.5-VL-7B-Instruct,42,not_empty,next_token
A_0028,A,STEP2,BD,0,-1.0537006855010986,-0.42870065569877625,0.3486451208591461,0.6513548493385315,-1.0548336505889893,-0.42983368039131165,0.3486451208591461,1,0,"{""A"": ""color"", ""B"": ""size"", ""C"": ""orientation"", ""D"": ""position""}",/mnt/tidalfs-hssh01/dataset/xiang/models/Qwen2.5-VL-7B-Instruct,42,not_empty,next_token
A_0028,A,STEP2,CD,0,-0.9740769863128662,-0.4740769863128662,0.3775406777858734,0.622459352016449,-0.9750595688819885,-0.4750595688819885,0.3775406777858734,1,0,"{""A"": ""color"", ""B"": ""size"", ""C"": ""orientation"", ""D"": ""position""}",/mnt/tidalfs-hssh01/dataset/xiang/models/Qwen2.5-VL-7B-Instruct,42,not_empty,next_token
A_0028,A,STEP2,ABC,0,-0.6931471824645996,-0.6931471824645996,0.5,0.5,-0.6937463879585266,-0.6937463879585266,0.5,0,1,"{""A"": ""color"", ""B"": ""size"", ""C"": ""orientation"", ""D"": ""position""}",/mnt/tidalfs-hssh01/dataset/xiang/models/Qwen2.5-VL-7B-Instruct,42,not_empty,next_token
A_0028,A,STEP2,ABD,0,-0.8981232643127441,-0.5231232643127441,0.4073334038257599,0.5926665663719177,-0.8986709117889404,-0.5236709117889404,0.4073334038257599,1,0,"{""A"": ""color"", ""B"": ""size"", ""C"": ""orientation"", ""D"": ""position""}",/mnt/tidalfs-hssh01/dataset/xiang/models/Qwen2.5-VL-7B-Instruct,42,not_empty,next_token
A_0028,A,STEP2,ACD,0,-0.825939416885376,-0.575939416885376,0.43782350420951843,0.562176525592804,-0.8264597654342651,-0.5764597654342651,0.43782350420951843,1,0,"{""A"": ""color"", ""B"": ""size"", ""C"": ""orientation"", ""D"": ""position""}",/mnt/tidalfs-hssh01/dataset/xiang/models/Qwen2.5-VL-7B-Instruct,42,not_empty,next_token
A_0028,A,STEP2,BCD,0,-0.825939416885376,-0.575939416885376,0.43782350420951843,0.562176525592804,-0.8272413015365601,-0.5772413015365601,0.43782350420951843,1,0,"{""A"": ""color"", ""B"": ""size"", ""C"": ""orientation"", ""D"": ""position""}",/mnt/tidalfs-hssh01/dataset/xiang/models/Qwen2.5-VL-7B-Instruct,42,not_empty,next_token
A_0028,A,STEP2,ABCD,0,-0.6931471824645996,-0.6931471824645996,0.5,0.5,-0.6937107443809509,-0.6937107443809509,0.5,0,1,"{""A"": ""color"", ""B"": ""size"", ""C"": ""orientation"", ""D"": ""position""}",/mnt/tidalfs-hssh01/dataset/xiang/models/Qwen2.5-VL-7B-Instruct,42,not_empty,next_token
A_0028,A,FINAL,EMPTY,0,-0.7575989961624146,-0.6325989961624146,0.4687906503677368,0.531209409236908,-0.9736700057983398,-0.8486700057983398,0.4687906503677368,1,0,"{""A"": ""color"", ""B"": ""size"", ""C"": ""orientation"", ""D"": ""position""}",/mnt/tidalfs-hssh01/dataset/xiang/models/Qwen2.5-VL-7B-Instruct,42,text_only,next_token
A_0028,A,FINAL,A,0,-0.825939416885376,-0.575939416885376,0.43782350420951843,0.562176525592804,-0.8319355845451355,-0.5819355845451355,0.43782350420951843,1,0,"{""A"": ""color"", ""B"": ""size"", ""C"": ""orientation"", ""D"": ""position""}",/mnt/tidalfs-hssh01/dataset/xiang/models/Qwen2.5-VL-7B-Instruct,42,not_empty,next_token
A_0028,A,FINAL,B,0,-0.9740769863128662,-0.4740769863128662,0.3775406777858734,0.622459352016449,-0.9842839241027832,-0.4842839241027832,0.3775406777858734,1,0,"{""A"": ""color"", ""B"": ""size"", ""C"": ""orientation"", ""D"": ""position""}",/mnt/tidalfs-hssh01/dataset/xiang/models/Qwen2.5-VL-7B-Instruct,42,not_empty,next_token
A_0028,A,FINAL,C,0,-0.8981232643127441,-0.5231232643127441,0.4073334038257599,0.5926665663719177,-0.9219778776168823,-0.5469778776168823,0.4073334038257599,1,0,"{""A"": ""color"", ""B"": ""size"", ""C"": ""orientation"", ""D"": ""position""}",/mnt/tidalfs-hssh01/dataset/xiang/models/Qwen2.5-VL-7B-Instruct,42,not_empty,next_token
A_0028,A,FINAL,D,0,-0.8981232643127441,-0.5231232643127441,0.4073334038257599,0.5926665663719177,-0.9094062447547913,-0.5344062447547913,0.4073334038257599,1,0,"{""A"": ""color"", ""B"": ""size"", ""C"": ""orientation"", ""D"": ""position""}",/mnt/tidalfs-hssh01/dataset/xiang/models/Qwen2.5-VL-7B-Instruct,42,not_empty,next_token
A_0028,A,FINAL,AB,0,-0.7575989961624146,-0.6325989961624146,0.4687906503677368,0.531209409236908,-0.7583557367324829,-0.6333557367324829,0.4687906503677368,1,0,"{""A"": ""color"", ""B"": ""size"", ""C"": ""orientation"", ""D"": ""position""}",/mnt/tidalfs-hssh01/dataset/xiang/models/Qwen2.5-VL-7B-Instruct,42,not_empty,next_token
A_0028,A,FINAL,AC,0,-0.8981232643127441,-0.5231232643127441,0.4073334038257599,0.5926665663719177,-0.8991402387619019,-0.5241402387619019,0.4073334038257599,1,0,"{""A"": ""color"", ""B"": ""size"", ""C"": ""orientation"", ""D"": ""position""}",/mnt/tidalfs-hssh01/dataset/xiang/models/Qwen2.5-VL-7B-Instruct,42,not_empty,next_token
A_0028,A,FINAL,AD,0,-0.8981232643127441,-0.5231232643127441,0.4073334038257599,0.5926665663719177,-0.8995832204818726,-0.5245832204818726,0.4073334038257599,1,0,"{""A"": ""color"", ""B"": ""size"", ""C"": ""orientation"", ""D"": ""position""}",/mnt/tidalfs-hssh01/dataset/xiang/models/Qwen2.5-VL-7B-Instruct,42,not_empty,next_token
A_0028,A,FINAL,BC,0,-0.8981232643127441,-0.5231232643127441,0.4073334038257599,0.5926665663719177,-0.906234085559845,-0.531234085559845,0.4073334038257599,1,0,"{""A"": ""color"", ""B"": ""size"", ""C"": ""orientation"", ""D"": ""position""}",/mnt/tidalfs-hssh01/dataset/xiang/models/Qwen2.5-VL-7B-Instruct,42,not_empty,next_token
A_0028,A,FINAL,BD,0,-0.8981232643127441,-0.5231232643127441,0.4073334038257599,0.5926665663719177,-0.9021197557449341,-0.5271197557449341,0.4073334038257599,1,0,"{""A"": ""color"", ""B"": ""size"", ""C"": ""orientation"", ""D"": ""position""}",/mnt/tidalfs-hssh01/dataset/xiang/models/Qwen2.5-VL-7B-Instruct,42,not_empty,next_token
A_0028,A,FINAL,CD,0,-0.825939416885376,-0.575939416885376,0.43782350420951843,0.562176525592804,-0.8345713019371033,-0.5845713019371033,0.43782350420951843,1,0,"{""A"": ""color"", ""B"": ""size"", ""C"": ""orientation"", ""D"": ""position""}",/mnt/tidalfs-hssh01/dataset/xiang/models/Qwen2.5-VL-7B-Instruct,42,not_empty,next_token
A_0028,A,FINAL,ABC,0,-0.825939416885376,-0.575939416885376,0.43782350420951843,0.562176525592804,-0.827263355255127,-0.577263355255127,0.43782350420951843,1,0,"{""A"": ""color"", ""B"": ""size"", ""C"": ""orientation"", ""D"": ""position""}",/mnt/tidalfs-hssh01/dataset/xiang/models/Qwen2.5-VL-7B-Instruct,42,not_empty,next_token
A_0028,A,FINAL,ABD,0,-0.8981232643127441,-0.5231232643127441,0.4073334038257599,0.5926665663719177,-0.8990597724914551,-0.5240597724914551,0.4073334038257599,1,0,"{""A"": ""color"", ""B"": ""size"", ""C"": ""orientation"", ""D"": ""position""}",/mnt/tidalfs-hssh01/dataset/xiang/models/Qwen2.5-VL-7B-Instruct,42,not_empty,next_token
A_0028,A,FINAL,ACD,0,-0.8981232643127441,-0.5231232643127441,0.4073334038257599,0.5926665663719177,-0.8989161849021912,-0.5239161849021912,0.4073334038257599,1,0,"{""A"": ""color"", ""B"": ""size"", ""C"": ""orientation"", ""D"": ""position""}",/mnt/tidalfs-hssh01/dataset/xiang/models/Qwen2.5-VL-7B-Instruct,42,not_empty,next_token
A_0028,A,FINAL,BCD,0,-0.8981232643127441,-0.5231232643127441,0.4073334038257599,0.5926665663719177,-0.9008488655090332,-0.5258488655090332,0.4073334038257599,1,0,"{""A"": ""color"", ""B"": ""size"", ""C"": ""orientation"", ""D"": ""position""}",/mnt/tidalfs-hssh01/dataset/xiang/models/Qwen2.5-VL-7B-Instruct,42,not_empty,next_token
A_0028,A,FINAL,ABCD,0,-0.9740769863128662,-0.4740769863128662,0.3775406777858734,0.622459352016449,-0.9756260514259338,-0.47562605142593384,0.3775406777858734,1,0,"{""A"": ""color"", ""B"": ""size"", ""C"": ""orientation"", ""D"": ""position""}",/mnt/tidalfs-hssh01/dataset/xiang/models/Qwen2.5-VL-7B-Instruct,42,not_empty,next_token
A_0036,A,STEP1,EMPTY,0,-0.6931471824645996,-0.6931471824645996,0.5,0.5,-0.819155216217041,-0.819155216217041,0.5,0,1,"{""A"": ""size"", ""B"": ""orientation"", ""C"": ""position"", ""D"": ""color""}",/mnt/tidalfs-hssh01/dataset/xiang/models/Qwen2.5-VL-7B-Instruct,42,text_only,next_token
A_0036,A,STEP1,A,0,-0.9740769863128662,-0.4740769863128662,0.3775406777858734,0.622459352016449,-0.9751812815666199,-0.4751812815666199,0.3775406777858734,1,0,"{""A"": ""size"", ""B"": ""orientation"", ""C"": ""position"", ""D"": ""color""}",/mnt/tidalfs-hssh01/dataset/xiang/models/Qwen2.5-VL-7B-Instruct,42,not_empty,next_token
A_0036,A,STEP1,B,0,-1.4061501026153564,-0.28115010261535645,0.24508503079414368,0.7549149990081787,-1.408461093902588,-0.28346115350723267,0.24508503079414368,1,0,"{""A"": ""size"", ""B"": ""orientation"", ""C"": ""position"", ""D"": ""color""}",/mnt/tidalfs-hssh01/dataset/xiang/models/Qwen2.5-VL-7B-Instruct,42,not_empty,next_token
A_0036,A,STEP1,C,0,-0.6325989961624146,-0.7575989961624146,0.531209409236908,0.4687906503677368,-0.6356418132781982,-0.7606418132781982,0.531209409236908,0,1,"{""A"": ""size"", ""B"": ""orientation"", ""C"": ""position"", ""D"": ""color""}",/mnt/tidalfs-hssh01/dataset/xiang/models/Qwen2.5-VL-7B-Instruct,42,not_empty,next_token
A_0036,A,STEP1,D,0,-0.825939416885376,-0.575939416885376,0.43782350420951843,0.562176525592804,-0.8284756541252136,-0.5784756541252136,0.43782350420951843,1,0,"{""A"": ""size"", ""B"": ""orientation"", ""C"": ""position"", ""D"": ""color""}",/mnt/tidalfs-hssh01/dataset/xiang/models/Qwen2.5-VL-7B-Instruct,42,not_empty,next_token
A_0036,A,STEP1,AB,0,-0.8981232643127441,-0.5231232643127441,0.4073334038257599,0.5926665663719177,-0.8985679149627686,-0.5235679149627686,0.4073334038257599,1,0,"{""A"": ""size"", ""B"": ""orientation"", ""C"": ""position"", ""D"": ""color""}",/mnt/tidalfs-hssh01/dataset/xiang/models/Qwen2.5-VL-7B-Instruct,42,not_empty,next_token
A_0036,A,STEP1,AC,0,-1.136871099472046,-0.38687101006507874,0.32082128524780273,0.6791786551475525,-1.1371676921844482,-0.38716763257980347,0.32082128524780273,1,0,"{""A"": ""size"", ""B"": ""orientation"", ""C"": ""position"", ""D"": ""color""}",/mnt/tidalfs-hssh01/dataset/xiang/models/Qwen2.5-VL-7B-Instruct,42,not_empty,next_token
A_0036,A,STEP1,AD,0,-0.8981232643127441,-0.5231232643127441,0.4073334038257599,0.5926665663719177,-0.8985601663589478,-0.5235601663589478,0.4073334038257599,1,0,"{""A"": ""size"", ""B"": ""orientation"", ""C"": ""position"", ""D"": ""color""}",/mnt/tidalfs-hssh01/dataset/xiang/models/Qwen2.5-VL-7B-Instruct,42,not_empty,next_token
A_0036,A,STEP1,BC,0,-1.7014133930206299,-0.2014133334159851,0.18242549896240234,0.8175744414329529,-1.70205557346344,-0.20205560326576233,0.18242549896240234,1,0,"{""A"": ""size"", ""B"": ""orientation"", ""C"": ""position"", ""D"": ""color""}",/mnt/tidalfs-hssh01/dataset/xiang/models/Qwen2.5-VL-7B-Instruct,42,not_empty,next_token
A_0036,A,STEP1,BD,0,-1.5019290447235107,-0.25192904472351074,0.22270016372203827,0.7772998809814453,-1.5025379657745361,-0.2525380253791809,0.22270016372203827,1,0,"{""A"": ""size"", ""B"": ""orientation"", ""C"": ""position"", ""D"": ""color""}",/mnt/tidalfs-hssh01/dataset/xiang/models/Qwen2.5-VL-7B-Instruct,42,not_empty,next_token
A_0036,A,STEP1,CD,0,-0.6931471824645996,-0.6931471824645996,0.5,0.5,-0.6942806839942932,-0.6942806839942932,0.5,0,1,"{""A"": ""size"", ""B"": ""orientation"", ""C"": ""position"", ""D"": ""color""}",/mnt/tidalfs-hssh01/dataset/xiang/models/Qwen2.5-VL-7B-Instruct,42,not_empty,next_token
A_0036,A,STEP1,ABC,0,-1.2234445810317993,-0.3484445810317993,0.29421499371528625,0.7057850360870361,-1.2237045764923096,-0.34870460629463196,0.29421499371528625,1,0,"{""A"": ""size"", ""B"": ""orientation"", ""C"": ""position"", ""D"": ""color""}",/mnt/tidalfs-hssh01/dataset/xiang/models/Qwen2.5-VL-7B-Instruct,42,not_empty,next_token
A_0036,A,STEP1,ABD,0,-1.0537006855010986,-0.42870065569877625,0.3486451208591461,0.6513548493385315,-1.0539265871047974,-0.42892658710479736,0.3486451208591461,1,0,"{""A"": ""size"", ""B"": ""orientation"", ""C"": ""position"", ""D"": ""color""}",/mnt/tidalfs-hssh01/dataset/xiang/models/Qwen2.5-VL-7B-Instruct,42,not_empty,next_token
A_0036,A,STEP1,ACD,0,-1.1368709802627563,-0.38687101006507874,0.3208213150501251,0.6791786551475525,-1.1370233297348022,-0.38702329993247986,0.3208213150501251,1,0,"{""A"": ""size"", ""B"": ""orientation"", ""C"": ""position"", ""D"": ""color""}",/mnt/tidalfs-hssh01/dataset/xiang/models/Qwen2.5-VL-7B-Instruct,42,not_empty,next_token
A_0036,A,STEP1,BCD,0,-1.7014133930206299,-0.2014133334159851,0.18242549896240234,0.8175744414329529,-1.7017220258712769,-0.20172205567359924,0.18242549896240234,1,0,"{""A"": ""size"", ""B"": ""orientation"", ""C"": ""position"", ""D"": ""color""}",/mnt/tidalfs-hssh01/dataset/xiang/models/Qwen2.5-VL-7B-Instruct,42,not_empty,next_token
A_0036,A,STEP1,ABCD,0,-1.2234445810317993,-0.3484445810317993,0.29421499371528625,0.7057850360870361,-1.2236716747283936,-0.34867170453071594,0.29421499371528625,1,0,"{""A"": ""size"", ""B"": ""orientation"", ""C"": ""position"", ""D"": ""color""}",/mnt/tidalfs-hssh01/dataset/xiang/models/Qwen2.5-VL-7B-Instruct,42,not_empty,next_token
A_0036,A,STEP2,EMPTY,1,-1.2234445810317993,-0.3484445810317993,0.29421499371528625,0.7057850360870361,-1.2687973976135254,-0.393797367811203,0.7057850360870361,1,1,"{""A"": ""size"", ""B"": ""orientation"", ""C"": ""position"", ""D"": ""color""}",/mnt/tidalfs-hssh01/dataset/xiang/models/Qwen2.5-VL-7B-Instruct,42,text_only,next_token
A_0036,A,STEP2,A,1,-1.1368709802627563,-0.38687101006507874,0.3208213150501251,0.6791786551475525,-1.138013482093811,-0.3880135118961334,0.6791786551475525,1,1,"{""A"": ""size"", ""B"": ""orientation"", ""C"": ""position"", ""D"": ""color""}",/mnt/tidalfs-hssh01/dataset/xiang/models/Qwen2.5-VL-7B-Instruct,42,not_empty,next_token
A_0036,A,STEP2,B,1,-0.9740769863128662,-0.4740769863128662,0.3775406777858734,0.622459352016449,-0.9773802757263184,-0.47738030552864075,0.622459352016449,1,1,"{""A"": ""size"", ""B"": ""orientation"", ""C"": ""position"", ""D"": ""color""}",/mnt/tidalfs-hssh01/dataset/xiang/models/Qwen2.5-VL-7B-Instruct,42,not_empty,next_token
A_0036,A,STEP2,C,1,-0.8981232643127441,-0.5231232643127441,0.4073334038257599,0.5926665663719177,-0.9000468254089355,-0.5250468254089355,0.5926665663719177,1,1,"{""A"": ""size"", ""B"": ""orientation"", ""C"": ""position"", ""D"": ""color""}",/mnt/tidalfs-hssh01/dataset/xiang/models/Qwen2.5-VL-7B-Instruct,42,not_empty,next_token
A_0036,A,STEP2,D,1,-0.9740769863128662,-0.4740769863128662,0.3775406777858734,0.622459352016449,-0.9760007858276367,-0.4760007858276367,0.622459352016449,1,1,"{""A"": ""size"", ""B"": ""orientation"", ""C"": ""position"", ""D"": ""color""}",/mnt/tidalfs-hssh01/dataset/xiang/models/Qwen2.5-VL-7B-Instruct,42,not_empty,next_token
A_0036,A,STEP2,AB,1,-0.6931471824645996,-0.6931471824645996,0.5,0.5,-0.6944747567176819,-0.6944747567176819,0.5,0,0,"{""A"": ""size"", ""B"": ""orientation"", ""C"": ""position"", ""D"": ""color""}",/mnt/tidalfs-hssh01/dataset/xiang/models/Qwen2.5-VL-7B-Instruct,42,not_empty,next_token
A_0036,A,STEP2,AC,1,-0.9740769863128662,-0.4740769863128662,0.3775406777858734,0.622459352016449,-0.9743902683258057,-0.47439029812812805,0.622459352016449,1,1,"{""A"": ""size"", ""B"": ""orientation"", ""C"": ""position"", ""D"": ""color""}",/mnt/tidalfs-hssh01/dataset/xiang/models/Qwen2.5-VL-7B-Instruct,42,not_empty,next_token
A_0036,A,STEP2,AD,1,-1.2234445810317993,-0.3484445810317993,0.29421499371528625,0.7057850360870361,-1.2239153385162354,-0.34891536831855774,0.7057850360870361,1,1,"{""A"": ""size"", ""B"": ""orientation"", ""C"": ""position"", ""D"": ""color""}",/mnt/tidalfs-hssh01/dataset/xiang/models/Qwen2.5-VL-7B-Instruct,42,not_empty,next_token
A_0036,A,STEP2,BC,1,-0.8981232643127441,-0.5231232643127441,0.4073334038257599,0.5926665663719177,-0.90032958984375,-0.52532958984375,0.5926665663719177,1,1,"{""A"": ""size"", ""B"": ""orientation"", ""C"": ""position"", ""D"": ""color""}",/mnt/tidalfs-hssh01/dataset/xiang/models/Qwen2.5-VL-7B-Instruct,42,not_empty,next_token
A_0036,A,STEP2,BD,1,-0.9740769863128662,-0.4740769863128662,0.3775406777858734,0.622459352016449,-0.9757431745529175,-0.4757431745529175,0.622459352016449,1,1,"{""A"": ""size"", ""B"": ""orientation"", ""C"": ""position"", ""D"": ""color""}",/mnt/tidalfs-hssh01/dataset/xiang/models/Qwen2.5-VL-7B-Instruct,42,not_empty,next_token
A_0036,A,STEP2,CD,1,-0.7575989961624146,-0.6325989961624146,0.4687906503677368,0.531209409236908,-0.7586688995361328,-0.6336688995361328,0.531209409236908,1,1,"{""A"": ""size"", ""B"": ""orientation"", ""C"": ""position"", ""D"": ""color""}",/mnt/tidalfs-hssh01/dataset/xiang/models/Qwen2.5-VL-7B-Instruct,42,not_empty,next_token
A_0036,A,STEP2,ABC,1,-0.825939416885376,-0.575939416885376,0.43782350420951843,0.562176525592804,-0.8266738653182983,-0.5766738653182983,0.562176525592804,1,1,"{""A"": ""size"", ""B"": ""orientation"", ""C"": ""position"", ""D"": ""color""}",/mnt/tidalfs-hssh01/dataset/xiang/models/Qwen2.5-VL-7B-Instruct,42,not_empty,next_token
A_0036,A,STEP2,ABD,1,-1.053700566291809,-0.42870065569877625,0.3486451506614685,0.6513548493385315,-1.0542480945587158,-0.4292481541633606,0.6513548493385315,1,1,"{""A"": ""size"", ""B"": ""orientation"", ""C"": ""position"", ""D"": ""color""}",/mnt/tidalfs-hssh01/dataset/xiang/models/Qwen2.5-VL-7B-Instruct,42,not_empty,next_token
A_0036,A,STEP2,ACD,1,-0.8981232643127441,-0.5231232643127441,0.4073334038257599,0.5926665663719177,-0.8983606100082397,-0.5233606100082397,0.5926665663719177,1,1,"{""A"": ""size"", ""B"": ""orientation"", ""C"": ""position"", ""D"": ""color""}",/mnt/tidalfs-hssh01/dataset/xiang/models/Qwen2.5-VL-7B-Instruct,42,not_empty,next_token
A_0036,A,STEP2,BCD,1,-0.825939416885376,-0.575939416885376,0.43782350420951843,0.562176525592804,-0.8269269466400146,-0.5769269466400146,0.562176525592804,1,1,"{""A"": ""size"", ""B"": ""orientation"", ""C"": ""position"", ""D"": ""color""}",/mnt/tidalfs-hssh01/dataset/xiang/models/Qwen2.5-VL-7B-Instruct,42,not_empty,next_token
A_0036,A,STEP2,ABCD,1,-0.825939416885376,-0.575939416885376,0.43782350420951843,0.562176525592804,-0.8263963460922241,-0.5763963460922241,0.562176525592804,1,1,"{""A"": ""size"", ""B"": ""orientation"", ""C"": ""position"", ""D"": ""color""}",/mnt/tidalfs-hssh01/dataset/xiang/models/Qwen2.5-VL-7B-Instruct,42,not_empty,next_token
A_0036,A,FINAL,EMPTY,1,-0.7575989961624146,-0.6325989961624146,0.4687906503677368,0.531209409236908,-1.0674777030944824,-0.9424777030944824,0.531209409236908,1,1,"{""A"": ""size"", ""B"": ""orientation"", ""C"": ""position"", ""D"": ""color""}",/mnt/tidalfs-hssh01/dataset/xiang/models/Qwen2.5-VL-7B-Instruct,42,text_only,next_token
A_0036,A,FINAL,A,1,-0.8981232643127441,-0.5231232643127441,0.4073334038257599,0.5926665663719177,-0.9128466844558716,-0.5378466844558716,0.5926665663719177,1,1,"{""A"": ""size"", ""B"": ""orientation"", ""C"": ""position"", ""D"": ""color""}",/mnt/tidalfs-hssh01/dataset/xiang/models/Qwen2.5-VL-7B-Instruct,42,not_empty,next_token
A_0036,A,FINAL,B,1,-0.9740769863128662,-0.4740769863128662,0.3775406777858734,0.622459352016449,-1.0059685707092285,-0.5059685707092285,0.622459352016449,1,1,"{""A"": ""size"", ""B"": ""orientation"", ""C"": ""position"", ""D"": ""color""}",/mnt/tidalfs-hssh01/dataset/xiang/models/Qwen2.5-VL-7B-Instruct,42,not_empty,next_token
A_0036,A,FINAL,C,1,-0.7575989961624146,-0.6325989961624146,0.4687906503677368,0.531209409236908,-0.7903133630752563,-0.6653133630752563,0.531209409236908,1,1,"{""A"": ""size"", ""B"": ""orientation"", ""C"": ""position"", ""D"": ""color""}",/mnt/tidalfs-hssh01/dataset/xiang/models/Qwen2.5-VL-7B-Instruct,42,not_empty,next_token
A_0036,A,FINAL,D,1,-0.825939416885376,-0.575939416885376,0.43782350420951843,0.562176525592804,-0.8437479138374329,-0.5937479138374329,0.562176525592804,1,1,"{""A"": ""size"", ""B"": ""orientation"", ""C"": ""position"", ""D"": ""color""}",/mnt/tidalfs-hssh01/dataset/xiang/models/Qwen2.5-VL-7B-Instruct,42,not_empty,next_token
A_0036,A,FINAL,AB,1,-0.6931471824645996,-0.6931471824645996,0.5,0.5,-0.6953505873680115,-0.6953505873680115,0.5,0,0,"{""A"": ""size"", ""B"": ""orientation"", ""C"": ""position"", ""D"": ""color""}",/mnt/tidalfs-hssh01/dataset/xiang/models/Qwen2.5-VL-7B-Instruct,42,not_empty,next_token
A_0036,A,FINAL,AC,1,-0.825939416885376,-0.575939416885376,0.43782350420951843,0.562176525592804,-0.8269270062446594,-0.5769270062446594,0.562176525592804,1,1,"{""A"": ""size"", ""B"": ""orientation"", ""C"": ""position"", ""D"": ""color""}",/mnt/tidalfs-hssh01/dataset/xiang/models/Qwen2.5-VL-7B-Instruct,42,not_empty,next_token
A_0036,A,FINAL,AD,1,-0.825939416885376,-0.575939416885376,0.43782350420951843,0.562176525592804,-0.8275790810585022,-0.5775790810585022,0.562176525592804,1,1,"{""A"": ""size"", ""B"": ""orientation"", ""C"": ""position"", ""D"": ""color""}",/mnt/tidalfs-hssh01/dataset/xiang/models/Qwen2.5-VL-7B-Instruct,42,not_empty,next_token
A_0036,A,FINAL,BC,1,-0.7575989961624146,-0.6325989961624146,0.4687906503677368,0.531209409236908,-0.7709290981292725,-0.6459290981292725,0.531209409236908,1,1,"{""A"": ""size"", ""B"": ""orientation"", ""C"": ""position"", ""D"": ""color""}",/mnt/tidalfs-hssh01/dataset/xiang/models/Qwen2.5-VL-7B-Instruct,42,not_empty,next_token
A_0036,A,FINAL,BD,1,-0.8981232643127441,-0.5231232643127441,0.4073334038257599,0.5926665663719177,-0.904366672039032,-0.529366672039032,0.5926665663719177,1,1,"{""A"": ""size"", ""B"": ""orientation"", ""C"": ""position"", ""D"": ""color""}",/mnt/tidalfs-hssh01/dataset/xiang/models/Qwen2.5-VL-7B-Instruct,42,not_empty,next_token
A_0036,A,FINAL,CD,1,-0.825939416885376,-0.575939416885376,0.43782350420951843,0.562176525592804,-0.8338131308555603,-0.5838131308555603,0.562176525592804,1,1,"{""A"": ""size"", ""B"": ""orientation"", ""C"": ""position"", ""D"": ""color""}",/mnt/tidalfs-hssh01/dataset/xiang/models/Qwen2.5-VL-7B-Instruct,42,not_empty,next_token
A_0036,A,FINAL,ABC,1,-0.7575989961624146,-0.6325989961624146,0.4687906503677368,0.531209409236908,-0.7605183720588684,-0.6355183720588684,0.531209409236908,1,1,"{""A"": ""size"", ""B"": ""orientation"", ""C"": ""position"", ""D"": ""color""}",/mnt/tidalfs-hssh01/dataset/xiang/models/Qwen2.5-VL-7B-Instruct,42,not_empty,next_token
A_0036,A,FINAL,ABD,1,-0.7575989961624146,-0.6325989961624146,0.4687906503677368,0.531209409236908,-0.7589442729949951,-0.6339442729949951,0.531209409236908,1,1,"{""A"": ""size"", ""B"": ""orientation"", ""C"": ""position"", ""D"": ""color""}",/mnt/tidalfs-hssh01/dataset/xiang/models/Qwen2.5-VL-7B-Instruct,42,not_empty,next_token
A_0036,A,FINAL,ACD,1,-0.8981232643127441,-0.5231232643127441,0.4073334038257599,0.5926665663719177,-0.8989652395248413,-0.5239652395248413,0.5926665663719177,1,1,"{""A"": ""size"", ""B"": ""orientation"", ""C"": ""position"", ""D"": ""color""}",/mnt/tidalfs-hssh01/dataset/xiang/models/Qwen2.5-VL-7B-Instruct,42,not_empty,next_token
A_0036,A,FINAL,BCD,1,-0.8981232643127441,-0.5231232643127441,0.4073334038257599,0.5926665663719177,-0.9031798243522644,-0.5281798243522644,0.5926665663719177,1,1,"{""A"": ""size"", ""B"": ""orientation"", ""C"": ""position"", ""D"": ""color""}",/mnt/tidalfs-hssh01/dataset/xiang/models/Qwen2.5-VL-7B-Instruct,42,not_empty,next_token
A_0036,A,FINAL,ABCD,1,-0.8981232643127441,-0.5231232643127441,0.4073334038257599,0.5926665663719177,-0.8993861675262451,-0.5243861675262451,0.5926665663719177,1,1,"{""A"": ""size"", ""B"": ""orientation"", ""C"": ""position"", ""D"": ""color""}",/mnt/tidalfs-hssh01/dataset/xiang/models/Qwen2.5-VL-7B-Instruct,42,not_empty,next_token
A_0044,A,STEP1,EMPTY,0,-0.6931471824645996,-0.6931471824645996,0.5,0.5,-0.819155216217041,-0.819155216217041,0.5,0,1,"{""A"": ""size"", ""B"": ""orientation"", ""C"": ""position"", ""D"": ""color""}",/mnt/tidalfs-hssh01/dataset/xiang/models/Qwen2.5-VL-7B-Instruct,42,text_only,next_token
A_0044,A,STEP1,A,0,-0.8981232643127441,-0.5231232643127441,0.4073334038257599,0.5926665663719177,-0.9000336527824402,-0.5250336527824402,0.4073334038257599,1,0,"{""A"": ""size"", ""B"": ""orientation"", ""C"": ""position"", ""D"": ""color""}",/mnt/tidalfs-hssh01/dataset/xiang/models/Qwen2.5-VL-7B-Instruct,42,not_empty,next_token
A_0044,A,STEP1,B,0,-0.825939416885376,-0.575939416885376,0.43782350420951843,0.562176525592804,-0.829914927482605,-0.579914927482605,0.43782350420951843,1,0,"{""A"": ""size"", ""B"": ""orientation"", ""C"": ""position"", ""D"": ""color""}",/mnt/tidalfs-hssh01/dataset/xiang/models/Qwen2.5-VL-7B-Instruct,42,not_empty,next_token
A_0044,A,STEP1,C,0,-0.6325989961624146,-0.7575989961624146,0.531209409236908,0.4687906503677368,-0.6356418132781982,-0.7606418132781982,0.531209409236908,0,1,"{""A"": ""size"", ""B"": ""orientation"", ""C"": ""position"", ""D"": ""color""}",/mnt/tidalfs-hssh01/dataset/xiang/models/Qwen2.5-VL-7B-Instruct,42,not_empty,next_token
A_0044,A,STEP1,D,0,-0.8981232643127441,-0.5231232643127441,0.4073334038257599,0.5926665663719177,-0.9017981886863708,-0.5267981886863708,0.4073334038257599,1,0,"{""A"": ""size"", ""B"": ""orientation"", ""C"": ""position"", ""D"": ""color""}",/mnt/tidalfs-hssh01/dataset/xiang/models/Qwen2.5-VL-7B-Instruct,42,not_empty,next_token
A_0044,A,STEP1,AB,0,-0.825939416885376,-0.575939416885376,0.43782350420951843,0.562176525592804,-0.8268791437149048,-0.5768791437149048,0.43782350420951843,1,0,"{""A"": ""size"", ""B"": ""orientation"", ""C"": ""position"", ""D"": ""color""}",/mnt/tidalfs-hssh01/dataset/xiang/models/Qwen2.5-VL-7B-Instruct,42,not_empty,next_token
A_0044,A,STEP1,AC,0,-0.7575989961624146,-0.6325989961624146,0.4687906503677368,0.531209409236908,-0.7584019303321838,-0.6334019303321838,0.4687906503677368,1,0,"{""A"": ""size"", ""B"": ""orientation"", ""C"": ""position"", ""D"": ""color""}",/mnt/tidalfs-hssh01/dataset/xiang/models/Qwen2.5-VL-7B-Instruct,42,not_empty,next_token
A_0044,A,STEP1,AD,0,-0.7575989961624146,-0.6325989961624146,0.4687906503677368,0.531209409236908,-0.7584182620048523,-0.6334182620048523,0.4687906503677368,1,0,"{""A"": ""size"", ""B"": ""orientation"", ""C"": ""position"", ""D"": ""color""}",/mnt/tidalfs-hssh01/dataset/xiang/models/Qwen2.5-VL-7B-Instruct,42,not_empty,next_token
A_0044,A,STEP1,BC,0,-0.6931471824645996,-0.6931471824645996,0.5,0.5,-0.6944488286972046,-0.6944488286972046,0.5,0,1,"{""A"": ""size"", ""B"": ""orientation"", ""C"": ""position"", ""D"": ""color""}",/mnt/tidalfs-hssh01/dataset/xiang/models/Qwen2.5-VL-7B-Instruct,42,not_empty,next_token
A_0044,A,STEP1,BD,0,-0.6931471824645996,-0.6931471824645996,0.5,0.5,-0.6946128606796265,-0.6946128606796265,0.5,0,1,"{""A"": ""size"", ""B"": ""orientation"", ""C"": ""position"", ""D"": ""color""}",/mnt/tidalfs-hssh01/dataset/xiang/models/Qwen2.5-VL-7B-Instruct,42,not_empty,next_token
A_0044,A,STEP1,CD,0,-0.6325989961624146,-0.7575989961624146,0.531209409236908,0.4687906503677368,-0.6338198781013489,-0.7588198781013489,0.531209409236908,0,1,"{""A"": ""size"", ""B"": ""orientation"", ""C"": ""position"", ""D"": ""color""}",/mnt/tidalfs-hssh01/dataset/xiang/models/Qwen2.5-VL-7B-Instruct,42,not_empty,next_token
A_0044,A,STEP1,ABC,0,-0.7575989961624146,-0.6325989961624146,0.4687906503677368,0.531209409236908,-0.7581577301025391,-0.6331577301025391,0.4687906503677368,1,0,"{""A"": ""size"", ""B"": ""orientation"", ""C"": ""position"", ""D"": ""color""}",/mnt/tidalfs-hssh01/dataset/xiang/models/Qwen2.5-VL-7B-Instruct,42,not_empty,next_token
A_0044,A,STEP1,ABD,0,-0.7575989961624146,-0.6325989961624146,0.4687906503677368,0.531209409236908,-0.7581130266189575,-0.6331130266189575,0.4687906503677368,1,0,"{""A"": ""size"", ""B"": ""orientation"", ""C"": ""position"", ""D"": ""color""}",/mnt/tidalfs-hssh01/dataset/xiang/models/Qwen2.5-VL-7B-Instruct,42,not_empty,next_token
A_0044,A,STEP1,ACD,0,-0.7575989961624146,-0.6325989961624146,0.4687906503677368,0.531209409236908,-0.7579172849655151,-0.6329172849655151,0.4687906503677368,1,0,"{""A"": ""size"", ""B"": ""orientation"", ""C"": ""position"", ""D"": ""color""}",/mnt/tidalfs-hssh01/dataset/xiang/models/Qwen2.5-VL-7B-Instruct,42,not_empty,next_token
A_0044,A,STEP1,BCD,0,-0.6931471824645996,-0.6931471824645996,0.5,0.5,-0.6936546564102173,-0.6936546564102173,0.5,0,1,"{""A"": ""size"", ""B"": ""orientation"", ""C"": ""position"", ""D"": ""color""}",/mnt/tidalfs-hssh01/dataset/xiang/models/Qwen2.5-VL-7B-Instruct,42,not_empty,next_token
A_0044,A,STEP1,ABCD,0,-0.6931471824645996,-0.6931471824645996,0.5,0.5,-0.6934593319892883,-0.6934593319892883,0.5,0,1,"{""A"": ""size"", ""B"": ""orientation"", ""C"": ""position"", ""D"": ""color""}",/mnt/tidalfs-hssh01/dataset/xiang/models/Qwen2.5-VL-7B-Instruct,42,not_empty,next_token
A_0044,A,STEP2,EMPTY,0,-1.2234445810317993,-0.3484445810317993,0.29421499371528625,0.7057850360870361,-1.2687973976135254,-0.393797367811203,0.29421499371528625,1,0,"{""A"": ""size"", ""B"": ""orientation"", ""C"": ""position"", ""D"": ""color""}",/mnt/tidalfs-hssh01/dataset/xiang/models/Qwen2.5-VL-7B-Instruct,42,text_only,next_token
A_0044,A,STEP2,A,0,-1.1368709802627563,-0.38687101006507874,0.3208213150501251,0.6791786551475525,-1.137786865234375,-0.387786865234375,0.3208213150501251,1,0,"{""A"": ""size"", ""B"": ""orientation"", ""C"": ""position"", ""D"": ""color""}",/mnt/tidalfs-hssh01/dataset/xiang/models/Qwen2.5-VL-7B-Instruct,42,not_empty,next_token
A_0044,A,STEP2,B,0,-0.9740769863128662,-0.4740769863128662,0.3775406777858734,0.622459352016449,-0.9792059659957886,-0.4792059361934662,0.3775406777858734,1,0,"{""A"": ""size"", ""B"": ""orientation"", ""C"": ""position"", ""D"": ""color""}",/mnt/tidalfs-hssh01/dataset/xiang/models/Qwen2.5-VL-7B-Instruct,42,not_empty,next_token
A_0044,A,STEP2,C,0,-0.8981232643127441,-0.5231232643127441,0.4073334038257599,0.5926665663719177,-0.9000468254089355,-0.5250468254089355,0.4073334038257599,1,0,"{""A"": ""size"", ""B"": ""orientation"", ""C"": ""position"", ""D"": ""color""}",/mnt/tidalfs-hssh01/dataset/xiang/models/Qwen2.5-VL-7B-Instruct,42,not_empty,next_token
A_0044,A,STEP2,D,0,-1.0537006855010986,-0.42870065569877625,0.3486451208591461,0.6513548493385315,-1.055504560470581,-0.43050456047058105,0.3486451208591461,1,0,"{""A"": ""size"", ""B"": ""orientation"", ""C"": ""position"", ""D"": ""color""}",/mnt/tidalfs-hssh01/dataset/xiang/models/Qwen2.5-VL-7B-Instruct,42,not_empty,next_token
A_0044,A,STEP2,AB,0,-0.8981232643127441,-0.5231232643127441,0.4073334038257599,0.5926665663719177,-0.8996890783309937,-0.5246890783309937,0.4073334038257599,1,0,"{""A"": ""size"", ""B"": ""orientation"", ""C"": ""position"", ""D"": ""color""}",/mnt/tidalfs-hssh01/dataset/xiang/models/Qwen2.5-VL-7B-Instruct,42,not_empty,next_token
A_0044,A,STEP2,AC,0,-1.4061501026153564,-0.28115010261535645,0.24508503079414368,0.7549149990081787,-1.406489372253418,-0.28148940205574036,0.24508503079414368,1,0,"{""A"": ""size"", ""B"": ""orientation"", ""C"": ""position"", ""D"": ""color""}",/mnt/tidalfs-hssh01/dataset/xiang/models/Qwen2.5-VL-7B-Instruct,42,not_empty,next_token
A_0044,A,STEP2,AD,0,-1.0537006855010986,-0.42870065569877625,0.3486451208591461,0.6513548493385315,-1.054628610610962,-0.4296285808086395,0.3486451208591461,1,0,"{""A"": ""size"", ""B"": ""orientation"", ""C"": ""position"", ""D"": ""color""}",/mnt/tidalfs-hssh01/dataset/xiang/models/Qwen2.5-VL-7B-Instruct,42,not_empty,next_token
A_0044,A,STEP2,BC,0,-0.825939416885376,-0.575939416885376,0.43782350420951843,0.562176525592804,-0.8277435898780823,-0.5777435898780823,0.43782350420951843,1,0,"{""A"": ""size"", ""B"": ""orientation"", ""C"": ""position"", ""D"": ""color""}",/mnt/tidalfs-hssh01/dataset/xiang/models/Qwen2.5-VL-7B-Instruct,42,not_empty,next_token
A_0044,A,STEP2,BD,0,-0.8981232643127441,-0.5231232643127441,0.4073334038257599,0.5926665663719177,-0.8997541666030884,-0.5247541666030884,0.4073334038257599,1,0,"{""A"": ""size"", ""B"": ""orientation"", ""C"": ""position"", ""D"": ""color""}",/mnt/tidalfs-hssh01/dataset/xiang/models/Qwen2.5-VL-7B-Instruct,42,not_empty,next_token
A_0044,A,STEP2,CD,0,-0.8981232643127441,-0.5231232643127441,0.4073334038257599,0.5926665663719177,-0.8988699913024902,-0.5238699913024902,0.4073334038257599,1,0,"{""A"": ""size"", ""B"": ""orientation"", ""C"": ""position"", ""D"": ""color""}",/mnt/tidalfs-hssh01/dataset/xiang/models/Qwen2.5-VL-7B-Instruct,42,not_empty,next_token
A_0044,A,STEP2,ABC,0,-1.2234445810317993,-0.3484445810317993,0.29421499371528625,0.7057850360870361,-1.2243995666503906,-0.3493995666503906,0.29421499371528625,1,0,"{""A"": ""size"", ""B"": ""orientation"", ""C"": ""position"", ""D"": ""color""}",/mnt/tidalfs-hssh01/dataset/xiang/models/Qwen2.5-VL-7B-Instruct,42,not_empty,next_token
A_0044,A,STEP2,ABD,0,-0.9740769863128662,-0.4740769863128662,0.3775406777858734,0.622459352016449,-0.9748480916023254,-0.47484809160232544,0.3775406777858734,1,0,"{""A"": ""size"", ""B"": ""orientation"", ""C"": ""position"", ""D"": ""color""}",/mnt/tidalfs-hssh01/dataset/xiang/models/Qwen2.5-VL-7B-Instruct,42,not_empty,next_token
A_0044,A,STEP2,ACD,0,-1.1368709802627563,-0.38687101006507874,0.3208213150501251,0.6791786551475525,-1.1371279954910278,-0.38712796568870544,0.3208213150501251,1,0,"{""A"": ""size"", ""B"": ""orientation"", ""C"": ""position"", ""D"": ""color""}",/mnt/tidalfs-hssh01/dataset/xiang/models/Qwen2.5-VL-7B-Instruct,42,not_empty,next_token
A_0044,A,STEP2,BCD,0,-0.7575989961624146,-0.6325989961624146,0.4687906503677368,0.531209409236908,-0.7590735554695129,-0.6340735554695129,0.4687906503677368,1,0,"{""A"": ""size"", ""B"": ""orientation"", ""C"": ""position"", ""D"": ""color""}",/mnt/tidalfs-hssh01/dataset/xiang/models/Qwen2.5-VL-7B-Instruct,42,not_empty,next_token
A_0044,A,STEP2,ABCD,0,-1.0537006855010986,-0.42870065569877625,0.3486451208591461,0.6513548493385315,-1.0544664859771729,-0.4294664263725281,0.3486451208591461,1,0,"{""A"": ""size"", ""B"": ""orientation"", ""C"": ""position"", ""D"": ""color""}",/mnt/tidalfs-hssh01/dataset/xiang/models/Qwen2.5-VL-7B-Instruct,42,not_empty,next_token
A_0044,A,FINAL,EMPTY,0,-0.7575989961624146,-0.6325989961624146,0.4687906503677368,0.531209409236908,-1.0674777030944824,-0.9424777030944824,0.4687906503677368,1,0,"{""A"": ""size"", ""B"": ""orientation"", ""C"": ""position"", ""D"": ""color""}",/mnt/tidalfs-hssh01/dataset/xiang/models/Qwen2.5-VL-7B-Instruct,42,text_only,next_token
A_0044,A,FINAL,A,0,-0.8981232643127441,-0.5231232643127441,0.4073334038257599,0.5926665663719177,-0.9146147966384888,-0.5396147966384888,0.4073334038257599,1,0,"{""A"": ""size"", ""B"": ""orientation"", ""C"": ""position"", ""D"": ""color""}",/mnt/tidalfs-hssh01/dataset/xiang/models/Qwen2.5-VL-7B-Instruct,42,not_empty,next_token
A_0044,A,FINAL,B,0,-0.825939416885376,-0.575939416885376,0.43782350420951843,0.562176525592804,-0.8610583543777466,-0.6110583543777466,0.43782350420951843,1,0,"{""A"": ""size"", ""B"": ""orientation"", ""C"": ""position"", ""D"": ""color""}",/mnt/tidalfs-hssh01/dataset/xiang/models/Qwen2.5-VL-7B-Instruct,42,not_empty,next_token
A_0044,A,FINAL,C,0,-0.7575989961624146,-0.6325989961624146,0.4687906503677368,0.531209409236908,-0.7903133630752563,-0.6653133630752563,0.4687906503677368,1,0,"{""A"": ""size"", ""B"": ""orientation"", ""C"": ""position"", ""D"": ""color""}",/mnt/tidalfs-hssh01/dataset/xiang/models/Qwen2.5-VL-7B-Instruct,42,not_empty,next_token
A_0044,A,FINAL,D,0,-0.825939416885376,-0.575939416885376,0.43782350420951843,0.562176525592804,-0.8468918800354004,-0.5968918800354004,0.43782350420951843,1,0,"{""A"": ""size"", ""B"": ""orientation"", ""C"": ""position"", ""D"": ""color""}",/mnt/tidalfs-hssh01/dataset/xiang/models/Qwen2.5-VL-7B-Instruct,42,not_empty,next_token
A_0044,A,FINAL,AB,0,-0.7575989961624146,-0.6325989961624146,0.4687906503677368,0.531209409236908,-0.7627906799316406,-0.6377906799316406,0.4687906503677368,1,0,"{""A"": ""size"", ""B"": ""orientation"", ""C"": ""position"", ""D"": ""color""}",/mnt/tidalfs-hssh01/dataset/xiang/models/Qwen2.5-VL-7B-Instruct,42,not_empty,next_token
A_0044,A,FINAL,AC,0,-0.825939416885376,-0.575939416885376,0.43782350420951843,0.562176525592804,-0.8276616334915161,-0.5776616334915161,0.43782350420951843,1,0,"{""A"": ""size"", ""B"": ""orientation"", ""C"": ""position"", ""D"": ""color""}",/mnt/tidalfs-hssh01/dataset/xiang/models/Qwen2.5-VL-7B-Instruct,42,not_empty,next_token
A_0044,A,FINAL,AD,0,-0.7575989961624146,-0.6325989961624146,0.4687906503677368,0.531209409236908,-0.760784924030304,-0.635784924030304,0.4687906503677368,1,0,"{""A"": ""size"", ""B"": ""orientation"", ""C"": ""position"", ""D"": ""color""}",/mnt/tidalfs-hssh01/dataset/xiang/models/Qwen2.5-VL-7B-Instruct,42,not_empty,next_token
A_0044,A,FINAL,BC,0,-0.7575989961624146,-0.6325989961624146,0.4687906503677368,0.531209409236908,-0.776589572429657,-0.651589572429657,0.4687906503677368,1,0,"{""A"": ""size"", ""B"": ""orientation"", ""C"": ""position"", ""D"": ""color""}",/mnt/tidalfs-hssh01/dataset/xiang/models/Qwen2.5-VL-7B-Instruct,42,not_empty,next_token
A_0044,A,FINAL,BD,0,-0.825939416885376,-0.575939416885376,0.43782350420951843,0.562176525592804,-0.8403910994529724,-0.5903910994529724,0.43782350420951843,1,0,"{""A"": ""size"", ""B"": ""orientation"", ""C"": ""position"", ""D"": ""color""}",/mnt/tidalfs-hssh01/dataset/xiang/models/Qwen2.5-VL-7B-Instruct,42,not_empty,next_token
A_0044,A,FINAL,CD,0,-0.7575989961624146,-0.6325989961624146,0.4687906503677368,0.531209409236908,-0.7624086737632751,-0.6374086737632751,0.4687906503677368,1,0,"{""A"": ""size"", ""B"": ""orientation"", ""C"": ""position"", ""D"": ""color""}",/mnt/tidalfs-hssh01/dataset/xiang/models/Qwen2.5-VL-7B-Instruct,42,not_empty,next_token
A_0044,A,FINAL,ABC,0,-0.6931471824645996,-0.6931471824645996,0.5,0.5,-0.6985586881637573,-0.6985586881637573,0.5,0,1,"{""A"": ""size"", ""B"": ""orientation"", ""C"": ""position"", ""D"": ""color""}",/mnt/tidalfs-hssh01/dataset/xiang/models/Qwen2.5-VL-7B-Instruct,42,not_empty,next_token
A_0044,A,FINAL,ABD,0,-0.6931471824645996,-0.6931471824645996,0.5,0.5,-0.6960735321044922,-0.6960735321044922,0.5,0,1,"{""A"": ""size"", ""B"": ""orientation"", ""C"": ""position"", ""D"": ""color""}",/mnt/tidalfs-hssh01/dataset/xiang/models/Qwen2.5-VL-7B-Instruct,42,not_empty,next_token
A_0044,A,FINAL,ACD,0,-0.7575989961624146,-0.6325989961624146,0.4687906503677368,0.531209409236908,-0.7592528462409973,-0.6342528462409973,0.4687906503677368,1,0,"{""A"": ""size"", ""B"": ""orientation"", ""C"": ""position"", ""D"": ""color""}",/mnt/tidalfs-hssh01/dataset/xiang/models/Qwen2.5-VL-7B-Instruct,42,not_empty,next_token
A_0044,A,FINAL,BCD,0,-0.7575989961624146,-0.6325989961624146,0.4687906503677368,0.531209409236908,-0.7672127485275269,-0.6422127485275269,0.4687906503677368,1,0,"{""A"": ""size"", ""B"": ""orientation"", ""C"": ""position"", ""D"": ""color""}",/mnt/tidalfs-hssh01/dataset/xiang/models/Qwen2.5-VL-7B-Instruct,42,not_empty,next_token
A_0044,A,FINAL,ABCD,0,-0.825939416885376,-0.575939416885376,0.43782350420951843,0.562176525592804,-0.8298216462135315,-0.5798216462135315,0.43782350420951843,1,0,"{""A"": ""size"", ""B"": ""orientation"", ""C"": ""position"", ""D"": ""color""}",/mnt/tidalfs-hssh01/dataset/xiang/models/Qwen2.5-VL-7B-Instruct,42,not_empty,next_token
A_0052,A,STEP1,EMPTY,0,-0.7575989961624146,-0.6325989961624146,0.4687906503677368,0.531209409236908,-0.8536394238471985,-0.7286394238471985,0.4687906503677368,1,0,"{""A"": ""orientation"", ""B"": ""position"", ""C"": ""color"", ""D"": ""size""}",/mnt/tidalfs-hssh01/dataset/xiang/models/Qwen2.5-VL-7B-Instruct,42,text_only,next_token
A_0052,A,STEP1,A,0,-1.2234444618225098,-0.3484445810317993,0.29421502351760864,0.7057850360870361,-1.2252774238586426,-0.35027748346328735,0.29421502351760864,1,0,"{""A"": ""orientation"", ""B"": ""position"", ""C"": ""color"", ""D"": ""size""}",/mnt/tidalfs-hssh01/dataset/xiang/models/Qwen2.5-VL-7B-Instruct,42,not_empty,next_token
A_0052,A,STEP1,B,0,-0.825939416885376,-0.575939416885376,0.43782350420951843,0.562176525592804,-0.8280298113822937,-0.5780298113822937,0.43782350420951843,1,0,"{""A"": ""orientation"", ""B"": ""position"", ""C"": ""color"", ""D"": ""size""}",/mnt/tidalfs-hssh01/dataset/xiang/models/Qwen2.5-VL-7B-Instruct,42,not_empty,next_token
A_0052,A,STEP1,C,0,-0.825939416885376,-0.575939416885376,0.43782350420951843,0.562176525592804,-0.8287026286125183,-0.5787026286125183,0.43782350420951843,1,0,"{""A"": ""orientation"", ""B"": ""position"", ""C"": ""color"", ""D"": ""size""}",/mnt/tidalfs-hssh01/dataset/xiang/models/Qwen2.5-VL-7B-Instruct,42,not_empty,next_token
A_0052,A,STEP1,D,0,-0.8981232643127441,-0.5231232643127441,0.4073334038257599,0.5926665663719177,-0.9012390375137329,-0.5262390375137329,0.4073334038257599,1,0,"{""A"": ""orientation"", ""B"": ""position"", ""C"": ""color"", ""D"": ""size""}",/mnt/tidalfs-hssh01/dataset/xiang/models/Qwen2.5-VL-7B-Instruct,42,not_empty,next_token
A_0052,A,STEP1,AB,0,-1.2234447002410889,-0.3484445810317993,0.2942149341106415,0.7057850360870361,-1.2240006923675537,-0.34900063276290894,0.2942149341106415,1,0,"{""A"": ""orientation"", ""B"": ""position"", ""C"": ""color"", ""D"": ""size""}",/mnt/tidalfs-hssh01/dataset/xiang/models/Qwen2.5-VL-7B-Instruct,42,not_empty,next_token
A_0052,A,STEP1,AC,0,-1.3132617473602295,-0.3132617473602295,0.26894140243530273,0.7310584783554077,-1.313734769821167,-0.313734769821167,0.26894140243530273,1,0,"{""A"": ""orientation"", ""B"": ""position"", ""C"": ""color"", ""D"": ""size""}",/mnt/tidalfs-hssh01/dataset/xiang/models/Qwen2.5-VL-7B-Instruct,42,not_empty,next_token
A_0052,A,STEP1,AD,0,-1.3132617473602295,-0.3132617473602295,0.26894140243530273,0.7310584783554077,-1.313917636871338,-0.3139176666736603,0.26894140243530273,1,0,"{""A"": ""orientation"", ""B"": ""position"", ""C"": ""color"", ""D"": ""size""}",/mnt/tidalfs-hssh01/dataset/xiang/models/Qwen2.5-VL-7B-Instruct,42,not_empty,next_token
A_0052,A,STEP1,BC,0,-0.8981232643127441,-0.5231232643127441,0.4073334038257599,0.5926665663719177,-0.8986491560935974,-0.5236491560935974,0.4073334038257599,1,0,"{""A"": ""orientation"", ""B"": ""position"", ""C"": ""color"", ""D"": ""size""}",/mnt/tidalfs-hssh01/dataset/xiang/models/Qwen2.5-VL-7B-Instruct,42,not_empty,next_token
A_0052,A,STEP1,BD,0,-0.825939416885376,-0.575939416885376,0.43782350420951843,0.562176525592804,-0.8267825245857239,-0.5767825245857239,0.43782350420951843,1,0,"{""A"": ""orientation"", ""B"": ""position"", ""C"": ""color"", ""D"": ""size""}",/mnt/tidalfs-hssh01/dataset/xiang/models/Qwen2.5-VL-7B-Instruct,42,not_empty,next_token
A_0052,A,STEP1,CD,0,-0.8981232643127441,-0.5231232643127441,0.4073334038257599,0.5926665663719177,-0.8986594080924988,-0.5236594080924988,0.4073334038257599,1,0,"{""A"": ""orientation"", ""B"": ""position"", ""C"": ""color"", ""D"": ""size""}",/mnt/tidalfs-hssh01/dataset/xiang/models/Qwen2.5-VL-7B-Instruct,42,not_empty,next_token
A_0052,A,STEP1,ABC,0,-1.2234445810317993,-0.3484445810317993,0.29421499371528625,0.7057850360870361,-1.2238049507141113,-0.34880495071411133,0.29421499371528625,1,0,"{""A"": ""orientation"", ""B"": ""position"", ""C"": ""color"", ""D"": ""size""}",/mnt/tidalfs-hssh01/dataset/xiang/models/Qwen2.5-VL-7B-Instruct,42,not_empty,next_token
A_0052,A,STEP1,ABD,0,-1.2234445810317993,-0.3484445810317993,0.29421499371528625,0.7057850360870361,-1.2237966060638428,-0.34879663586616516,0.29421499371528625,1,0,"{""A"": ""orientation"", ""B"": ""position"", ""C"": ""color"", ""D"": ""size""}",/mnt/tidalfs-hssh01/dataset/xiang/models/Qwen2.5-VL-7B-Instruct,42,not_empty,next_token
A_0052,A,STEP1,ACD,0,-1.4061501026153564,-0.28115010261535645,0.24508503079414368,0.7549149990081787,-1.4064526557922363,-0.2814527153968811,0.24508503079414368,1,0,"{""A"": ""orientation"", ""B"": ""position"", ""C"": ""color"", ""D"": ""size""}",/mnt/tidalfs-hssh01/dataset/xiang/models/Qwen2.5-VL-7B-Instruct,42,not_empty,next_token
A_0052,A,STEP1,BCD,0,-0.8981232643127441,-0.5231232643127441,0.4073334038257599,0.5926665663719177,-0.8983176946640015,-0.5233176946640015,0.4073334038257599,1,0,"{""A"": ""orientation"", ""B"": ""position"", ""C"": ""color"", ""D"": ""size""}",/mnt/tidalfs-hssh01/dataset/xiang/models/Qwen2.5-VL-7B-Instruct,42,not_empty,next_token
A_0052,A,STEP1,ABCD,0,-1.3132617473602295,-0.3132617473602295,0.26894140243530273,0.7310584783554077,-1.3134928941726685,-0.31349292397499084,0.26894140243530273,1,0,"{""A"": ""orientation"", ""B"": ""position"", ""C"": ""color"", ""D"": ""size""}",/mnt/tidalfs-hssh01/dataset/xiang/models/Qwen2.5-VL-7B-Instruct,42,not_empty,next_token
A_0052,A,STEP2,EMPTY,1,-1.3132617473602295,-0.3132617473602295,0.26894140243530273,0.7310584783554077,-1.3575432300567627,-0.3575432002544403,0.7310584783554077,1,1,"{""A"": ""orientation"", ""B"": ""position"", ""C"": ""color"", ""D"": ""size""}",/mnt/tidalfs-hssh01/dataset/xiang/models/Qwen2.5-VL-7B-Instruct,42,text_only,next_token
A_0052,A,STEP2,A,1,-1.2234444618225098,-0.3484445810317993,0.29421502351760864,0.7057850360870361,-1.225020408630371,-0.35002046823501587,0.7057850360870361,1,1,"{""A"": ""orientation"", ""B"": ""position"", ""C"": ""color"", ""D"": ""size""}",/mnt/tidalfs-hssh01/dataset/xiang/models/Qwen2.5-VL-7B-Instruct,42,not_empty,next_token
A_0052,A,STEP2,B,1,-1.1368709802627563,-0.38687101006507874,0.3208213150501251,0.6791786551475525,-1.138523817062378,-0.3885238468647003,0.6791786551475525,1,1,"{""A"": ""orientation"", ""B"": ""position"", ""C"": ""color"", ""D"": ""size""}",/mnt/tidalfs-hssh01/dataset/xiang/models/Qwen2.5-VL-7B-Instruct,42,not_empty,next_token
A_0052,A,STEP2,C,1,-1.1368709802627563,-0.38687101006507874,0.3208213150501251,0.6791786551475525,-1.1384496688842773,-0.38844969868659973,0.6791786551475525,1,1,"{""A"": ""orientation"", ""B"": ""position"", ""C"": ""color"", ""D"": ""size""}",/mnt/tidalfs-hssh01/dataset/xiang/models/Qwen2.5-VL-7B-Instruct,42,not_empty,next_token
A_0052,A,STEP2,D,1,-1.3132617473602295,-0.3132617473602295,0.26894140243530273,0.7310584783554077,-1.3144782781600952,-0.3144782781600952,0.7310584783554077,1,1,"{""A"": ""orientation"", ""B"": ""position"", ""C"": ""color"", ""D"": ""size""}",/mnt/tidalfs-hssh01/dataset/xiang/models/Qwen2.5-VL-7B-Instruct,42,not_empty,next_token
A_0052,A,STEP2,AB,1,-1.0537006855010986,-0.42870065569877625,0.3486451208591461,0.6513548493385315,-1.0553841590881348,-0.43038418889045715,0.6513548493385315,1,1,"{""A"": ""orientation"", ""B"": ""position"", ""C"": ""color"", ""D"": ""size""}",/mnt/tidalfs-hssh01/dataset/xiang/models/Qwen2.5-VL-7B-Instruct,42,not_empty,next_token
A_0052,A,STEP2,AC,1,-1.2234445810317993,-0.3484445810317993,0.29421499371528625,0.7057850360870361,-1.2239412069320679,-0.34894120693206787,0.7057850360870361,1,1,"{""A"": ""orientation"", ""B"": ""position"", ""C"": ""color"", ""D"": ""size""}",/mnt/tidalfs-hssh01/dataset/xiang/models/Qwen2.5-VL-7B-Instruct,42,not_empty,next_token
A_0052,A,STEP2,AD,1,-1.3132617473602295,-0.3132617473602295,0.26894140243530273,0.7310584783554077,-1.3142383098602295,-0.3142382800579071,0.7310584783554077,1,1,"{""A"": ""orientation"", ""B"": ""position"", ""C"": ""color"", ""D"": ""size""}",/mnt/tidalfs-hssh01/dataset/xiang/models/Qwen2.5-VL-7B-Instruct,42,not_empty,next_token
A_0052,A,STEP2,BC,1,-1.2234445810317993,-0.3484445810317993,0.29421499371528625,0.7057850360870361,-1.224609136581421,-0.3496091067790985,0.7057850360870361,1,1,"{""A"": ""orientation"", ""B"": ""position"", ""C"": ""color"", ""D"": ""size""}",/mnt/tidalfs-hssh01/dataset/xiang/models/Qwen2.5-VL-7B-Instruct,42,not_empty,next_token
A_0052,A,STEP2,BD,1,-1.1368709802627563,-0.38687101006507874,0.3208213150501251,0.6791786551475525,-1.1383633613586426,-0.38836339116096497,0.6791786551475525,1,1,"{""A"": ""orientation"", ""B"": ""position"", ""C"": ""color"", ""D"": ""size""}",/mnt/tidalfs-hssh01/dataset/xiang/models/Qwen2.5-VL-7B-Instruct,42,not_empty,next_token
A_0052,A,STEP2,CD,1,-1.1368709802627563,-0.38687101006507874,0.3208213150501251,0.6791786551475525,-1.1373692750930786,-0.387369304895401,0.6791786551475525,1,1,"{""A"": ""orientation"", ""B"": ""position"", ""C"": ""color"", ""D"": ""size""}",/mnt/tidalfs-hssh01/dataset/xiang/models/Qwen2.5-VL-7B-Instruct,42,not_empty,next_token
A_0052,A,STEP2,ABC,1,-1.0537006855010986,-0.42870065569877625,0.3486451208591461,0.6513548493385315,-1.0545045137405396,-0.42950451374053955,0.6513548493385315,1,1,"{""A"": ""orientation"", ""B"": ""position"", ""C"": ""color"", ""D"": ""size""}",/mnt/tidalfs-hssh01/dataset/xiang/models/Qwen2.5-VL-7B-Instruct,42,not_empty,next_token
A_0052,A,STEP2,ABD,1,-1.1368709802627563,-0.38687101006507874,0.3208213150501251,0.6791786551475525,-1.1376430988311768,-0.38764312863349915,0.6791786551475525,1,1,"{""A"": ""orientation"", ""B"": ""position"", ""C"": ""color"", ""D"": ""size""}",/mnt/tidalfs-hssh01/dataset/xiang/models/Qwen2.5-VL-7B-Instruct,42,not_empty,next_token
A_0052,A,STEP2,ACD,1,-1.1368709802627563,-0.38687101006507874,0.3208213150501251,0.6791786551475525,-1.137206792831421,-0.3872067928314209,0.6791786551475525,1,1,"{""A"": ""orientation"", ""B"": ""position"", ""C"": ""color"", ""D"": ""size""}",/mnt/tidalfs-hssh01/dataset/xiang/models/Qwen2.5-VL-7B-Instruct,42,not_empty,next_token
A_0052,A,STEP2,BCD,1,-1.1368709802627563,-0.38687101006507874,0.3208213150501251,0.6791786551475525,-1.137262225151062,-0.3872622549533844,0.6791786551475525,1,1,"{""A"": ""orientation"", ""B"": ""position"", ""C"": ""color"", ""D"": ""size""}",/mnt/tidalfs-hssh01/dataset/xiang/models/Qwen2.5-VL-7B-Instruct,42,not_empty,next_token
A_0052,A,STEP2,ABCD,1,-1.053700566291809,-0.42870065569877625,0.3486451506614685,0.6513548493385315,-1.0542941093444824,-0.4292941689491272,0.6513548493385315,1,1,"{""A"": ""orientation"", ""B"": ""position"", ""C"": ""color"", ""D"": ""size""}",/mnt/tidalfs-hssh01/dataset/xiang/models/Qwen2.5-VL-7B-Instruct,42,not_empty,next_token
A_0052,A,FINAL,EMPTY,1,-0.8259394764900208,-0.575939416885376,0.43782350420951843,0.562176525592804,-1.1369755268096924,-0.8869754672050476,0.562176525592804,1,1,"{""A"": ""orientation"", ""B"": ""position"", ""C"": ""color"", ""D"": ""size""}",/mnt/tidalfs-hssh01/dataset/xiang/models/Qwen2.5-VL-7B-Instruct,42,text_only,next_token
A_0052,A,FINAL,A,1,-0.9740769863128662,-0.4740769863128662,0.3775406777858734,0.622459352016449,-0.9876799583435059,-0.48767998814582825,0.622459352016449,1,1,"{""A"": ""orientation"", ""B"": ""position"", ""C"": ""color"", ""D"": ""size""}",/mnt/tidalfs-hssh01/dataset/xiang/models/Qwen2.5-VL-7B-Instruct,42,not_empty,next_token
A_0052,A,FINAL,B,1,-0.8981232643127441,-0.5231232643127441,0.4073334038257599,0.5926665663719177,-0.9216486215591431,-0.5466486215591431,0.5926665663719177,1,1,"{""A"": ""orientation"", ""B"": ""position"", ""C"": ""color"", ""D"": ""size""}",/mnt/tidalfs-hssh01/dataset/xiang/models/Qwen2.5-VL-7B-Instruct,42,not_empty,next_token
A_0052,A,FINAL,C,1,-0.8981232643127441,-0.5231232643127441,0.4073334038257599,0.5926665663719177,-0.9067662954330444,-0.5317662954330444,0.5926665663719177,1,1,"{""A"": ""orientation"", ""B"": ""position"", ""C"": ""color"", ""D"": ""size""}",/mnt/tidalfs-hssh01/dataset/xiang/models/Qwen2.5-VL-7B-Instruct,42,not_empty,next_token
A_0052,A,FINAL,D,1,-0.9740769863128662,-0.4740769863128662,0.3775406777858734,0.622459352016449,-0.9890617728233337,-0.48906177282333374,0.622459352016449,1,1,"{""A"": ""orientation"", ""B"": ""position"", ""C"": ""color"", ""D"": ""size""}",/mnt/tidalfs-hssh01/dataset/xiang/models/Qwen2.5-VL-7B-Instruct,42,not_empty,next_token
A_0052,A,FINAL,AB,1,-0.825939416885376,-0.575939416885376,0.43782350420951843,0.562176525592804,-0.8293216228485107,-0.5793216228485107,0.562176525592804,1,1,"{""A"": ""orientation"", ""B"": ""position"", ""C"": ""color"", ""D"": ""size""}",/mnt/tidalfs-hssh01/dataset/xiang/models/Qwen2.5-VL-7B-Instruct,42,not_empty,next_token
A_0052,A,FINAL,AC,1,-0.9740769863128662,-0.4740769863128662,0.3775406777858734,0.622459352016449,-0.9748355746269226,-0.4748355746269226,0.622459352016449,1,1,"{""A"": ""orientation"", ""B"": ""position"", ""C"": ""color"", ""D"": ""size""}",/mnt/tidalfs-hssh01/dataset/xiang/models/Qwen2.5-VL-7B-Instruct,42,not_empty,next_token
A_0052,A,FINAL,AD,1,-0.9740769863128662,-0.4740769863128662,0.3775406777858734,0.622459352016449,-0.9772599935531616,-0.4772599935531616,0.622459352016449,1,1,"{""A"": ""orientation"", ""B"": ""position"", ""C"": ""color"", ""D"": ""size""}",/mnt/tidalfs-hssh01/dataset/xiang/models/Qwen2.5-VL-7B-Instruct,42,not_empty,next_token
A_0052,A,FINAL,BC,1,-0.8981232643127441,-0.5231232643127441,0.4073334038257599,0.5926665663719177,-0.9014354944229126,-0.5264354944229126,0.5926665663719177,1,1,"{""A"": ""orientation"", ""B"": ""position"", ""C"": ""color"", ""D"": ""size""}",/mnt/tidalfs-hssh01/dataset/xiang/models/Qwen2.5-VL-7B-Instruct,42,not_empty,next_token
A_0052,A,FINAL,BD,1,-0.8981232643127441,-0.5231232643127441,0.4073334038257599,0.5926665663719177,-0.903567910194397,-0.528567910194397,0.5926665663719177,1,1,"{""A"": ""orientation"", ""B"": ""position"", ""C"": ""color"", ""D"": ""size""}",/mnt/tidalfs-hssh01/dataset/xiang/models/Qwen2.5-VL-7B-Instruct,42,not_empty,next_token
A_0052,A,FINAL,CD,1,-0.8981232643127441,-0.5231232643127441,0.4073334038257599,0.5926665663719177,-0.8992788791656494,-0.5242788791656494,0.5926665663719177,1,1,"{""A"": ""orientation"", ""B"": ""position"", ""C"": ""color"", ""D"": ""size""}",/mnt/tidalfs-hssh01/dataset/xiang/models/Qwen2.5-VL-7B-Instruct,42,not_empty,next_token
A_0052,A,FINAL,ABC,1,-0.9740769863128662,-0.4740769863128662,0.3775406777858734,0.622459352016449,-0.9755381345748901,-0.4755381643772125,0.622459352016449,1,1,"{""A"": ""orientation"", ""B"": ""position"", ""C"": ""color"", ""D"": ""size""}",/mnt/tidalfs-hssh01/dataset/xiang/models/Qwen2.5-VL-7B-Instruct,42,not_empty,next_token
A_0052,A,FINAL,ABD,1,-0.9740769863128662,-0.4740769863128662,0.3775406777858734,0.622459352016449,-0.9759453535079956,-0.475945383310318,0.622459352016449,1,1,"{""A"": ""orientation"", ""B"": ""position"", ""C"": ""color"", ""D"": ""size""}",/mnt/tidalfs-hssh01/dataset/xiang/models/Qwen2.5-VL-7B-Instruct,42,not_empty,next_token
A_0052,A,FINAL,ACD,1,-0.8981232643127441,-0.5231232643127441,0.4073334038257599,0.5926665663719177,-0.899101734161377,-0.524101734161377,0.5926665663719177,1,1,"{""A"": ""orientation"", ""B"": ""position"", ""C"": ""color"", ""D"": ""size""}",/mnt/tidalfs-hssh01/dataset/xiang/models/Qwen2.5-VL-7B-Instruct,42,not_empty,next_token
A_0052,A,FINAL,BCD,1,-0.9740769863128662,-0.4740769863128662,0.3775406777858734,0.622459352016449,-0.976440966129303,-0.476440966129303,0.622459352016449,1,1,"{""A"": ""orientation"", ""B"": ""position"", ""C"": ""color"", ""D"": ""size""}",/mnt/tidalfs-hssh01/dataset/xiang/models/Qwen2.5-VL-7B-Instruct,42,not_empty,next_token
A_0052,A,FINAL,ABCD,1,-0.9740769863128662,-0.4740769863128662,0.3775406777858734,0.622459352016449,-0.9760255217552185,-0.4760255217552185,0.622459352016449,1,1,"{""A"": ""orientation"", ""B"": ""position"", ""C"": ""color"", ""D"": ""size""}",/mnt/tidalfs-hssh01/dataset/xiang/models/Qwen2.5-VL-7B-Instruct,42,not_empty,next_token
A_0060,A,STEP1,EMPTY,0,-0.7575989961624146,-0.6325989961624146,0.4687906503677368,0.531209409236908,-0.8536394238471985,-0.7286394238471985,0.4687906503677368,1,0,"{""A"": ""orientation"", ""B"": ""position"", ""C"": ""color"", ""D"": ""size""}",/mnt/tidalfs-hssh01/dataset/xiang/models/Qwen2.5-VL-7B-Instruct,42,text_only,next_token
A_0060,A,STEP1,A,0,-0.7575989961624146,-0.6325989961624146,0.4687906503677368,0.531209409236908,-0.7644864916801453,-0.6394864916801453,0.4687906503677368,1,0,"{""A"": ""orientation"", ""B"": ""position"", ""C"": ""color"", ""D"": ""size""}",/mnt/tidalfs-hssh01/dataset/xiang/models/Qwen2.5-VL-7B-Instruct,42,not_empty,next_token
A_0060,A,STEP1,B,0,-0.825939416885376,-0.575939416885376,0.43782350420951843,0.562176525592804,-0.8280855417251587,-0.5780855417251587,0.43782350420951843,1,0,"{""A"": ""orientation"", ""B"": ""position"", ""C"": ""color"", ""D"": ""size""}",/mnt/tidalfs-hssh01/dataset/xiang/models/Qwen2.5-VL-7B-Instruct,42,not_empty,next_token
A_0060,A,STEP1,C,0,-0.825939416885376,-0.575939416885376,0.43782350420951843,0.562176525592804,-0.8287026286125183,-0.5787026286125183,0.43782350420951843,1,0,"{""A"": ""orientation"", ""B"": ""position"", ""C"": ""color"", ""D"": ""size""}",/mnt/tidalfs-hssh01/dataset/xiang/models/Qwen2.5-VL-7B-Instruct,42,not_empty,next_token
A_0060,A,STEP1,D,0,-0.8981232643127441,-0.5231232643127441,0.4073334038257599,0.5926665663719177,-0.9012390375137329,-0.5262390375137329,0.4073334038257599,1,0,"{""A"": ""orientation"", ""B"": ""position"", ""C"": ""color"", ""D"": ""size""}",/mnt/tidalfs-hssh01/dataset/xiang/models/Qwen2.5-VL-7B-Instruct,42,not_empty,next_token
A_0060,A,STEP1,AB,0,-0.7575989961624146,-0.6325989961624146,0.4687906503677368,0.531209409236908,-0.7582846283912659,-0.6332846283912659,0.4687906503677368,1,0,"{""A"": ""orientation"", ""B"": ""position"", ""C"": ""color"", ""D"": ""size""}",/mnt/tidalfs-hssh01/dataset/xiang/models/Qwen2.5-VL-7B-Instruct,42,not_empty,next_token
A_0060,A,STEP1,AC,0,-0.825939416885376,-0.575939416885376,0.43782350420951843,0.562176525592804,-0.8264418244361877,-0.5764418244361877,0.43782350420951843,1,0,"{""A"": ""orientation"", ""B"": ""position"", ""C"": ""color"", ""D"": ""size""}",/mnt/tidalfs-hssh01/dataset/xiang/models/Qwen2.5-VL-7B-Instruct,42,not_empty,next_token
A_0060,A,STEP1,AD,0,-0.7575989961624146,-0.6325989961624146,0.4687906503677368,0.531209409236908,-0.7584500908851624,-0.6334500908851624,0.4687906503677368,1,0,"{""A"": ""orientation"", ""B"": ""position"", ""C"": ""color"", ""D"": ""size""}",/mnt/tidalfs-hssh01/dataset/xiang/models/Qwen2.5-VL-7B-Instruct,42,not_empty,next_token
A_0060,A,STEP1,BC,0,-0.8981232643127441,-0.5231232643127441,0.4073334038257599,0.5926665663719177,-0.898585319519043,-0.523585319519043,0.4073334038257599,1,0,"{""A"": ""orientation"", ""B"": ""position"", ""C"": ""color"", ""D"": ""size""}",/mnt/tidalfs-hssh01/dataset/xiang/models/Qwen2.5-VL-7B-Instruct,42,not_empty,next_token
A_0060,A,STEP1,BD,0,-0.825939416885376,-0.575939416885376,0.43782350420951843,0.562176525592804,-0.8265420794487,-0.5765420794487,0.43782350420951843,1,0,"{""A"": ""orientation"", ""B"": ""position"", ""C"": ""color"", ""D"": ""size""}",/mnt/tidalfs-hssh01/dataset/xiang/models/Qwen2.5-VL-7B-Instruct,42,not_empty,next_token
A_0060,A,STEP1,CD,0,-0.8981232643127441,-0.5231232643127441,0.4073334038257599,0.5926665663719177,-0.8986594080924988,-0.5236594080924988,0.4073334038257599,1,0,"{""A"": ""orientation"", ""B"": ""position"", ""C"": ""color"", ""D"": ""size""}",/mnt/tidalfs-hssh01/dataset/xiang/models/Qwen2.5-VL-7B-Instruct,42,not_empty,next_token
A_0060,A,STEP1,ABC,0,-0.825939416885376,-0.575939416885376,0.43782350420951843,0.562176525592804,-0.8262364864349365,-0.5762364864349365,0.43782350420951843,1,0,"{""A"": ""orientation"", ""B"": ""position"", ""C"": ""color"", ""D"": ""size""}",/mnt/tidalfs-hssh01/dataset/xiang/models/Qwen2.5-VL-7B-Instruct,42,not_empty,next_token
A_0060,A,STEP1,ABD,0,-0.825939416885376,-0.575939416885376,0.43782350420951843,0.562176525592804,-0.8262649774551392,-0.5762649774551392,0.43782350420951843,1,0,"{""A"": ""orientation"", ""B"": ""position"", ""C"": ""color"", ""D"": ""size""}",/mnt/tidalfs-hssh01/dataset/xiang/models/Qwen2.5-VL-7B-Instruct,42,not_empty,next_token
A_0060,A,STEP1,ACD,0,-0.825939416885376,-0.575939416885376,0.43782350420951843,0.562176525592804,-0.826228678226471,-0.576228678226471,0.43782350420951843,1,0,"{""A"": ""orientation"", ""B"": ""position"", ""C"": ""color"", ""D"": ""size""}",/mnt/tidalfs-hssh01/dataset/xiang/models/Qwen2.5-VL-7B-Instruct,42,not_empty,next_token
A_0060,A,STEP1,BCD,0,-0.825939416885376,-0.575939416885376,0.43782350420951843,0.562176525592804,-0.8261277079582214,-0.5761277079582214,0.43782350420951843,1,0,"{""A"": ""orientation"", ""B"": ""position"", ""C"": ""color"", ""D"": ""size""}",/mnt/tidalfs-hssh01/dataset/xiang/models/Qwen2.5-VL-7B-Instruct,42,not_empty,next_token
A_0060,A,STEP1,ABCD,0,-0.9740769863128662,-0.4740769863128662,0.3775406777858734,0.622459352016449,-0.9743108749389648,-0.47431084513664246,0.3775406777858734,1,0,"{""A"": ""orientation"", ""B"": ""position"", ""C"": ""color"", ""D"": ""size""}",/mnt/tidalfs-hssh01/dataset/xiang/models/Qwen2.5-VL-7B-Instruct,42,not_empty,next_token
A_0060,A,STEP2,EMPTY,1,-1.3132617473602295,-0.3132617473602295,0.26894140243530273,0.7310584783554077,-1.3575432300567627,-0.3575432002544403,0.7310584783554077,1,1,"{""A"": ""orientation"", ""B"": ""position"", ""C"": ""color"", ""D"": ""size""}",/mnt/tidalfs-hssh01/dataset/xiang/models/Qwen2.5-VL-7B-Instruct,42,text_only,next_token
A_0060,A,STEP2,A,1,-1.3132617473602295,-0.3132617473602295,0.26894140243530273,0.7310584783554077,-1.3183958530426025,-0.3183959126472473,0.7310584783554077,1,1,"{""A"": ""orientation"", ""B"": ""position"", ""C"": ""color"", ""D"": ""size""}",/mnt/tidalfs-hssh01/dataset/xiang/models/Qwen2.5-VL-7B-Instruct,42,not_empty,next_token
A_0060,A,STEP2,B,1,-1.1368709802627563,-0.38687101006507874,0.3208213150501251,0.6791786551475525,-1.13828706741333,-0.3882870674133301,0.6791786551475525,1,1,"{""A"": ""orientation"", ""B"": ""position"", ""C"": ""color"", ""D"": ""size""}",/mnt/tidalfs-hssh01/dataset/xiang/models/Qwen2.5-VL-7B-Instruct,42,not_empty,next_token
A_0060,A,STEP2,C,1,-1.1368709802627563,-0.38687101006507874,0.3208213150501251,0.6791786551475525,-1.1384496688842773,-0.38844969868659973,0.6791786551475525,1,1,"{""A"": ""orientation"", ""B"": ""position"", ""C"": ""color"", ""D"": ""size""}",/mnt/tidalfs-hssh01/dataset/xiang/models/Qwen2.5-VL-7B-Instruct,42,not_empty,next_token
A_0060,A,STEP2,D,1,-1.3132617473602295,-0.3132617473602295,0.26894140243530273,0.7310584783554077,-1.3144782781600952,-0.3144782781600952,0.7310584783554077,1,1,"{""A"": ""orientation"", ""B"": ""position"", ""C"": ""color"", ""D"": ""size""}",/mnt/tidalfs-hssh01/dataset/xiang/models/Qwen2.5-VL-7B-Instruct,42,not_empty,next_token
A_0060,A,STEP2,AB,1,-1.1368709802627563,-0.38687101006507874,0.3208213150501251,0.6791786551475525,-1.1385843753814697,-0.3885843753814697,0.6791786551475525,1,1,"{""A"": ""orientation"", ""B"": ""position"", ""C"": ""color"", ""D"": ""size""}",/mnt/tidalfs-hssh01/dataset/xiang/models/Qwen2.5-VL-7B-Instruct,42,not_empty,next_token
A_0060,A,STEP2,AC,1,-1.2234445810317993,-0.3484445810317993,0.29421499371528625,0.7057850360870361,-1.2240785360336304,-0.349078506231308,0.7057850360870361,1,1,"{""A"": ""orientation"", ""B"": ""position"", ""C"": ""color"", ""D"": ""size""}",/mnt/tidalfs-hssh01/dataset/xiang/models/Qwen2.5-VL-7B-Instruct,42,not_empty,next_token
A_0060,A,STEP2,AD,1,-1.2234444618225098,-0.3484445810317993,0.29421502351760864,0.7057850360870361,-1.2250499725341797,-0.35005003213882446,0.7057850360870361,1,1,"{""A"": ""orientation"", ""B"": ""position"", ""C"": ""color"", ""D"": ""size""}",/mnt/tidalfs-hssh01/dataset/xiang/models/Qwen2.5-VL-7B-Instruct,42,not_empty,next_token
A_0060,A,STEP2,BC,1,-1.3132617473602295,-0.3132617473602295,0.26894140243530273,0.7310584783554077,-1.314172625541687,-0.314172625541687,0.7310584783554077,1,1,"{""A"": ""orientation"", ""B"": ""position"", ""C"": ""color"", ""D"": ""size""}",/mnt/tidalfs-hssh01/dataset/xiang/models/Qwen2.5-VL-7B-Instruct,42,not_empty,next_token
A_0060,A,STEP2,BD,1,-1.136871099472046,-0.38687101006507874,0.32082128524780273,0.6791786551475525,-1.1382524967193604,-0.3882524371147156,0.6791786551475525,1,1,"{""A"": ""orientation"", ""B"": ""position"", ""C"": ""color"", ""D"": ""size""}",/mnt/tidalfs-hssh01/dataset/xiang/models/Qwen2.5-VL-7B-Instruct,42,not_empty,next_token
A_0060,A,STEP2,CD,1,-1.1368709802627563,-0.38687101006507874,0.3208213150501251,0.6791786551475525,-1.1373692750930786,-0.387369304895401,0.6791786551475525,1,1,"{""A"": ""orientation"", ""B"": ""position"", ""C"": ""color"", ""D"": ""size""}",/mnt/tidalfs-hssh01/dataset/xiang/models/Qwen2.5-VL-7B-Instruct,42,not_empty,next_token
A_0060,A,STEP2,ABC,1,-1.2234447002410889,-0.3484445810317993,0.2942149341106415,0.7057850360870361,-1.2241716384887695,-0.34917157888412476,0.7057850360870361,1,1,"{""A"": ""orientation"", ""B"": ""position"", ""C"": ""color"", ""D"": ""size""}",/mnt/tidalfs-hssh01/dataset/xiang/models/Qwen2.5-VL-7B-Instruct,42,not_empty,next_token
A_0060,A,STEP2,ABD,1,-1.2234445810317993,-0.3484445810317993,0.29421499371528625,0.7057850360870361,-1.22417414188385,-0.3491741120815277,0.7057850360870361,1,1,"{""A"": ""orientation"", ""B"": ""position"", ""C"": ""color"", ""D"": ""size""}",/mnt/tidalfs-hssh01/dataset/xiang/models/Qwen2.5-VL-7B-Instruct,42,not_empty,next_token
A_0060,A,STEP2,ACD,1,-1.136871099472046,-0.38687101006507874,0.32082128524780273,0.6791786551475525,-1.137291431427002,-0.3872913718223572,0.6791786551475525,1,1,"{""A"": ""orientation"", ""B"": ""position"", ""C"": ""color"", ""D"": ""size""}",/mnt/tidalfs-hssh01/dataset/xiang/models/Qwen2.5-VL-7B-Instruct,42,not_empty,next_token
A_0060,A,STEP2,BCD,1,-1.1368709802627563,-0.38687101006507874,0.3208213150501251,0.6791786551475525,-1.137174129486084,-0.38717418909072876,0.6791786551475525,1,1,"{""A"": ""orientation"", ""B"": ""position"", ""C"": ""color"", ""D"": ""size""}",/mnt/tidalfs-hssh01/dataset/xiang/models/Qwen2.5-VL-7B-Instruct,42,not_empty,next_token
A_0060,A,STEP2,ABCD,1,-1.0537006855010986,-0.42870065569877625,0.3486451208591461,0.6513548493385315,-1.0544761419296265,-0.42947614192962646,0.6513548493385315,1,1,"{""A"": ""orientation"", ""B"": ""position"", ""C"": ""color"", ""D"": ""size""}",/mnt/tidalfs-hssh01/dataset/xiang/models/Qwen2.5-VL-7B-Instruct,42,not_empty,next_token
A_0060,A,FINAL,EMPTY,1,-0.8259394764900208,-0.575939416885376,0.43782350420951843,0.562176525592804,-1.1369755268096924,-0.8869754672050476,0.562176525592804,1,1,"{""A"": ""orientation"", ""B"": ""position"", ""C"": ""color"", ""D"": ""size""}",/mnt/tidalfs-hssh01/dataset/xiang/models/Qwen2.5-VL-7B-Instruct,42,text_only,next_token
A_0060,A,FINAL,A,1,-0.8981232643127441,-0.5231232643127441,0.4073334038257599,0.5926665663719177,-0.9338021874427795,-0.5588021874427795,0.5926665663719177,1,1,"{""A"": ""orientation"", ""B"": ""position"", ""C"": ""color"", ""D"": ""size""}",/mnt/tidalfs-hssh01/dataset/xiang/models/Qwen2.5-VL-7B-Instruct,42,not_empty,next_token
A_0060,A,FINAL,B,1,-0.8981232643127441,-0.5231232643127441,0.4073334038257599,0.5926665663719177,-0.9183915853500366,-0.5433915853500366,0.5926665663719177,1,1,"{""A"": ""orientation"", ""B"": ""position"", ""C"": ""color"", ""D"": ""size""}",/mnt/tidalfs-hssh01/dataset/xiang/models/Qwen2.5-VL-7B-Instruct,42,not_empty,next_token
A_0060,A,FINAL,C,1,-0.8981232643127441,-0.5231232643127441,0.4073334038257599,0.5926665663719177,-0.9067662954330444,-0.5317662954330444,0.5926665663719177,1,1,"{""A"": ""orientation"", ""B"": ""position"", ""C"": ""color"", ""D"": ""size""}",/mnt/tidalfs-hssh01/dataset/xiang/models/Qwen2.5-VL-7B-Instruct,42,not_empty,next_token
A_0060,A,FINAL,D,1,-0.9740769863128662,-0.4740769863128662,0.3775406777858734,0.622459352016449,-0.9890617728233337,-0.48906177282333374,0.622459352016449,1,1,"{""A"": ""orientation"", ""B"": ""position"", ""C"": ""color"", ""D"": ""size""}",/mnt/tidalfs-hssh01/dataset/xiang/models/Qwen2.5-VL-7B-Instruct,42,not_empty,next_token
A_0060,A,FINAL,AB,1,-0.825939416885376,-0.575939416885376,0.43782350420951843,0.562176525592804,-0.8308817148208618,-0.5808817148208618,0.562176525592804,1,1,"{""A"": ""orientation"", ""B"": ""position"", ""C"": ""color"", ""D"": ""size""}",/mnt/tidalfs-hssh01/dataset/xiang/models/Qwen2.5-VL-7B-Instruct,42,not_empty,next_token
A_0060,A,FINAL,AC,1,-0.8981232643127441,-0.5231232643127441,0.4073334038257599,0.5926665663719177,-0.8993690013885498,-0.5243690013885498,0.5926665663719177,1,1,"{""A"": ""orientation"", ""B"": ""position"", ""C"": ""color"", ""D"": ""size""}",/mnt/tidalfs-hssh01/dataset/xiang/models/Qwen2.5-VL-7B-Instruct,42,not_empty,next_token
A_0060,A,FINAL,AD,1,-0.8981232643127441,-0.5231232643127441,0.4073334038257599,0.5926665663719177,-0.9032459259033203,-0.5282459259033203,0.5926665663719177,1,1,"{""A"": ""orientation"", ""B"": ""position"", ""C"": ""color"", ""D"": ""size""}",/mnt/tidalfs-hssh01/dataset/xiang/models/Qwen2.5-VL-7B-Instruct,42,not_empty,next_token
A_0060,A,FINAL,BC,1,-0.8981232643127441,-0.5231232643127441,0.4073334038257599,0.5926665663719177,-0.9007495641708374,-0.5257495641708374,0.5926665663719177,1,1,"{""A"": ""orientation"", ""B"": ""position"", ""C"": ""color"", ""D"": ""size""}",/mnt/tidalfs-hssh01/dataset/xiang/models/Qwen2.5-VL-7B-Instruct,42,not_empty,next_token
A_0060,A,FINAL,BD,1,-0.8981232643127441,-0.5231232643127441,0.4073334038257599,0.5926665663719177,-0.9015244245529175,-0.5265244245529175,0.5926665663719177,1,1,"{""A"": ""orientation"", ""B"": ""position"", ""C"": ""color"", ""D"": ""size""}",/mnt/tidalfs-hssh01/dataset/xiang/models/Qwen2.5-VL-7B-Instruct,42,not_empty,next_token
A_0060,A,FINAL,CD,1,-0.8981232643127441,-0.5231232643127441,0.4073334038257599,0.5926665663719177,-0.8992788791656494,-0.5242788791656494,0.5926665663719177,1,1,"{""A"": ""orientation"", ""B"": ""position"", ""C"": ""color"", ""D"": ""size""}",/mnt/tidalfs-hssh01/dataset/xiang/models/Qwen2.5-VL-7B-Instruct,42,not_empty,next_token
A_0060,A,FINAL,ABC,1,-0.8981232643127441,-0.5231232643127441,0.4073334038257599,0.5926665663719177,-0.8999630808830261,-0.5249630808830261,0.5926665663719177,1,1,"{""A"": ""orientation"", ""B"": ""position"", ""C"": ""color"", ""D"": ""size""}",/mnt/tidalfs-hssh01/dataset/xiang/models/Qwen2.5-VL-7B-Instruct,42,not_empty,next_token
A_0060,A,FINAL,ABD,1,-0.8981232643127441,-0.5231232643127441,0.4073334038257599,0.5926665663719177,-0.9000773429870605,-0.5250773429870605,0.5926665663719177,1,1,"{""A"": ""orientation"", ""B"": ""position"", ""C"": ""color"", ""D"": ""size""}",/mnt/tidalfs-hssh01/dataset/xiang/models/Qwen2.5-VL-7B-Instruct,42,not_empty,next_token
A_0060,A,FINAL,ACD,1,-0.8981232643127441,-0.5231232643127441,0.4073334038257599,0.5926665663719177,-0.8990203738212585,-0.5240203738212585,0.5926665663719177,1,1,"{""A"": ""orientation"", ""B"": ""position"", ""C"": ""color"", ""D"": ""size""}",/mnt/tidalfs-hssh01/dataset/xiang/models/Qwen2.5-VL-7B-Instruct,42,not_empty,next_token
A_0060,A,FINAL,BCD,1,-0.9740769863128662,-0.4740769863128662,0.3775406777858734,0.622459352016449,-0.9754968285560608,-0.4754968285560608,0.622459352016449,1,1,"{""A"": ""orientation"", ""B"": ""position"", ""C"": ""color"", ""D"": ""size""}",/mnt/tidalfs-hssh01/dataset/xiang/models/Qwen2.5-VL-7B-Instruct,42,not_empty,next_token
A_0060,A,FINAL,ABCD,1,-0.8981232643127441,-0.5231232643127441,0.4073334038257599,0.5926665663719177,-0.8996206521987915,-0.5246206521987915,0.5926665663719177,1,1,"{""A"": ""orientation"", ""B"": ""position"", ""C"": ""color"", ""D"": ""size""}",/mnt/tidalfs-hssh01/dataset/xiang/models/Qwen2.5-VL-7B-Instruct,42,not_empty,next_token
A_0068,A,STEP1,EMPTY,0,-0.6931471824645996,-0.6931471824645996,0.5,0.5,-0.7521441578865051,-0.7521441578865051,0.5,0,1,"{""A"": ""position"", ""B"": ""color"", ""C"": ""size"", ""D"": ""orientation""}",/mnt/tidalfs-hssh01/dataset/xiang/models/Qwen2.5-VL-7B-Instruct,42,text_only,next_token
A_0068,A,STEP1,A,0,-0.7575989961624146,-0.6325989961624146,0.4687906503677368,0.531209409236908,-0.7601996660232544,-0.6351996660232544,0.4687906503677368,1,0,"{""A"": ""position"", ""B"": ""color"", ""C"": ""size"", ""D"": ""orientation""}",/mnt/tidalfs-hssh01/dataset/xiang/models/Qwen2.5-VL-7B-Instruct,42,not_empty,next_token
A_0068,A,STEP1,B,0,-0.7575989961624146,-0.6325989961624146,0.4687906503677368,0.531209409236908,-0.7589655518531799,-0.6339655518531799,0.4687906503677368,1,0,"{""A"": ""position"", ""B"": ""color"", ""C"": ""size"", ""D"": ""orientation""}",/mnt/tidalfs-hssh01/dataset/xiang/models/Qwen2.5-VL-7B-Instruct,42,not_empty,next_token
A_0068,A,STEP1,C,0,-0.6931471824645996,-0.6931471824645996,0.5,0.5,-0.6965280771255493,-0.6965280771255493,0.5,0,1,"{""A"": ""position"", ""B"": ""color"", ""C"": ""size"", ""D"": ""orientation""}",/mnt/tidalfs-hssh01/dataset/xiang/models/Qwen2.5-VL-7B-Instruct,42,not_empty,next_token
A_0068,A,STEP1,D,0,-0.825939416885376,-0.575939416885376,0.43782350420951843,0.562176525592804,-0.8328023552894592,-0.5828023552894592,0.43782350420951843,1,0,"{""A"": ""position"", ""B"": ""color"", ""C"": ""size"", ""D"": ""orientation""}",/mnt/tidalfs-hssh01/dataset/xiang/models/Qwen2.5-VL-7B-Instruct,42,not_empty,next_token
A_0068,A,STEP1,AB,0,-0.6931471824645996,-0.6931471824645996,0.5,0.5,-0.6936166286468506,-0.6936166286468506,0.5,0,1,"{""A"": ""position"", ""B"": ""color"", ""C"": ""size"", ""D"": ""orientation""}",/mnt/tidalfs-hssh01/dataset/xiang/models/Qwen2.5-VL-7B-Instruct,42,not_empty,next_token
A_0068,A,STEP1,AC,0,-0.8981232643127441,-0.5231232643127441,0.4073334038257599,0.5926665663719177,-0.8984909057617188,-0.5234909057617188,0.4073334038257599,1,0,"{""A"": ""position"", ""B"": ""color"", ""C"": ""size"", ""D"": ""orientation""}",/mnt/tidalfs-hssh01/dataset/xiang/models/Qwen2.5-VL-7B-Instruct,42,not_empty,next_token
A_0068,A,STEP1,AD,0,-0.825939416885376,-0.575939416885376,0.43782350420951843,0.562176525592804,-0.8274189233779907,-0.5774189233779907,0.43782350420951843,1,0,"{""A"": ""position"", ""B"": ""color"", ""C"": ""size"", ""D"": ""orientation""}",/mnt/tidalfs-hssh01/dataset/xiang/models/Qwen2.5-VL-7B-Instruct,42,not_empty,next_token
A_0068,A,STEP1,BC,0,-0.8981232643127441,-0.5231232643127441,0.4073334038257599,0.5926665663719177,-0.8987282514572144,-0.5237282514572144,0.4073334038257599,1,0,"{""A"": ""position"", ""B"": ""color"", ""C"": ""size"", ""D"": ""orientation""}",/mnt/tidalfs-hssh01/dataset/xiang/models/Qwen2.5-VL-7B-Instruct,42,not_empty,next_token
A_0068,A,STEP1,BD,0,-0.825939416885376,-0.575939416885376,0.43782350420951843,0.562176525592804,-0.8274023532867432,-0.5774023532867432,0.43782350420951843,1,0,"{""A"": ""position"", ""B"": ""color"", ""C"": ""size"", ""D"": ""orientation""}",/mnt/tidalfs-hssh01/dataset/xiang/models/Qwen2.5-VL-7B-Instruct,42,not_empty,next_token
A_0068,A,STEP1,CD,0,-0.825939416885376,-0.575939416885376,0.43782350420951843,0.562176525592804,-0.8271618485450745,-0.5771618485450745,0.43782350420951843,1,0,"{""A"": ""position"", ""B"": ""color"", ""C"": ""size"", ""D"": ""orientation""}",/mnt/tidalfs-hssh01/dataset/xiang/models/Qwen2.5-VL-7B-Instruct,42,not_empty,next_token
A_0068,A,STEP1,ABC,0,-0.8981232643127441,-0.5231232643127441,0.4073334038257599,0.5926665663719177,-0.8984024524688721,-0.5234024524688721,0.4073334038257599,1,0,"{""A"": ""position"", ""B"": ""color"", ""C"": ""size"", ""D"": ""orientation""}",/mnt/tidalfs-hssh01/dataset/xiang/models/Qwen2.5-VL-7B-Instruct,42,not_empty,next_token
A_0068,A,STEP1,ABD,0,-0.9740769863128662,-0.4740769863128662,0.3775406777858734,0.622459352016449,-0.9744433164596558,-0.47444331645965576,0.3775406777858734,1,0,"{""A"": ""position"", ""B"": ""color"", ""C"": ""size"", ""D"": ""orientation""}",/mnt/tidalfs-hssh01/dataset/xiang/models/Qwen2.5-VL-7B-Instruct,42,not_empty,next_token
A_0068,A,STEP1,ACD,0,-1.0537006855010986,-0.42870065569877625,0.3486451208591461,0.6513548493385315,-1.0540413856506348,-0.42904138565063477,0.3486451208591461,1,0,"{""A"": ""position"", ""B"": ""color"", ""C"": ""size"", ""D"": ""orientation""}",/mnt/tidalfs-hssh01/dataset/xiang/models/Qwen2.5-VL-7B-Instruct,42,not_empty,next_token
A_0068,A,STEP1,BCD,0,-0.9740769863128662,-0.4740769863128662,0.3775406777858734,0.622459352016449,-0.9743934869766235,-0.47439348697662354,0.3775406777858734,1,0,"{""A"": ""position"", ""B"": ""color"", ""C"": ""size"", ""D"": ""orientation""}",/mnt/tidalfs-hssh01/dataset/xiang/models/Qwen2.5-VL-7B-Instruct,42,not_empty,next_token
A_0068,A,STEP1,ABCD,0,-0.9740769863128662,-0.4740769863128662,0.3775406777858734,0.622459352016449,-0.9742857813835144,-0.4742857813835144,0.3775406777858734,1,0,"{""A"": ""position"", ""B"": ""color"", ""C"": ""size"", ""D"": ""orientation""}",/mnt/tidalfs-hssh01/dataset/xiang/models/Qwen2.5-VL-7B-Instruct,42,not_empty,next_token
A_0068,A,STEP2,EMPTY,0,-1.1368709802627563,-0.38687101006507874,0.3208213150501251,0.6791786551475525,-1.1873528957366943,-0.4373529553413391,0.3208213150501251,1,0,"{""A"": ""position"", ""B"": ""color"", ""C"": ""size"", ""D"": ""orientation""}",/mnt/tidalfs-hssh01/dataset/xiang/models/Qwen2.5-VL-7B-Instruct,42,text_only,next_token
A_0068,A,STEP2,A,0,-1.0537006855010986,-0.42870065569877625,0.3486451208591461,0.6513548493385315,-1.0558043718338013,-0.43080440163612366,0.3486451208591461,1,0,"{""A"": ""position"", ""B"": ""color"", ""C"": ""size"", ""D"": ""orientation""}",/mnt/tidalfs-hssh01/dataset/xiang/models/Qwen2.5-VL-7B-Instruct,42,not_empty,next_token
A_0068,A,STEP2,B,0,-0.825939416885376,-0.575939416885376,0.43782350420951843,0.562176525592804,-0.8274880647659302,-0.5774880647659302,0.43782350420951843,1,0,"{""A"": ""position"", ""B"": ""color"", ""C"": ""size"", ""D"": ""orientation""}",/mnt/tidalfs-hssh01/dataset/xiang/models/Qwen2.5-VL-7B-Instruct,42,not_empty,next_token
A_0068,A,STEP2,C,0,-0.8981232643127441,-0.5231232643127441,0.4073334038257599,0.5926665663719177,-0.8998823761940002,-0.5248823761940002,0.4073334038257599,1,0,"{""A"": ""position"", ""B"": ""color"", ""C"": ""size"", ""D"": ""orientation""}",/mnt/tidalfs-hssh01/dataset/xiang/models/Qwen2.5-VL-7B-Instruct,42,not_empty,next_token
A_0068,A,STEP2,D,0,-1.2234445810317993,-0.3484445810317993,0.29421499371528625,0.7057850360870361,-1.2276611328125,-0.3526611626148224,0.29421499371528625,1,0,"{""A"": ""position"", ""B"": ""color"", ""C"": ""size"", ""D"": ""orientation""}",/mnt/tidalfs-hssh01/dataset/xiang/models/Qwen2.5-VL-7B-Instruct,42,not_empty,next_token
A_0068,A,STEP2,AB,0,-0.7575989961624146,-0.6325989961624146,0.4687906503677368,0.531209409236908,-0.7587367296218872,-0.6337367296218872,0.4687906503677368,1,0,"{""A"": ""position"", ""B"": ""color"", ""C"": ""size"", ""D"": ""orientation""}",/mnt/tidalfs-hssh01/dataset/xiang/models/Qwen2.5-VL-7B-Instruct,42,not_empty,next_token
A_0068,A,STEP2,AC,0,-0.825939416885376,-0.575939416885376,0.43782350420951843,0.562176525592804,-0.826461911201477,-0.576461911201477,0.43782350420951843,1,0,"{""A"": ""position"", ""B"": ""color"", ""C"": ""size"", ""D"": ""orientation""}",/mnt/tidalfs-hssh01/dataset/xiang/models/Qwen2.5-VL-7B-Instruct,42,not_empty,next_token
A_0068,A,STEP2,AD,0,-0.9740769863128662,-0.4740769863128662,0.3775406777858734,0.622459352016449,-0.9753524661064148,-0.4753524661064148,0.3775406777858734,1,0,"{""A"": ""position"", ""B"": ""color"", ""C"": ""size"", ""D"": ""orientation""}",/mnt/tidalfs-hssh01/dataset/xiang/models/Qwen2.5-VL-7B-Instruct,42,not_empty,next_token
A_0068,A,STEP2,BC,0,-0.7575989961624146,-0.6325989961624146,0.4687906503677368,0.531209409236908,-0.7587319612503052,-0.6337319612503052,0.4687906503677368,1,0,"{""A"": ""position"", ""B"": ""color"", ""C"": ""size"", ""D"": ""orientation""}",/mnt/tidalfs-hssh01/dataset/xiang/models/Qwen2.5-VL-7B-Instruct,42,not_empty,next_token
A_0068,A,STEP2,BD,0,-0.9740769863128662,-0.4740769863128662,0.3775406777858734,0.622459352016449,-0.9757934808731079,-0.4757934808731079,0.3775406777858734,1,0,"{""A"": ""position"", ""B"": ""color"", ""C"": ""size"", ""D"": ""orientation""}",/mnt/tidalfs-hssh01/dataset/xiang/models/Qwen2.5-VL-7B-Instruct,42,not_empty,next_token
A_0068,A,STEP2,CD,0,-0.825939416885376,-0.575939416885376,0.43782350420951843,0.562176525592804,-0.8271183967590332,-0.5771183967590332,0.43782350420951843,1,0,"{""A"": ""position"", ""B"": ""color"", ""C"": ""size"", ""D"": ""orientation""}",/mnt/tidalfs-hssh01/dataset/xiang/models/Qwen2.5-VL-7B-Instruct,42,not_empty,next_token
A_0068,A,STEP2,ABC,0,-0.5231232643127441,-0.8981232643127441,0.5926665663719177,0.4073334038257599,-0.5237650275230408,-0.8987650275230408,0.5926665663719177,0,1,"{""A"": ""position"", ""B"": ""color"", ""C"": ""size"", ""D"": ""orientation""}",/mnt/tidalfs-hssh01/dataset/xiang/models/Qwen2.5-VL-7B-Instruct,42,not_empty,next_token
A_0068,A,STEP2,ABD,0,-0.6325989961624146,-0.7575989961624146,0.531209409236908,0.4687906503677368,-0.6333395838737488,-0.7583395838737488,0.531209409236908,0,1,"{""A"": ""position"", ""B"": ""color"", ""C"": ""size"", ""D"": ""orientation""}",/mnt/tidalfs-hssh01/dataset/xiang/models/Qwen2.5-VL-7B-Instruct,42,not_empty,next_token
A_0068,A,STEP2,ACD,0,-0.825939416885376,-0.575939416885376,0.43782350420951843,0.562176525592804,-0.8263087868690491,-0.5763087868690491,0.43782350420951843,1,0,"{""A"": ""position"", ""B"": ""color"", ""C"": ""size"", ""D"": ""orientation""}",/mnt/tidalfs-hssh01/dataset/xiang/models/Qwen2.5-VL-7B-Instruct,42,not_empty,next_token
A_0068,A,STEP2,BCD,0,-0.825939416885376,-0.575939416885376,0.43782350420951843,0.562176525592804,-0.826637327671051,-0.576637327671051,0.43782350420951843,1,0,"{""A"": ""position"", ""B"": ""color"", ""C"": ""size"", ""D"": ""orientation""}",/mnt/tidalfs-hssh01/dataset/xiang/models/Qwen2.5-VL-7B-Instruct,42,not_empty,next_token
A_0068,A,STEP2,ABCD,0,-0.6325989961624146,-0.7575989961624146,0.531209409236908,0.4687906503677368,-0.633188009262085,-0.758188009262085,0.531209409236908,0,1,"{""A"": ""position"", ""B"": ""color"", ""C"": ""size"", ""D"": ""orientation""}",/mnt/tidalfs-hssh01/dataset/xiang/models/Qwen2.5-VL-7B-Instruct,42,not_empty,next_token
A_0068,A,FINAL,EMPTY,0,-0.825939416885376,-0.575939416885376,0.43782350420951843,0.562176525592804,-1.032974123954773,-0.782974123954773,0.43782350420951843,1,0,"{""A"": ""position"", ""B"": ""color"", ""C"": ""size"", ""D"": ""orientation""}",/mnt/tidalfs-hssh01/dataset/xiang/models/Qwen2.5-VL-7B-Instruct,42,text_only,next_token
A_0068,A,FINAL,A,0,-0.825939416885376,-0.575939416885376,0.43782350420951843,0.562176525592804,-0.8441141843795776,-0.5941141843795776,0.43782350420951843,1,0,"{""A"": ""position"", ""B"": ""color"", ""C"": ""size"", ""D"": ""orientation""}",/mnt/tidalfs-hssh01/dataset/xiang/models/Qwen2.5-VL-7B-Instruct,42,not_empty,next_token
A_0068,A,FINAL,B,0,-0.7575989961624146,-0.6325989961624146,0.4687906503677368,0.531209409236908,-0.7693278193473816,-0.6443278193473816,0.4687906503677368,1,0,"{""A"": ""position"", ""B"": ""color"", ""C"": ""size"", ""D"": ""orientation""}",/mnt/tidalfs-hssh01/dataset/xiang/models/Qwen2.5-VL-7B-Instruct,42,not_empty,next_token
A_0068,A,FINAL,C,0,-0.825939416885376,-0.575939416885376,0.43782350420951843,0.562176525592804,-0.8405668139457703,-0.5905668139457703,0.43782350420951843,1,0,"{""A"": ""position"", ""B"": ""color"", ""C"": ""size"", ""D"": ""orientation""}",/mnt/tidalfs-hssh01/dataset/xiang/models/Qwen2.5-VL-7B-Instruct,42,not_empty,next_token
A_0068,A,FINAL,D,0,-0.8981232643127441,-0.5231232643127441,0.4073334038257599,0.5926665663719177,-0.947605311870575,-0.572605311870575,0.4073334038257599,1,0,"{""A"": ""position"", ""B"": ""color"", ""C"": ""size"", ""D"": ""orientation""}",/mnt/tidalfs-hssh01/dataset/xiang/models/Qwen2.5-VL-7B-Instruct,42,not_empty,next_token
A_0068,A,FINAL,AB,0,-0.6931471824645996,-0.6931471824645996,0.5,0.5,-0.6951395869255066,-0.6951395869255066,0.5,0,1,"{""A"": ""position"", ""B"": ""color"", ""C"": ""size"", ""D"": ""orientation""}",/mnt/tidalfs-hssh01/dataset/xiang/models/Qwen2.5-VL-7B-Instruct,42,not_empty,next_token
A_0068,A,FINAL,AC,0,-0.825939416885376,-0.575939416885376,0.43782350420951843,0.562176525592804,-0.827228307723999,-0.577228307723999,0.43782350420951843,1,0,"{""A"": ""position"", ""B"": ""color"", ""C"": ""size"", ""D"": ""orientation""}",/mnt/tidalfs-hssh01/dataset/xiang/models/Qwen2.5-VL-7B-Instruct,42,not_empty,next_token
A_0068,A,FINAL,AD,0,-0.8981232643127441,-0.5231232643127441,0.4073334038257599,0.5926665663719177,-0.9032495021820068,-0.5282495021820068,0.4073334038257599,1,0,"{""A"": ""position"", ""B"": ""color"", ""C"": ""size"", ""D"": ""orientation""}",/mnt/tidalfs-hssh01/dataset/xiang/models/Qwen2.5-VL-7B-Instruct,42,not_empty,next_token
A_0068,A,FINAL,BC,0,-0.7575989961624146,-0.6325989961624146,0.4687906503677368,0.531209409236908,-0.761656641960144,-0.636656641960144,0.4687906503677368,1,0,"{""A"": ""position"", ""B"": ""color"", ""C"": ""size"", ""D"": ""orientation""}",/mnt/tidalfs-hssh01/dataset/xiang/models/Qwen2.5-VL-7B-Instruct,42,not_empty,next_token
A_0068,A,FINAL,BD,0,-0.825939416885376,-0.575939416885376,0.43782350420951843,0.562176525592804,-0.835913896560669,-0.585913896560669,0.43782350420951843,1,0,"{""A"": ""position"", ""B"": ""color"", ""C"": ""size"", ""D"": ""orientation""}",/mnt/tidalfs-hssh01/dataset/xiang/models/Qwen2.5-VL-7B-Instruct,42,not_empty,next_token
A_0068,A,FINAL,CD,0,-0.825939416885376,-0.575939416885376,0.43782350420951843,0.562176525592804,-0.8348593711853027,-0.5848593711853027,0.43782350420951843,1,0,"{""A"": ""position"", ""B"": ""color"", ""C"": ""size"", ""D"": ""orientation""}",/mnt/tidalfs-hssh01/dataset/xiang/models/Qwen2.5-VL-7B-Instruct,42,not_empty,next_token
A_0068,A,FINAL,ABC,0,-0.6931471824645996,-0.6931471824645996,0.5,0.5,-0.6947757005691528,-0.6947757005691528,0.5,0,1,"{""A"": ""position"", ""B"": ""color"", ""C"": ""size"", ""D"": ""orientation""}",/mnt/tidalfs-hssh01/dataset/xiang/models/Qwen2.5-VL-7B-Instruct,42,not_empty,next_token
A_0068,A,FINAL,ABD,0,-0.825939416885376,-0.575939416885376,0.43782350420951843,0.562176525592804,-0.8281193971633911,-0.5781193971633911,0.43782350420951843,1,0,"{""A"": ""position"", ""B"": ""color"", ""C"": ""size"", ""D"": ""orientation""}",/mnt/tidalfs-hssh01/dataset/xiang/models/Qwen2.5-VL-7B-Instruct,42,not_empty,next_token
A_0068,A,FINAL,ACD,0,-0.8981232643127441,-0.5231232643127441,0.4073334038257599,0.5926665663719177,-0.8993450403213501,-0.5243450403213501,0.4073334038257599,1,0,"{""A"": ""position"", ""B"": ""color"", ""C"": ""size"", ""D"": ""orientation""}",/mnt/tidalfs-hssh01/dataset/xiang/models/Qwen2.5-VL-7B-Instruct,42,not_empty,next_token
A_0068,A,FINAL,BCD,0,-0.8981232643127441,-0.5231232643127441,0.4073334038257599,0.5926665663719177,-0.9017210006713867,-0.5267210006713867,0.4073334038257599,1,0,"{""A"": ""position"", ""B"": ""color"", ""C"": ""size"", ""D"": ""orientation""}",/mnt/tidalfs-hssh01/dataset/xiang/models/Qwen2.5-VL-7B-Instruct,42,not_empty,next_token
A_0068,A,FINAL,ABCD,0,-0.8981232643127441,-0.5231232643127441,0.4073334038257599,0.5926665663719177,-0.8992853164672852,-0.5242853164672852,0.4073334038257599,1,0,"{""A"": ""position"", ""B"": ""color"", ""C"": ""size"", ""D"": ""orientation""}",/mnt/tidalfs-hssh01/dataset/xiang/models/Qwen2.5-VL-7B-Instruct,42,not_empty,next_token
A_0076,A,STEP1,EMPTY,1,-0.6931471824645996,-0.6931471824645996,0.5,0.5,-0.7521441578865051,-0.7521441578865051,0.5,0,0,"{""A"": ""position"", ""B"": ""color"", ""C"": ""size"", ""D"": ""orientation""}",/mnt/tidalfs-hssh01/dataset/xiang/models/Qwen2.5-VL-7B-Instruct,42,text_only,next_token
A_0076,A,STEP1,A,1,-0.6931471824645996,-0.6931471824645996,0.5,0.5,-0.695659339427948,-0.695659339427948,0.5,0,0,"{""A"": ""position"", ""B"": ""color"", ""C"": ""size"", ""D"": ""orientation""}",/mnt/tidalfs-hssh01/dataset/xiang/models/Qwen2.5-VL-7B-Instruct,42,not_empty,next_token
A_0076,A,STEP1,B,1,-0.7575989961624146,-0.6325989961624146,0.4687906503677368,0.531209409236908,-0.7589655518531799,-0.6339655518531799,0.531209409236908,1,1,"{""A"": ""position"", ""B"": ""color"", ""C"": ""size"", ""D"": ""orientation""}",/mnt/tidalfs-hssh01/dataset/xiang/models/Qwen2.5-VL-7B-Instruct,42,not_empty,next_token
A_0076,A,STEP1,C,1,-0.6931471824645996,-0.6931471824645996,0.5,0.5,-0.6952361464500427,-0.6952361464500427,0.5,0,0,"{""A"": ""position"", ""B"": ""color"", ""C"": ""size"", ""D"": ""orientation""}",/mnt/tidalfs-hssh01/dataset/xiang/models/Qwen2.5-VL-7B-Instruct,42,not_empty,next_token
A_0076,A,STEP1,D,1,-0.825939416885376,-0.575939416885376,0.43782350420951843,0.562176525592804,-0.8328023552894592,-0.5828023552894592,0.562176525592804,1,1,"{""A"": ""position"", ""B"": ""color"", ""C"": ""size"", ""D"": ""orientation""}",/mnt/tidalfs-hssh01/dataset/xiang/models/Qwen2.5-VL-7B-Instruct,42,not_empty,next_token
A_0076,A,STEP1,AB,1,-0.6325989961624146,-0.7575989961624146,0.531209409236908,0.4687906503677368,-0.6331754922866821,-0.7581754922866821,0.4687906503677368,0,0,"{""A"": ""position"", ""B"": ""color"", ""C"": ""size"", ""D"": ""orientation""}",/mnt/tidalfs-hssh01/dataset/xiang/models/Qwen2.5-VL-7B-Instruct,42,not_empty,next_token
A_0076,A,STEP1,AC,1,-0.825939416885376,-0.575939416885376,0.43782350420951843,0.562176525592804,-0.8263320922851562,-0.5763320922851562,0.562176525592804,1,1,"{""A"": ""position"", ""B"": ""color"", ""C"": ""size"", ""D"": ""orientation""}",/mnt/tidalfs-hssh01/dataset/xiang/models/Qwen2.5-VL-7B-Instruct,42,not_empty,next_token
A_0076,A,STEP1,AD,1,-0.825939416885376,-0.575939416885376,0.43782350420951843,0.562176525592804,-0.8270623683929443,-0.5770623683929443,0.562176525592804,1,1,"{""A"": ""position"", ""B"": ""color"", ""C"": ""size"", ""D"": ""orientation""}",/mnt/tidalfs-hssh01/dataset/xiang/models/Qwen2.5-VL-7B-Instruct,42,not_empty,next_token
A_0076,A,STEP1,BC,1,-0.8981232643127441,-0.5231232643127441,0.4073334038257599,0.5926665663719177,-0.8986302614212036,-0.5236302614212036,0.5926665663719177,1,1,"{""A"": ""position"", ""B"": ""color"", ""C"": ""size"", ""D"": ""orientation""}",/mnt/tidalfs-hssh01/dataset/xiang/models/Qwen2.5-VL-7B-Instruct,42,not_empty,next_token
A_0076,A,STEP1,BD,1,-0.825939416885376,-0.575939416885376,0.43782350420951843,0.562176525592804,-0.8274023532867432,-0.5774023532867432,0.562176525592804,1,1,"{""A"": ""position"", ""B"": ""color"", ""C"": ""size"", ""D"": ""orientation""}",/mnt/tidalfs-hssh01/dataset/xiang/models/Qwen2.5-VL-7B-Instruct,42,not_empty,next_token
A_0076,A,STEP1,CD,1,-0.825939416885376,-0.575939416885376,0.43782350420951843,0.562176525592804,-0.8270922303199768,-0.5770922303199768,0.562176525592804,1,1,"{""A"": ""position"", ""B"": ""color"", ""C"": ""size"", ""D"": ""orientation""}",/mnt/tidalfs-hssh01/dataset/xiang/models/Qwen2.5-VL-7B-Instruct,42,not_empty,next_token
A_0076,A,STEP1,ABC,1,-0.825939416885376,-0.575939416885376,0.43782350420951843,0.562176525592804,-0.8262235522270203,-0.5762235522270203,0.562176525592804,1,1,"{""A"": ""position"", ""B"": ""color"", ""C"": ""size"", ""D"": ""orientation""}",/mnt/tidalfs-hssh01/dataset/xiang/models/Qwen2.5-VL-7B-Instruct,42,not_empty,next_token
A_0076,A,STEP1,ABD,1,-0.8981232643127441,-0.5231232643127441,0.4073334038257599,0.5926665663719177,-0.898414134979248,-0.523414134979248,0.5926665663719177,1,1,"{""A"": ""position"", ""B"": ""color"", ""C"": ""size"", ""D"": ""orientation""}",/mnt/tidalfs-hssh01/dataset/xiang/models/Qwen2.5-VL-7B-Instruct,42,not_empty,next_token
A_0076,A,STEP1,ACD,1,-0.8981232643127441,-0.5231232643127441,0.4073334038257599,0.5926665663719177,-0.8984265327453613,-0.5234265327453613,0.5926665663719177,1,1,"{""A"": ""position"", ""B"": ""color"", ""C"": ""size"", ""D"": ""orientation""}",/mnt/tidalfs-hssh01/dataset/xiang/models/Qwen2.5-VL-7B-Instruct,42,not_empty,next_token
A_0076,A,STEP1,BCD,1,-1.0537006855010986,-0.42870065569877625,0.3486451208591461,0.6513548493385315,-1.054032564163208,-0.4290325343608856,0.6513548493385315,1,1,"{""A"": ""position"", ""B"": ""color"", ""C"": ""size"", ""D"": ""orientation""}",/mnt/tidalfs-hssh01/dataset/xiang/models/Qwen2.5-VL-7B-Instruct,42,not_empty,next_token
A_0076,A,STEP1,ABCD,1,-0.8981232643127441,-0.5231232643127441,0.4073334038257599,0.5926665663719177,-0.8982961177825928,-0.5232961177825928,0.5926665663719177,1,1,"{""A"": ""position"", ""B"": ""color"", ""C"": ""size"", ""D"": ""orientation""}",/mnt/tidalfs-hssh01/dataset/xiang/models/Qwen2.5-VL-7B-Instruct,42,not_empty,next_token
A_0076,A,STEP2,EMPTY,1,-1.1368709802627563,-0.38687101006507874,0.3208213150501251,0.6791786551475525,-1.1873528957366943,-0.4373529553413391,0.6791786551475525,1,1,"{""A"": ""position"", ""B"": ""color"", ""C"": ""size"", ""D"": ""orientation""}",/mnt/tidalfs-hssh01/dataset/xiang/models/Qwen2.5-VL-7B-Instruct,42,text_only,next_token
A_0076,A,STEP2,A,1,-0.9740769863128662,-0.4740769863128662,0.3775406777858734,0.622459352016449,-0.976046621799469,-0.476046621799469,0.622459352016449,1,1,"{""A"": ""position"", ""B"": ""color"", ""C"": ""size"", ""D"": ""orientation""}",/mnt/tidalfs-hssh01/dataset/xiang/models/Qwen2.5-VL-7B-Instruct,42,not_empty,next_token
A_0076,A,STEP2,B,1,-0.825939416885376,-0.575939416885376,0.43782350420951843,0.562176525592804,-0.8274880647659302,-0.5774880647659302,0.562176525592804,1,1,"{""A"": ""position"", ""B"": ""color"", ""C"": ""size"", ""D"": ""orientation""}",/mnt/tidalfs-hssh01/dataset/xiang/models/Qwen2.5-VL-7B-Instruct,42,not_empty,next_token
A_0076,A,STEP2,C,1,-1.2234445810317993,-0.3484445810317993,0.29421499371528625,0.7057850360870361,-1.2249228954315186,-0.34992292523384094,0.7057850360870361,1,1,"{""A"": ""position"", ""B"": ""color"", ""C"": ""size"", ""D"": ""orientation""}",/mnt/tidalfs-hssh01/dataset/xiang/models/Qwen2.5-VL-7B-Instruct,42,not_empty,next_token
A_0076,A,STEP2,D,1,-1.2234445810317993,-0.3484445810317993,0.29421499371528625,0.7057850360870361,-1.2276611328125,-0.3526611626148224,0.7057850360870361,1,1,"{""A"": ""position"", ""B"": ""color"", ""C"": ""size"", ""D"": ""orientation""}",/mnt/tidalfs-hssh01/dataset/xiang/models/Qwen2.5-VL-7B-Instruct,42,not_empty,next_token
A_0076,A,STEP2,AB,1,-0.6931471824645996,-0.6931471824645996,0.5,0.5,-0.6940824389457703,-0.6940824389457703,0.5,0,0,"{""A"": ""position"", ""B"": ""color"", ""C"": ""size"", ""D"": ""orientation""}",/mnt/tidalfs-hssh01/dataset/xiang/models/Qwen2.5-VL-7B-Instruct,42,not_empty,next_token
A_0076,A,STEP2,AC,1,-1.4061501026153564,-0.28115010261535645,0.24508503079414368,0.7549149990081787,-1.4064395427703857,-0.28143957257270813,0.7549149990081787,1,1,"{""A"": ""position"", ""B"": ""color"", ""C"": ""size"", ""D"": ""orientation""}",/mnt/tidalfs-hssh01/dataset/xiang/models/Qwen2.5-VL-7B-Instruct,42,not_empty,next_token
A_0076,A,STEP2,AD,1,-0.9740769863128662,-0.4740769863128662,0.3775406777858734,0.622459352016449,-0.9756172299385071,-0.4756172299385071,0.622459352016449,1,1,"{""A"": ""position"", ""B"": ""color"", ""C"": ""size"", ""D"": ""orientation""}",/mnt/tidalfs-hssh01/dataset/xiang/models/Qwen2.5-VL-7B-Instruct,42,not_empty,next_token
A_0076,A,STEP2,BC,1,-1.136871099472046,-0.38687101006507874,0.32082128524780273,0.6791786551475525,-1.1378247737884521,-0.3878247141838074,0.6791786551475525,1,1,"{""A"": ""position"", ""B"": ""color"", ""C"": ""size"", ""D"": ""orientation""}",/mnt/tidalfs-hssh01/dataset/xiang/models/Qwen2.5-VL-7B-Instruct,42,not_empty,next_token
A_0076,A,STEP2,BD,1,-0.9740769863128662,-0.4740769863128662,0.3775406777858734,0.622459352016449,-0.9757934808731079,-0.4757934808731079,0.622459352016449,1,1,"{""A"": ""position"", ""B"": ""color"", ""C"": ""size"", ""D"": ""orientation""}",/mnt/tidalfs-hssh01/dataset/xiang/models/Qwen2.5-VL-7B-Instruct,42,not_empty,next_token
A_0076,A,STEP2,CD,1,-1.3132617473602295,-0.3132617473602295,0.26894140243530273,0.7310584783554077,-1.3141708374023438,-0.3141708970069885,0.7310584783554077,1,1,"{""A"": ""position"", ""B"": ""color"", ""C"": ""size"", ""D"": ""orientation""}",/mnt/tidalfs-hssh01/dataset/xiang/models/Qwen2.5-VL-7B-Instruct,42,not_empty,next_token
A_0076,A,STEP2,ABC,1,-1.053700566291809,-0.42870065569877625,0.3486451506614685,0.6513548493385315,-1.054337501525879,-0.4293375611305237,0.6513548493385315,1,1,"{""A"": ""position"", ""B"": ""color"", ""C"": ""size"", ""D"": ""orientation""}",/mnt/tidalfs-hssh01/dataset/xiang/models/Qwen2.5-VL-7B-Instruct,42,not_empty,next_token
A_0076,A,STEP2,ABD,1,-0.6325989961624146,-0.7575989961624146,0.531209409236908,0.4687906503677368,-0.6334043145179749,-0.7584043145179749,0.4687906503677368,0,0,"{""A"": ""position"", ""B"": ""color"", ""C"": ""size"", ""D"": ""orientation""}",/mnt/tidalfs-hssh01/dataset/xiang/models/Qwen2.5-VL-7B-Instruct,42,not_empty,next_token
A_0076,A,STEP2,ACD,1,-1.6004126071929932,-0.22541262209415436,0.2018132209777832,0.7981867790222168,-1.6006540060043335,-0.2256539911031723,0.7981867790222168,1,1,"{""A"": ""position"", ""B"": ""color"", ""C"": ""size"", ""D"": ""orientation""}",/mnt/tidalfs-hssh01/dataset/xiang/models/Qwen2.5-VL-7B-Instruct,42,not_empty,next_token
A_0076,A,STEP2,BCD,1,-1.1368709802627563,-0.38687101006507874,0.3208213150501251,0.6791786551475525,-1.1373779773712158,-0.3873780369758606,0.6791786551475525,1,1,"{""A"": ""position"", ""B"": ""color"", ""C"": ""size"", ""D"": ""orientation""}",/mnt/tidalfs-hssh01/dataset/xiang/models/Qwen2.5-VL-7B-Instruct,42,not_empty,next_token
A_0076,A,STEP2,ABCD,1,-1.2234445810317993,-0.3484445810317993,0.29421499371528625,0.7057850360870361,-1.2238290309906006,-0.3488290011882782,0.7057850360870361,1,1,"{""A"": ""position"", ""B"": ""color"", ""C"": ""size"", ""D"": ""orientation""}",/mnt/tidalfs-hssh01/dataset/xiang/models/Qwen2.5-VL-7B-Instruct,42,not_empty,next_token
A_0076,A,FINAL,EMPTY,0,-0.825939416885376,-0.575939416885376,0.43782350420951843,0.562176525592804,-1.032974123954773,-0.782974123954773,0.43782350420951843,1,0,"{""A"": ""position"", ""B"": ""color"", ""C"": ""size"", ""D"": ""orientation""}",/mnt/tidalfs-hssh01/dataset/xiang/models/Qwen2.5-VL-7B-Instruct,42,text_only,next_token
A_0076,A,FINAL,A,0,-0.825939416885376,-0.575939416885376,0.43782350420951843,0.562176525592804,-0.8462235331535339,-0.5962235331535339,0.43782350420951843,1,0,"{""A"": ""position"", ""B"": ""color"", ""C"": ""size"", ""D"": ""orientation""}",/mnt/tidalfs-hssh01/dataset/xiang/models/Qwen2.5-VL-7B-Instruct,42,not_empty,next_token
A_0076,A,FINAL,B,0,-0.7575989961624146,-0.6325989961624146,0.4687906503677368,0.531209409236908,-0.7693278193473816,-0.6443278193473816,0.4687906503677368,1,0,"{""A"": ""position"", ""B"": ""color"", ""C"": ""size"", ""D"": ""orientation""}",/mnt/tidalfs-hssh01/dataset/xiang/models/Qwen2.5-VL-7B-Instruct,42,not_empty,next_token
A_0076,A,FINAL,C,0,-0.8981232643127441,-0.5231232643127441,0.4073334038257599,0.5926665663719177,-0.9070677757263184,-0.5320677757263184,0.4073334038257599,1,0,"{""A"": ""position"", ""B"": ""color"", ""C"": ""size"", ""D"": ""orientation""}",/mnt/tidalfs-hssh01/dataset/xiang/models/Qwen2.5-VL-7B-Instruct,42,not_empty,next_token
A_0076,A,FINAL,D,0,-0.8981232643127441,-0.5231232643127441,0.4073334038257599,0.5926665663719177,-0.947605311870575,-0.572605311870575,0.4073334038257599,1,0,"{""A"": ""position"", ""B"": ""color"", ""C"": ""size"", ""D"": ""orientation""}",/mnt/tidalfs-hssh01/dataset/xiang/models/Qwen2.5-VL-7B-Instruct,42,not_empty,next_token
A_0076,A,FINAL,AB,0,-0.6325989961624146,-0.7575989961624146,0.531209409236908,0.4687906503677368,-0.6347389221191406,-0.7597389221191406,0.531209409236908,0,1,"{""A"": ""position"", ""B"": ""color"", ""C"": ""size"", ""D"": ""orientation""}",/mnt/tidalfs-hssh01/dataset/xiang/models/Qwen2.5-VL-7B-Instruct,42,not_empty,next_token
A_0076,A,FINAL,AC,0,-0.825939416885376,-0.575939416885376,0.43782350420951843,0.562176525592804,-0.8274644017219543,-0.5774644017219543,0.43782350420951843,1,0,"{""A"": ""position"", ""B"": ""color"", ""C"": ""size"", ""D"": ""orientation""}",/mnt/tidalfs-hssh01/dataset/xiang/models/Qwen2.5-VL-7B-Instruct,42,not_empty,next_token
A_0076,A,FINAL,AD,0,-0.8981232643127441,-0.5231232643127441,0.4073334038257599,0.5926665663719177,-0.9026461839675903,-0.5276461839675903,0.4073334038257599,1,0,"{""A"": ""position"", ""B"": ""color"", ""C"": ""size"", ""D"": ""orientation""}",/mnt/tidalfs-hssh01/dataset/xiang/models/Qwen2.5-VL-7B-Instruct,42,not_empty,next_token
A_0076,A,FINAL,BC,0,-0.7575989961624146,-0.6325989961624146,0.4687906503677368,0.531209409236908,-0.7610874772071838,-0.6360874772071838,0.4687906503677368,1,0,"{""A"": ""position"", ""B"": ""color"", ""C"": ""size"", ""D"": ""orientation""}",/mnt/tidalfs-hssh01/dataset/xiang/models/Qwen2.5-VL-7B-Instruct,42,not_empty,next_token
A_0076,A,FINAL,BD,0,-0.825939416885376,-0.575939416885376,0.43782350420951843,0.562176525592804,-0.835913896560669,-0.585913896560669,0.43782350420951843,1,0,"{""A"": ""position"", ""B"": ""color"", ""C"": ""size"", ""D"": ""orientation""}",/mnt/tidalfs-hssh01/dataset/xiang/models/Qwen2.5-VL-7B-Instruct,42,not_empty,next_token
A_0076,A,FINAL,CD,0,-0.8981232643127441,-0.5231232643127441,0.4073334038257599,0.5926665663719177,-0.9033915996551514,-0.5283915996551514,0.4073334038257599,1,0,"{""A"": ""position"", ""B"": ""color"", ""C"": ""size"", ""D"": ""orientation""}",/mnt/tidalfs-hssh01/dataset/xiang/models/Qwen2.5-VL-7B-Instruct,42,not_empty,next_token
A_0076,A,FINAL,ABC,0,-0.6931471824645996,-0.6931471824645996,0.5,0.5,-0.6948845982551575,-0.6948845982551575,0.5,0,1,"{""A"": ""position"", ""B"": ""color"", ""C"": ""size"", ""D"": ""orientation""}",/mnt/tidalfs-hssh01/dataset/xiang/models/Qwen2.5-VL-7B-Instruct,42,not_empty,next_token
A_0076,A,FINAL,ABD,0,-0.8981232643127441,-0.5231232643127441,0.4073334038257599,0.5926665663719177,-0.8994989395141602,-0.5244989395141602,0.4073334038257599,1,0,"{""A"": ""position"", ""B"": ""color"", ""C"": ""size"", ""D"": ""orientation""}",/mnt/tidalfs-hssh01/dataset/xiang/models/Qwen2.5-VL-7B-Instruct,42,not_empty,next_token
A_0076,A,FINAL,ACD,0,-0.9740769863128662,-0.4740769863128662,0.3775406777858734,0.622459352016449,-0.9751112461090088,-0.4751112163066864,0.3775406777858734,1,0,"{""A"": ""position"", ""B"": ""color"", ""C"": ""size"", ""D"": ""orientation""}",/mnt/tidalfs-hssh01/dataset/xiang/models/Qwen2.5-VL-7B-Instruct,42,not_empty,next_token
A_0076,A,FINAL,BCD,0,-0.9740769863128662,-0.4740769863128662,0.3775406777858734,0.622459352016449,-0.9761111736297607,-0.47611120343208313,0.3775406777858734,1,0,"{""A"": ""position"", ""B"": ""color"", ""C"": ""size"", ""D"": ""orientation""}",/mnt/tidalfs-hssh01/dataset/xiang/models/Qwen2.5-VL-7B-Instruct,42,not_empty,next_token
A_0076,A,FINAL,ABCD,0,-0.8981232643127441,-0.5231232643127441,0.4073334038257599,0.5926665663719177,-0.8990377187728882,-0.5240377187728882,0.4073334038257599,1,0,"{""A"": ""position"", ""B"": ""color"", ""C"": ""size"", ""D"": ""orientation""}",/mnt/tidalfs-hssh01/dataset/xiang/models/Qwen2.5-VL-7B-Instruct,42,not_empty,next_token
A_0084,A,STEP1,EMPTY,0,-0.825939416885376,-0.575939416885376,0.43782350420951843,0.562176525592804,-0.8866772651672363,-0.6366772651672363,0.43782350420951843,1,0,"{""A"": ""color"", ""B"": ""size"", ""C"": ""orientation"", ""D"": ""position""}",/mnt/tidalfs-hssh01/dataset/xiang/models/Qwen2.5-VL-7B-Instruct,42,text_only,next_token
A_0084,A,STEP1,A,0,-0.6325989961624146,-0.7575989961624146,0.531209409236908,0.4687906503677368,-0.6342206597328186,-0.7592206597328186,0.531209409236908,0,1,"{""A"": ""color"", ""B"": ""size"", ""C"": ""orientation"", ""D"": ""position""}",/mnt/tidalfs-hssh01/dataset/xiang/models/Qwen2.5-VL-7B-Instruct,42,not_empty,next_token
A_0084,A,STEP1,B,0,-0.8981232643127441,-0.5231232643127441,0.4073334038257599,0.5926665663719177,-0.9003609418869019,-0.5253609418869019,0.4073334038257599,1,0,"{""A"": ""color"", ""B"": ""size"", ""C"": ""orientation"", ""D"": ""position""}",/mnt/tidalfs-hssh01/dataset/xiang/models/Qwen2.5-VL-7B-Instruct,42,not_empty,next_token
A_0084,A,STEP1,C,0,-0.9740769863128662,-0.4740769863128662,0.3775406777858734,0.622459352016449,-0.981826663017273,-0.48182669281959534,0.3775406777858734,1,0,"{""A"": ""color"", ""B"": ""size"", ""C"": ""orientation"", ""D"": ""position""}",/mnt/tidalfs-hssh01/dataset/xiang/models/Qwen2.5-VL-7B-Instruct,42,not_empty,next_token
A_0084,A,STEP1,D,0,-0.9740769863128662,-0.4740769863128662,0.3775406777858734,0.622459352016449,-0.9776468276977539,-0.4776468276977539,0.3775406777858734,1,0,"{""A"": ""color"", ""B"": ""size"", ""C"": ""orientation"", ""D"": ""position""}",/mnt/tidalfs-hssh01/dataset/xiang/models/Qwen2.5-VL-7B-Instruct,42,not_empty,next_token
A_0084,A,STEP1,AB,0,-0.825939416885376,-0.575939416885376,0.43782350420951843,0.562176525592804,-0.8262333273887634,-0.5762333273887634,0.43782350420951843,1,0,"{""A"": ""color"", ""B"": ""size"", ""C"": ""orientation"", ""D"": ""position""}",/mnt/tidalfs-hssh01/dataset/xiang/models/Qwen2.5-VL-7B-Instruct,42,not_empty,next_token
A_0084,A,STEP1,AC,0,-0.7575989961624146,-0.6325989961624146,0.4687906503677368,0.531209409236908,-0.758022129535675,-0.633022129535675,0.4687906503677368,1,0,"{""A"": ""color"", ""B"": ""size"", ""C"": ""orientation"", ""D"": ""position""}",/mnt/tidalfs-hssh01/dataset/xiang/models/Qwen2.5-VL-7B-Instruct,42,not_empty,next_token
A_0084,A,STEP1,AD,0,-0.825939416885376,-0.575939416885376,0.43782350420951843,0.562176525592804,-0.826427698135376,-0.576427698135376,0.43782350420951843,1,0,"{""A"": ""color"", ""B"": ""size"", ""C"": ""orientation"", ""D"": ""position""}",/mnt/tidalfs-hssh01/dataset/xiang/models/Qwen2.5-VL-7B-Instruct,42,not_empty,next_token
A_0084,A,STEP1,BC,0,-1.0537006855010986,-0.42870065569877625,0.3486451208591461,0.6513548493385315,-1.0549166202545166,-0.4299165606498718,0.3486451208591461,1,0,"{""A"": ""color"", ""B"": ""size"", ""C"": ""orientation"", ""D"": ""position""}",/mnt/tidalfs-hssh01/dataset/xiang/models/Qwen2.5-VL-7B-Instruct,42,not_empty,next_token
A_0084,A,STEP1,BD,0,-0.9740769863128662,-0.4740769863128662,0.3775406777858734,0.622459352016449,-0.9748591184616089,-0.4748591482639313,0.3775406777858734,1,0,"{""A"": ""color"", ""B"": ""size"", ""C"": ""orientation"", ""D"": ""position""}",/mnt/tidalfs-hssh01/dataset/xiang/models/Qwen2.5-VL-7B-Instruct,42,not_empty,next_token
A_0084,A,STEP1,CD,0,-0.825939416885376,-0.575939416885376,0.43782350420951843,0.562176525592804,-0.8275344967842102,-0.5775344967842102,0.43782350420951843,1,0,"{""A"": ""color"", ""B"": ""size"", ""C"": ""orientation"", ""D"": ""position""}",/mnt/tidalfs-hssh01/dataset/xiang/models/Qwen2.5-VL-7B-Instruct,42,not_empty,next_token
A_0084,A,STEP1,ABC,0,-0.9740769863128662,-0.4740769863128662,0.3775406777858734,0.622459352016449,-0.9743039608001709,-0.4743039608001709,0.3775406777858734,1,0,"{""A"": ""color"", ""B"": ""size"", ""C"": ""orientation"", ""D"": ""position""}",/mnt/tidalfs-hssh01/dataset/xiang/models/Qwen2.5-VL-7B-Instruct,42,not_empty,next_token
A_0084,A,STEP1,ABD,0,-0.8981232643127441,-0.5231232643127441,0.4073334038257599,0.5926665663719177,-0.8983500003814697,-0.5233500003814697,0.4073334038257599,1,0,"{""A"": ""color"", ""B"": ""size"", ""C"": ""orientation"", ""D"": ""position""}",/mnt/tidalfs-hssh01/dataset/xiang/models/Qwen2.5-VL-7B-Instruct,42,not_empty,next_token
A_0084,A,STEP1,ACD,0,-0.8981232643127441,-0.5231232643127441,0.4073334038257599,0.5926665663719177,-0.8984251618385315,-0.5234251618385315,0.4073334038257599,1,0,"{""A"": ""color"", ""B"": ""size"", ""C"": ""orientation"", ""D"": ""position""}",/mnt/tidalfs-hssh01/dataset/xiang/models/Qwen2.5-VL-7B-Instruct,42,not_empty,next_token
A_0084,A,STEP1,BCD,0,-0.9740769863128662,-0.4740769863128662,0.3775406777858734,0.622459352016449,-0.9746965169906616,-0.474696546792984,0.3775406777858734,1,0,"{""A"": ""color"", ""B"": ""size"", ""C"": ""orientation"", ""D"": ""position""}",/mnt/tidalfs-hssh01/dataset/xiang/models/Qwen2.5-VL-7B-Instruct,42,not_empty,next_token
A_0084,A,STEP1,ABCD,0,-0.9740769863128662,-0.4740769863128662,0.3775406777858734,0.622459352016449,-0.9742807149887085,-0.4742807149887085,0.3775406777858734,1,0,"{""A"": ""color"", ""B"": ""size"", ""C"": ""orientation"", ""D"": ""position""}",/mnt/tidalfs-hssh01/dataset/xiang/models/Qwen2.5-VL-7B-Instruct,42,not_empty,next_token
A_0084,A,STEP2,EMPTY,1,-1.1368709802627563,-0.38687101006507874,0.3208213150501251,0.6791786551475525,-1.166052222251892,-0.4160521924495697,0.6791786551475525,1,1,"{""A"": ""color"", ""B"": ""size"", ""C"": ""orientation"", ""D"": ""position""}",/mnt/tidalfs-hssh01/dataset/xiang/models/Qwen2.5-VL-7B-Instruct,42,text_only,next_token
A_0084,A,STEP2,A,1,-1.1368709802627563,-0.38687101006507874,0.3208213150501251,0.6791786551475525,-1.138103723526001,-0.38810375332832336,0.6791786551475525,1,1,"{""A"": ""color"", ""B"": ""size"", ""C"": ""orientation"", ""D"": ""position""}",/mnt/tidalfs-hssh01/dataset/xiang/models/Qwen2.5-VL-7B-Instruct,42,not_empty,next_token
A_0084,A,STEP2,B,1,-1.0537006855010986,-0.42870065569877625,0.3486451208591461,0.6513548493385315,-1.0553741455078125,-0.4303741157054901,0.6513548493385315,1,1,"{""A"": ""color"", ""B"": ""size"", ""C"": ""orientation"", ""D"": ""position""}",/mnt/tidalfs-hssh01/dataset/xiang/models/Qwen2.5-VL-7B-Instruct,42,not_empty,next_token
A_0084,A,STEP2,C,1,-1.1368709802627563,-0.38687101006507874,0.3208213150501251,0.6791786551475525,-1.1390414237976074,-0.3890414237976074,0.6791786551475525,1,1,"{""A"": ""color"", ""B"": ""size"", ""C"": ""orientation"", ""D"": ""position""}",/mnt/tidalfs-hssh01/dataset/xiang/models/Qwen2.5-VL-7B-Instruct,42,not_empty,next_token
A_0084,A,STEP2,D,1,-1.1368709802627563,-0.38687101006507874,0.3208213150501251,0.6791786551475525,-1.1389763355255127,-0.38897639513015747,0.6791786551475525,1,1,"{""A"": ""color"", ""B"": ""size"", ""C"": ""orientation"", ""D"": ""position""}",/mnt/tidalfs-hssh01/dataset/xiang/models/Qwen2.5-VL-7B-Instruct,42,not_empty,next_token
A_0084,A,STEP2,AB,1,-0.825939416885376,-0.575939416885376,0.43782350420951843,0.562176525592804,-0.8268575072288513,-0.5768575072288513,0.562176525592804,1,1,"{""A"": ""color"", ""B"": ""size"", ""C"": ""orientation"", ""D"": ""position""}",/mnt/tidalfs-hssh01/dataset/xiang/models/Qwen2.5-VL-7B-Instruct,42,not_empty,next_token
A_0084,A,STEP2,AC,1,-0.825939416885376,-0.575939416885376,0.43782350420951843,0.562176525592804,-0.8264377117156982,-0.5764377117156982,0.562176525592804,1,1,"{""A"": ""color"", ""B"": ""size"", ""C"": ""orientation"", ""D"": ""position""}",/mnt/tidalfs-hssh01/dataset/xiang/models/Qwen2.5-VL-7B-Instruct,42,not_empty,next_token
A_0084,A,STEP2,AD,1,-1.0537006855010986,-0.42870065569877625,0.3486451208591461,0.6513548493385315,-1.054436445236206,-0.42943641543388367,0.6513548493385315,1,1,"{""A"": ""color"", ""B"": ""size"", ""C"": ""orientation"", ""D"": ""position""}",/mnt/tidalfs-hssh01/dataset/xiang/models/Qwen2.5-VL-7B-Instruct,42,not_empty,next_token
A_0084,A,STEP2,BC,1,-0.825939416885376,-0.575939416885376,0.43782350420951843,0.562176525592804,-0.8275207281112671,-0.5775207281112671,0.562176525592804,1,1,"{""A"": ""color"", ""B"": ""size"", ""C"": ""orientation"", ""D"": ""position""}",/mnt/tidalfs-hssh01/dataset/xiang/models/Qwen2.5-VL-7B-Instruct,42,not_empty,next_token
A_0084,A,STEP2,BD,1,-1.1368709802627563,-0.38687101006507874,0.3208213150501251,0.6791786551475525,-1.1380372047424316,-0.38803720474243164,0.6791786551475525,1,1,"{""A"": ""color"", ""B"": ""size"", ""C"": ""orientation"", ""D"": ""position""}",/mnt/tidalfs-hssh01/dataset/xiang/models/Qwen2.5-VL-7B-Instruct,42,not_empty,next_token
A_0084,A,STEP2,CD,1,-0.9740769863128662,-0.4740769863128662,0.3775406777858734,0.622459352016449,-0.9755614995956421,-0.4755614995956421,0.622459352016449,1,1,"{""A"": ""color"", ""B"": ""size"", ""C"": ""orientation"", ""D"": ""position""}",/mnt/tidalfs-hssh01/dataset/xiang/models/Qwen2.5-VL-7B-Instruct,42,not_empty,next_token
A_0084,A,STEP2,ABC,1,-0.6931471824645996,-0.6931471824645996,0.5,0.5,-0.6937463879585266,-0.6937463879585266,0.5,0,0,"{""A"": ""color"", ""B"": ""size"", ""C"": ""orientation"", ""D"": ""position""}",/mnt/tidalfs-hssh01/dataset/xiang/models/Qwen2.5-VL-7B-Instruct,42,not_empty,next_token
A_0084,A,STEP2,ABD,1,-0.8981232643127441,-0.5231232643127441,0.4073334038257599,0.5926665663719177,-0.8985775709152222,-0.5235775709152222,0.5926665663719177,1,1,"{""A"": ""color"", ""B"": ""size"", ""C"": ""orientation"", ""D"": ""position""}",/mnt/tidalfs-hssh01/dataset/xiang/models/Qwen2.5-VL-7B-Instruct,42,not_empty,next_token
A_0084,A,STEP2,ACD,1,-0.825939416885376,-0.575939416885376,0.43782350420951843,0.562176525592804,-0.8263216018676758,-0.5763216018676758,0.562176525592804,1,1,"{""A"": ""color"", ""B"": ""size"", ""C"": ""orientation"", ""D"": ""position""}",/mnt/tidalfs-hssh01/dataset/xiang/models/Qwen2.5-VL-7B-Instruct,42,not_empty,next_token
A_0084,A,STEP2,BCD,1,-0.825939416885376,-0.575939416885376,0.43782350420951843,0.562176525592804,-0.8268879055976868,-0.5768879055976868,0.562176525592804,1,1,"{""A"": ""color"", ""B"": ""size"", ""C"": ""orientation"", ""D"": ""position""}",/mnt/tidalfs-hssh01/dataset/xiang/models/Qwen2.5-VL-7B-Instruct,42,not_empty,next_token
A_0084,A,STEP2,ABCD,1,-0.6931471824645996,-0.6931471824645996,0.5,0.5,-0.6936527490615845,-0.6936527490615845,0.5,0,0,"{""A"": ""color"", ""B"": ""size"", ""C"": ""orientation"", ""D"": ""position""}",/mnt/tidalfs-hssh01/dataset/xiang/models/Qwen2.5-VL-7B-Instruct,42,not_empty,next_token
A_0084,A,FINAL,EMPTY,1,-0.7575989961624146,-0.6325989961624146,0.4687906503677368,0.531209409236908,-0.9736700057983398,-0.8486700057983398,0.531209409236908,1,1,"{""A"": ""color"", ""B"": ""size"", ""C"": ""orientation"", ""D"": ""position""}",/mnt/tidalfs-hssh01/dataset/xiang/models/Qwen2.5-VL-7B-Instruct,42,text_only,next_token
A_0084,A,FINAL,A,1,-0.825939416885376,-0.575939416885376,0.43782350420951843,0.562176525592804,-0.8319355845451355,-0.5819355845451355,0.562176525592804,1,1,"{""A"": ""color"", ""B"": ""size"", ""C"": ""orientation"", ""D"": ""position""}",/mnt/tidalfs-hssh01/dataset/xiang/models/Qwen2.5-VL-7B-Instruct,42,not_empty,next_token
A_0084,A,FINAL,B,1,-0.9740769863128662,-0.4740769863128662,0.3775406777858734,0.622459352016449,-0.9842839241027832,-0.4842839241027832,0.622459352016449,1,1,"{""A"": ""color"", ""B"": ""size"", ""C"": ""orientation"", ""D"": ""position""}",/mnt/tidalfs-hssh01/dataset/xiang/models/Qwen2.5-VL-7B-Instruct,42,not_empty,next_token
A_0084,A,FINAL,C,1,-0.8981232643127441,-0.5231232643127441,0.4073334038257599,0.5926665663719177,-0.9219778776168823,-0.5469778776168823,0.5926665663719177,1,1,"{""A"": ""color"", ""B"": ""size"", ""C"": ""orientation"", ""D"": ""position""}",/mnt/tidalfs-hssh01/dataset/xiang/models/Qwen2.5-VL-7B-Instruct,42,not_empty,next_token
A_0084,A,FINAL,D,1,-0.8981232643127441,-0.5231232643127441,0.4073334038257599,0.5926665663719177,-0.914612352848053,-0.539612352848053,0.5926665663719177,1,1,"{""A"": ""color"", ""B"": ""size"", ""C"": ""orientation"", ""D"": ""position""}",/mnt/tidalfs-hssh01/dataset/xiang/models/Qwen2.5-VL-7B-Instruct,42,not_empty,next_token
A_0084,A,FINAL,AB,1,-0.7575989961624146,-0.6325989961624146,0.4687906503677368,0.531209409236908,-0.7583557367324829,-0.6333557367324829,0.531209409236908,1,1,"{""A"": ""color"", ""B"": ""size"", ""C"": ""orientation"", ""D"": ""position""}",/mnt/tidalfs-hssh01/dataset/xiang/models/Qwen2.5-VL-7B-Instruct,42,not_empty,next_token
A_0084,A,FINAL,AC,1,-0.8981232643127441,-0.5231232643127441,0.4073334038257599,0.5926665663719177,-0.8991402387619019,-0.5241402387619019,0.5926665663719177,1,1,"{""A"": ""color"", ""B"": ""size"", ""C"": ""orientation"", ""D"": ""position""}",/mnt/tidalfs-hssh01/dataset/xiang/models/Qwen2.5-VL-7B-Instruct,42,not_empty,next_token
A_0084,A,FINAL,AD,1,-0.8981232643127441,-0.5231232643127441,0.4073334038257599,0.5926665663719177,-0.9000160694122314,-0.5250160694122314,0.5926665663719177,1,1,"{""A"": ""color"", ""B"": ""size"", ""C"": ""orientation"", ""D"": ""position""}",/mnt/tidalfs-hssh01/dataset/xiang/models/Qwen2.5-VL-7B-Instruct,42,not_empty,next_token
A_0084,A,FINAL,BC,1,-0.8981232643127441,-0.5231232643127441,0.4073334038257599,0.5926665663719177,-0.906234085559845,-0.531234085559845,0.5926665663719177,1,1,"{""A"": ""color"", ""B"": ""size"", ""C"": ""orientation"", ""D"": ""position""}",/mnt/tidalfs-hssh01/dataset/xiang/models/Qwen2.5-VL-7B-Instruct,42,not_empty,next_token
A_0084,A,FINAL,BD,1,-0.8981232643127441,-0.5231232643127441,0.4073334038257599,0.5926665663719177,-0.9022717475891113,-0.5272717475891113,0.5926665663719177,1,1,"{""A"": ""color"", ""B"": ""size"", ""C"": ""orientation"", ""D"": ""position""}",/mnt/tidalfs-hssh01/dataset/xiang/models/Qwen2.5-VL-7B-Instruct,42,not_empty,next_token
A_0084,A,FINAL,CD,1,-0.825939416885376,-0.575939416885376,0.43782350420951843,0.562176525592804,-0.834861695766449,-0.584861695766449,0.562176525592804,1,1,"{""A"": ""color"", ""B"": ""size"", ""C"": ""orientation"", ""D"": ""position""}",/mnt/tidalfs-hssh01/dataset/xiang/models/Qwen2.5-VL-7B-Instruct,42,not_empty,next_token
A_0084,A,FINAL,ABC,1,-0.825939416885376,-0.575939416885376,0.43782350420951843,0.562176525592804,-0.827263355255127,-0.577263355255127,0.562176525592804,1,1,"{""A"": ""color"", ""B"": ""size"", ""C"": ""orientation"", ""D"": ""position""}",/mnt/tidalfs-hssh01/dataset/xiang/models/Qwen2.5-VL-7B-Instruct,42,not_empty,next_token
A_0084,A,FINAL,ABD,1,-0.8981232643127441,-0.5231232643127441,0.4073334038257599,0.5926665663719177,-0.8988885283470154,-0.5238885283470154,0.5926665663719177,1,1,"{""A"": ""color"", ""B"": ""size"", ""C"": ""orientation"", ""D"": ""position""}",/mnt/tidalfs-hssh01/dataset/xiang/models/Qwen2.5-VL-7B-Instruct,42,not_empty,next_token
A_0084,A,FINAL,ACD,1,-0.8981232643127441,-0.5231232643127441,0.4073334038257599,0.5926665663719177,-0.8993467092514038,-0.5243467092514038,0.5926665663719177,1,1,"{""A"": ""color"", ""B"": ""size"", ""C"": ""orientation"", ""D"": ""position""}",/mnt/tidalfs-hssh01/dataset/xiang/models/Qwen2.5-VL-7B-Instruct,42,not_empty,next_token
A_0084,A,FINAL,BCD,1,-0.9740769863128662,-0.4740769863128662,0.3775406777858734,0.622459352016449,-0.9767332673072815,-0.4767332673072815,0.622459352016449,1,1,"{""A"": ""color"", ""B"": ""size"", ""C"": ""orientation"", ""D"": ""position""}",/mnt/tidalfs-hssh01/dataset/xiang/models/Qwen2.5-VL-7B-Instruct,42,not_empty,next_token
A_0084,A,FINAL,ABCD,1,-0.8981232643127441,-0.5231232643127441,0.4073334038257599,0.5926665663719177,-0.8993265628814697,-0.5243265628814697,0.5926665663719177,1,1,"{""A"": ""color"", ""B"": ""size"", ""C"": ""orientation"", ""D"": ""position""}",/mnt/tidalfs-hssh01/dataset/xiang/models/Qwen2.5-VL-7B-Instruct,42,not_empty,next_token
A_0092,A,STEP1,EMPTY,1,-0.825939416885376,-0.575939416885376,0.43782350420951843,0.562176525592804,-0.8866772651672363,-0.6366772651672363,0.562176525592804,1,1,"{""A"": ""color"", ""B"": ""size"", ""C"": ""orientation"", ""D"": ""position""}",/mnt/tidalfs-hssh01/dataset/xiang/models/Qwen2.5-VL-7B-Instruct,42,text_only,next_token
A_0092,A,STEP1,A,1,-0.6325989961624146,-0.7575989961624146,0.531209409236908,0.4687906503677368,-0.6342206597328186,-0.7592206597328186,0.4687906503677368,0,0,"{""A"": ""color"", ""B"": ""size"", ""C"": ""orientation"", ""D"": ""position""}",/mnt/tidalfs-hssh01/dataset/xiang/models/Qwen2.5-VL-7B-Instruct,42,not_empty,next_token
A_0092,A,STEP1,B,1,-0.8981232643127441,-0.5231232643127441,0.4073334038257599,0.5926665663719177,-0.8994943499565125,-0.5244943499565125,0.5926665663719177,1,1,"{""A"": ""color"", ""B"": ""size"", ""C"": ""orientation"", ""D"": ""position""}",/mnt/tidalfs-hssh01/dataset/xiang/models/Qwen2.5-VL-7B-Instruct,42,not_empty,next_token
A_0092,A,STEP1,C,1,-1.3132617473602295,-0.3132617473602295,0.26894140243530273,0.7310584783554077,-1.3148443698883057,-0.31484439969062805,0.7310584783554077,1,1,"{""A"": ""color"", ""B"": ""size"", ""C"": ""orientation"", ""D"": ""position""}",/mnt/tidalfs-hssh01/dataset/xiang/models/Qwen2.5-VL-7B-Instruct,42,not_empty,next_token
A_0092,A,STEP1,D,1,-0.9740769863128662,-0.4740769863128662,0.3775406777858734,0.622459352016449,-0.9789466857910156,-0.4789466857910156,0.622459352016449,1,1,"{""A"": ""color"", ""B"": ""size"", ""C"": ""orientation"", ""D"": ""position""}",/mnt/tidalfs-hssh01/dataset/xiang/models/Qwen2.5-VL-7B-Instruct,42,not_empty,next_token
A_0092,A,STEP1,AB,1,-0.825939416885376,-0.575939416885376,0.43782350420951843,0.562176525592804,-0.8261608481407166,-0.5761608481407166,0.562176525592804,1,1,"{""A"": ""color"", ""B"": ""size"", ""C"": ""orientation"", ""D"": ""position""}",/mnt/tidalfs-hssh01/dataset/xiang/models/Qwen2.5-VL-7B-Instruct,42,not_empty,next_token
A_0092,A,STEP1,AC,1,-0.7575989961624146,-0.6325989961624146,0.4687906503677368,0.531209409236908,-0.7579666376113892,-0.6329666376113892,0.531209409236908,1,1,"{""A"": ""color"", ""B"": ""size"", ""C"": ""orientation"", ""D"": ""position""}",/mnt/tidalfs-hssh01/dataset/xiang/models/Qwen2.5-VL-7B-Instruct,42,not_empty,next_token
A_0092,A,STEP1,AD,1,-0.825939416885376,-0.575939416885376,0.43782350420951843,0.562176525592804,-0.8264911770820618,-0.5764911770820618,0.562176525592804,1,1,"{""A"": ""color"", ""B"": ""size"", ""C"": ""orientation"", ""D"": ""position""}",/mnt/tidalfs-hssh01/dataset/xiang/models/Qwen2.5-VL-7B-Instruct,42,not_empty,next_token
A_0092,A,STEP1,BC,1,-0.9740769863128662,-0.4740769863128662,0.3775406777858734,0.622459352016449,-0.9747657179832458,-0.47476571798324585,0.622459352016449,1,1,"{""A"": ""color"", ""B"": ""size"", ""C"": ""orientation"", ""D"": ""position""}",/mnt/tidalfs-hssh01/dataset/xiang/models/Qwen2.5-VL-7B-Instruct,42,not_empty,next_token
A_0092,A,STEP1,BD,1,-1.136871099472046,-0.38687101006507874,0.32082128524780273,0.6791786551475525,-1.1373846530914307,-0.3873845934867859,0.6791786551475525,1,1,"{""A"": ""color"", ""B"": ""size"", ""C"": ""orientation"", ""D"": ""position""}",/mnt/tidalfs-hssh01/dataset/xiang/models/Qwen2.5-VL-7B-Instruct,42,not_empty,next_token
A_0092,A,STEP1,CD,1,-1.3132617473602295,-0.3132617473602295,0.26894140243530273,0.7310584783554077,-1.3139698505401611,-0.3139699101448059,0.7310584783554077,1,1,"{""A"": ""color"", ""B"": ""size"", ""C"": ""orientation"", ""D"": ""position""}",/mnt/tidalfs-hssh01/dataset/xiang/models/Qwen2.5-VL-7B-Instruct,42,not_empty,next_token
A_0092,A,STEP1,ABC,1,-0.9740769863128662,-0.4740769863128662,0.3775406777858734,0.622459352016449,-0.9742345809936523,-0.47423458099365234,0.622459352016449,1,1,"{""A"": ""color"", ""B"": ""size"", ""C"": ""orientation"", ""D"": ""position""}",/mnt/tidalfs-hssh01/dataset/xiang/models/Qwen2.5-VL-7B-Instruct,42,not_empty,next_token
A_0092,A,STEP1,ABD,1,-1.1368709802627563,-0.38687101006507874,0.3208213150501251,0.6791786551475525,-1.1370599269866943,-0.3870599865913391,0.6791786551475525,1,1,"{""A"": ""color"", ""B"": ""size"", ""C"": ""orientation"", ""D"": ""position""}",/mnt/tidalfs-hssh01/dataset/xiang/models/Qwen2.5-VL-7B-Instruct,42,not_empty,next_token
A_0092,A,STEP1,ACD,1,-0.9740769863128662,-0.4740769863128662,0.3775406777858734,0.622459352016449,-0.9743081331253052,-0.4743081033229828,0.622459352016449,1,1,"{""A"": ""color"", ""B"": ""size"", ""C"": ""orientation"", ""D"": ""position""}",/mnt/tidalfs-hssh01/dataset/xiang/models/Qwen2.5-VL-7B-Instruct,42,not_empty,next_token
A_0092,A,STEP1,BCD,1,-1.136871099472046,-0.38687101006507874,0.32082128524780273,0.6791786551475525,-1.137171745300293,-0.3871716856956482,0.6791786551475525,1,1,"{""A"": ""color"", ""B"": ""size"", ""C"": ""orientation"", ""D"": ""position""}",/mnt/tidalfs-hssh01/dataset/xiang/models/Qwen2.5-VL-7B-Instruct,42,not_empty,next_token
A_0092,A,STEP1,ABCD,1,-1.053700566291809,-0.42870065569877625,0.3486451506614685,0.6513548493385315,-1.0538690090179443,-0.4288690686225891,0.6513548493385315,1,1,"{""A"": ""color"", ""B"": ""size"", ""C"": ""orientation"", ""D"": ""position""}",/mnt/tidalfs-hssh01/dataset/xiang/models/Qwen2.5-VL-7B-Instruct,42,not_empty,next_token
A_0092,A,STEP2,EMPTY,1,-1.1368709802627563,-0.38687101006507874,0.3208213150501251,0.6791786551475525,-1.166052222251892,-0.4160521924495697,0.6791786551475525,1,1,"{""A"": ""color"", ""B"": ""size"", ""C"": ""orientation"", ""D"": ""position""}",/mnt/tidalfs-hssh01/dataset/xiang/models/Qwen2.5-VL-7B-Instruct,42,text_only,next_token
A_0092,A,STEP2,A,1,-1.1368709802627563,-0.38687101006507874,0.3208213150501251,0.6791786551475525,-1.138103723526001,-0.38810375332832336,0.6791786551475525,1,1,"{""A"": ""color"", ""B"": ""size"", ""C"": ""orientation"", ""D"": ""position""}",/mnt/tidalfs-hssh01/dataset/xiang/models/Qwen2.5-VL-7B-Instruct,42,not_empty,next_token
A_0092,A,STEP2,B,1,-1.1368709802627563,-0.38687101006507874,0.3208213150501251,0.6791786551475525,-1.1385562419891357,-0.38855624198913574,0.6791786551475525,1,1,"{""A"": ""color"", ""B"": ""size"", ""C"": ""orientation"", ""D"": ""position""}",/mnt/tidalfs-hssh01/dataset/xiang/models/Qwen2.5-VL-7B-Instruct,42,not_empty,next_token
A_0092,A,STEP2,C,1,-1.7014133930206299,-0.2014133334159851,0.18242549896240234,0.8175744414329529,-1.7026395797729492,-0.20263953506946564,0.8175744414329529,1,1,"{""A"": ""color"", ""B"": ""size"", ""C"": ""orientation"", ""D"": ""position""}",/mnt/tidalfs-hssh01/dataset/xiang/models/Qwen2.5-VL-7B-Instruct,42,not_empty,next_token
A_0092,A,STEP2,D,1,-1.2234444618225098,-0.3484445810317993,0.29421502351760864,0.7057850360870361,-1.2250585556030273,-0.3500586152076721,0.7057850360870361,1,1,"{""A"": ""color"", ""B"": ""size"", ""C"": ""orientation"", ""D"": ""position""}",/mnt/tidalfs-hssh01/dataset/xiang/models/Qwen2.5-VL-7B-Instruct,42,not_empty,next_token
A_0092,A,STEP2,AB,1,-0.8981232643127441,-0.5231232643127441,0.4073334038257599,0.5926665663719177,-0.8989626169204712,-0.5239626169204712,0.5926665663719177,1,1,"{""A"": ""color"", ""B"": ""size"", ""C"": ""orientation"", ""D"": ""position""}",/mnt/tidalfs-hssh01/dataset/xiang/models/Qwen2.5-VL-7B-Instruct,42,not_empty,next_token
A_0092,A,STEP2,AC,1,-1.1368709802627563,-0.38687101006507874,0.3208213150501251,0.6791786551475525,-1.1372787952423096,-0.38727882504463196,0.6791786551475525,1,1,"{""A"": ""color"", ""B"": ""size"", ""C"": ""orientation"", ""D"": ""position""}",/mnt/tidalfs-hssh01/dataset/xiang/models/Qwen2.5-VL-7B-Instruct,42,not_empty,next_token
A_0092,A,STEP2,AD,1,-1.0537006855010986,-0.42870065569877625,0.3486451208591461,0.6513548493385315,-1.0546177625656128,-0.4296177923679352,0.6513548493385315,1,1,"{""A"": ""color"", ""B"": ""size"", ""C"": ""orientation"", ""D"": ""position""}",/mnt/tidalfs-hssh01/dataset/xiang/models/Qwen2.5-VL-7B-Instruct,42,not_empty,next_token
A_0092,A,STEP2,BC,1,-1.1368709802627563,-0.38687101006507874,0.3208213150501251,0.6791786551475525,-1.13774836063385,-0.3877483606338501,0.6791786551475525,1,1,"{""A"": ""color"", ""B"": ""size"", ""C"": ""orientation"", ""D"": ""position""}",/mnt/tidalfs-hssh01/dataset/xiang/models/Qwen2.5-VL-7B-Instruct,42,not_empty,next_token
A_0092,A,STEP2,BD,1,-0.9740769863128662,-0.4740769863128662,0.3775406777858734,0.622459352016449,-0.9752063751220703,-0.4752063751220703,0.622459352016449,1,1,"{""A"": ""color"", ""B"": ""size"", ""C"": ""orientation"", ""D"": ""position""}",/mnt/tidalfs-hssh01/dataset/xiang/models/Qwen2.5-VL-7B-Instruct,42,not_empty,next_token
A_0092,A,STEP2,CD,1,-1.5019290447235107,-0.25192904472351074,0.22270016372203827,0.7772998809814453,-1.5027116537094116,-0.25271162390708923,0.7772998809814453,1,1,"{""A"": ""color"", ""B"": ""size"", ""C"": ""orientation"", ""D"": ""position""}",/mnt/tidalfs-hssh01/dataset/xiang/models/Qwen2.5-VL-7B-Instruct,42,not_empty,next_token
A_0092,A,STEP2,ABC,1,-0.9740769863128662,-0.4740769863128662,0.3775406777858734,0.622459352016449,-0.9746447801589966,-0.4746447801589966,0.622459352016449,1,1,"{""A"": ""color"", ""B"": ""size"", ""C"": ""orientation"", ""D"": ""position""}",/mnt/tidalfs-hssh01/dataset/xiang/models/Qwen2.5-VL-7B-Instruct,42,not_empty,next_token
A_0092,A,STEP2,ABD,1,-0.825939416885376,-0.575939416885376,0.43782350420951843,0.562176525592804,-0.826518714427948,-0.576518714427948,0.562176525592804,1,1,"{""A"": ""color"", ""B"": ""size"", ""C"": ""orientation"", ""D"": ""position""}",/mnt/tidalfs-hssh01/dataset/xiang/models/Qwen2.5-VL-7B-Instruct,42,not_empty,next_token
A_0092,A,STEP2,ACD,1,-1.136871099472046,-0.38687101006507874,0.32082128524780273,0.6791786551475525,-1.1372199058532715,-0.3872198462486267,0.6791786551475525,1,1,"{""A"": ""color"", ""B"": ""size"", ""C"": ""orientation"", ""D"": ""position""}",/mnt/tidalfs-hssh01/dataset/xiang/models/Qwen2.5-VL-7B-Instruct,42,not_empty,next_token
A_0092,A,STEP2,BCD,1,-0.9740769863128662,-0.4740769863128662,0.3775406777858734,0.622459352016449,-0.9751665592193604,-0.47516658902168274,0.622459352016449,1,1,"{""A"": ""color"", ""B"": ""size"", ""C"": ""orientation"", ""D"": ""position""}",/mnt/tidalfs-hssh01/dataset/xiang/models/Qwen2.5-VL-7B-Instruct,42,not_empty,next_token
A_0092,A,STEP2,ABCD,1,-1.1368709802627563,-0.38687101006507874,0.3208213150501251,0.6791786551475525,-1.137275218963623,-0.38727518916130066,0.6791786551475525,1,1,"{""A"": ""color"", ""B"": ""size"", ""C"": ""orientation"", ""D"": ""position""}",/mnt/tidalfs-hssh01/dataset/xiang/models/Qwen2.5-VL-7B-Instruct,42,not_empty,next_token
A_0092,A,FINAL,EMPTY,0,-0.7575989961624146,-0.6325989961624146,0.4687906503677368,0.531209409236908,-0.9736700057983398,-0.8486700057983398,0.4687906503677368,1,0,"{""A"": ""color"", ""B"": ""size"", ""C"": ""orientation"", ""D"": ""position""}",/mnt/tidalfs-hssh01/dataset/xiang/models/Qwen2.5-VL-7B-Instruct,42,text_only,next_token
A_0092,A,FINAL,A,0,-0.825939416885376,-0.575939416885376,0.43782350420951843,0.562176525592804,-0.8319355845451355,-0.5819355845451355,0.43782350420951843,1,0,"{""A"": ""color"", ""B"": ""size"", ""C"": ""orientation"", ""D"": ""position""}",/mnt/tidalfs-hssh01/dataset/xiang/models/Qwen2.5-VL-7B-Instruct,42,not_empty,next_token
A_0092,A,FINAL,B,0,-0.8981232643127441,-0.5231232643127441,0.4073334038257599,0.5926665663719177,-0.9050209522247314,-0.5300209522247314,0.4073334038257599,1,0,"{""A"": ""color"", ""B"": ""size"", ""C"": ""orientation"", ""D"": ""position""}",/mnt/tidalfs-hssh01/dataset/xiang/models/Qwen2.5-VL-7B-Instruct,42,not_empty,next_token
A_0092,A,FINAL,C,0,-1.0537006855010986,-0.42870065569877625,0.3486451208591461,0.6513548493385315,-1.0634181499481201,-0.4384181499481201,0.3486451208591461,1,0,"{""A"": ""color"", ""B"": ""size"", ""C"": ""orientation"", ""D"": ""position""}",/mnt/tidalfs-hssh01/dataset/xiang/models/Qwen2.5-VL-7B-Instruct,42,not_empty,next_token
A_0092,A,FINAL,D,0,-0.8981232643127441,-0.5231232643127441,0.4073334038257599,0.5926665663719177,-0.9094062447547913,-0.5344062447547913,0.4073334038257599,1,0,"{""A"": ""color"", ""B"": ""size"", ""C"": ""orientation"", ""D"": ""position""}",/mnt/tidalfs-hssh01/dataset/xiang/models/Qwen2.5-VL-7B-Instruct,42,not_empty,next_token
A_0092,A,FINAL,AB,0,-0.825939416885376,-0.575939416885376,0.43782350420951843,0.562176525592804,-0.8268360495567322,-0.5768360495567322,0.43782350420951843,1,0,"{""A"": ""color"", ""B"": ""size"", ""C"": ""orientation"", ""D"": ""position""}",/mnt/tidalfs-hssh01/dataset/xiang/models/Qwen2.5-VL-7B-Instruct,42,not_empty,next_token
A_0092,A,FINAL,AC,0,-0.8981232643127441,-0.5231232643127441,0.4073334038257599,0.5926665663719177,-0.8991785645484924,-0.5241785645484924,0.4073334038257599,1,0,"{""A"": ""color"", ""B"": ""size"", ""C"": ""orientation"", ""D"": ""position""}",/mnt/tidalfs-hssh01/dataset/xiang/models/Qwen2.5-VL-7B-Instruct,42,not_empty,next_token
A_0092,A,FINAL,AD,0,-0.8981232643127441,-0.5231232643127441,0.4073334038257599,0.5926665663719177,-0.8995832204818726,-0.5245832204818726,0.4073334038257599,1,0,"{""A"": ""color"", ""B"": ""size"", ""C"": ""orientation"", ""D"": ""position""}",/mnt/tidalfs-hssh01/dataset/xiang/models/Qwen2.5-VL-7B-Instruct,42,not_empty,next_token
A_0092,A,FINAL,BC,0,-0.825939416885376,-0.575939416885376,0.43782350420951843,0.562176525592804,-0.8302822709083557,-0.5802822709083557,0.43782350420951843,1,0,"{""A"": ""color"", ""B"": ""size"", ""C"": ""orientation"", ""D"": ""position""}",/mnt/tidalfs-hssh01/dataset/xiang/models/Qwen2.5-VL-7B-Instruct,42,not_empty,next_token
A_0092,A,FINAL,BD,0,-0.8981232643127441,-0.5231232643127441,0.4073334038257599,0.5926665663719177,-0.9014317989349365,-0.5264317989349365,0.4073334038257599,1,0,"{""A"": ""color"", ""B"": ""size"", ""C"": ""orientation"", ""D"": ""position""}",/mnt/tidalfs-hssh01/dataset/xiang/models/Qwen2.5-VL-7B-Instruct,42,not_empty,next_token
A_0092,A,FINAL,CD,0,-0.9740769863128662,-0.4740769863128662,0.3775406777858734,0.622459352016449,-0.9794908761978149,-0.47949084639549255,0.3775406777858734,1,0,"{""A"": ""color"", ""B"": ""size"", ""C"": ""orientation"", ""D"": ""position""}",/mnt/tidalfs-hssh01/dataset/xiang/models/Qwen2.5-VL-7B-Instruct,42,not_empty,next_token
A_0092,A,FINAL,ABC,0,-0.8981232643127441,-0.5231232643127441,0.4073334038257599,0.5926665663719177,-0.8989515900611877,-0.5239515900611877,0.4073334038257599,1,0,"{""A"": ""color"", ""B"": ""size"", ""C"": ""orientation"", ""D"": ""position""}",/mnt/tidalfs-hssh01/dataset/xiang/models/Qwen2.5-VL-7B-Instruct,42,not_empty,next_token
A_0092,A,FINAL,ABD,0,-0.825939416885376,-0.575939416885376,0.43782350420951843,0.562176525592804,-0.8272593021392822,-0.5772593021392822,0.43782350420951843,1,0,"{""A"": ""color"", ""B"": ""size"", ""C"": ""orientation"", ""D"": ""position""}",/mnt/tidalfs-hssh01/dataset/xiang/models/Qwen2.5-VL-7B-Instruct,42,not_empty,next_token
A_0092,A,FINAL,ACD,0,-0.9740769863128662,-0.4740769863128662,0.3775406777858734,0.622459352016449,-0.9748743772506714,-0.474874347448349,0.3775406777858734,1,0,"{""A"": ""color"", ""B"": ""size"", ""C"": ""orientation"", ""D"": ""position""}",/mnt/tidalfs-hssh01/dataset/xiang/models/Qwen2.5-VL-7B-Instruct,42,not_empty,next_token
A_0092,A,FINAL,BCD,0,-0.9740769863128662,-0.4740769863128662,0.3775406777858734,0.622459352016449,-0.9758607745170593,-0.4758607745170593,0.3775406777858734,1,0,"{""A"": ""color"", ""B"": ""size"", ""C"": ""orientation"", ""D"": ""position""}",/mnt/tidalfs-hssh01/dataset/xiang/models/Qwen2.5-VL-7B-Instruct,42,not_empty,next_token
A_0092,A,FINAL,ABCD,0,-0.9740769863128662,-0.4740769863128662,0.3775406777858734,0.622459352016449,-0.9747794270515442,-0.4747794270515442,0.3775406777858734,1,0,"{""A"": ""color"", ""B"": ""size"", ""C"": ""orientation"", ""D"": ""position""}",/mnt/tidalfs-hssh01/dataset/xiang/models/Qwen2.5-VL-7B-Instruct,42,not_empty,next_token
A_0100,A,STEP1,EMPTY,0,-0.6931471824645996,-0.6931471824645996,0.5,0.5,-0.819155216217041,-0.819155216217041,0.5,0,1,"{""A"": ""size"", ""B"": ""orientation"", ""C"": ""position"", ""D"": ""color""}",/mnt/tidalfs-hssh01/dataset/xiang/models/Qwen2.5-VL-7B-Instruct,42,text_only,next_token
A_0100,A,STEP1,A,0,-0.9740769863128662,-0.4740769863128662,0.3775406777858734,0.622459352016449,-0.9751812815666199,-0.4751812815666199,0.3775406777858734,1,0,"{""A"": ""size"", ""B"": ""orientation"", ""C"": ""position"", ""D"": ""color""}",/mnt/tidalfs-hssh01/dataset/xiang/models/Qwen2.5-VL-7B-Instruct,42,not_empty,next_token
A_0100,A,STEP1,B,0,-1.4061501026153564,-0.28115010261535645,0.24508503079414368,0.7549149990081787,-1.408461093902588,-0.28346115350723267,0.24508503079414368,1,0,"{""A"": ""size"", ""B"": ""orientation"", ""C"": ""position"", ""D"": ""color""}",/mnt/tidalfs-hssh01/dataset/xiang/models/Qwen2.5-VL-7B-Instruct,42,not_empty,next_token
A_0100,A,STEP1,C,0,-0.6325989961624146,-0.7575989961624146,0.531209409236908,0.4687906503677368,-0.6356418132781982,-0.7606418132781982,0.531209409236908,0,1,"{""A"": ""size"", ""B"": ""orientation"", ""C"": ""position"", ""D"": ""color""}",/mnt/tidalfs-hssh01/dataset/xiang/models/Qwen2.5-VL-7B-Instruct,42,not_empty,next_token
A_0100,A,STEP1,D,0,-0.825939416885376,-0.575939416885376,0.43782350420951843,0.562176525592804,-0.8284756541252136,-0.5784756541252136,0.43782350420951843,1,0,"{""A"": ""size"", ""B"": ""orientation"", ""C"": ""position"", ""D"": ""color""}",/mnt/tidalfs-hssh01/dataset/xiang/models/Qwen2.5-VL-7B-Instruct,42,not_empty,next_token
A_0100,A,STEP1,AB,0,-0.8981232643127441,-0.5231232643127441,0.4073334038257599,0.5926665663719177,-0.8985679149627686,-0.5235679149627686,0.4073334038257599,1,0,"{""A"": ""size"", ""B"": ""orientation"", ""C"": ""position"", ""D"": ""color""}",/mnt/tidalfs-hssh01/dataset/xiang/models/Qwen2.5-VL-7B-Instruct,42,not_empty,next_token
A_0100,A,STEP1,AC,0,-1.136871099472046,-0.38687101006507874,0.32082128524780273,0.6791786551475525,-1.1371676921844482,-0.38716763257980347,0.32082128524780273,1,0,"{""A"": ""size"", ""B"": ""orientation"", ""C"": ""position"", ""D"": ""color""}",/mnt/tidalfs-hssh01/dataset/xiang/models/Qwen2.5-VL-7B-Instruct,42,not_empty,next_token
A_0100,A,STEP1,AD,0,-0.8981232643127441,-0.5231232643127441,0.4073334038257599,0.5926665663719177,-0.8985601663589478,-0.5235601663589478,0.4073334038257599,1,0,"{""A"": ""size"", ""B"": ""orientation"", ""C"": ""position"", ""D"": ""color""}",/mnt/tidalfs-hssh01/dataset/xiang/models/Qwen2.5-VL-7B-Instruct,42,not_empty,next_token
A_0100,A,STEP1,BC,0,-1.7014133930206299,-0.2014133334159851,0.18242549896240234,0.8175744414329529,-1.70205557346344,-0.20205560326576233,0.18242549896240234,1,0,"{""A"": ""size"", ""B"": ""orientation"", ""C"": ""position"", ""D"": ""color""}",/mnt/tidalfs-hssh01/dataset/xiang/models/Qwen2.5-VL-7B-Instruct,42,not_empty,next_token
A_0100,A,STEP1,BD,0,-1.5019290447235107,-0.25192904472351074,0.22270016372203827,0.7772998809814453,-1.5025379657745361,-0.2525380253791809,0.22270016372203827,1,0,"{""A"": ""size"", ""B"": ""orientation"", ""C"": ""position"", ""D"": ""color""}",/mnt/tidalfs-hssh01/dataset/xiang/models/Qwen2.5-VL-7B-Instruct,42,not_empty,next_token
A_0100,A,STEP1,CD,0,-0.6931471824645996,-0.6931471824645996,0.5,0.5,-0.6942806839942932,-0.6942806839942932,0.5,0,1,"{""A"": ""size"", ""B"": ""orientation"", ""C"": ""position"", ""D"": ""color""}",/mnt/tidalfs-hssh01/dataset/xiang/models/Qwen2.5-VL-7B-Instruct,42,not_empty,next_token
A_0100,A,STEP1,ABC,0,-1.2234445810317993,-0.3484445810317993,0.29421499371528625,0.7057850360870361,-1.2237045764923096,-0.34870460629463196,0.29421499371528625,1,0,"{""A"": ""size"", ""B"": ""orientation"", ""C"": ""position"", ""D"": ""color""}",/mnt/tidalfs-hssh01/dataset/xiang/models/Qwen2.5-VL-7B-Instruct,42,not_empty,next_token
A_0100,A,STEP1,ABD,0,-1.0537006855010986,-0.42870065569877625,0.3486451208591461,0.6513548493385315,-1.0539265871047974,-0.42892658710479736,0.3486451208591461,1,0,"{""A"": ""size"", ""B"": ""orientation"", ""C"": ""position"", ""D"": ""color""}",/mnt/tidalfs-hssh01/dataset/xiang/models/Qwen2.5-VL-7B-Instruct,42,not_empty,next_token
A_0100,A,STEP1,ACD,0,-1.1368709802627563,-0.38687101006507874,0.3208213150501251,0.6791786551475525,-1.1370233297348022,-0.38702329993247986,0.3208213150501251,1,0,"{""A"": ""size"", ""B"": ""orientation"", ""C"": ""position"", ""D"": ""color""}",/mnt/tidalfs-hssh01/dataset/xiang/models/Qwen2.5-VL-7B-Instruct,42,not_empty,next_token
A_0100,A,STEP1,BCD,0,-1.7014133930206299,-0.2014133334159851,0.18242549896240234,0.8175744414329529,-1.7017220258712769,-0.20172205567359924,0.18242549896240234,1,0,"{""A"": ""size"", ""B"": ""orientation"", ""C"": ""position"", ""D"": ""color""}",/mnt/tidalfs-hssh01/dataset/xiang/models/Qwen2.5-VL-7B-Instruct,42,not_empty,next_token
A_0100,A,STEP1,ABCD,0,-1.2234445810317993,-0.3484445810317993,0.29421499371528625,0.7057850360870361,-1.2236716747283936,-0.34867170453071594,0.29421499371528625,1,0,"{""A"": ""size"", ""B"": ""orientation"", ""C"": ""position"", ""D"": ""color""}",/mnt/tidalfs-hssh01/dataset/xiang/models/Qwen2.5-VL-7B-Instruct,42,not_empty,next_token
A_0100,A,STEP2,EMPTY,1,-1.2234445810317993,-0.3484445810317993,0.29421499371528625,0.7057850360870361,-1.2687973976135254,-0.393797367811203,0.7057850360870361,1,1,"{""A"": ""size"", ""B"": ""orientation"", ""C"": ""position"", ""D"": ""color""}",/mnt/tidalfs-hssh01/dataset/xiang/models/Qwen2.5-VL-7B-Instruct,42,text_only,next_token
A_0100,A,STEP2,A,1,-1.1368709802627563,-0.38687101006507874,0.3208213150501251,0.6791786551475525,-1.138013482093811,-0.3880135118961334,0.6791786551475525,1,1,"{""A"": ""size"", ""B"": ""orientation"", ""C"": ""position"", ""D"": ""color""}",/mnt/tidalfs-hssh01/dataset/xiang/models/Qwen2.5-VL-7B-Instruct,42,not_empty,next_token
A_0100,A,STEP2,B,1,-0.9740769863128662,-0.4740769863128662,0.3775406777858734,0.622459352016449,-0.9773802757263184,-0.47738030552864075,0.622459352016449,1,1,"{""A"": ""size"", ""B"": ""orientation"", ""C"": ""position"", ""D"": ""color""}",/mnt/tidalfs-hssh01/dataset/xiang/models/Qwen2.5-VL-7B-Instruct,42,not_empty,next_token
A_0100,A,STEP2,C,1,-0.8981232643127441,-0.5231232643127441,0.4073334038257599,0.5926665663719177,-0.9000468254089355,-0.5250468254089355,0.5926665663719177,1,1,"{""A"": ""size"", ""B"": ""orientation"", ""C"": ""position"", ""D"": ""color""}",/mnt/tidalfs-hssh01/dataset/xiang/models/Qwen2.5-VL-7B-Instruct,42,not_empty,next_token
A_0100,A,STEP2,D,1,-0.9740769863128662,-0.4740769863128662,0.3775406777858734,0.622459352016449,-0.9760007858276367,-0.4760007858276367,0.622459352016449,1,1,"{""A"": ""size"", ""B"": ""orientation"", ""C"": ""position"", ""D"": ""color""}",/mnt/tidalfs-hssh01/dataset/xiang/models/Qwen2.5-VL-7B-Instruct,42,not_empty,next_token
A_0100,A,STEP2,AB,1,-0.6931471824645996,-0.6931471824645996,0.5,0.5,-0.6944747567176819,-0.6944747567176819,0.5,0,0,"{""A"": ""size"", ""B"": ""orientation"", ""C"": ""position"", ""D"": ""color""}",/mnt/tidalfs-hssh01/dataset/xiang/models/Qwen2.5-VL-7B-Instruct,42,not_empty,next_token
A_0100,A,STEP2,AC,1,-0.9740769863128662,-0.4740769863128662,0.3775406777858734,0.622459352016449,-0.9743902683258057,-0.47439029812812805,0.622459352016449,1,1,"{""A"": ""size"", ""B"": ""orientation"", ""C"": ""position"", ""D"": ""color""}",/mnt/tidalfs-hssh01/dataset/xiang/models/Qwen2.5-VL-7B-Instruct,42,not_empty,next_token
A_0100,A,STEP2,AD,1,-1.2234445810317993,-0.3484445810317993,0.29421499371528625,0.7057850360870361,-1.2239153385162354,-0.34891536831855774,0.7057850360870361,1,1,"{""A"": ""size"", ""B"": ""orientation"", ""C"": ""position"", ""D"": ""color""}",/mnt/tidalfs-hssh01/dataset/xiang/models/Qwen2.5-VL-7B-Instruct,42,not_empty,next_token
A_0100,A,STEP2,BC,1,-0.8981232643127441,-0.5231232643127441,0.4073334038257599,0.5926665663719177,-0.90032958984375,-0.52532958984375,0.5926665663719177,1,1,"{""A"": ""size"", ""B"": ""orientation"", ""C"": ""position"", ""D"": ""color""}",/mnt/tidalfs-hssh01/dataset/xiang/models/Qwen2.5-VL-7B-Instruct,42,not_empty,next_token
A_0100,A,STEP2,BD,1,-0.9740769863128662,-0.4740769863128662,0.3775406777858734,0.622459352016449,-0.9757431745529175,-0.4757431745529175,0.622459352016449,1,1,"{""A"": ""size"", ""B"": ""orientation"", ""C"": ""position"", ""D"": ""color""}",/mnt/tidalfs-hssh01/dataset/xiang/models/Qwen2.5-VL-7B-Instruct,42,not_empty,next_token
A_0100,A,STEP2,CD,1,-0.7575989961624146,-0.6325989961624146,0.4687906503677368,0.531209409236908,-0.7586688995361328,-0.6336688995361328,0.531209409236908,1,1,"{""A"": ""size"", ""B"": ""orientation"", ""C"": ""position"", ""D"": ""color""}",/mnt/tidalfs-hssh01/dataset/xiang/models/Qwen2.5-VL-7B-Instruct,42,not_empty,next_token
A_0100,A,STEP2,ABC,1,-0.825939416885376,-0.575939416885376,0.43782350420951843,0.562176525592804,-0.8266738653182983,-0.5766738653182983,0.562176525592804,1,1,"{""A"": ""size"", ""B"": ""orientation"", ""C"": ""position"", ""D"": ""color""}",/mnt/tidalfs-hssh01/dataset/xiang/models/Qwen2.5-VL-7B-Instruct,42,not_empty,next_token
A_0100,A,STEP2,ABD,1,-1.053700566291809,-0.42870065569877625,0.3486451506614685,0.6513548493385315,-1.0542480945587158,-0.4292481541633606,0.6513548493385315,1,1,"{""A"": ""size"", ""B"": ""orientation"", ""C"": ""position"", ""D"": ""color""}",/mnt/tidalfs-hssh01/dataset/xiang/models/Qwen2.5-VL-7B-Instruct,42,not_empty,next_token
A_0100,A,STEP2,ACD,1,-0.8981232643127441,-0.5231232643127441,0.4073334038257599,0.5926665663719177,-0.8983606100082397,-0.5233606100082397,0.5926665663719177,1,1,"{""A"": ""size"", ""B"": ""orientation"", ""C"": ""position"", ""D"": ""color""}",/mnt/tidalfs-hssh01/dataset/xiang/models/Qwen2.5-VL-7B-Instruct,42,not_empty,next_token
A_0100,A,STEP2,BCD,1,-0.825939416885376,-0.575939416885376,0.43782350420951843,0.562176525592804,-0.8269269466400146,-0.5769269466400146,0.562176525592804,1,1,"{""A"": ""size"", ""B"": ""orientation"", ""C"": ""position"", ""D"": ""color""}",/mnt/tidalfs-hssh01/dataset/xiang/models/Qwen2.5-VL-7B-Instruct,42,not_empty,next_token
A_0100,A,STEP2,ABCD,1,-0.825939416885376,-0.575939416885376,0.43782350420951843,0.562176525592804,-0.8263963460922241,-0.5763963460922241,0.562176525592804,1,1,"{""A"": ""size"", ""B"": ""orientation"", ""C"": ""position"", ""D"": ""color""}",/mnt/tidalfs-hssh01/dataset/xiang/models/Qwen2.5-VL-7B-Instruct,42,not_empty,next_token
A_0100,A,FINAL,EMPTY,1,-0.7575989961624146,-0.6325989961624146,0.4687906503677368,0.531209409236908,-1.0674777030944824,-0.9424777030944824,0.531209409236908,1,1,"{""A"": ""size"", ""B"": ""orientation"", ""C"": ""position"", ""D"": ""color""}",/mnt/tidalfs-hssh01/dataset/xiang/models/Qwen2.5-VL-7B-Instruct,42,text_only,next_token
A_0100,A,FINAL,A,1,-0.8981232643127441,-0.5231232643127441,0.4073334038257599,0.5926665663719177,-0.9128466844558716,-0.5378466844558716,0.5926665663719177,1,1,"{""A"": ""size"", ""B"": ""orientation"", ""C"": ""position"", ""D"": ""color""}",/mnt/tidalfs-hssh01/dataset/xiang/models/Qwen2.5-VL-7B-Instruct,42,not_empty,next_token
A_0100,A,FINAL,B,1,-0.9740769863128662,-0.4740769863128662,0.3775406777858734,0.622459352016449,-1.0059685707092285,-0.5059685707092285,0.622459352016449,1,1,"{""A"": ""size"", ""B"": ""orientation"", ""C"": ""position"", ""D"": ""color""}",/mnt/tidalfs-hssh01/dataset/xiang/models/Qwen2.5-VL-7B-Instruct,42,not_empty,next_token
A_0100,A,FINAL,C,1,-0.7575989961624146,-0.6325989961624146,0.4687906503677368,0.531209409236908,-0.7903133630752563,-0.6653133630752563,0.531209409236908,1,1,"{""A"": ""size"", ""B"": ""orientation"", ""C"": ""position"", ""D"": ""color""}",/mnt/tidalfs-hssh01/dataset/xiang/models/Qwen2.5-VL-7B-Instruct,42,not_empty,next_token
A_0100,A,FINAL,D,1,-0.825939416885376,-0.575939416885376,0.43782350420951843,0.562176525592804,-0.8437479138374329,-0.5937479138374329,0.562176525592804,1,1,"{""A"": ""size"", ""B"": ""orientation"", ""C"": ""position"", ""D"": ""color""}",/mnt/tidalfs-hssh01/dataset/xiang/models/Qwen2.5-VL-7B-Instruct,42,not_empty,next_token
A_0100,A,FINAL,AB,1,-0.6931471824645996,-0.6931471824645996,0.5,0.5,-0.6953505873680115,-0.6953505873680115,0.5,0,0,"{""A"": ""size"", ""B"": ""orientation"", ""C"": ""position"", ""D"": ""color""}",/mnt/tidalfs-hssh01/dataset/xiang/models/Qwen2.5-VL-7B-Instruct,42,not_empty,next_token
A_0100,A,FINAL,AC,1,-0.825939416885376,-0.575939416885376,0.43782350420951843,0.562176525592804,-0.8269270062446594,-0.5769270062446594,0.562176525592804,1,1,"{""A"": ""size"", ""B"": ""orientation"", ""C"": ""position"", ""D"": ""color""}",/mnt/tidalfs-hssh01/dataset/xiang/models/Qwen2.5-VL-7B-Instruct,42,not_empty,next_token
A_0100,A,FINAL,AD,1,-0.825939416885376,-0.575939416885376,0.43782350420951843,0.562176525592804,-0.8275790810585022,-0.5775790810585022,0.562176525592804,1,1,"{""A"": ""size"", ""B"": ""orientation"", ""C"": ""position"", ""D"": ""color""}",/mnt/tidalfs-hssh01/dataset/xiang/models/Qwen2.5-VL-7B-Instruct,42,not_empty,next_token
A_0100,A,FINAL,BC,1,-0.7575989961624146,-0.6325989961624146,0.4687906503677368,0.531209409236908,-0.7709290981292725,-0.6459290981292725,0.531209409236908,1,1,"{""A"": ""size"", ""B"": ""orientation"", ""C"": ""position"", ""D"": ""color""}",/mnt/tidalfs-hssh01/dataset/xiang/models/Qwen2.5-VL-7B-Instruct,42,not_empty,next_token
A_0100,A,FINAL,BD,1,-0.8981232643127441,-0.5231232643127441,0.4073334038257599,0.5926665663719177,-0.904366672039032,-0.529366672039032,0.5926665663719177,1,1,"{""A"": ""size"", ""B"": ""orientation"", ""C"": ""position"", ""D"": ""color""}",/mnt/tidalfs-hssh01/dataset/xiang/models/Qwen2.5-VL-7B-Instruct,42,not_empty,next_token
A_0100,A,FINAL,CD,1,-0.825939416885376,-0.575939416885376,0.43782350420951843,0.562176525592804,-0.8338131308555603,-0.5838131308555603,0.562176525592804,1,1,"{""A"": ""size"", ""B"": ""orientation"", ""C"": ""position"", ""D"": ""color""}",/mnt/tidalfs-hssh01/dataset/xiang/models/Qwen2.5-VL-7B-Instruct,42,not_empty,next_token
A_0100,A,FINAL,ABC,1,-0.7575989961624146,-0.6325989961624146,0.4687906503677368,0.531209409236908,-0.7605183720588684,-0.6355183720588684,0.531209409236908,1,1,"{""A"": ""size"", ""B"": ""orientation"", ""C"": ""position"", ""D"": ""color""}",/mnt/tidalfs-hssh01/dataset/xiang/models/Qwen2.5-VL-7B-Instruct,42,not_empty,next_token
A_0100,A,FINAL,ABD,1,-0.7575989961624146,-0.6325989961624146,0.4687906503677368,0.531209409236908,-0.7589442729949951,-0.6339442729949951,0.531209409236908,1,1,"{""A"": ""size"", ""B"": ""orientation"", ""C"": ""position"", ""D"": ""color""}",/mnt/tidalfs-hssh01/dataset/xiang/models/Qwen2.5-VL-7B-Instruct,42,not_empty,next_token
A_0100,A,FINAL,ACD,1,-0.8981232643127441,-0.5231232643127441,0.4073334038257599,0.5926665663719177,-0.8989652395248413,-0.5239652395248413,0.5926665663719177,1,1,"{""A"": ""size"", ""B"": ""orientation"", ""C"": ""position"", ""D"": ""color""}",/mnt/tidalfs-hssh01/dataset/xiang/models/Qwen2.5-VL-7B-Instruct,42,not_empty,next_token
A_0100,A,FINAL,BCD,1,-0.8981232643127441,-0.5231232643127441,0.4073334038257599,0.5926665663719177,-0.9031798243522644,-0.5281798243522644,0.5926665663719177,1,1,"{""A"": ""size"", ""B"": ""orientation"", ""C"": ""position"", ""D"": ""color""}",/mnt/tidalfs-hssh01/dataset/xiang/models/Qwen2.5-VL-7B-Instruct,42,not_empty,next_token
A_0100,A,FINAL,ABCD,1,-0.8981232643127441,-0.5231232643127441,0.4073334038257599,0.5926665663719177,-0.8993861675262451,-0.5243861675262451,0.5926665663719177,1,1,"{""A"": ""size"", ""B"": ""orientation"", ""C"": ""position"", ""D"": ""color""}",/mnt/tidalfs-hssh01/dataset/xiang/models/Qwen2.5-VL-7B-Instruct,42,not_empty,next_token
A_0108,A,STEP1,EMPTY,1,-0.6931471824645996,-0.6931471824645996,0.5,0.5,-0.819155216217041,-0.819155216217041,0.5,0,0,"{""A"": ""size"", ""B"": ""orientation"", ""C"": ""position"", ""D"": ""color""}",/mnt/tidalfs-hssh01/dataset/xiang/models/Qwen2.5-VL-7B-Instruct,42,text_only,next_token
A_0108,A,STEP1,A,1,-0.9740769863128662,-0.4740769863128662,0.3775406777858734,0.622459352016449,-0.9751812815666199,-0.4751812815666199,0.622459352016449,1,1,"{""A"": ""size"", ""B"": ""orientation"", ""C"": ""position"", ""D"": ""color""}",/mnt/tidalfs-hssh01/dataset/xiang/models/Qwen2.5-VL-7B-Instruct,42,not_empty,next_token
A_0108,A,STEP1,B,1,-0.825939416885376,-0.575939416885376,0.43782350420951843,0.562176525592804,-0.829914927482605,-0.579914927482605,0.562176525592804,1,1,"{""A"": ""size"", ""B"": ""orientation"", ""C"": ""position"", ""D"": ""color""}",/mnt/tidalfs-hssh01/dataset/xiang/models/Qwen2.5-VL-7B-Instruct,42,not_empty,next_token
A_0108,A,STEP1,C,1,-0.6325989961624146,-0.7575989961624146,0.531209409236908,0.4687906503677368,-0.6354181170463562,-0.7604181170463562,0.4687906503677368,0,0,"{""A"": ""size"", ""B"": ""orientation"", ""C"": ""position"", ""D"": ""color""}",/mnt/tidalfs-hssh01/dataset/xiang/models/Qwen2.5-VL-7B-Instruct,42,not_empty,next_token
A_0108,A,STEP1,D,1,-0.8981232643127441,-0.5231232643127441,0.4073334038257599,0.5926665663719177,-0.9017981886863708,-0.5267981886863708,0.5926665663719177,1,1,"{""A"": ""size"", ""B"": ""orientation"", ""C"": ""position"", ""D"": ""color""}",/mnt/tidalfs-hssh01/dataset/xiang/models/Qwen2.5-VL-7B-Instruct,42,not_empty,next_token
A_0108,A,STEP1,AB,1,-0.825939416885376,-0.575939416885376,0.43782350420951843,0.562176525592804,-0.8263529539108276,-0.5763529539108276,0.562176525592804,1,1,"{""A"": ""size"", ""B"": ""orientation"", ""C"": ""position"", ""D"": ""color""}",/mnt/tidalfs-hssh01/dataset/xiang/models/Qwen2.5-VL-7B-Instruct,42,not_empty,next_token
A_0108,A,STEP1,AC,1,-1.1368709802627563,-0.38687101006507874,0.3208213150501251,0.6791786551475525,-1.13720703125,-0.3872070610523224,0.6791786551475525,1,1,"{""A"": ""size"", ""B"": ""orientation"", ""C"": ""position"", ""D"": ""color""}",/mnt/tidalfs-hssh01/dataset/xiang/models/Qwen2.5-VL-7B-Instruct,42,not_empty,next_token
A_0108,A,STEP1,AD,1,-0.825939416885376,-0.575939416885376,0.43782350420951843,0.562176525592804,-0.8266286253929138,-0.5766286253929138,0.562176525592804,1,1,"{""A"": ""size"", ""B"": ""orientation"", ""C"": ""position"", ""D"": ""color""}",/mnt/tidalfs-hssh01/dataset/xiang/models/Qwen2.5-VL-7B-Instruct,42,not_empty,next_token
A_0108,A,STEP1,BC,1,-0.7575989961624146,-0.6325989961624146,0.4687906503677368,0.531209409236908,-0.7588340044021606,-0.6338340044021606,0.531209409236908,1,1,"{""A"": ""size"", ""B"": ""orientation"", ""C"": ""position"", ""D"": ""color""}",/mnt/tidalfs-hssh01/dataset/xiang/models/Qwen2.5-VL-7B-Instruct,42,not_empty,next_token
A_0108,A,STEP1,BD,1,-0.6931471824645996,-0.6931471824645996,0.5,0.5,-0.6946128606796265,-0.6946128606796265,0.5,0,0,"{""A"": ""size"", ""B"": ""orientation"", ""C"": ""position"", ""D"": ""color""}",/mnt/tidalfs-hssh01/dataset/xiang/models/Qwen2.5-VL-7B-Instruct,42,not_empty,next_token
A_0108,A,STEP1,CD,1,-0.6931471824645996,-0.6931471824645996,0.5,0.5,-0.6941729187965393,-0.6941729187965393,0.5,0,0,"{""A"": ""size"", ""B"": ""orientation"", ""C"": ""position"", ""D"": ""color""}",/mnt/tidalfs-hssh01/dataset/xiang/models/Qwen2.5-VL-7B-Instruct,42,not_empty,next_token
A_0108,A,STEP1,ABC,1,-1.053700566291809,-0.42870065569877625,0.3486451506614685,0.6513548493385315,-1.0539822578430176,-0.42898231744766235,0.6513548493385315,1,1,"{""A"": ""size"", ""B"": ""orientation"", ""C"": ""position"", ""D"": ""color""}",/mnt/tidalfs-hssh01/dataset/xiang/models/Qwen2.5-VL-7B-Instruct,42,not_empty,next_token
A_0108,A,STEP1,ABD,1,-0.8981232643127441,-0.5231232643127441,0.4073334038257599,0.5926665663719177,-0.8983427882194519,-0.5233427882194519,0.5926665663719177,1,1,"{""A"": ""size"", ""B"": ""orientation"", ""C"": ""position"", ""D"": ""color""}",/mnt/tidalfs-hssh01/dataset/xiang/models/Qwen2.5-VL-7B-Instruct,42,not_empty,next_token
A_0108,A,STEP1,ACD,1,-1.053700566291809,-0.42870065569877625,0.3486451506614685,0.6513548493385315,-1.0538690090179443,-0.4288690686225891,0.6513548493385315,1,1,"{""A"": ""size"", ""B"": ""orientation"", ""C"": ""position"", ""D"": ""color""}",/mnt/tidalfs-hssh01/dataset/xiang/models/Qwen2.5-VL-7B-Instruct,42,not_empty,next_token
A_0108,A,STEP1,BCD,1,-0.6325989961624146,-0.7575989961624146,0.531209409236908,0.4687906503677368,-0.633184015750885,-0.758184015750885,0.4687906503677368,0,0,"{""A"": ""size"", ""B"": ""orientation"", ""C"": ""position"", ""D"": ""color""}",/mnt/tidalfs-hssh01/dataset/xiang/models/Qwen2.5-VL-7B-Instruct,42,not_empty,next_token
A_0108,A,STEP1,ABCD,1,-0.9740769863128662,-0.4740769863128662,0.3775406777858734,0.622459352016449,-0.9743466973304749,-0.47434669733047485,0.622459352016449,1,1,"{""A"": ""size"", ""B"": ""orientation"", ""C"": ""position"", ""D"": ""color""}",/mnt/tidalfs-hssh01/dataset/xiang/models/Qwen2.5-VL-7B-Instruct,42,not_empty,next_token
A_0108,A,STEP2,EMPTY,1,-1.2234445810317993,-0.3484445810317993,0.29421499371528625,0.7057850360870361,-1.2687973976135254,-0.393797367811203,0.7057850360870361,1,1,"{""A"": ""size"", ""B"": ""orientation"", ""C"": ""position"", ""D"": ""color""}",/mnt/tidalfs-hssh01/dataset/xiang/models/Qwen2.5-VL-7B-Instruct,42,text_only,next_token
A_0108,A,STEP2,A,1,-1.1368709802627563,-0.38687101006507874,0.3208213150501251,0.6791786551475525,-1.138013482093811,-0.3880135118961334,0.6791786551475525,1,1,"{""A"": ""size"", ""B"": ""orientation"", ""C"": ""position"", ""D"": ""color""}",/mnt/tidalfs-hssh01/dataset/xiang/models/Qwen2.5-VL-7B-Instruct,42,not_empty,next_token
A_0108,A,STEP2,B,1,-0.9740769863128662,-0.4740769863128662,0.3775406777858734,0.622459352016449,-0.9792059659957886,-0.4792059361934662,0.622459352016449,1,1,"{""A"": ""size"", ""B"": ""orientation"", ""C"": ""position"", ""D"": ""color""}",/mnt/tidalfs-hssh01/dataset/xiang/models/Qwen2.5-VL-7B-Instruct,42,not_empty,next_token
A_0108,A,STEP2,C,1,-0.825939416885376,-0.575939416885376,0.43782350420951843,0.562176525592804,-0.8279662728309631,-0.5779662728309631,0.562176525592804,1,1,"{""A"": ""size"", ""B"": ""orientation"", ""C"": ""position"", ""D"": ""color""}",/mnt/tidalfs-hssh01/dataset/xiang/models/Qwen2.5-VL-7B-Instruct,42,not_empty,next_token
A_0108,A,STEP2,D,1,-1.0537006855010986,-0.42870065569877625,0.3486451208591461,0.6513548493385315,-1.055504560470581,-0.43050456047058105,0.6513548493385315,1,1,"{""A"": ""size"", ""B"": ""orientation"", ""C"": ""position"", ""D"": ""color""}",/mnt/tidalfs-hssh01/dataset/xiang/models/Qwen2.5-VL-7B-Instruct,42,not_empty,next_token
A_0108,A,STEP2,AB,1,-0.825939416885376,-0.575939416885376,0.43782350420951843,0.562176525592804,-0.8272293210029602,-0.5772293210029602,0.562176525592804,1,1,"{""A"": ""size"", ""B"": ""orientation"", ""C"": ""position"", ""D"": ""color""}",/mnt/tidalfs-hssh01/dataset/xiang/models/Qwen2.5-VL-7B-Instruct,42,not_empty,next_token
A_0108,A,STEP2,AC,1,-0.825939416885376,-0.575939416885376,0.43782350420951843,0.562176525592804,-0.8263770937919617,-0.5763770937919617,0.562176525592804,1,1,"{""A"": ""size"", ""B"": ""orientation"", ""C"": ""position"", ""D"": ""color""}",/mnt/tidalfs-hssh01/dataset/xiang/models/Qwen2.5-VL-7B-Instruct,42,not_empty,next_token
A_0108,A,STEP2,AD,1,-1.2234445810317993,-0.3484445810317993,0.29421499371528625,0.7057850360870361,-1.2240121364593506,-0.349012166261673,0.7057850360870361,1,1,"{""A"": ""size"", ""B"": ""orientation"", ""C"": ""position"", ""D"": ""color""}",/mnt/tidalfs-hssh01/dataset/xiang/models/Qwen2.5-VL-7B-Instruct,42,not_empty,next_token
A_0108,A,STEP2,BC,1,-0.8981232643127441,-0.5231232643127441,0.4073334038257599,0.5926665663719177,-0.9000890254974365,-0.5250890254974365,0.5926665663719177,1,1,"{""A"": ""size"", ""B"": ""orientation"", ""C"": ""position"", ""D"": ""color""}",/mnt/tidalfs-hssh01/dataset/xiang/models/Qwen2.5-VL-7B-Instruct,42,not_empty,next_token
A_0108,A,STEP2,BD,1,-0.8981232643127441,-0.5231232643127441,0.4073334038257599,0.5926665663719177,-0.8997541666030884,-0.5247541666030884,0.5926665663719177,1,1,"{""A"": ""size"", ""B"": ""orientation"", ""C"": ""position"", ""D"": ""color""}",/mnt/tidalfs-hssh01/dataset/xiang/models/Qwen2.5-VL-7B-Instruct,42,not_empty,next_token
A_0108,A,STEP2,CD,1,-0.825939416885376,-0.575939416885376,0.43782350420951843,0.562176525592804,-0.826636791229248,-0.576636791229248,0.562176525592804,1,1,"{""A"": ""size"", ""B"": ""orientation"", ""C"": ""position"", ""D"": ""color""}",/mnt/tidalfs-hssh01/dataset/xiang/models/Qwen2.5-VL-7B-Instruct,42,not_empty,next_token
A_0108,A,STEP2,ABC,1,-0.7575989961624146,-0.6325989961624146,0.4687906503677368,0.531209409236908,-0.7582029104232788,-0.6332029104232788,0.531209409236908,1,1,"{""A"": ""size"", ""B"": ""orientation"", ""C"": ""position"", ""D"": ""color""}",/mnt/tidalfs-hssh01/dataset/xiang/models/Qwen2.5-VL-7B-Instruct,42,not_empty,next_token
A_0108,A,STEP2,ABD,1,-1.1368709802627563,-0.38687101006507874,0.3208213150501251,0.6791786551475525,-1.1374157667160034,-0.3874157667160034,0.6791786551475525,1,1,"{""A"": ""size"", ""B"": ""orientation"", ""C"": ""position"", ""D"": ""color""}",/mnt/tidalfs-hssh01/dataset/xiang/models/Qwen2.5-VL-7B-Instruct,42,not_empty,next_token
A_0108,A,STEP2,ACD,1,-0.7575989961624146,-0.6325989961624146,0.4687906503677368,0.531209409236908,-0.7579054236412048,-0.6329054236412048,0.531209409236908,1,1,"{""A"": ""size"", ""B"": ""orientation"", ""C"": ""position"", ""D"": ""color""}",/mnt/tidalfs-hssh01/dataset/xiang/models/Qwen2.5-VL-7B-Instruct,42,not_empty,next_token
A_0108,A,STEP2,BCD,1,-0.825939416885376,-0.575939416885376,0.43782350420951843,0.562176525592804,-0.8270338177680969,-0.5770338177680969,0.562176525592804,1,1,"{""A"": ""size"", ""B"": ""orientation"", ""C"": ""position"", ""D"": ""color""}",/mnt/tidalfs-hssh01/dataset/xiang/models/Qwen2.5-VL-7B-Instruct,42,not_empty,next_token
A_0108,A,STEP2,ABCD,1,-0.7575989961624146,-0.6325989961624146,0.4687906503677368,0.531209409236908,-0.7582058310508728,-0.6332058310508728,0.531209409236908,1,1,"{""A"": ""size"", ""B"": ""orientation"", ""C"": ""position"", ""D"": ""color""}",/mnt/tidalfs-hssh01/dataset/xiang/models/Qwen2.5-VL-7B-Instruct,42,not_empty,next_token
A_0108,A,FINAL,EMPTY,0,-0.7575989961624146,-0.6325989961624146,0.4687906503677368,0.531209409236908,-1.0674777030944824,-0.9424777030944824,0.4687906503677368,1,0,"{""A"": ""size"", ""B"": ""orientation"", ""C"": ""position"", ""D"": ""color""}",/mnt/tidalfs-hssh01/dataset/xiang/models/Qwen2.5-VL-7B-Instruct,42,text_only,next_token
A_0108,A,FINAL,A,0,-0.8981232643127441,-0.5231232643127441,0.4073334038257599,0.5926665663719177,-0.9128466844558716,-0.5378466844558716,0.4073334038257599,1,0,"{""A"": ""size"", ""B"": ""orientation"", ""C"": ""position"", ""D"": ""color""}",/mnt/tidalfs-hssh01/dataset/xiang/models/Qwen2.5-VL-7B-Instruct,42,not_empty,next_token
A_0108,A,FINAL,B,0,-0.825939416885376,-0.575939416885376,0.43782350420951843,0.562176525592804,-0.8610583543777466,-0.6110583543777466,0.43782350420951843,1,0,"{""A"": ""size"", ""B"": ""orientation"", ""C"": ""position"", ""D"": ""color""}",/mnt/tidalfs-hssh01/dataset/xiang/models/Qwen2.5-VL-7B-Instruct,42,not_empty,next_token
A_0108,A,FINAL,C,0,-0.7575989961624146,-0.6325989961624146,0.4687906503677368,0.531209409236908,-0.7881191968917847,-0.6631191968917847,0.4687906503677368,1,0,"{""A"": ""size"", ""B"": ""orientation"", ""C"": ""position"", ""D"": ""color""}",/mnt/tidalfs-hssh01/dataset/xiang/models/Qwen2.5-VL-7B-Instruct,42,not_empty,next_token
A_0108,A,FINAL,D,0,-0.825939416885376,-0.575939416885376,0.43782350420951843,0.562176525592804,-0.8468918800354004,-0.5968918800354004,0.43782350420951843,1,0,"{""A"": ""size"", ""B"": ""orientation"", ""C"": ""position"", ""D"": ""color""}",/mnt/tidalfs-hssh01/dataset/xiang/models/Qwen2.5-VL-7B-Instruct,42,not_empty,next_token
A_0108,A,FINAL,AB,0,-0.6931471824645996,-0.6931471824645996,0.5,0.5,-0.6972835063934326,-0.6972835063934326,0.5,0,1,"{""A"": ""size"", ""B"": ""orientation"", ""C"": ""position"", ""D"": ""color""}",/mnt/tidalfs-hssh01/dataset/xiang/models/Qwen2.5-VL-7B-Instruct,42,not_empty,next_token
A_0108,A,FINAL,AC,0,-0.825939416885376,-0.575939416885376,0.43782350420951843,0.562176525592804,-0.827049732208252,-0.577049732208252,0.43782350420951843,1,0,"{""A"": ""size"", ""B"": ""orientation"", ""C"": ""position"", ""D"": ""color""}",/mnt/tidalfs-hssh01/dataset/xiang/models/Qwen2.5-VL-7B-Instruct,42,not_empty,next_token
A_0108,A,FINAL,AD,0,-0.7575989961624146,-0.6325989961624146,0.4687906503677368,0.531209409236908,-0.7601379752159119,-0.6351379752159119,0.4687906503677368,1,0,"{""A"": ""size"", ""B"": ""orientation"", ""C"": ""position"", ""D"": ""color""}",/mnt/tidalfs-hssh01/dataset/xiang/models/Qwen2.5-VL-7B-Instruct,42,not_empty,next_token
A_0108,A,FINAL,BC,0,-0.7575989961624146,-0.6325989961624146,0.4687906503677368,0.531209409236908,-0.7772483825683594,-0.6522483825683594,0.4687906503677368,1,0,"{""A"": ""size"", ""B"": ""orientation"", ""C"": ""position"", ""D"": ""color""}",/mnt/tidalfs-hssh01/dataset/xiang/models/Qwen2.5-VL-7B-Instruct,42,not_empty,next_token
A_0108,A,FINAL,BD,0,-0.825939416885376,-0.575939416885376,0.43782350420951843,0.562176525592804,-0.8403910994529724,-0.5903910994529724,0.43782350420951843,1,0,"{""A"": ""size"", ""B"": ""orientation"", ""C"": ""position"", ""D"": ""color""}",/mnt/tidalfs-hssh01/dataset/xiang/models/Qwen2.5-VL-7B-Instruct,42,not_empty,next_token
A_0108,A,FINAL,CD,0,-0.7575989961624146,-0.6325989961624146,0.4687906503677368,0.531209409236908,-0.7636268138885498,-0.6386268138885498,0.4687906503677368,1,0,"{""A"": ""size"", ""B"": ""orientation"", ""C"": ""position"", ""D"": ""color""}",/mnt/tidalfs-hssh01/dataset/xiang/models/Qwen2.5-VL-7B-Instruct,42,not_empty,next_token
A_0108,A,FINAL,ABC,0,-0.825939416885376,-0.575939416885376,0.43782350420951843,0.562176525592804,-0.8283205032348633,-0.5783205032348633,0.43782350420951843,1,0,"{""A"": ""size"", ""B"": ""orientation"", ""C"": ""position"", ""D"": ""color""}",/mnt/tidalfs-hssh01/dataset/xiang/models/Qwen2.5-VL-7B-Instruct,42,not_empty,next_token
A_0108,A,FINAL,ABD,0,-0.7575989961624146,-0.6325989961624146,0.4687906503677368,0.531209409236908,-0.7591253519058228,-0.6341253519058228,0.4687906503677368,1,0,"{""A"": ""size"", ""B"": ""orientation"", ""C"": ""position"", ""D"": ""color""}",/mnt/tidalfs-hssh01/dataset/xiang/models/Qwen2.5-VL-7B-Instruct,42,not_empty,next_token
A_0108,A,FINAL,ACD,0,-0.825939416885376,-0.575939416885376,0.43782350420951843,0.562176525592804,-0.8268327116966248,-0.5768327116966248,0.43782350420951843,1,0,"{""A"": ""size"", ""B"": ""orientation"", ""C"": ""position"", ""D"": ""color""}",/mnt/tidalfs-hssh01/dataset/xiang/models/Qwen2.5-VL-7B-Instruct,42,not_empty,next_token
A_0108,A,FINAL,BCD,0,-0.825939416885376,-0.575939416885376,0.43782350420951843,0.562176525592804,-0.8321448564529419,-0.5821448564529419,0.43782350420951843,1,0,"{""A"": ""size"", ""B"": ""orientation"", ""C"": ""position"", ""D"": ""color""}",/mnt/tidalfs-hssh01/dataset/xiang/models/Qwen2.5-VL-7B-Instruct,42,not_empty,next_token
A_0108,A,FINAL,ABCD,0,-0.825939416885376,-0.575939416885376,0.43782350420951843,0.562176525592804,-0.8274773955345154,-0.5774773955345154,0.43782350420951843,1,0,"{""A"": ""size"", ""B"": ""orientation"", ""C"": ""position"", ""D"": ""color""}",/mnt/tidalfs-hssh01/dataset/xiang/models/Qwen2.5-VL-7B-Instruct,42,not_empty,next_token
A_0116,A,STEP1,EMPTY,0,-0.7575989961624146,-0.6325989961624146,0.4687906503677368,0.531209409236908,-0.8536394238471985,-0.7286394238471985,0.4687906503677368,1,0,"{""A"": ""orientation"", ""B"": ""position"", ""C"": ""color"", ""D"": ""size""}",/mnt/tidalfs-hssh01/dataset/xiang/models/Qwen2.5-VL-7B-Instruct,42,text_only,next_token
A_0116,A,STEP1,A,0,-0.7575989961624146,-0.6325989961624146,0.4687906503677368,0.531209409236908,-0.7644864916801453,-0.6394864916801453,0.4687906503677368,1,0,"{""A"": ""orientation"", ""B"": ""position"", ""C"": ""color"", ""D"": ""size""}",/mnt/tidalfs-hssh01/dataset/xiang/models/Qwen2.5-VL-7B-Instruct,42,not_empty,next_token
A_0116,A,STEP1,B,0,-0.825939416885376,-0.575939416885376,0.43782350420951843,0.562176525592804,-0.8280855417251587,-0.5780855417251587,0.43782350420951843,1,0,"{""A"": ""orientation"", ""B"": ""position"", ""C"": ""color"", ""D"": ""size""}",/mnt/tidalfs-hssh01/dataset/xiang/models/Qwen2.5-VL-7B-Instruct,42,not_empty,next_token
A_0116,A,STEP1,C,0,-0.825939416885376,-0.575939416885376,0.43782350420951843,0.562176525592804,-0.8287026286125183,-0.5787026286125183,0.43782350420951843,1,0,"{""A"": ""orientation"", ""B"": ""position"", ""C"": ""color"", ""D"": ""size""}",/mnt/tidalfs-hssh01/dataset/xiang/models/Qwen2.5-VL-7B-Instruct,42,not_empty,next_token
A_0116,A,STEP1,D,0,-0.8981232643127441,-0.5231232643127441,0.4073334038257599,0.5926665663719177,-0.9047233462333679,-0.5297233462333679,0.4073334038257599,1,0,"{""A"": ""orientation"", ""B"": ""position"", ""C"": ""color"", ""D"": ""size""}",/mnt/tidalfs-hssh01/dataset/xiang/models/Qwen2.5-VL-7B-Instruct,42,not_empty,next_token
A_0116,A,STEP1,AB,0,-0.7575989961624146,-0.6325989961624146,0.4687906503677368,0.531209409236908,-0.7582846283912659,-0.6332846283912659,0.4687906503677368,1,0,"{""A"": ""orientation"", ""B"": ""position"", ""C"": ""color"", ""D"": ""size""}",/mnt/tidalfs-hssh01/dataset/xiang/models/Qwen2.5-VL-7B-Instruct,42,not_empty,next_token
A_0116,A,STEP1,AC,0,-0.825939416885376,-0.575939416885376,0.43782350420951843,0.562176525592804,-0.8264418244361877,-0.5764418244361877,0.43782350420951843,1,0,"{""A"": ""orientation"", ""B"": ""position"", ""C"": ""color"", ""D"": ""size""}",/mnt/tidalfs-hssh01/dataset/xiang/models/Qwen2.5-VL-7B-Instruct,42,not_empty,next_token
A_0116,A,STEP1,AD,0,-0.825939416885376,-0.575939416885376,0.43782350420951843,0.562176525592804,-0.8271724581718445,-0.5771724581718445,0.43782350420951843,1,0,"{""A"": ""orientation"", ""B"": ""position"", ""C"": ""color"", ""D"": ""size""}",/mnt/tidalfs-hssh01/dataset/xiang/models/Qwen2.5-VL-7B-Instruct,42,not_empty,next_token
A_0116,A,STEP1,BC,0,-0.8981232643127441,-0.5231232643127441,0.4073334038257599,0.5926665663719177,-0.898585319519043,-0.523585319519043,0.4073334038257599,1,0,"{""A"": ""orientation"", ""B"": ""position"", ""C"": ""color"", ""D"": ""size""}",/mnt/tidalfs-hssh01/dataset/xiang/models/Qwen2.5-VL-7B-Instruct,42,not_empty,next_token
A_0116,A,STEP1,BD,0,-0.9740769863128662,-0.4740769863128662,0.3775406777858734,0.622459352016449,-0.974552571773529,-0.47455257177352905,0.3775406777858734,1,0,"{""A"": ""orientation"", ""B"": ""position"", ""C"": ""color"", ""D"": ""size""}",/mnt/tidalfs-hssh01/dataset/xiang/models/Qwen2.5-VL-7B-Instruct,42,not_empty,next_token
A_0116,A,STEP1,CD,0,-0.9740769863128662,-0.4740769863128662,0.3775406777858734,0.622459352016449,-0.9743980765342712,-0.47439807653427124,0.3775406777858734,1,0,"{""A"": ""orientation"", ""B"": ""position"", ""C"": ""color"", ""D"": ""size""}",/mnt/tidalfs-hssh01/dataset/xiang/models/Qwen2.5-VL-7B-Instruct,42,not_empty,next_token
A_0116,A,STEP1,ABC,0,-0.825939416885376,-0.575939416885376,0.43782350420951843,0.562176525592804,-0.8262364864349365,-0.5762364864349365,0.43782350420951843,1,0,"{""A"": ""orientation"", ""B"": ""position"", ""C"": ""color"", ""D"": ""size""}",/mnt/tidalfs-hssh01/dataset/xiang/models/Qwen2.5-VL-7B-Instruct,42,not_empty,next_token
A_0116,A,STEP1,ABD,0,-0.825939416885376,-0.575939416885376,0.43782350420951843,0.562176525592804,-0.8262984156608582,-0.5762984156608582,0.43782350420951843,1,0,"{""A"": ""orientation"", ""B"": ""position"", ""C"": ""color"", ""D"": ""size""}",/mnt/tidalfs-hssh01/dataset/xiang/models/Qwen2.5-VL-7B-Instruct,42,not_empty,next_token
A_0116,A,STEP1,ACD,0,-0.8981232643127441,-0.5231232643127441,0.4073334038257599,0.5926665663719177,-0.8983761072158813,-0.5233761072158813,0.4073334038257599,1,0,"{""A"": ""orientation"", ""B"": ""position"", ""C"": ""color"", ""D"": ""size""}",/mnt/tidalfs-hssh01/dataset/xiang/models/Qwen2.5-VL-7B-Instruct,42,not_empty,next_token
A_0116,A,STEP1,BCD,0,-0.825939416885376,-0.575939416885376,0.43782350420951843,0.562176525592804,-0.8262153267860413,-0.5762153267860413,0.43782350420951843,1,0,"{""A"": ""orientation"", ""B"": ""position"", ""C"": ""color"", ""D"": ""size""}",/mnt/tidalfs-hssh01/dataset/xiang/models/Qwen2.5-VL-7B-Instruct,42,not_empty,next_token
A_0116,A,STEP1,ABCD,0,-0.9740769863128662,-0.4740769863128662,0.3775406777858734,0.622459352016449,-0.9742908477783203,-0.4742908179759979,0.3775406777858734,1,0,"{""A"": ""orientation"", ""B"": ""position"", ""C"": ""color"", ""D"": ""size""}",/mnt/tidalfs-hssh01/dataset/xiang/models/Qwen2.5-VL-7B-Instruct,42,not_empty,next_token
A_0116,A,STEP2,EMPTY,0,-1.3132617473602295,-0.3132617473602295,0.26894140243530273,0.7310584783554077,-1.3575432300567627,-0.3575432002544403,0.26894140243530273,1,0,"{""A"": ""orientation"", ""B"": ""position"", ""C"": ""color"", ""D"": ""size""}",/mnt/tidalfs-hssh01/dataset/xiang/models/Qwen2.5-VL-7B-Instruct,42,text_only,next_token
A_0116,A,STEP2,A,0,-1.3132617473602295,-0.3132617473602295,0.26894140243530273,0.7310584783554077,-1.3183958530426025,-0.3183959126472473,0.26894140243530273,1,0,"{""A"": ""orientation"", ""B"": ""position"", ""C"": ""color"", ""D"": ""size""}",/mnt/tidalfs-hssh01/dataset/xiang/models/Qwen2.5-VL-7B-Instruct,42,not_empty,next_token
A_0116,A,STEP2,B,0,-1.1368709802627563,-0.38687101006507874,0.3208213150501251,0.6791786551475525,-1.13828706741333,-0.3882870674133301,0.3208213150501251,1,0,"{""A"": ""orientation"", ""B"": ""position"", ""C"": ""color"", ""D"": ""size""}",/mnt/tidalfs-hssh01/dataset/xiang/models/Qwen2.5-VL-7B-Instruct,42,not_empty,next_token
A_0116,A,STEP2,C,0,-1.1368709802627563,-0.38687101006507874,0.3208213150501251,0.6791786551475525,-1.1384496688842773,-0.38844969868659973,0.3208213150501251,1,0,"{""A"": ""orientation"", ""B"": ""position"", ""C"": ""color"", ""D"": ""size""}",/mnt/tidalfs-hssh01/dataset/xiang/models/Qwen2.5-VL-7B-Instruct,42,not_empty,next_token
A_0116,A,STEP2,D,0,-1.2234445810317993,-0.3484445810317993,0.29421499371528625,0.7057850360870361,-1.2257637977600098,-0.35076379776000977,0.29421499371528625,1,0,"{""A"": ""orientation"", ""B"": ""position"", ""C"": ""color"", ""D"": ""size""}",/mnt/tidalfs-hssh01/dataset/xiang/models/Qwen2.5-VL-7B-Instruct,42,not_empty,next_token
A_0116,A,STEP2,AB,0,-1.1368709802627563,-0.38687101006507874,0.3208213150501251,0.6791786551475525,-1.1385843753814697,-0.3885843753814697,0.3208213150501251,1,0,"{""A"": ""orientation"", ""B"": ""position"", ""C"": ""color"", ""D"": ""size""}",/mnt/tidalfs-hssh01/dataset/xiang/models/Qwen2.5-VL-7B-Instruct,42,not_empty,next_token
A_0116,A,STEP2,AC,0,-1.2234445810317993,-0.3484445810317993,0.29421499371528625,0.7057850360870361,-1.2240785360336304,-0.349078506231308,0.29421499371528625,1,0,"{""A"": ""orientation"", ""B"": ""position"", ""C"": ""color"", ""D"": ""size""}",/mnt/tidalfs-hssh01/dataset/xiang/models/Qwen2.5-VL-7B-Instruct,42,not_empty,next_token
A_0116,A,STEP2,AD,0,-1.1368709802627563,-0.38687101006507874,0.3208213150501251,0.6791786551475525,-1.1386454105377197,-0.3886454105377197,0.3208213150501251,1,0,"{""A"": ""orientation"", ""B"": ""position"", ""C"": ""color"", ""D"": ""size""}",/mnt/tidalfs-hssh01/dataset/xiang/models/Qwen2.5-VL-7B-Instruct,42,not_empty,next_token
A_0116,A,STEP2,BC,0,-1.3132617473602295,-0.3132617473602295,0.26894140243530273,0.7310584783554077,-1.314172625541687,-0.314172625541687,0.26894140243530273,1,0,"{""A"": ""orientation"", ""B"": ""position"", ""C"": ""color"", ""D"": ""size""}",/mnt/tidalfs-hssh01/dataset/xiang/models/Qwen2.5-VL-7B-Instruct,42,not_empty,next_token
A_0116,A,STEP2,BD,0,-1.1368709802627563,-0.38687101006507874,0.3208213150501251,0.6791786551475525,-1.137892246246338,-0.3878922760486603,0.3208213150501251,1,0,"{""A"": ""orientation"", ""B"": ""position"", ""C"": ""color"", ""D"": ""size""}",/mnt/tidalfs-hssh01/dataset/xiang/models/Qwen2.5-VL-7B-Instruct,42,not_empty,next_token
A_0116,A,STEP2,CD,0,-1.0537006855010986,-0.42870065569877625,0.3486451208591461,0.6513548493385315,-1.054544448852539,-0.4295444190502167,0.3486451208591461,1,0,"{""A"": ""orientation"", ""B"": ""position"", ""C"": ""color"", ""D"": ""size""}",/mnt/tidalfs-hssh01/dataset/xiang/models/Qwen2.5-VL-7B-Instruct,42,not_empty,next_token
A_0116,A,STEP2,ABC,0,-1.2234447002410889,-0.3484445810317993,0.2942149341106415,0.7057850360870361,-1.2241716384887695,-0.34917157888412476,0.2942149341106415,1,0,"{""A"": ""orientation"", ""B"": ""position"", ""C"": ""color"", ""D"": ""size""}",/mnt/tidalfs-hssh01/dataset/xiang/models/Qwen2.5-VL-7B-Instruct,42,not_empty,next_token
A_0116,A,STEP2,ABD,0,-1.0537006855010986,-0.42870065569877625,0.3486451208591461,0.6513548493385315,-1.0548017024993896,-0.42980170249938965,0.3486451208591461,1,0,"{""A"": ""orientation"", ""B"": ""position"", ""C"": ""color"", ""D"": ""size""}",/mnt/tidalfs-hssh01/dataset/xiang/models/Qwen2.5-VL-7B-Instruct,42,not_empty,next_token
A_0116,A,STEP2,ACD,0,-1.1368709802627563,-0.38687101006507874,0.3208213150501251,0.6791786551475525,-1.137284278869629,-0.3872843384742737,0.3208213150501251,1,0,"{""A"": ""orientation"", ""B"": ""position"", ""C"": ""color"", ""D"": ""size""}",/mnt/tidalfs-hssh01/dataset/xiang/models/Qwen2.5-VL-7B-Instruct,42,not_empty,next_token
A_0116,A,STEP2,BCD,0,-1.136871099472046,-0.38687101006507874,0.32082128524780273,0.6791786551475525,-1.1372864246368408,-0.38728636503219604,0.32082128524780273,1,0,"{""A"": ""orientation"", ""B"": ""position"", ""C"": ""color"", ""D"": ""size""}",/mnt/tidalfs-hssh01/dataset/xiang/models/Qwen2.5-VL-7B-Instruct,42,not_empty,next_token
A_0116,A,STEP2,ABCD,0,-1.2234445810317993,-0.3484445810317993,0.29421499371528625,0.7057850360870361,-1.2240135669708252,-0.3490135967731476,0.29421499371528625,1,0,"{""A"": ""orientation"", ""B"": ""position"", ""C"": ""color"", ""D"": ""size""}",/mnt/tidalfs-hssh01/dataset/xiang/models/Qwen2.5-VL-7B-Instruct,42,not_empty,next_token
A_0116,A,FINAL,EMPTY,0,-0.8259394764900208,-0.575939416885376,0.43782350420951843,0.562176525592804,-1.1369755268096924,-0.8869754672050476,0.43782350420951843,1,0,"{""A"": ""orientation"", ""B"": ""position"", ""C"": ""color"", ""D"": ""size""}",/mnt/tidalfs-hssh01/dataset/xiang/models/Qwen2.5-VL-7B-Instruct,42,text_only,next_token
A_0116,A,FINAL,A,0,-0.8981232643127441,-0.5231232643127441,0.4073334038257599,0.5926665663719177,-0.9338021874427795,-0.5588021874427795,0.4073334038257599,1,0,"{""A"": ""orientation"", ""B"": ""position"", ""C"": ""color"", ""D"": ""size""}",/mnt/tidalfs-hssh01/dataset/xiang/models/Qwen2.5-VL-7B-Instruct,42,not_empty,next_token
A_0116,A,FINAL,B,0,-0.8981232643127441,-0.5231232643127441,0.4073334038257599,0.5926665663719177,-0.9183915853500366,-0.5433915853500366,0.4073334038257599,1,0,"{""A"": ""orientation"", ""B"": ""position"", ""C"": ""color"", ""D"": ""size""}",/mnt/tidalfs-hssh01/dataset/xiang/models/Qwen2.5-VL-7B-Instruct,42,not_empty,next_token
A_0116,A,FINAL,C,0,-0.8981232643127441,-0.5231232643127441,0.4073334038257599,0.5926665663719177,-0.9067662954330444,-0.5317662954330444,0.4073334038257599,1,0,"{""A"": ""orientation"", ""B"": ""position"", ""C"": ""color"", ""D"": ""size""}",/mnt/tidalfs-hssh01/dataset/xiang/models/Qwen2.5-VL-7B-Instruct,42,not_empty,next_token
A_0116,A,FINAL,D,0,-0.8981232643127441,-0.5231232643127441,0.4073334038257599,0.5926665663719177,-0.918960452079773,-0.543960452079773,0.4073334038257599,1,0,"{""A"": ""orientation"", ""B"": ""position"", ""C"": ""color"", ""D"": ""size""}",/mnt/tidalfs-hssh01/dataset/xiang/models/Qwen2.5-VL-7B-Instruct,42,not_empty,next_token
A_0116,A,FINAL,AB,0,-0.825939416885376,-0.575939416885376,0.43782350420951843,0.562176525592804,-0.8308817148208618,-0.5808817148208618,0.43782350420951843,1,0,"{""A"": ""orientation"", ""B"": ""position"", ""C"": ""color"", ""D"": ""size""}",/mnt/tidalfs-hssh01/dataset/xiang/models/Qwen2.5-VL-7B-Instruct,42,not_empty,next_token
A_0116,A,FINAL,AC,0,-0.8981232643127441,-0.5231232643127441,0.4073334038257599,0.5926665663719177,-0.8993690013885498,-0.5243690013885498,0.4073334038257599,1,0,"{""A"": ""orientation"", ""B"": ""position"", ""C"": ""color"", ""D"": ""size""}",/mnt/tidalfs-hssh01/dataset/xiang/models/Qwen2.5-VL-7B-Instruct,42,not_empty,next_token
A_0116,A,FINAL,AD,0,-0.825939416885376,-0.575939416885376,0.43782350420951843,0.562176525592804,-0.8332201242446899,-0.5832201242446899,0.43782350420951843,1,0,"{""A"": ""orientation"", ""B"": ""position"", ""C"": ""color"", ""D"": ""size""}",/mnt/tidalfs-hssh01/dataset/xiang/models/Qwen2.5-VL-7B-Instruct,42,not_empty,next_token
A_0116,A,FINAL,BC,0,-0.8981232643127441,-0.5231232643127441,0.4073334038257599,0.5926665663719177,-0.9007495641708374,-0.5257495641708374,0.4073334038257599,1,0,"{""A"": ""orientation"", ""B"": ""position"", ""C"": ""color"", ""D"": ""size""}",/mnt/tidalfs-hssh01/dataset/xiang/models/Qwen2.5-VL-7B-Instruct,42,not_empty,next_token
A_0116,A,FINAL,BD,0,-0.8981232643127441,-0.5231232643127441,0.4073334038257599,0.5926665663719177,-0.9029777646064758,-0.5279777646064758,0.4073334038257599,1,0,"{""A"": ""orientation"", ""B"": ""position"", ""C"": ""color"", ""D"": ""size""}",/mnt/tidalfs-hssh01/dataset/xiang/models/Qwen2.5-VL-7B-Instruct,42,not_empty,next_token
A_0116,A,FINAL,CD,0,-0.8981232643127441,-0.5231232643127441,0.4073334038257599,0.5926665663719177,-0.9006702899932861,-0.5256702899932861,0.4073334038257599,1,0,"{""A"": ""orientation"", ""B"": ""position"", ""C"": ""color"", ""D"": ""size""}",/mnt/tidalfs-hssh01/dataset/xiang/models/Qwen2.5-VL-7B-Instruct,42,not_empty,next_token
A_0116,A,FINAL,ABC,0,-0.8981232643127441,-0.5231232643127441,0.4073334038257599,0.5926665663719177,-0.8999630808830261,-0.5249630808830261,0.4073334038257599,1,0,"{""A"": ""orientation"", ""B"": ""position"", ""C"": ""color"", ""D"": ""size""}",/mnt/tidalfs-hssh01/dataset/xiang/models/Qwen2.5-VL-7B-Instruct,42,not_empty,next_token
A_0116,A,FINAL,ABD,0,-0.8981232643127441,-0.5231232643127441,0.4073334038257599,0.5926665663719177,-0.900739312171936,-0.525739312171936,0.4073334038257599,1,0,"{""A"": ""orientation"", ""B"": ""position"", ""C"": ""color"", ""D"": ""size""}",/mnt/tidalfs-hssh01/dataset/xiang/models/Qwen2.5-VL-7B-Instruct,42,not_empty,next_token
A_0116,A,FINAL,ACD,0,-0.8981232643127441,-0.5231232643127441,0.4073334038257599,0.5926665663719177,-0.8994206190109253,-0.5244206190109253,0.4073334038257599,1,0,"{""A"": ""orientation"", ""B"": ""position"", ""C"": ""color"", ""D"": ""size""}",/mnt/tidalfs-hssh01/dataset/xiang/models/Qwen2.5-VL-7B-Instruct,42,not_empty,next_token
A_0116,A,FINAL,BCD,0,-0.8981232643127441,-0.5231232643127441,0.4073334038257599,0.5926665663719177,-0.8998388648033142,-0.5248388648033142,0.4073334038257599,1,0,"{""A"": ""orientation"", ""B"": ""position"", ""C"": ""color"", ""D"": ""size""}",/mnt/tidalfs-hssh01/dataset/xiang/models/Qwen2.5-VL-7B-Instruct,42,not_empty,next_token
A_0116,A,FINAL,ABCD,0,-0.9740769863128662,-0.4740769863128662,0.3775406777858734,0.622459352016449,-0.9756812453269958,-0.47568124532699585,0.3775406777858734,1,0,"{""A"": ""orientation"", ""B"": ""position"", ""C"": ""color"", ""D"": ""size""}",/mnt/tidalfs-hssh01/dataset/xiang/models/Qwen2.5-VL-7B-Instruct,42,not_empty,next_token
A_0124,A,STEP1,EMPTY,1,-0.7575989961624146,-0.6325989961624146,0.4687906503677368,0.531209409236908,-0.8536394238471985,-0.7286394238471985,0.531209409236908,1,1,"{""A"": ""orientation"", ""B"": ""position"", ""C"": ""color"", ""D"": ""size""}",/mnt/tidalfs-hssh01/dataset/xiang/models/Qwen2.5-VL-7B-Instruct,42,text_only,next_token
A_0124,A,STEP1,A,1,-0.7575989961624146,-0.6325989961624146,0.4687906503677368,0.531209409236908,-0.7644864916801453,-0.6394864916801453,0.531209409236908,1,1,"{""A"": ""orientation"", ""B"": ""position"", ""C"": ""color"", ""D"": ""size""}",/mnt/tidalfs-hssh01/dataset/xiang/models/Qwen2.5-VL-7B-Instruct,42,not_empty,next_token
A_0124,A,STEP1,B,1,-0.825939416885376,-0.575939416885376,0.43782350420951843,0.562176525592804,-0.8280298113822937,-0.5780298113822937,0.562176525592804,1,1,"{""A"": ""orientation"", ""B"": ""position"", ""C"": ""color"", ""D"": ""size""}",/mnt/tidalfs-hssh01/dataset/xiang/models/Qwen2.5-VL-7B-Instruct,42,not_empty,next_token
A_0124,A,STEP1,C,1,-0.825939416885376,-0.575939416885376,0.43782350420951843,0.562176525592804,-0.8315712809562683,-0.5815712809562683,0.562176525592804,1,1,"{""A"": ""orientation"", ""B"": ""position"", ""C"": ""color"", ""D"": ""size""}",/mnt/tidalfs-hssh01/dataset/xiang/models/Qwen2.5-VL-7B-Instruct,42,not_empty,next_token
A_0124,A,STEP1,D,1,-0.8981232643127441,-0.5231232643127441,0.4073334038257599,0.5926665663719177,-0.9047233462333679,-0.5297233462333679,0.5926665663719177,1,1,"{""A"": ""orientation"", ""B"": ""position"", ""C"": ""color"", ""D"": ""size""}",/mnt/tidalfs-hssh01/dataset/xiang/models/Qwen2.5-VL-7B-Instruct,42,not_empty,next_token
A_0124,A,STEP1,AB,1,-0.7575989961624146,-0.6325989961624146,0.4687906503677368,0.531209409236908,-0.7584649920463562,-0.6334649920463562,0.531209409236908,1,1,"{""A"": ""orientation"", ""B"": ""position"", ""C"": ""color"", ""D"": ""size""}",/mnt/tidalfs-hssh01/dataset/xiang/models/Qwen2.5-VL-7B-Instruct,42,not_empty,next_token
A_0124,A,STEP1,AC,1,-0.7575989961624146,-0.6325989961624146,0.4687906503677368,0.531209409236908,-0.7581377625465393,-0.6331377625465393,0.531209409236908,1,1,"{""A"": ""orientation"", ""B"": ""position"", ""C"": ""color"", ""D"": ""size""}",/mnt/tidalfs-hssh01/dataset/xiang/models/Qwen2.5-VL-7B-Instruct,42,not_empty,next_token
A_0124,A,STEP1,AD,1,-0.825939416885376,-0.575939416885376,0.43782350420951843,0.562176525592804,-0.8271724581718445,-0.5771724581718445,0.562176525592804,1,1,"{""A"": ""orientation"", ""B"": ""position"", ""C"": ""color"", ""D"": ""size""}",/mnt/tidalfs-hssh01/dataset/xiang/models/Qwen2.5-VL-7B-Instruct,42,not_empty,next_token
A_0124,A,STEP1,BC,1,-0.8981232643127441,-0.5231232643127441,0.4073334038257599,0.5926665663719177,-0.8986964821815491,-0.5236964821815491,0.5926665663719177,1,1,"{""A"": ""orientation"", ""B"": ""position"", ""C"": ""color"", ""D"": ""size""}",/mnt/tidalfs-hssh01/dataset/xiang/models/Qwen2.5-VL-7B-Instruct,42,not_empty,next_token
A_0124,A,STEP1,BD,1,-0.9740769863128662,-0.4740769863128662,0.3775406777858734,0.622459352016449,-0.9745734930038452,-0.4745734930038452,0.622459352016449,1,1,"{""A"": ""orientation"", ""B"": ""position"", ""C"": ""color"", ""D"": ""size""}",/mnt/tidalfs-hssh01/dataset/xiang/models/Qwen2.5-VL-7B-Instruct,42,not_empty,next_token
A_0124,A,STEP1,CD,1,-0.9740769863128662,-0.4740769863128662,0.3775406777858734,0.622459352016449,-0.9745523929595947,-0.47455236315727234,0.622459352016449,1,1,"{""A"": ""orientation"", ""B"": ""position"", ""C"": ""color"", ""D"": ""size""}",/mnt/tidalfs-hssh01/dataset/xiang/models/Qwen2.5-VL-7B-Instruct,42,not_empty,next_token
A_0124,A,STEP1,ABC,1,-0.825939416885376,-0.575939416885376,0.43782350420951843,0.562176525592804,-0.8263010382652283,-0.5763010382652283,0.562176525592804,1,1,"{""A"": ""orientation"", ""B"": ""position"", ""C"": ""color"", ""D"": ""size""}",/mnt/tidalfs-hssh01/dataset/xiang/models/Qwen2.5-VL-7B-Instruct,42,not_empty,next_token
A_0124,A,STEP1,ABD,1,-0.8981232643127441,-0.5231232643127441,0.4073334038257599,0.5926665663719177,-0.8985573649406433,-0.5235573649406433,0.5926665663719177,1,1,"{""A"": ""orientation"", ""B"": ""position"", ""C"": ""color"", ""D"": ""size""}",/mnt/tidalfs-hssh01/dataset/xiang/models/Qwen2.5-VL-7B-Instruct,42,not_empty,next_token
A_0124,A,STEP1,ACD,1,-0.825939416885376,-0.575939416885376,0.43782350420951843,0.562176525592804,-0.8262374401092529,-0.5762374401092529,0.562176525592804,1,1,"{""A"": ""orientation"", ""B"": ""position"", ""C"": ""color"", ""D"": ""size""}",/mnt/tidalfs-hssh01/dataset/xiang/models/Qwen2.5-VL-7B-Instruct,42,not_empty,next_token
A_0124,A,STEP1,BCD,1,-0.9740769863128662,-0.4740769863128662,0.3775406777858734,0.622459352016449,-0.9742622375488281,-0.4742622375488281,0.622459352016449,1,1,"{""A"": ""orientation"", ""B"": ""position"", ""C"": ""color"", ""D"": ""size""}",/mnt/tidalfs-hssh01/dataset/xiang/models/Qwen2.5-VL-7B-Instruct,42,not_empty,next_token
A_0124,A,STEP1,ABCD,1,-0.9740769863128662,-0.4740769863128662,0.3775406777858734,0.622459352016449,-0.9742973446846008,-0.47429734468460083,0.622459352016449,1,1,"{""A"": ""orientation"", ""B"": ""position"", ""C"": ""color"", ""D"": ""size""}",/mnt/tidalfs-hssh01/dataset/xiang/models/Qwen2.5-VL-7B-Instruct,42,not_empty,next_token
A_0124,A,STEP2,EMPTY,1,-1.3132617473602295,-0.3132617473602295,0.26894140243530273,0.7310584783554077,-1.3575432300567627,-0.3575432002544403,0.7310584783554077,1,1,"{""A"": ""orientation"", ""B"": ""position"", ""C"": ""color"", ""D"": ""size""}",/mnt/tidalfs-hssh01/dataset/xiang/models/Qwen2.5-VL-7B-Instruct,42,text_only,next_token
A_0124,A,STEP2,A,1,-1.3132617473602295,-0.3132617473602295,0.26894140243530273,0.7310584783554077,-1.3183958530426025,-0.3183959126472473,0.7310584783554077,1,1,"{""A"": ""orientation"", ""B"": ""position"", ""C"": ""color"", ""D"": ""size""}",/mnt/tidalfs-hssh01/dataset/xiang/models/Qwen2.5-VL-7B-Instruct,42,not_empty,next_token
A_0124,A,STEP2,B,1,-1.1368709802627563,-0.38687101006507874,0.3208213150501251,0.6791786551475525,-1.138523817062378,-0.3885238468647003,0.6791786551475525,1,1,"{""A"": ""orientation"", ""B"": ""position"", ""C"": ""color"", ""D"": ""size""}",/mnt/tidalfs-hssh01/dataset/xiang/models/Qwen2.5-VL-7B-Instruct,42,not_empty,next_token
A_0124,A,STEP2,C,1,-1.1368709802627563,-0.38687101006507874,0.3208213150501251,0.6791786551475525,-1.1387856006622314,-0.38878560066223145,0.6791786551475525,1,1,"{""A"": ""orientation"", ""B"": ""position"", ""C"": ""color"", ""D"": ""size""}",/mnt/tidalfs-hssh01/dataset/xiang/models/Qwen2.5-VL-7B-Instruct,42,not_empty,next_token
A_0124,A,STEP2,D,1,-1.2234445810317993,-0.3484445810317993,0.29421499371528625,0.7057850360870361,-1.2257637977600098,-0.35076379776000977,0.7057850360870361,1,1,"{""A"": ""orientation"", ""B"": ""position"", ""C"": ""color"", ""D"": ""size""}",/mnt/tidalfs-hssh01/dataset/xiang/models/Qwen2.5-VL-7B-Instruct,42,not_empty,next_token
A_0124,A,STEP2,AB,1,-1.136871099472046,-0.38687101006507874,0.32082128524780273,0.6791786551475525,-1.138786792755127,-0.3887867331504822,0.6791786551475525,1,1,"{""A"": ""orientation"", ""B"": ""position"", ""C"": ""color"", ""D"": ""size""}",/mnt/tidalfs-hssh01/dataset/xiang/models/Qwen2.5-VL-7B-Instruct,42,not_empty,next_token
A_0124,A,STEP2,AC,1,-1.3132617473602295,-0.3132617473602295,0.26894140243530273,0.7310584783554077,-1.3137611150741577,-0.3137611448764801,0.7310584783554077,1,1,"{""A"": ""orientation"", ""B"": ""position"", ""C"": ""color"", ""D"": ""size""}",/mnt/tidalfs-hssh01/dataset/xiang/models/Qwen2.5-VL-7B-Instruct,42,not_empty,next_token
A_0124,A,STEP2,AD,1,-1.1368709802627563,-0.38687101006507874,0.3208213150501251,0.6791786551475525,-1.1386454105377197,-0.3886454105377197,0.6791786551475525,1,1,"{""A"": ""orientation"", ""B"": ""position"", ""C"": ""color"", ""D"": ""size""}",/mnt/tidalfs-hssh01/dataset/xiang/models/Qwen2.5-VL-7B-Instruct,42,not_empty,next_token
A_0124,A,STEP2,BC,1,-1.4061501026153564,-0.28115010261535645,0.24508503079414368,0.7549149990081787,-1.4070260524749756,-0.2820259928703308,0.7549149990081787,1,1,"{""A"": ""orientation"", ""B"": ""position"", ""C"": ""color"", ""D"": ""size""}",/mnt/tidalfs-hssh01/dataset/xiang/models/Qwen2.5-VL-7B-Instruct,42,not_empty,next_token
A_0124,A,STEP2,BD,1,-1.1368709802627563,-0.38687101006507874,0.3208213150501251,0.6791786551475525,-1.13801908493042,-0.3880190849304199,0.6791786551475525,1,1,"{""A"": ""orientation"", ""B"": ""position"", ""C"": ""color"", ""D"": ""size""}",/mnt/tidalfs-hssh01/dataset/xiang/models/Qwen2.5-VL-7B-Instruct,42,not_empty,next_token
A_0124,A,STEP2,CD,1,-1.053700566291809,-0.42870065569877625,0.3486451506614685,0.6513548493385315,-1.0546026229858398,-0.4296026825904846,0.6513548493385315,1,1,"{""A"": ""orientation"", ""B"": ""position"", ""C"": ""color"", ""D"": ""size""}",/mnt/tidalfs-hssh01/dataset/xiang/models/Qwen2.5-VL-7B-Instruct,42,not_empty,next_token
A_0124,A,STEP2,ABC,1,-1.2234445810317993,-0.3484445810317993,0.29421499371528625,0.7057850360870361,-1.2245213985443115,-0.34952136874198914,0.7057850360870361,1,1,"{""A"": ""orientation"", ""B"": ""position"", ""C"": ""color"", ""D"": ""size""}",/mnt/tidalfs-hssh01/dataset/xiang/models/Qwen2.5-VL-7B-Instruct,42,not_empty,next_token
A_0124,A,STEP2,ABD,1,-1.0537006855010986,-0.42870065569877625,0.3486451208591461,0.6513548493385315,-1.054473638534546,-0.4294736385345459,0.6513548493385315,1,1,"{""A"": ""orientation"", ""B"": ""position"", ""C"": ""color"", ""D"": ""size""}",/mnt/tidalfs-hssh01/dataset/xiang/models/Qwen2.5-VL-7B-Instruct,42,not_empty,next_token
A_0124,A,STEP2,ACD,1,-1.3132617473602295,-0.3132617473602295,0.26894140243530273,0.7310584783554077,-1.3136749267578125,-0.3136749863624573,0.7310584783554077,1,1,"{""A"": ""orientation"", ""B"": ""position"", ""C"": ""color"", ""D"": ""size""}",/mnt/tidalfs-hssh01/dataset/xiang/models/Qwen2.5-VL-7B-Instruct,42,not_empty,next_token
A_0124,A,STEP2,BCD,1,-1.2234445810317993,-0.3484445810317993,0.29421499371528625,0.7057850360870361,-1.2237673997879028,-0.3487674295902252,0.7057850360870361,1,1,"{""A"": ""orientation"", ""B"": ""position"", ""C"": ""color"", ""D"": ""size""}",/mnt/tidalfs-hssh01/dataset/xiang/models/Qwen2.5-VL-7B-Instruct,42,not_empty,next_token
A_0124,A,STEP2,ABCD,1,-1.3132617473602295,-0.3132617473602295,0.26894140243530273,0.7310584783554077,-1.313833236694336,-0.31383317708969116,0.7310584783554077,1,1,"{""A"": ""orientation"", ""B"": ""position"", ""C"": ""color"", ""D"": ""size""}",/mnt/tidalfs-hssh01/dataset/xiang/models/Qwen2.5-VL-7B-Instruct,42,not_empty,next_token
A_0124,A,FINAL,EMPTY,0,-0.8259394764900208,-0.575939416885376,0.43782350420951843,0.562176525592804,-1.1369755268096924,-0.8869754672050476,0.43782350420951843,1,0,"{""A"": ""orientation"", ""B"": ""position"", ""C"": ""color"", ""D"": ""size""}",/mnt/tidalfs-hssh01/dataset/xiang/models/Qwen2.5-VL-7B-Instruct,42,text_only,next_token
A_0124,A,FINAL,A,0,-0.8981232643127441,-0.5231232643127441,0.4073334038257599,0.5926665663719177,-0.9338021874427795,-0.5588021874427795,0.4073334038257599,1,0,"{""A"": ""orientation"", ""B"": ""position"", ""C"": ""color"", ""D"": ""size""}",/mnt/tidalfs-hssh01/dataset/xiang/models/Qwen2.5-VL-7B-Instruct,42,not_empty,next_token
A_0124,A,FINAL,B,0,-0.8981232643127441,-0.5231232643127441,0.4073334038257599,0.5926665663719177,-0.9216486215591431,-0.5466486215591431,0.4073334038257599,1,0,"{""A"": ""orientation"", ""B"": ""position"", ""C"": ""color"", ""D"": ""size""}",/mnt/tidalfs-hssh01/dataset/xiang/models/Qwen2.5-VL-7B-Instruct,42,not_empty,next_token
A_0124,A,FINAL,C,0,-0.8981232643127441,-0.5231232643127441,0.4073334038257599,0.5926665663719177,-0.9063037633895874,-0.5313037633895874,0.4073334038257599,1,0,"{""A"": ""orientation"", ""B"": ""position"", ""C"": ""color"", ""D"": ""size""}",/mnt/tidalfs-hssh01/dataset/xiang/models/Qwen2.5-VL-7B-Instruct,42,not_empty,next_token
A_0124,A,FINAL,D,0,-0.8981232643127441,-0.5231232643127441,0.4073334038257599,0.5926665663719177,-0.918960452079773,-0.543960452079773,0.4073334038257599,1,0,"{""A"": ""orientation"", ""B"": ""position"", ""C"": ""color"", ""D"": ""size""}",/mnt/tidalfs-hssh01/dataset/xiang/models/Qwen2.5-VL-7B-Instruct,42,not_empty,next_token
A_0124,A,FINAL,AB,0,-0.825939416885376,-0.575939416885376,0.43782350420951843,0.562176525592804,-0.8317501544952393,-0.5817501544952393,0.43782350420951843,1,0,"{""A"": ""orientation"", ""B"": ""position"", ""C"": ""color"", ""D"": ""size""}",/mnt/tidalfs-hssh01/dataset/xiang/models/Qwen2.5-VL-7B-Instruct,42,not_empty,next_token
A_0124,A,FINAL,AC,0,-0.825939416885376,-0.575939416885376,0.43782350420951843,0.562176525592804,-0.8279115557670593,-0.5779115557670593,0.43782350420951843,1,0,"{""A"": ""orientation"", ""B"": ""position"", ""C"": ""color"", ""D"": ""size""}",/mnt/tidalfs-hssh01/dataset/xiang/models/Qwen2.5-VL-7B-Instruct,42,not_empty,next_token
A_0124,A,FINAL,AD,0,-0.825939416885376,-0.575939416885376,0.43782350420951843,0.562176525592804,-0.8332201242446899,-0.5832201242446899,0.43782350420951843,1,0,"{""A"": ""orientation"", ""B"": ""position"", ""C"": ""color"", ""D"": ""size""}",/mnt/tidalfs-hssh01/dataset/xiang/models/Qwen2.5-VL-7B-Instruct,42,not_empty,next_token
A_0124,A,FINAL,BC,0,-0.825939416885376,-0.575939416885376,0.43782350420951843,0.562176525592804,-0.8299223184585571,-0.5799223184585571,0.43782350420951843,1,0,"{""A"": ""orientation"", ""B"": ""position"", ""C"": ""color"", ""D"": ""size""}",/mnt/tidalfs-hssh01/dataset/xiang/models/Qwen2.5-VL-7B-Instruct,42,not_empty,next_token
A_0124,A,FINAL,BD,0,-0.825939416885376,-0.575939416885376,0.43782350420951843,0.562176525592804,-0.8316663503646851,-0.5816663503646851,0.43782350420951843,1,0,"{""A"": ""orientation"", ""B"": ""position"", ""C"": ""color"", ""D"": ""size""}",/mnt/tidalfs-hssh01/dataset/xiang/models/Qwen2.5-VL-7B-Instruct,42,not_empty,next_token
A_0124,A,FINAL,CD,0,-0.8981232643127441,-0.5231232643127441,0.4073334038257599,0.5926665663719177,-0.9010255336761475,-0.5260255336761475,0.4073334038257599,1,0,"{""A"": ""orientation"", ""B"": ""position"", ""C"": ""color"", ""D"": ""size""}",/mnt/tidalfs-hssh01/dataset/xiang/models/Qwen2.5-VL-7B-Instruct,42,not_empty,next_token
A_0124,A,FINAL,ABC,0,-0.7575989961624146,-0.6325989961624146,0.4687906503677368,0.531209409236908,-0.7611088156700134,-0.6361088156700134,0.4687906503677368,1,0,"{""A"": ""orientation"", ""B"": ""position"", ""C"": ""color"", ""D"": ""size""}",/mnt/tidalfs-hssh01/dataset/xiang/models/Qwen2.5-VL-7B-Instruct,42,not_empty,next_token
A_0124,A,FINAL,ABD,0,-0.8981232643127441,-0.5231232643127441,0.4073334038257599,0.5926665663719177,-0.9008641242980957,-0.5258641242980957,0.4073334038257599,1,0,"{""A"": ""orientation"", ""B"": ""position"", ""C"": ""color"", ""D"": ""size""}",/mnt/tidalfs-hssh01/dataset/xiang/models/Qwen2.5-VL-7B-Instruct,42,not_empty,next_token
A_0124,A,FINAL,ACD,0,-0.8981232643127441,-0.5231232643127441,0.4073334038257599,0.5926665663719177,-0.8997093439102173,-0.5247093439102173,0.4073334038257599,1,0,"{""A"": ""orientation"", ""B"": ""position"", ""C"": ""color"", ""D"": ""size""}",/mnt/tidalfs-hssh01/dataset/xiang/models/Qwen2.5-VL-7B-Instruct,42,not_empty,next_token
A_0124,A,FINAL,BCD,0,-0.8981232643127441,-0.5231232643127441,0.4073334038257599,0.5926665663719177,-0.9001581072807312,-0.5251581072807312,0.4073334038257599,1,0,"{""A"": ""orientation"", ""B"": ""position"", ""C"": ""color"", ""D"": ""size""}",/mnt/tidalfs-hssh01/dataset/xiang/models/Qwen2.5-VL-7B-Instruct,42,not_empty,next_token
A_0124,A,FINAL,ABCD,0,-0.9740769863128662,-0.4740769863128662,0.3775406777858734,0.622459352016449,-0.9754974842071533,-0.4754974842071533,0.3775406777858734,1,0,"{""A"": ""orientation"", ""B"": ""position"", ""C"": ""color"", ""D"": ""size""}",/mnt/tidalfs-hssh01/dataset/xiang/models/Qwen2.5-VL-7B-Instruct,42,not_empty,next_token
B_0004,B,STEP,EMPTY,0,-0.8981232643127441,-0.5231232643127441,0.4073334038257599,0.5926665663719177,-0.9199725389480591,-0.5449725389480591,0.4073334038257599,1,0,"{""A"": ""position"", ""B"": ""color"", ""C"": ""size"", ""D"": ""orientation""}",/mnt/tidalfs-hssh01/dataset/xiang/models/Qwen2.5-VL-7B-Instruct,42,text_only,next_token
B_0004,B,STEP,A,0,-0.825939416885376,-0.575939416885376,0.43782350420951843,0.562176525592804,-0.828015148639679,-0.578015148639679,0.43782350420951843,1,0,"{""A"": ""position"", ""B"": ""color"", ""C"": ""size"", ""D"": ""orientation""}",/mnt/tidalfs-hssh01/dataset/xiang/models/Qwen2.5-VL-7B-Instruct,42,not_empty,next_token
B_0004,B,STEP,B,0,-0.9740769863128662,-0.4740769863128662,0.3775406777858734,0.622459352016449,-0.9755319356918335,-0.4755319356918335,0.3775406777858734,1,0,"{""A"": ""position"", ""B"": ""color"", ""C"": ""size"", ""D"": ""orientation""}",/mnt/tidalfs-hssh01/dataset/xiang/models/Qwen2.5-VL-7B-Instruct,42,not_empty,next_token
B_0004,B,STEP,C,0,-0.825939416885376,-0.575939416885376,0.43782350420951843,0.562176525592804,-0.8287182450294495,-0.5787182450294495,0.43782350420951843,1,0,"{""A"": ""position"", ""B"": ""color"", ""C"": ""size"", ""D"": ""orientation""}",/mnt/tidalfs-hssh01/dataset/xiang/models/Qwen2.5-VL-7B-Instruct,42,not_empty,next_token
B_0004,B,STEP,D,0,-0.825939416885376,-0.575939416885376,0.43782350420951843,0.562176525592804,-0.830412745475769,-0.580412745475769,0.43782350420951843,1,0,"{""A"": ""position"", ""B"": ""color"", ""C"": ""size"", ""D"": ""orientation""}",/mnt/tidalfs-hssh01/dataset/xiang/models/Qwen2.5-VL-7B-Instruct,42,not_empty,next_token
B_0004,B,STEP,AB,0,-0.8981232643127441,-0.5231232643127441,0.4073334038257599,0.5926665663719177,-0.8987858891487122,-0.5237858891487122,0.4073334038257599,1,0,"{""A"": ""position"", ""B"": ""color"", ""C"": ""size"", ""D"": ""orientation""}",/mnt/tidalfs-hssh01/dataset/xiang/models/Qwen2.5-VL-7B-Instruct,42,not_empty,next_token
B_0004,B,STEP,AC,0,-0.8981232643127441,-0.5231232643127441,0.4073334038257599,0.5926665663719177,-0.898501455783844,-0.523501455783844,0.4073334038257599,1,0,"{""A"": ""position"", ""B"": ""color"", ""C"": ""size"", ""D"": ""orientation""}",/mnt/tidalfs-hssh01/dataset/xiang/models/Qwen2.5-VL-7B-Instruct,42,not_empty,next_token
B_0004,B,STEP,AD,0,-0.825939416885376,-0.575939416885376,0.43782350420951843,0.562176525592804,-0.8266482353210449,-0.5766482353210449,0.43782350420951843,1,0,"{""A"": ""position"", ""B"": ""color"", ""C"": ""size"", ""D"": ""orientation""}",/mnt/tidalfs-hssh01/dataset/xiang/models/Qwen2.5-VL-7B-Instruct,42,not_empty,next_token
B_0004,B,STEP,BC,0,-0.9740769863128662,-0.4740769863128662,0.3775406777858734,0.622459352016449,-0.9747395515441895,-0.47473955154418945,0.3775406777858734,1,0,"{""A"": ""position"", ""B"": ""color"", ""C"": ""size"", ""D"": ""orientation""}",/mnt/tidalfs-hssh01/dataset/xiang/models/Qwen2.5-VL-7B-Instruct,42,not_empty,next_token
B_0004,B,STEP,BD,0,-0.8981232643127441,-0.5231232643127441,0.4073334038257599,0.5926665663719177,-0.8990422487258911,-0.5240422487258911,0.4073334038257599,1,0,"{""A"": ""position"", ""B"": ""color"", ""C"": ""size"", ""D"": ""orientation""}",/mnt/tidalfs-hssh01/dataset/xiang/models/Qwen2.5-VL-7B-Instruct,42,not_empty,next_token
B_0004,B,STEP,CD,0,-0.825939416885376,-0.575939416885376,0.43782350420951843,0.562176525592804,-0.8268108367919922,-0.5768108367919922,0.43782350420951843,1,0,"{""A"": ""position"", ""B"": ""color"", ""C"": ""size"", ""D"": ""orientation""}",/mnt/tidalfs-hssh01/dataset/xiang/models/Qwen2.5-VL-7B-Instruct,42,not_empty,next_token
B_0004,B,STEP,ABC,0,-0.825939416885376,-0.575939416885376,0.43782350420951843,0.562176525592804,-0.8262991309165955,-0.5762991309165955,0.43782350420951843,1,0,"{""A"": ""position"", ""B"": ""color"", ""C"": ""size"", ""D"": ""orientation""}",/mnt/tidalfs-hssh01/dataset/xiang/models/Qwen2.5-VL-7B-Instruct,42,not_empty,next_token
B_0004,B,STEP,ABD,0,-0.9740769863128662,-0.4740769863128662,0.3775406777858734,0.622459352016449,-0.9744574427604675,-0.47445744276046753,0.3775406777858734,1,0,"{""A"": ""position"", ""B"": ""color"", ""C"": ""size"", ""D"": ""orientation""}",/mnt/tidalfs-hssh01/dataset/xiang/models/Qwen2.5-VL-7B-Instruct,42,not_empty,next_token
B_0004,B,STEP,ACD,0,-0.8981232643127441,-0.5231232643127441,0.4073334038257599,0.5926665663719177,-0.8985100984573364,-0.5235100984573364,0.4073334038257599,1,0,"{""A"": ""position"", ""B"": ""color"", ""C"": ""size"", ""D"": ""orientation""}",/mnt/tidalfs-hssh01/dataset/xiang/models/Qwen2.5-VL-7B-Instruct,42,not_empty,next_token
B_0004,B,STEP,BCD,0,-1.053700566291809,-0.42870065569877625,0.3486451506614685,0.6513548493385315,-1.054185390472412,-0.4291854500770569,0.3486451506614685,1,0,"{""A"": ""position"", ""B"": ""color"", ""C"": ""size"", ""D"": ""orientation""}",/mnt/tidalfs-hssh01/dataset/xiang/models/Qwen2.5-VL-7B-Instruct,42,not_empty,next_token
B_0004,B,STEP,ABCD,0,-0.8981232643127441,-0.5231232643127441,0.4073334038257599,0.5926665663719177,-0.89857017993927,-0.52357017993927,0.4073334038257599,1,0,"{""A"": ""position"", ""B"": ""color"", ""C"": ""size"", ""D"": ""orientation""}",/mnt/tidalfs-hssh01/dataset/xiang/models/Qwen2.5-VL-7B-Instruct,42,not_empty,next_token
B_0012,B,STEP,EMPTY,1,-0.9740769863128662,-0.4740769863128662,0.3775406777858734,0.622459352016449,-0.9828988313674927,-0.4828988313674927,0.622459352016449,1,1,"{""A"": ""color"", ""B"": ""size"", ""C"": ""orientation"", ""D"": ""position""}",/mnt/tidalfs-hssh01/dataset/xiang/models/Qwen2.5-VL-7B-Instruct,42,text_only,next_token
B_0012,B,STEP,A,1,-0.825939416885376,-0.575939416885376,0.43782350420951843,0.562176525592804,-0.8269744515419006,-0.5769744515419006,0.562176525592804,1,1,"{""A"": ""color"", ""B"": ""size"", ""C"": ""orientation"", ""D"": ""position""}",/mnt/tidalfs-hssh01/dataset/xiang/models/Qwen2.5-VL-7B-Instruct,42,not_empty,next_token
B_0012,B,STEP,B,1,-0.9740769863128662,-0.4740769863128662,0.3775406777858734,0.622459352016449,-0.9750934839248657,-0.4750934839248657,0.622459352016449,1,1,"{""A"": ""color"", ""B"": ""size"", ""C"": ""orientation"", ""D"": ""position""}",/mnt/tidalfs-hssh01/dataset/xiang/models/Qwen2.5-VL-7B-Instruct,42,not_empty,next_token
B_0012,B,STEP,C,1,-0.8981232643127441,-0.5231232643127441,0.4073334038257599,0.5926665663719177,-0.8999212384223938,-0.5249212384223938,0.5926665663719177,1,1,"{""A"": ""color"", ""B"": ""size"", ""C"": ""orientation"", ""D"": ""position""}",/mnt/tidalfs-hssh01/dataset/xiang/models/Qwen2.5-VL-7B-Instruct,42,not_empty,next_token
B_0012,B,STEP,D,1,-0.9740769863128662,-0.4740769863128662,0.3775406777858734,0.622459352016449,-0.9757544994354248,-0.4757544994354248,0.622459352016449,1,1,"{""A"": ""color"", ""B"": ""size"", ""C"": ""orientation"", ""D"": ""position""}",/mnt/tidalfs-hssh01/dataset/xiang/models/Qwen2.5-VL-7B-Instruct,42,not_empty,next_token
B_0012,B,STEP,AB,1,-0.8981232643127441,-0.5231232643127441,0.4073334038257599,0.5926665663719177,-0.8985550403594971,-0.5235550403594971,0.5926665663719177,1,1,"{""A"": ""color"", ""B"": ""size"", ""C"": ""orientation"", ""D"": ""position""}",/mnt/tidalfs-hssh01/dataset/xiang/models/Qwen2.5-VL-7B-Instruct,42,not_empty,next_token
B_0012,B,STEP,AC,1,-0.8981232643127441,-0.5231232643127441,0.4073334038257599,0.5926665663719177,-0.8986351490020752,-0.5236351490020752,0.5926665663719177,1,1,"{""A"": ""color"", ""B"": ""size"", ""C"": ""orientation"", ""D"": ""position""}",/mnt/tidalfs-hssh01/dataset/xiang/models/Qwen2.5-VL-7B-Instruct,42,not_empty,next_token
B_0012,B,STEP,AD,1,-0.7575989961624146,-0.6325989961624146,0.4687906503677368,0.531209409236908,-0.7581004500389099,-0.6331004500389099,0.531209409236908,1,1,"{""A"": ""color"", ""B"": ""size"", ""C"": ""orientation"", ""D"": ""position""}",/mnt/tidalfs-hssh01/dataset/xiang/models/Qwen2.5-VL-7B-Instruct,42,not_empty,next_token
B_0012,B,STEP,BC,1,-0.8981232643127441,-0.5231232643127441,0.4073334038257599,0.5926665663719177,-0.8988579511642456,-0.5238579511642456,0.5926665663719177,1,1,"{""A"": ""color"", ""B"": ""size"", ""C"": ""orientation"", ""D"": ""position""}",/mnt/tidalfs-hssh01/dataset/xiang/models/Qwen2.5-VL-7B-Instruct,42,not_empty,next_token
B_0012,B,STEP,BD,1,-0.8981232643127441,-0.5231232643127441,0.4073334038257599,0.5926665663719177,-0.8987648487091064,-0.5237648487091064,0.5926665663719177,1,1,"{""A"": ""color"", ""B"": ""size"", ""C"": ""orientation"", ""D"": ""position""}",/mnt/tidalfs-hssh01/dataset/xiang/models/Qwen2.5-VL-7B-Instruct,42,not_empty,next_token
B_0012,B,STEP,CD,1,-0.6931471824645996,-0.6931471824645996,0.5,0.5,-0.693934977054596,-0.693934977054596,0.5,0,0,"{""A"": ""color"", ""B"": ""size"", ""C"": ""orientation"", ""D"": ""position""}",/mnt/tidalfs-hssh01/dataset/xiang/models/Qwen2.5-VL-7B-Instruct,42,not_empty,next_token
B_0012,B,STEP,ABC,1,-0.825939416885376,-0.575939416885376,0.43782350420951843,0.562176525592804,-0.8263506293296814,-0.5763506293296814,0.562176525592804,1,1,"{""A"": ""color"", ""B"": ""size"", ""C"": ""orientation"", ""D"": ""position""}",/mnt/tidalfs-hssh01/dataset/xiang/models/Qwen2.5-VL-7B-Instruct,42,not_empty,next_token
B_0012,B,STEP,ABD,1,-0.825939416885376,-0.575939416885376,0.43782350420951843,0.562176525592804,-0.8262720704078674,-0.5762720704078674,0.562176525592804,1,1,"{""A"": ""color"", ""B"": ""size"", ""C"": ""orientation"", ""D"": ""position""}",/mnt/tidalfs-hssh01/dataset/xiang/models/Qwen2.5-VL-7B-Instruct,42,not_empty,next_token
B_0012,B,STEP,ACD,1,-0.825939416885376,-0.575939416885376,0.43782350420951843,0.562176525592804,-0.8262763023376465,-0.5762763023376465,0.562176525592804,1,1,"{""A"": ""color"", ""B"": ""size"", ""C"": ""orientation"", ""D"": ""position""}",/mnt/tidalfs-hssh01/dataset/xiang/models/Qwen2.5-VL-7B-Instruct,42,not_empty,next_token
B_0012,B,STEP,BCD,1,-0.8981232643127441,-0.5231232643127441,0.4073334038257599,0.5926665663719177,-0.8987075090408325,-0.5237075090408325,0.5926665663719177,1,1,"{""A"": ""color"", ""B"": ""size"", ""C"": ""orientation"", ""D"": ""position""}",/mnt/tidalfs-hssh01/dataset/xiang/models/Qwen2.5-VL-7B-Instruct,42,not_empty,next_token
B_0012,B,STEP,ABCD,1,-0.825939416885376,-0.575939416885376,0.43782350420951843,0.562176525592804,-0.8262386322021484,-0.5762386322021484,0.562176525592804,1,1,"{""A"": ""color"", ""B"": ""size"", ""C"": ""orientation"", ""D"": ""position""}",/mnt/tidalfs-hssh01/dataset/xiang/models/Qwen2.5-VL-7B-Instruct,42,not_empty,next_token
B_0020,B,STEP,EMPTY,0,-0.825939416885376,-0.575939416885376,0.43782350420951843,0.562176525592804,-0.8349793553352356,-0.5849793553352356,0.43782350420951843,1,0,"{""A"": ""size"", ""B"": ""orientation"", ""C"": ""position"", ""D"": ""color""}",/mnt/tidalfs-hssh01/dataset/xiang/models/Qwen2.5-VL-7B-Instruct,42,text_only,next_token
B_0020,B,STEP,A,0,-0.6931471824645996,-0.6931471824645996,0.5,0.5,-0.6942474842071533,-0.6942474842071533,0.5,0,1,"{""A"": ""size"", ""B"": ""orientation"", ""C"": ""position"", ""D"": ""color""}",/mnt/tidalfs-hssh01/dataset/xiang/models/Qwen2.5-VL-7B-Instruct,42,not_empty,next_token
B_0020,B,STEP,B,0,-0.7575989961624146,-0.6325989961624146,0.4687906503677368,0.531209409236908,-0.7592000961303711,-0.6342000961303711,0.4687906503677368,1,0,"{""A"": ""size"", ""B"": ""orientation"", ""C"": ""position"", ""D"": ""color""}",/mnt/tidalfs-hssh01/dataset/xiang/models/Qwen2.5-VL-7B-Instruct,42,not_empty,next_token
B_0020,B,STEP,C,0,-0.825939416885376,-0.575939416885376,0.43782350420951843,0.562176525592804,-0.8274153470993042,-0.5774153470993042,0.43782350420951843,1,0,"{""A"": ""size"", ""B"": ""orientation"", ""C"": ""position"", ""D"": ""color""}",/mnt/tidalfs-hssh01/dataset/xiang/models/Qwen2.5-VL-7B-Instruct,42,not_empty,next_token
B_0020,B,STEP,D,0,-0.825939416885376,-0.575939416885376,0.43782350420951843,0.562176525592804,-0.8275613784790039,-0.5775613784790039,0.43782350420951843,1,0,"{""A"": ""size"", ""B"": ""orientation"", ""C"": ""position"", ""D"": ""color""}",/mnt/tidalfs-hssh01/dataset/xiang/models/Qwen2.5-VL-7B-Instruct,42,not_empty,next_token
B_0020,B,STEP,AB,0,-0.6931471824645996,-0.6931471824645996,0.5,0.5,-0.6938742399215698,-0.6938742399215698,0.5,0,1,"{""A"": ""size"", ""B"": ""orientation"", ""C"": ""position"", ""D"": ""color""}",/mnt/tidalfs-hssh01/dataset/xiang/models/Qwen2.5-VL-7B-Instruct,42,not_empty,next_token
B_0020,B,STEP,AC,0,-0.825939416885376,-0.575939416885376,0.43782350420951843,0.562176525592804,-0.8263320326805115,-0.5763320326805115,0.43782350420951843,1,0,"{""A"": ""size"", ""B"": ""orientation"", ""C"": ""position"", ""D"": ""color""}",/mnt/tidalfs-hssh01/dataset/xiang/models/Qwen2.5-VL-7B-Instruct,42,not_empty,next_token
B_0020,B,STEP,AD,0,-0.825939416885376,-0.575939416885376,0.43782350420951843,0.562176525592804,-0.8266156315803528,-0.5766156315803528,0.43782350420951843,1,0,"{""A"": ""size"", ""B"": ""orientation"", ""C"": ""position"", ""D"": ""color""}",/mnt/tidalfs-hssh01/dataset/xiang/models/Qwen2.5-VL-7B-Instruct,42,not_empty,next_token
B_0020,B,STEP,BC,0,-0.7575989961624146,-0.6325989961624146,0.4687906503677368,0.531209409236908,-0.758453369140625,-0.633453369140625,0.4687906503677368,1,0,"{""A"": ""size"", ""B"": ""orientation"", ""C"": ""position"", ""D"": ""color""}",/mnt/tidalfs-hssh01/dataset/xiang/models/Qwen2.5-VL-7B-Instruct,42,not_empty,next_token
B_0020,B,STEP,BD,0,-0.825939416885376,-0.575939416885376,0.43782350420951843,0.562176525592804,-0.8267309665679932,-0.5767309665679932,0.43782350420951843,1,0,"{""A"": ""size"", ""B"": ""orientation"", ""C"": ""position"", ""D"": ""color""}",/mnt/tidalfs-hssh01/dataset/xiang/models/Qwen2.5-VL-7B-Instruct,42,not_empty,next_token
B_0020,B,STEP,CD,0,-0.825939416885376,-0.575939416885376,0.43782350420951843,0.562176525592804,-0.8265458345413208,-0.5765458345413208,0.43782350420951843,1,0,"{""A"": ""size"", ""B"": ""orientation"", ""C"": ""position"", ""D"": ""color""}",/mnt/tidalfs-hssh01/dataset/xiang/models/Qwen2.5-VL-7B-Instruct,42,not_empty,next_token
B_0020,B,STEP,ABC,0,-0.7575989961624146,-0.6325989961624146,0.4687906503677368,0.531209409236908,-0.7579643130302429,-0.6329643130302429,0.4687906503677368,1,0,"{""A"": ""size"", ""B"": ""orientation"", ""C"": ""position"", ""D"": ""color""}",/mnt/tidalfs-hssh01/dataset/xiang/models/Qwen2.5-VL-7B-Instruct,42,not_empty,next_token
B_0020,B,STEP,ABD,0,-0.6931471824645996,-0.6931471824645996,0.5,0.5,-0.6935997009277344,-0.6935997009277344,0.5,0,1,"{""A"": ""size"", ""B"": ""orientation"", ""C"": ""position"", ""D"": ""color""}",/mnt/tidalfs-hssh01/dataset/xiang/models/Qwen2.5-VL-7B-Instruct,42,not_empty,next_token
B_0020,B,STEP,ACD,0,-0.825939416885376,-0.575939416885376,0.43782350420951843,0.562176525592804,-0.826229453086853,-0.576229453086853,0.43782350420951843,1,0,"{""A"": ""size"", ""B"": ""orientation"", ""C"": ""position"", ""D"": ""color""}",/mnt/tidalfs-hssh01/dataset/xiang/models/Qwen2.5-VL-7B-Instruct,42,not_empty,next_token
B_0020,B,STEP,BCD,0,-0.7575989961624146,-0.6325989961624146,0.4687906503677368,0.531209409236908,-0.7583093643188477,-0.6333093643188477,0.4687906503677368,1,0,"{""A"": ""size"", ""B"": ""orientation"", ""C"": ""position"", ""D"": ""color""}",/mnt/tidalfs-hssh01/dataset/xiang/models/Qwen2.5-VL-7B-Instruct,42,not_empty,next_token
B_0020,B,STEP,ABCD,0,-0.7575989961624146,-0.6325989961624146,0.4687906503677368,0.531209409236908,-0.7579913139343262,-0.6329913139343262,0.4687906503677368,1,0,"{""A"": ""size"", ""B"": ""orientation"", ""C"": ""position"", ""D"": ""color""}",/mnt/tidalfs-hssh01/dataset/xiang/models/Qwen2.5-VL-7B-Instruct,42,not_empty,next_token
B_0028,B,STEP,EMPTY,1,-0.8981232643127441,-0.5231232643127441,0.4073334038257599,0.5926665663719177,-0.9087707996368408,-0.5337707996368408,0.5926665663719177,1,1,"{""A"": ""orientation"", ""B"": ""position"", ""C"": ""color"", ""D"": ""size""}",/mnt/tidalfs-hssh01/dataset/xiang/models/Qwen2.5-VL-7B-Instruct,42,text_only,next_token
B_0028,B,STEP,A,1,-0.6931471824645996,-0.6931471824645996,0.5,0.5,-0.694259524345398,-0.694259524345398,0.5,0,0,"{""A"": ""orientation"", ""B"": ""position"", ""C"": ""color"", ""D"": ""size""}",/mnt/tidalfs-hssh01/dataset/xiang/models/Qwen2.5-VL-7B-Instruct,42,not_empty,next_token
B_0028,B,STEP,B,1,-0.825939416885376,-0.575939416885376,0.43782350420951843,0.562176525592804,-0.8270713090896606,-0.5770713090896606,0.562176525592804,1,1,"{""A"": ""orientation"", ""B"": ""position"", ""C"": ""color"", ""D"": ""size""}",/mnt/tidalfs-hssh01/dataset/xiang/models/Qwen2.5-VL-7B-Instruct,42,not_empty,next_token
B_0028,B,STEP,C,1,-0.825939416885376,-0.575939416885376,0.43782350420951843,0.562176525592804,-0.8267386555671692,-0.5767386555671692,0.562176525592804,1,1,"{""A"": ""orientation"", ""B"": ""position"", ""C"": ""color"", ""D"": ""size""}",/mnt/tidalfs-hssh01/dataset/xiang/models/Qwen2.5-VL-7B-Instruct,42,not_empty,next_token
B_0028,B,STEP,D,1,-0.8981232643127441,-0.5231232643127441,0.4073334038257599,0.5926665663719177,-0.8992534875869751,-0.5242534875869751,0.5926665663719177,1,1,"{""A"": ""orientation"", ""B"": ""position"", ""C"": ""color"", ""D"": ""size""}",/mnt/tidalfs-hssh01/dataset/xiang/models/Qwen2.5-VL-7B-Instruct,42,not_empty,next_token
B_0028,B,STEP,AB,1,-0.825939416885376,-0.575939416885376,0.43782350420951843,0.562176525592804,-0.8266562819480896,-0.5766562819480896,0.562176525592804,1,1,"{""A"": ""orientation"", ""B"": ""position"", ""C"": ""color"", ""D"": ""size""}",/mnt/tidalfs-hssh01/dataset/xiang/models/Qwen2.5-VL-7B-Instruct,42,not_empty,next_token
B_0028,B,STEP,AC,1,-0.7575989961624146,-0.6325989961624146,0.4687906503677368,0.531209409236908,-0.7581346035003662,-0.6331346035003662,0.531209409236908,1,1,"{""A"": ""orientation"", ""B"": ""position"", ""C"": ""color"", ""D"": ""size""}",/mnt/tidalfs-hssh01/dataset/xiang/models/Qwen2.5-VL-7B-Instruct,42,not_empty,next_token
B_0028,B,STEP,AD,1,-0.7575989961624146,-0.6325989961624146,0.4687906503677368,0.531209409236908,-0.7582812309265137,-0.6332812309265137,0.531209409236908,1,1,"{""A"": ""orientation"", ""B"": ""position"", ""C"": ""color"", ""D"": ""size""}",/mnt/tidalfs-hssh01/dataset/xiang/models/Qwen2.5-VL-7B-Instruct,42,not_empty,next_token
B_0028,B,STEP,BC,1,-0.8981232643127441,-0.5231232643127441,0.4073334038257599,0.5926665663719177,-0.8987576365470886,-0.5237576365470886,0.5926665663719177,1,1,"{""A"": ""orientation"", ""B"": ""position"", ""C"": ""color"", ""D"": ""size""}",/mnt/tidalfs-hssh01/dataset/xiang/models/Qwen2.5-VL-7B-Instruct,42,not_empty,next_token
B_0028,B,STEP,BD,1,-0.8981232643127441,-0.5231232643127441,0.4073334038257599,0.5926665663719177,-0.8985228538513184,-0.5235228538513184,0.5926665663719177,1,1,"{""A"": ""orientation"", ""B"": ""position"", ""C"": ""color"", ""D"": ""size""}",/mnt/tidalfs-hssh01/dataset/xiang/models/Qwen2.5-VL-7B-Instruct,42,not_empty,next_token
B_0028,B,STEP,CD,1,-0.8981232643127441,-0.5231232643127441,0.4073334038257599,0.5926665663719177,-0.898444652557373,-0.523444652557373,0.5926665663719177,1,1,"{""A"": ""orientation"", ""B"": ""position"", ""C"": ""color"", ""D"": ""size""}",/mnt/tidalfs-hssh01/dataset/xiang/models/Qwen2.5-VL-7B-Instruct,42,not_empty,next_token
B_0028,B,STEP,ABC,1,-0.7575989961624146,-0.6325989961624146,0.4687906503677368,0.531209409236908,-0.7579985857009888,-0.6329985857009888,0.531209409236908,1,1,"{""A"": ""orientation"", ""B"": ""position"", ""C"": ""color"", ""D"": ""size""}",/mnt/tidalfs-hssh01/dataset/xiang/models/Qwen2.5-VL-7B-Instruct,42,not_empty,next_token
B_0028,B,STEP,ABD,1,-0.825939416885376,-0.575939416885376,0.43782350420951843,0.562176525592804,-0.8263369798660278,-0.5763369798660278,0.562176525592804,1,1,"{""A"": ""orientation"", ""B"": ""position"", ""C"": ""color"", ""D"": ""size""}",/mnt/tidalfs-hssh01/dataset/xiang/models/Qwen2.5-VL-7B-Instruct,42,not_empty,next_token
B_0028,B,STEP,ACD,1,-0.8981232643127441,-0.5231232643127441,0.4073334038257599,0.5926665663719177,-0.8983654975891113,-0.5233654975891113,0.5926665663719177,1,1,"{""A"": ""orientation"", ""B"": ""position"", ""C"": ""color"", ""D"": ""size""}",/mnt/tidalfs-hssh01/dataset/xiang/models/Qwen2.5-VL-7B-Instruct,42,not_empty,next_token
B_0028,B,STEP,BCD,1,-0.8981232643127441,-0.5231232643127441,0.4073334038257599,0.5926665663719177,-0.8984354734420776,-0.5234354734420776,0.5926665663719177,1,1,"{""A"": ""orientation"", ""B"": ""position"", ""C"": ""color"", ""D"": ""size""}",/mnt/tidalfs-hssh01/dataset/xiang/models/Qwen2.5-VL-7B-Instruct,42,not_empty,next_token
B_0028,B,STEP,ABCD,1,-0.825939416885376,-0.575939416885376,0.43782350420951843,0.562176525592804,-0.8262197971343994,-0.5762197971343994,0.562176525592804,1,1,"{""A"": ""orientation"", ""B"": ""position"", ""C"": ""color"", ""D"": ""size""}",/mnt/tidalfs-hssh01/dataset/xiang/models/Qwen2.5-VL-7B-Instruct,42,not_empty,next_token
B_0036,B,STEP,EMPTY,0,-0.8981232643127441,-0.5231232643127441,0.4073334038257599,0.5926665663719177,-0.9199725389480591,-0.5449725389480591,0.4073334038257599,1,0,"{""A"": ""position"", ""B"": ""color"", ""C"": ""size"", ""D"": ""orientation""}",/mnt/tidalfs-hssh01/dataset/xiang/models/Qwen2.5-VL-7B-Instruct,42,text_only,next_token
B_0036,B,STEP,A,0,-0.7575989961624146,-0.6325989961624146,0.4687906503677368,0.531209409236908,-0.7590900659561157,-0.6340900659561157,0.4687906503677368,1,0,"{""A"": ""position"", ""B"": ""color"", ""C"": ""size"", ""D"": ""orientation""}",/mnt/tidalfs-hssh01/dataset/xiang/models/Qwen2.5-VL-7B-Instruct,42,not_empty,next_token
B_0036,B,STEP,B,0,-0.9740769863128662,-0.4740769863128662,0.3775406777858734,0.622459352016449,-0.975214958190918,-0.47521498799324036,0.3775406777858734,1,0,"{""A"": ""position"", ""B"": ""color"", ""C"": ""size"", ""D"": ""orientation""}",/mnt/tidalfs-hssh01/dataset/xiang/models/Qwen2.5-VL-7B-Instruct,42,not_empty,next_token
B_0036,B,STEP,C,0,-0.9740769863128662,-0.4740769863128662,0.3775406777858734,0.622459352016449,-0.975752592086792,-0.475752592086792,0.3775406777858734,1,0,"{""A"": ""position"", ""B"": ""color"", ""C"": ""size"", ""D"": ""orientation""}",/mnt/tidalfs-hssh01/dataset/xiang/models/Qwen2.5-VL-7B-Instruct,42,not_empty,next_token
B_0036,B,STEP,D,0,-0.9740769863128662,-0.4740769863128662,0.3775406777858734,0.622459352016449,-0.976794958114624,-0.4767949879169464,0.3775406777858734,1,0,"{""A"": ""position"", ""B"": ""color"", ""C"": ""size"", ""D"": ""orientation""}",/mnt/tidalfs-hssh01/dataset/xiang/models/Qwen2.5-VL-7B-Instruct,42,not_empty,next_token
B_0036,B,STEP,AB,0,-0.8981232643127441,-0.5231232643127441,0.4073334038257599,0.5926665663719177,-0.898739218711853,-0.523739218711853,0.4073334038257599,1,0,"{""A"": ""position"", ""B"": ""color"", ""C"": ""size"", ""D"": ""orientation""}",/mnt/tidalfs-hssh01/dataset/xiang/models/Qwen2.5-VL-7B-Instruct,42,not_empty,next_token
B_0036,B,STEP,AC,0,-0.8981232643127441,-0.5231232643127441,0.4073334038257599,0.5926665663719177,-0.8985034227371216,-0.5235034227371216,0.4073334038257599,1,0,"{""A"": ""position"", ""B"": ""color"", ""C"": ""size"", ""D"": ""orientation""}",/mnt/tidalfs-hssh01/dataset/xiang/models/Qwen2.5-VL-7B-Instruct,42,not_empty,next_token
B_0036,B,STEP,AD,0,-0.825939416885376,-0.575939416885376,0.43782350420951843,0.562176525592804,-0.8266280293464661,-0.5766280293464661,0.43782350420951843,1,0,"{""A"": ""position"", ""B"": ""color"", ""C"": ""size"", ""D"": ""orientation""}",/mnt/tidalfs-hssh01/dataset/xiang/models/Qwen2.5-VL-7B-Instruct,42,not_empty,next_token
B_0036,B,STEP,BC,0,-0.8981232643127441,-0.5231232643127441,0.4073334038257599,0.5926665663719177,-0.8988395929336548,-0.5238395929336548,0.4073334038257599,1,0,"{""A"": ""position"", ""B"": ""color"", ""C"": ""size"", ""D"": ""orientation""}",/mnt/tidalfs-hssh01/dataset/xiang/models/Qwen2.5-VL-7B-Instruct,42,not_empty,next_token
B_0036,B,STEP,BD,0,-0.8981232643127441,-0.5231232643127441,0.4073334038257599,0.5926665663719177,-0.8989238739013672,-0.5239238739013672,0.4073334038257599,1,0,"{""A"": ""position"", ""B"": ""color"", ""C"": ""size"", ""D"": ""orientation""}",/mnt/tidalfs-hssh01/dataset/xiang/models/Qwen2.5-VL-7B-Instruct,42,not_empty,next_token
B_0036,B,STEP,CD,0,-0.9740769863128662,-0.4740769863128662,0.3775406777858734,0.622459352016449,-0.974639356136322,-0.474639356136322,0.3775406777858734,1,0,"{""A"": ""position"", ""B"": ""color"", ""C"": ""size"", ""D"": ""orientation""}",/mnt/tidalfs-hssh01/dataset/xiang/models/Qwen2.5-VL-7B-Instruct,42,not_empty,next_token
B_0036,B,STEP,ABC,0,-0.8981232643127441,-0.5231232643127441,0.4073334038257599,0.5926665663719177,-0.8985084295272827,-0.5235084295272827,0.4073334038257599,1,0,"{""A"": ""position"", ""B"": ""color"", ""C"": ""size"", ""D"": ""orientation""}",/mnt/tidalfs-hssh01/dataset/xiang/models/Qwen2.5-VL-7B-Instruct,42,not_empty,next_token
B_0036,B,STEP,ABD,0,-0.8981232643127441,-0.5231232643127441,0.4073334038257599,0.5926665663719177,-0.8985413908958435,-0.5235413908958435,0.4073334038257599,1,0,"{""A"": ""position"", ""B"": ""color"", ""C"": ""size"", ""D"": ""orientation""}",/mnt/tidalfs-hssh01/dataset/xiang/models/Qwen2.5-VL-7B-Instruct,42,not_empty,next_token
B_0036,B,STEP,ACD,0,-0.9740769863128662,-0.4740769863128662,0.3775406777858734,0.622459352016449,-0.9743849635124207,-0.47438496351242065,0.3775406777858734,1,0,"{""A"": ""position"", ""B"": ""color"", ""C"": ""size"", ""D"": ""orientation""}",/mnt/tidalfs-hssh01/dataset/xiang/models/Qwen2.5-VL-7B-Instruct,42,not_empty,next_token
B_0036,B,STEP,BCD,0,-1.0537006855010986,-0.42870065569877625,0.3486451208591461,0.6513548493385315,-1.0540897846221924,-0.42908975481987,0.3486451208591461,1,0,"{""A"": ""position"", ""B"": ""color"", ""C"": ""size"", ""D"": ""orientation""}",/mnt/tidalfs-hssh01/dataset/xiang/models/Qwen2.5-VL-7B-Instruct,42,not_empty,next_token
B_0036,B,STEP,ABCD,0,-1.0537006855010986,-0.42870065569877625,0.3486451208591461,0.6513548493385315,-1.0539872646331787,-0.4289872944355011,0.3486451208591461,1,0,"{""A"": ""position"", ""B"": ""color"", ""C"": ""size"", ""D"": ""orientation""}",/mnt/tidalfs-hssh01/dataset/xiang/models/Qwen2.5-VL-7B-Instruct,42,not_empty,next_token
B_0044,B,STEP,EMPTY,0,-0.9740769863128662,-0.4740769863128662,0.3775406777858734,0.622459352016449,-0.9828988313674927,-0.4828988313674927,0.3775406777858734,1,0,"{""A"": ""color"", ""B"": ""size"", ""C"": ""orientation"", ""D"": ""position""}",/mnt/tidalfs-hssh01/dataset/xiang/models/Qwen2.5-VL-7B-Instruct,42,text_only,next_token
B_0044,B,STEP,A,0,-0.825939416885376,-0.575939416885376,0.43782350420951843,0.562176525592804,-0.8269744515419006,-0.5769744515419006,0.43782350420951843,1,0,"{""A"": ""color"", ""B"": ""size"", ""C"": ""orientation"", ""D"": ""position""}",/mnt/tidalfs-hssh01/dataset/xiang/models/Qwen2.5-VL-7B-Instruct,42,not_empty,next_token
B_0044,B,STEP,B,0,-1.0537006855010986,-0.42870065569877625,0.3486451208591461,0.6513548493385315,-1.0547888278961182,-0.4297887682914734,0.3486451208591461,1,0,"{""A"": ""color"", ""B"": ""size"", ""C"": ""orientation"", ""D"": ""position""}",/mnt/tidalfs-hssh01/dataset/xiang/models/Qwen2.5-VL-7B-Instruct,42,not_empty,next_token
B_0044,B,STEP,C,0,-0.8981232643127441,-0.5231232643127441,0.4073334038257599,0.5926665663719177,-0.8999212384223938,-0.5249212384223938,0.4073334038257599,1,0,"{""A"": ""color"", ""B"": ""size"", ""C"": ""orientation"", ""D"": ""position""}",/mnt/tidalfs-hssh01/dataset/xiang/models/Qwen2.5-VL-7B-Instruct,42,not_empty,next_token
B_0044,B,STEP,D,0,-0.8981232643127441,-0.5231232643127441,0.4073334038257599,0.5926665663719177,-0.8994076251983643,-0.5244076251983643,0.4073334038257599,1,0,"{""A"": ""color"", ""B"": ""size"", ""C"": ""orientation"", ""D"": ""position""}",/mnt/tidalfs-hssh01/dataset/xiang/models/Qwen2.5-VL-7B-Instruct,42,not_empty,next_token
B_0044,B,STEP,AB,0,-0.7575989961624146,-0.6325989961624146,0.4687906503677368,0.531209409236908,-0.7579630017280579,-0.6329630017280579,0.4687906503677368,1,0,"{""A"": ""color"", ""B"": ""size"", ""C"": ""orientation"", ""D"": ""position""}",/mnt/tidalfs-hssh01/dataset/xiang/models/Qwen2.5-VL-7B-Instruct,42,not_empty,next_token
B_0044,B,STEP,AC,0,-0.8981232643127441,-0.5231232643127441,0.4073334038257599,0.5926665663719177,-0.8986351490020752,-0.5236351490020752,0.4073334038257599,1,0,"{""A"": ""color"", ""B"": ""size"", ""C"": ""orientation"", ""D"": ""position""}",/mnt/tidalfs-hssh01/dataset/xiang/models/Qwen2.5-VL-7B-Instruct,42,not_empty,next_token
B_0044,B,STEP,AD,0,-0.825939416885376,-0.575939416885376,0.43782350420951843,0.562176525592804,-0.8264421820640564,-0.5764421820640564,0.43782350420951843,1,0,"{""A"": ""color"", ""B"": ""size"", ""C"": ""orientation"", ""D"": ""position""}",/mnt/tidalfs-hssh01/dataset/xiang/models/Qwen2.5-VL-7B-Instruct,42,not_empty,next_token
B_0044,B,STEP,BC,0,-0.8981232643127441,-0.5231232643127441,0.4073334038257599,0.5926665663719177,-0.8990539908409119,-0.5240539908409119,0.4073334038257599,1,0,"{""A"": ""color"", ""B"": ""size"", ""C"": ""orientation"", ""D"": ""position""}",/mnt/tidalfs-hssh01/dataset/xiang/models/Qwen2.5-VL-7B-Instruct,42,not_empty,next_token
B_0044,B,STEP,BD,0,-0.8981232643127441,-0.5231232643127441,0.4073334038257599,0.5926665663719177,-0.8987720012664795,-0.5237720012664795,0.4073334038257599,1,0,"{""A"": ""color"", ""B"": ""size"", ""C"": ""orientation"", ""D"": ""position""}",/mnt/tidalfs-hssh01/dataset/xiang/models/Qwen2.5-VL-7B-Instruct,42,not_empty,next_token
B_0044,B,STEP,CD,0,-0.7575989961624146,-0.6325989961624146,0.4687906503677368,0.531209409236908,-0.7585164308547974,-0.6335164308547974,0.4687906503677368,1,0,"{""A"": ""color"", ""B"": ""size"", ""C"": ""orientation"", ""D"": ""position""}",/mnt/tidalfs-hssh01/dataset/xiang/models/Qwen2.5-VL-7B-Instruct,42,not_empty,next_token
B_0044,B,STEP,ABC,0,-0.7575989961624146,-0.6325989961624146,0.4687906503677368,0.531209409236908,-0.758023738861084,-0.633023738861084,0.4687906503677368,1,0,"{""A"": ""color"", ""B"": ""size"", ""C"": ""orientation"", ""D"": ""position""}",/mnt/tidalfs-hssh01/dataset/xiang/models/Qwen2.5-VL-7B-Instruct,42,not_empty,next_token
B_0044,B,STEP,ABD,0,-0.825939416885376,-0.575939416885376,0.43782350420951843,0.562176525592804,-0.8263126611709595,-0.5763126611709595,0.43782350420951843,1,0,"{""A"": ""color"", ""B"": ""size"", ""C"": ""orientation"", ""D"": ""position""}",/mnt/tidalfs-hssh01/dataset/xiang/models/Qwen2.5-VL-7B-Instruct,42,not_empty,next_token
B_0044,B,STEP,ACD,0,-0.8981232643127441,-0.5231232643127441,0.4073334038257599,0.5926665663719177,-0.8984007835388184,-0.5234007835388184,0.4073334038257599,1,0,"{""A"": ""color"", ""B"": ""size"", ""C"": ""orientation"", ""D"": ""position""}",/mnt/tidalfs-hssh01/dataset/xiang/models/Qwen2.5-VL-7B-Instruct,42,not_empty,next_token
B_0044,B,STEP,BCD,0,-0.8981232643127441,-0.5231232643127441,0.4073334038257599,0.5926665663719177,-0.8986953496932983,-0.5236953496932983,0.4073334038257599,1,0,"{""A"": ""color"", ""B"": ""size"", ""C"": ""orientation"", ""D"": ""position""}",/mnt/tidalfs-hssh01/dataset/xiang/models/Qwen2.5-VL-7B-Instruct,42,not_empty,next_token
B_0044,B,STEP,ABCD,0,-0.825939416885376,-0.575939416885376,0.43782350420951843,0.562176525592804,-0.826241672039032,-0.576241672039032,0.43782350420951843,1,0,"{""A"": ""color"", ""B"": ""size"", ""C"": ""orientation"", ""D"": ""position""}",/mnt/tidalfs-hssh01/dataset/xiang/models/Qwen2.5-VL-7B-Instruct,42,not_empty,next_token
B_0052,B,STEP,EMPTY,1,-0.825939416885376,-0.575939416885376,0.43782350420951843,0.562176525592804,-0.8349793553352356,-0.5849793553352356,0.562176525592804,1,1,"{""A"": ""size"", ""B"": ""orientation"", ""C"": ""position"", ""D"": ""color""}",/mnt/tidalfs-hssh01/dataset/xiang/models/Qwen2.5-VL-7B-Instruct,42,text_only,next_token
B_0052,B,STEP,A,1,-0.6931471824645996,-0.6931471824645996,0.5,0.5,-0.6942474842071533,-0.6942474842071533,0.5,0,0,"{""A"": ""size"", ""B"": ""orientation"", ""C"": ""position"", ""D"": ""color""}",/mnt/tidalfs-hssh01/dataset/xiang/models/Qwen2.5-VL-7B-Instruct,42,not_empty,next_token
B_0052,B,STEP,B,1,-1.0537006855010986,-0.42870065569877625,0.3486451208591461,0.6513548493385315,-1.0545393228530884,-0.429539293050766,0.6513548493385315,1,1,"{""A"": ""size"", ""B"": ""orientation"", ""C"": ""position"", ""D"": ""color""}",/mnt/tidalfs-hssh01/dataset/xiang/models/Qwen2.5-VL-7B-Instruct,42,not_empty,next_token
B_0052,B,STEP,C,1,-0.7575989961624146,-0.6325989961624146,0.4687906503677368,0.531209409236908,-0.759021520614624,-0.634021520614624,0.531209409236908,1,1,"{""A"": ""size"", ""B"": ""orientation"", ""C"": ""position"", ""D"": ""color""}",/mnt/tidalfs-hssh01/dataset/xiang/models/Qwen2.5-VL-7B-Instruct,42,not_empty,next_token
B_0052,B,STEP,D,1,-0.825939416885376,-0.575939416885376,0.43782350420951843,0.562176525592804,-0.8275613784790039,-0.5775613784790039,0.562176525592804,1,1,"{""A"": ""size"", ""B"": ""orientation"", ""C"": ""position"", ""D"": ""color""}",/mnt/tidalfs-hssh01/dataset/xiang/models/Qwen2.5-VL-7B-Instruct,42,not_empty,next_token
B_0052,B,STEP,AB,1,-0.825939416885376,-0.575939416885376,0.43782350420951843,0.562176525592804,-0.8265458345413208,-0.5765458345413208,0.562176525592804,1,1,"{""A"": ""size"", ""B"": ""orientation"", ""C"": ""position"", ""D"": ""color""}",/mnt/tidalfs-hssh01/dataset/xiang/models/Qwen2.5-VL-7B-Instruct,42,not_empty,next_token
B_0052,B,STEP,AC,1,-0.825939416885376,-0.575939416885376,0.43782350420951843,0.562176525592804,-0.8263104557991028,-0.5763104557991028,0.562176525592804,1,1,"{""A"": ""size"", ""B"": ""orientation"", ""C"": ""position"", ""D"": ""color""}",/mnt/tidalfs-hssh01/dataset/xiang/models/Qwen2.5-VL-7B-Instruct,42,not_empty,next_token
B_0052,B,STEP,AD,1,-0.825939416885376,-0.575939416885376,0.43782350420951843,0.562176525592804,-0.8266156315803528,-0.5766156315803528,0.562176525592804,1,1,"{""A"": ""size"", ""B"": ""orientation"", ""C"": ""position"", ""D"": ""color""}",/mnt/tidalfs-hssh01/dataset/xiang/models/Qwen2.5-VL-7B-Instruct,42,not_empty,next_token
B_0052,B,STEP,BC,1,-1.1368709802627563,-0.38687101006507874,0.3208213150501251,0.6791786551475525,-1.1375669240951538,-0.3875668942928314,0.6791786551475525,1,1,"{""A"": ""size"", ""B"": ""orientation"", ""C"": ""position"", ""D"": ""color""}",/mnt/tidalfs-hssh01/dataset/xiang/models/Qwen2.5-VL-7B-Instruct,42,not_empty,next_token
B_0052,B,STEP,BD,1,-1.053700566291809,-0.42870065569877625,0.3486451506614685,0.6513548493385315,-1.0542681217193604,-0.4292681813240051,0.6513548493385315,1,1,"{""A"": ""size"", ""B"": ""orientation"", ""C"": ""position"", ""D"": ""color""}",/mnt/tidalfs-hssh01/dataset/xiang/models/Qwen2.5-VL-7B-Instruct,42,not_empty,next_token
B_0052,B,STEP,CD,1,-0.7575989961624146,-0.6325989961624146,0.4687906503677368,0.531209409236908,-0.7582088708877563,-0.6332088708877563,0.531209409236908,1,1,"{""A"": ""size"", ""B"": ""orientation"", ""C"": ""position"", ""D"": ""color""}",/mnt/tidalfs-hssh01/dataset/xiang/models/Qwen2.5-VL-7B-Instruct,42,not_empty,next_token
B_0052,B,STEP,ABC,1,-0.825939416885376,-0.575939416885376,0.43782350420951843,0.562176525592804,-0.8263147473335266,-0.5763147473335266,0.562176525592804,1,1,"{""A"": ""size"", ""B"": ""orientation"", ""C"": ""position"", ""D"": ""color""}",/mnt/tidalfs-hssh01/dataset/xiang/models/Qwen2.5-VL-7B-Instruct,42,not_empty,next_token
B_0052,B,STEP,ABD,1,-0.7575989961624146,-0.6325989961624146,0.4687906503677368,0.531209409236908,-0.7580645680427551,-0.6330645680427551,0.531209409236908,1,1,"{""A"": ""size"", ""B"": ""orientation"", ""C"": ""position"", ""D"": ""color""}",/mnt/tidalfs-hssh01/dataset/xiang/models/Qwen2.5-VL-7B-Instruct,42,not_empty,next_token
B_0052,B,STEP,ACD,1,-0.825939416885376,-0.575939416885376,0.43782350420951843,0.562176525592804,-0.8262614011764526,-0.5762614011764526,0.562176525592804,1,1,"{""A"": ""size"", ""B"": ""orientation"", ""C"": ""position"", ""D"": ""color""}",/mnt/tidalfs-hssh01/dataset/xiang/models/Qwen2.5-VL-7B-Instruct,42,not_empty,next_token
B_0052,B,STEP,BCD,1,-1.1368709802627563,-0.38687101006507874,0.3208213150501251,0.6791786551475525,-1.1373530626296997,-0.3873530626296997,0.6791786551475525,1,1,"{""A"": ""size"", ""B"": ""orientation"", ""C"": ""position"", ""D"": ""color""}",/mnt/tidalfs-hssh01/dataset/xiang/models/Qwen2.5-VL-7B-Instruct,42,not_empty,next_token
B_0052,B,STEP,ABCD,1,-0.7575989961624146,-0.6325989961624146,0.4687906503677368,0.531209409236908,-0.7579883933067322,-0.6329883933067322,0.531209409236908,1,1,"{""A"": ""size"", ""B"": ""orientation"", ""C"": ""position"", ""D"": ""color""}",/mnt/tidalfs-hssh01/dataset/xiang/models/Qwen2.5-VL-7B-Instruct,42,not_empty,next_token
B_0060,B,STEP,EMPTY,1,-0.8981232643127441,-0.5231232643127441,0.4073334038257599,0.5926665663719177,-0.9087707996368408,-0.5337707996368408,0.5926665663719177,1,1,"{""A"": ""orientation"", ""B"": ""position"", ""C"": ""color"", ""D"": ""size""}",/mnt/tidalfs-hssh01/dataset/xiang/models/Qwen2.5-VL-7B-Instruct,42,text_only,next_token
B_0060,B,STEP,A,1,-0.6931471824645996,-0.6931471824645996,0.5,0.5,-0.694259524345398,-0.694259524345398,0.5,0,0,"{""A"": ""orientation"", ""B"": ""position"", ""C"": ""color"", ""D"": ""size""}",/mnt/tidalfs-hssh01/dataset/xiang/models/Qwen2.5-VL-7B-Instruct,42,not_empty,next_token
B_0060,B,STEP,B,1,-0.825939416885376,-0.575939416885376,0.43782350420951843,0.562176525592804,-0.8270713090896606,-0.5770713090896606,0.562176525592804,1,1,"{""A"": ""orientation"", ""B"": ""position"", ""C"": ""color"", ""D"": ""size""}",/mnt/tidalfs-hssh01/dataset/xiang/models/Qwen2.5-VL-7B-Instruct,42,not_empty,next_token
B_0060,B,STEP,C,1,-0.825939416885376,-0.575939416885376,0.43782350420951843,0.562176525592804,-0.8267386555671692,-0.5767386555671692,0.562176525592804,1,1,"{""A"": ""orientation"", ""B"": ""position"", ""C"": ""color"", ""D"": ""size""}",/mnt/tidalfs-hssh01/dataset/xiang/models/Qwen2.5-VL-7B-Instruct,42,not_empty,next_token
B_0060,B,STEP,D,1,-0.8981232643127441,-0.5231232643127441,0.4073334038257599,0.5926665663719177,-0.8992534875869751,-0.5242534875869751,0.5926665663719177,1,1,"{""A"": ""orientation"", ""B"": ""position"", ""C"": ""color"", ""D"": ""size""}",/mnt/tidalfs-hssh01/dataset/xiang/models/Qwen2.5-VL-7B-Instruct,42,not_empty,next_token
B_0060,B,STEP,AB,1,-0.825939416885376,-0.575939416885376,0.43782350420951843,0.562176525592804,-0.8266562819480896,-0.5766562819480896,0.562176525592804,1,1,"{""A"": ""orientation"", ""B"": ""position"", ""C"": ""color"", ""D"": ""size""}",/mnt/tidalfs-hssh01/dataset/xiang/models/Qwen2.5-VL-7B-Instruct,42,not_empty,next_token
B_0060,B,STEP,AC,1,-0.7575989961624146,-0.6325989961624146,0.4687906503677368,0.531209409236908,-0.7581346035003662,-0.6331346035003662,0.531209409236908,1,1,"{""A"": ""orientation"", ""B"": ""position"", ""C"": ""color"", ""D"": ""size""}",/mnt/tidalfs-hssh01/dataset/xiang/models/Qwen2.5-VL-7B-Instruct,42,not_empty,next_token
B_0060,B,STEP,AD,1,-0.7575989961624146,-0.6325989961624146,0.4687906503677368,0.531209409236908,-0.7582812309265137,-0.6332812309265137,0.531209409236908,1,1,"{""A"": ""orientation"", ""B"": ""position"", ""C"": ""color"", ""D"": ""size""}",/mnt/tidalfs-hssh01/dataset/xiang/models/Qwen2.5-VL-7B-Instruct,42,not_empty,next_token
B_0060,B,STEP,BC,1,-0.8981232643127441,-0.5231232643127441,0.4073334038257599,0.5926665663719177,-0.8987576365470886,-0.5237576365470886,0.5926665663719177,1,1,"{""A"": ""orientation"", ""B"": ""position"", ""C"": ""color"", ""D"": ""size""}",/mnt/tidalfs-hssh01/dataset/xiang/models/Qwen2.5-VL-7B-Instruct,42,not_empty,next_token
B_0060,B,STEP,BD,1,-0.8981232643127441,-0.5231232643127441,0.4073334038257599,0.5926665663719177,-0.8985228538513184,-0.5235228538513184,0.5926665663719177,1,1,"{""A"": ""orientation"", ""B"": ""position"", ""C"": ""color"", ""D"": ""size""}",/mnt/tidalfs-hssh01/dataset/xiang/models/Qwen2.5-VL-7B-Instruct,42,not_empty,next_token
B_0060,B,STEP,CD,1,-0.8981232643127441,-0.5231232643127441,0.4073334038257599,0.5926665663719177,-0.898444652557373,-0.523444652557373,0.5926665663719177,1,1,"{""A"": ""orientation"", ""B"": ""position"", ""C"": ""color"", ""D"": ""size""}",/mnt/tidalfs-hssh01/dataset/xiang/models/Qwen2.5-VL-7B-Instruct,42,not_empty,next_token
B_0060,B,STEP,ABC,1,-0.7575989961624146,-0.6325989961624146,0.4687906503677368,0.531209409236908,-0.7579985857009888,-0.6329985857009888,0.531209409236908,1,1,"{""A"": ""orientation"", ""B"": ""position"", ""C"": ""color"", ""D"": ""size""}",/mnt/tidalfs-hssh01/dataset/xiang/models/Qwen2.5-VL-7B-Instruct,42,not_empty,next_token
B_0060,B,STEP,ABD,1,-0.825939416885376,-0.575939416885376,0.43782350420951843,0.562176525592804,-0.8263369798660278,-0.5763369798660278,0.562176525592804,1,1,"{""A"": ""orientation"", ""B"": ""position"", ""C"": ""color"", ""D"": ""size""}",/mnt/tidalfs-hssh01/dataset/xiang/models/Qwen2.5-VL-7B-Instruct,42,not_empty,next_token
B_0060,B,STEP,ACD,1,-0.8981232643127441,-0.5231232643127441,0.4073334038257599,0.5926665663719177,-0.8983654975891113,-0.5233654975891113,0.5926665663719177,1,1,"{""A"": ""orientation"", ""B"": ""position"", ""C"": ""color"", ""D"": ""size""}",/mnt/tidalfs-hssh01/dataset/xiang/models/Qwen2.5-VL-7B-Instruct,42,not_empty,next_token
B_0060,B,STEP,BCD,1,-0.8981232643127441,-0.5231232643127441,0.4073334038257599,0.5926665663719177,-0.8984354734420776,-0.5234354734420776,0.5926665663719177,1,1,"{""A"": ""orientation"", ""B"": ""position"", ""C"": ""color"", ""D"": ""size""}",/mnt/tidalfs-hssh01/dataset/xiang/models/Qwen2.5-VL-7B-Instruct,42,not_empty,next_token
B_0060,B,STEP,ABCD,1,-0.825939416885376,-0.575939416885376,0.43782350420951843,0.562176525592804,-0.8262197971343994,-0.5762197971343994,0.562176525592804,1,1,"{""A"": ""orientation"", ""B"": ""position"", ""C"": ""color"", ""D"": ""size""}",/mnt/tidalfs-hssh01/dataset/xiang/models/Qwen2.5-VL-7B-Instruct,42,not_empty,next_token
B_0068,B,STEP,EMPTY,1,-0.8981232643127441,-0.5231232643127441,0.4073334038257599,0.5926665663719177,-0.9199725389480591,-0.5449725389480591,0.5926665663719177,1,1,"{""A"": ""position"", ""B"": ""color"", ""C"": ""size"", ""D"": ""orientation""}",/mnt/tidalfs-hssh01/dataset/xiang/models/Qwen2.5-VL-7B-Instruct,42,text_only,next_token
B_0068,B,STEP,A,1,-0.825939416885376,-0.575939416885376,0.43782350420951843,0.562176525592804,-0.828015148639679,-0.578015148639679,0.562176525592804,1,1,"{""A"": ""position"", ""B"": ""color"", ""C"": ""size"", ""D"": ""orientation""}",/mnt/tidalfs-hssh01/dataset/xiang/models/Qwen2.5-VL-7B-Instruct,42,not_empty,next_token
B_0068,B,STEP,B,1,-0.9740769863128662,-0.4740769863128662,0.3775406777858734,0.622459352016449,-0.975214958190918,-0.47521498799324036,0.622459352016449,1,1,"{""A"": ""position"", ""B"": ""color"", ""C"": ""size"", ""D"": ""orientation""}",/mnt/tidalfs-hssh01/dataset/xiang/models/Qwen2.5-VL-7B-Instruct,42,not_empty,next_token
B_0068,B,STEP,C,1,-0.825939416885376,-0.575939416885376,0.43782350420951843,0.562176525592804,-0.8287182450294495,-0.5787182450294495,0.562176525592804,1,1,"{""A"": ""position"", ""B"": ""color"", ""C"": ""size"", ""D"": ""orientation""}",/mnt/tidalfs-hssh01/dataset/xiang/models/Qwen2.5-VL-7B-Instruct,42,not_empty,next_token
B_0068,B,STEP,D,1,-0.9740769863128662,-0.4740769863128662,0.3775406777858734,0.622459352016449,-0.976794958114624,-0.4767949879169464,0.622459352016449,1,1,"{""A"": ""position"", ""B"": ""color"", ""C"": ""size"", ""D"": ""orientation""}",/mnt/tidalfs-hssh01/dataset/xiang/models/Qwen2.5-VL-7B-Instruct,42,not_empty,next_token
B_0068,B,STEP,AB,1,-0.8981232643127441,-0.5231232643127441,0.4073334038257599,0.5926665663719177,-0.8987821936607361,-0.5237821936607361,0.5926665663719177,1,1,"{""A"": ""position"", ""B"": ""color"", ""C"": ""size"", ""D"": ""orientation""}",/mnt/tidalfs-hssh01/dataset/xiang/models/Qwen2.5-VL-7B-Instruct,42,not_empty,next_token
B_0068,B,STEP,AC,1,-0.8981232643127441,-0.5231232643127441,0.4073334038257599,0.5926665663719177,-0.898501455783844,-0.523501455783844,0.5926665663719177,1,1,"{""A"": ""position"", ""B"": ""color"", ""C"": ""size"", ""D"": ""orientation""}",/mnt/tidalfs-hssh01/dataset/xiang/models/Qwen2.5-VL-7B-Instruct,42,not_empty,next_token
B_0068,B,STEP,AD,1,-0.825939416885376,-0.575939416885376,0.43782350420951843,0.562176525592804,-0.8268888592720032,-0.5768888592720032,0.562176525592804,1,1,"{""A"": ""position"", ""B"": ""color"", ""C"": ""size"", ""D"": ""orientation""}",/mnt/tidalfs-hssh01/dataset/xiang/models/Qwen2.5-VL-7B-Instruct,42,not_empty,next_token
B_0068,B,STEP,BC,1,-0.8981232643127441,-0.5231232643127441,0.4073334038257599,0.5926665663719177,-0.898754358291626,-0.523754358291626,0.5926665663719177,1,1,"{""A"": ""position"", ""B"": ""color"", ""C"": ""size"", ""D"": ""orientation""}",/mnt/tidalfs-hssh01/dataset/xiang/models/Qwen2.5-VL-7B-Instruct,42,not_empty,next_token
B_0068,B,STEP,BD,1,-0.8981232643127441,-0.5231232643127441,0.4073334038257599,0.5926665663719177,-0.8989238739013672,-0.5239238739013672,0.5926665663719177,1,1,"{""A"": ""position"", ""B"": ""color"", ""C"": ""size"", ""D"": ""orientation""}",/mnt/tidalfs-hssh01/dataset/xiang/models/Qwen2.5-VL-7B-Instruct,42,not_empty,next_token
B_0068,B,STEP,CD,1,-0.825939416885376,-0.575939416885376,0.43782350420951843,0.562176525592804,-0.8269920349121094,-0.5769920349121094,0.562176525592804,1,1,"{""A"": ""position"", ""B"": ""color"", ""C"": ""size"", ""D"": ""orientation""}",/mnt/tidalfs-hssh01/dataset/xiang/models/Qwen2.5-VL-7B-Instruct,42,not_empty,next_token
B_0068,B,STEP,ABC,1,-0.825939416885376,-0.575939416885376,0.43782350420951843,0.562176525592804,-0.8262948393821716,-0.5762948393821716,0.562176525592804,1,1,"{""A"": ""position"", ""B"": ""color"", ""C"": ""size"", ""D"": ""orientation""}",/mnt/tidalfs-hssh01/dataset/xiang/models/Qwen2.5-VL-7B-Instruct,42,not_empty,next_token
B_0068,B,STEP,ABD,1,-0.9740769863128662,-0.4740769863128662,0.3775406777858734,0.622459352016449,-0.9745184183120728,-0.47451841831207275,0.622459352016449,1,1,"{""A"": ""position"", ""B"": ""color"", ""C"": ""size"", ""D"": ""orientation""}",/mnt/tidalfs-hssh01/dataset/xiang/models/Qwen2.5-VL-7B-Instruct,42,not_empty,next_token
B_0068,B,STEP,ACD,1,-0.8981232643127441,-0.5231232643127441,0.4073334038257599,0.5926665663719177,-0.8984992504119873,-0.5234992504119873,0.5926665663719177,1,1,"{""A"": ""position"", ""B"": ""color"", ""C"": ""size"", ""D"": ""orientation""}",/mnt/tidalfs-hssh01/dataset/xiang/models/Qwen2.5-VL-7B-Instruct,42,not_empty,next_token
B_0068,B,STEP,BCD,1,-0.8981232643127441,-0.5231232643127441,0.4073334038257599,0.5926665663719177,-0.8985793590545654,-0.5235793590545654,0.5926665663719177,1,1,"{""A"": ""position"", ""B"": ""color"", ""C"": ""size"", ""D"": ""orientation""}",/mnt/tidalfs-hssh01/dataset/xiang/models/Qwen2.5-VL-7B-Instruct,42,not_empty,next_token
B_0068,B,STEP,ABCD,1,-0.9740769863128662,-0.4740769863128662,0.3775406777858734,0.622459352016449,-0.9744716882705688,-0.47447168827056885,0.622459352016449,1,1,"{""A"": ""position"", ""B"": ""color"", ""C"": ""size"", ""D"": ""orientation""}",/mnt/tidalfs-hssh01/dataset/xiang/models/Qwen2.5-VL-7B-Instruct,42,not_empty,next_token
B_0076,B,STEP,EMPTY,1,-0.9740769863128662,-0.4740769863128662,0.3775406777858734,0.622459352016449,-0.9828988313674927,-0.4828988313674927,0.622459352016449,1,1,"{""A"": ""color"", ""B"": ""size"", ""C"": ""orientation"", ""D"": ""position""}",/mnt/tidalfs-hssh01/dataset/xiang/models/Qwen2.5-VL-7B-Instruct,42,text_only,next_token
B_0076,B,STEP,A,1,-0.8981232643127441,-0.5231232643127441,0.4073334038257599,0.5926665663719177,-0.8992325067520142,-0.5242325067520142,0.5926665663719177,1,1,"{""A"": ""color"", ""B"": ""size"", ""C"": ""orientation"", ""D"": ""position""}",/mnt/tidalfs-hssh01/dataset/xiang/models/Qwen2.5-VL-7B-Instruct,42,not_empty,next_token
B_0076,B,STEP,B,1,-1.0537006855010986,-0.42870065569877625,0.3486451208591461,0.6513548493385315,-1.0547888278961182,-0.4297887682914734,0.6513548493385315,1,1,"{""A"": ""color"", ""B"": ""size"", ""C"": ""orientation"", ""D"": ""position""}",/mnt/tidalfs-hssh01/dataset/xiang/models/Qwen2.5-VL-7B-Instruct,42,not_empty,next_token
B_0076,B,STEP,C,1,-1.1368709802627563,-0.38687101006507874,0.3208213150501251,0.6791786551475525,-1.1379870176315308,-0.3879869878292084,0.6791786551475525,1,1,"{""A"": ""color"", ""B"": ""size"", ""C"": ""orientation"", ""D"": ""position""}",/mnt/tidalfs-hssh01/dataset/xiang/models/Qwen2.5-VL-7B-Instruct,42,not_empty,next_token
B_0076,B,STEP,D,1,-0.8981232643127441,-0.5231232643127441,0.4073334038257599,0.5926665663719177,-0.8994076251983643,-0.5244076251983643,0.5926665663719177,1,1,"{""A"": ""color"", ""B"": ""size"", ""C"": ""orientation"", ""D"": ""position""}",/mnt/tidalfs-hssh01/dataset/xiang/models/Qwen2.5-VL-7B-Instruct,42,not_empty,next_token
B_0076,B,STEP,AB,1,-0.825939416885376,-0.575939416885376,0.43782350420951843,0.562176525592804,-0.8263639211654663,-0.5763639211654663,0.562176525592804,1,1,"{""A"": ""color"", ""B"": ""size"", ""C"": ""orientation"", ""D"": ""position""}",/mnt/tidalfs-hssh01/dataset/xiang/models/Qwen2.5-VL-7B-Instruct,42,not_empty,next_token
B_0076,B,STEP,AC,1,-0.9740769863128662,-0.4740769863128662,0.3775406777858734,0.622459352016449,-0.9745014905929565,-0.47450149059295654,0.622459352016449,1,1,"{""A"": ""color"", ""B"": ""size"", ""C"": ""orientation"", ""D"": ""position""}",/mnt/tidalfs-hssh01/dataset/xiang/models/Qwen2.5-VL-7B-Instruct,42,not_empty,next_token
B_0076,B,STEP,AD,1,-0.825939416885376,-0.575939416885376,0.43782350420951843,0.562176525592804,-0.8264378309249878,-0.5764378309249878,0.562176525592804,1,1,"{""A"": ""color"", ""B"": ""size"", ""C"": ""orientation"", ""D"": ""position""}",/mnt/tidalfs-hssh01/dataset/xiang/models/Qwen2.5-VL-7B-Instruct,42,not_empty,next_token
B_0076,B,STEP,BC,1,-0.9740769863128662,-0.4740769863128662,0.3775406777858734,0.622459352016449,-0.9748711585998535,-0.4748711585998535,0.622459352016449,1,1,"{""A"": ""color"", ""B"": ""size"", ""C"": ""orientation"", ""D"": ""position""}",/mnt/tidalfs-hssh01/dataset/xiang/models/Qwen2.5-VL-7B-Instruct,42,not_empty,next_token
B_0076,B,STEP,BD,1,-0.8981232643127441,-0.5231232643127441,0.4073334038257599,0.5926665663719177,-0.8987720012664795,-0.5237720012664795,0.5926665663719177,1,1,"{""A"": ""color"", ""B"": ""size"", ""C"": ""orientation"", ""D"": ""position""}",/mnt/tidalfs-hssh01/dataset/xiang/models/Qwen2.5-VL-7B-Instruct,42,not_empty,next_token
B_0076,B,STEP,CD,1,-1.1368709802627563,-0.38687101006507874,0.3208213150501251,0.6791786551475525,-1.137416958808899,-0.3874169886112213,0.6791786551475525,1,1,"{""A"": ""color"", ""B"": ""size"", ""C"": ""orientation"", ""D"": ""position""}",/mnt/tidalfs-hssh01/dataset/xiang/models/Qwen2.5-VL-7B-Instruct,42,not_empty,next_token
B_0076,B,STEP,ABC,1,-0.825939416885376,-0.575939416885376,0.43782350420951843,0.562176525592804,-0.826328456401825,-0.576328456401825,0.562176525592804,1,1,"{""A"": ""color"", ""B"": ""size"", ""C"": ""orientation"", ""D"": ""position""}",/mnt/tidalfs-hssh01/dataset/xiang/models/Qwen2.5-VL-7B-Instruct,42,not_empty,next_token
B_0076,B,STEP,ABD,1,-0.8981232643127441,-0.5231232643127441,0.4073334038257599,0.5926665663719177,-0.8984903693199158,-0.5234903693199158,0.5926665663719177,1,1,"{""A"": ""color"", ""B"": ""size"", ""C"": ""orientation"", ""D"": ""position""}",/mnt/tidalfs-hssh01/dataset/xiang/models/Qwen2.5-VL-7B-Instruct,42,not_empty,next_token
B_0076,B,STEP,ACD,1,-1.0537006855010986,-0.42870065569877625,0.3486451208591461,0.6513548493385315,-1.0539871454238892,-0.42898714542388916,0.6513548493385315,1,1,"{""A"": ""color"", ""B"": ""size"", ""C"": ""orientation"", ""D"": ""position""}",/mnt/tidalfs-hssh01/dataset/xiang/models/Qwen2.5-VL-7B-Instruct,42,not_empty,next_token
B_0076,B,STEP,BCD,1,-0.9740769863128662,-0.4740769863128662,0.3775406777858734,0.622459352016449,-0.9745837450027466,-0.4745837450027466,0.622459352016449,1,1,"{""A"": ""color"", ""B"": ""size"", ""C"": ""orientation"", ""D"": ""position""}",/mnt/tidalfs-hssh01/dataset/xiang/models/Qwen2.5-VL-7B-Instruct,42,not_empty,next_token
B_0076,B,STEP,ABCD,1,-0.9740769863128662,-0.4740769863128662,0.3775406777858734,0.622459352016449,-0.974322497844696,-0.47432249784469604,0.622459352016449,1,1,"{""A"": ""color"", ""B"": ""size"", ""C"": ""orientation"", ""D"": ""position""}",/mnt/tidalfs-hssh01/dataset/xiang/models/Qwen2.5-VL-7B-Instruct,42,not_empty,next_token
B_0084,B,STEP,EMPTY,0,-0.825939416885376,-0.575939416885376,0.43782350420951843,0.562176525592804,-0.8349793553352356,-0.5849793553352356,0.43782350420951843,1,0,"{""A"": ""size"", ""B"": ""orientation"", ""C"": ""position"", ""D"": ""color""}",/mnt/tidalfs-hssh01/dataset/xiang/models/Qwen2.5-VL-7B-Instruct,42,text_only,next_token
B_0084,B,STEP,A,0,-0.6931471824645996,-0.6931471824645996,0.5,0.5,-0.6942474842071533,-0.6942474842071533,0.5,0,1,"{""A"": ""size"", ""B"": ""orientation"", ""C"": ""position"", ""D"": ""color""}",/mnt/tidalfs-hssh01/dataset/xiang/models/Qwen2.5-VL-7B-Instruct,42,not_empty,next_token
B_0084,B,STEP,B,0,-0.7575989961624146,-0.6325989961624146,0.4687906503677368,0.531209409236908,-0.7592000961303711,-0.6342000961303711,0.4687906503677368,1,0,"{""A"": ""size"", ""B"": ""orientation"", ""C"": ""position"", ""D"": ""color""}",/mnt/tidalfs-hssh01/dataset/xiang/models/Qwen2.5-VL-7B-Instruct,42,not_empty,next_token
B_0084,B,STEP,C,0,-0.825939416885376,-0.575939416885376,0.43782350420951843,0.562176525592804,-0.8274153470993042,-0.5774153470993042,0.43782350420951843,1,0,"{""A"": ""size"", ""B"": ""orientation"", ""C"": ""position"", ""D"": ""color""}",/mnt/tidalfs-hssh01/dataset/xiang/models/Qwen2.5-VL-7B-Instruct,42,not_empty,next_token
B_0084,B,STEP,D,0,-0.825939416885376,-0.575939416885376,0.43782350420951843,0.562176525592804,-0.8275613784790039,-0.5775613784790039,0.43782350420951843,1,0,"{""A"": ""size"", ""B"": ""orientation"", ""C"": ""position"", ""D"": ""color""}",/mnt/tidalfs-hssh01/dataset/xiang/models/Qwen2.5-VL-7B-Instruct,42,not_empty,next_token
B_0084,B,STEP,AB,0,-0.6931471824645996,-0.6931471824645996,0.5,0.5,-0.6938742399215698,-0.6938742399215698,0.5,0,1,"{""A"": ""size"", ""B"": ""orientation"", ""C"": ""position"", ""D"": ""color""}",/mnt/tidalfs-hssh01/dataset/xiang/models/Qwen2.5-VL-7B-Instruct,42,not_empty,next_token
B_0084,B,STEP,AC,0,-0.825939416885376,-0.575939416885376,0.43782350420951843,0.562176525592804,-0.8263320326805115,-0.5763320326805115,0.43782350420951843,1,0,"{""A"": ""size"", ""B"": ""orientation"", ""C"": ""position"", ""D"": ""color""}",/mnt/tidalfs-hssh01/dataset/xiang/models/Qwen2.5-VL-7B-Instruct,42,not_empty,next_token
B_0084,B,STEP,AD,0,-0.825939416885376,-0.575939416885376,0.43782350420951843,0.562176525592804,-0.8266156315803528,-0.5766156315803528,0.43782350420951843,1,0,"{""A"": ""size"", ""B"": ""orientation"", ""C"": ""position"", ""D"": ""color""}",/mnt/tidalfs-hssh01/dataset/xiang/models/Qwen2.5-VL-7B-Instruct,42,not_empty,next_token
B_0084,B,STEP,BC,0,-0.7575989961624146,-0.6325989961624146,0.4687906503677368,0.531209409236908,-0.758453369140625,-0.633453369140625,0.4687906503677368,1,0,"{""A"": ""size"", ""B"": ""orientation"", ""C"": ""position"", ""D"": ""color""}",/mnt/tidalfs-hssh01/dataset/xiang/models/Qwen2.5-VL-7B-Instruct,42,not_empty,next_token
B_0084,B,STEP,BD,0,-0.825939416885376,-0.575939416885376,0.43782350420951843,0.562176525592804,-0.8267309665679932,-0.5767309665679932,0.43782350420951843,1,0,"{""A"": ""size"", ""B"": ""orientation"", ""C"": ""position"", ""D"": ""color""}",/mnt/tidalfs-hssh01/dataset/xiang/models/Qwen2.5-VL-7B-Instruct,42,not_empty,next_token
B_0084,B,STEP,CD,0,-0.825939416885376,-0.575939416885376,0.43782350420951843,0.562176525592804,-0.8265458345413208,-0.5765458345413208,0.43782350420951843,1,0,"{""A"": ""size"", ""B"": ""orientation"", ""C"": ""position"", ""D"": ""color""}",/mnt/tidalfs-hssh01/dataset/xiang/models/Qwen2.5-VL-7B-Instruct,42,not_empty,next_token
B_0084,B,STEP,ABC,0,-0.7575989961624146,-0.6325989961624146,0.4687906503677368,0.531209409236908,-0.7579643130302429,-0.6329643130302429,0.4687906503677368,1,0,"{""A"": ""size"", ""B"": ""orientation"", ""C"": ""position"", ""D"": ""color""}",/mnt/tidalfs-hssh01/dataset/xiang/models/Qwen2.5-VL-7B-Instruct,42,not_empty,next_token
B_0084,B,STEP,ABD,0,-0.6931471824645996,-0.6931471824645996,0.5,0.5,-0.6935997009277344,-0.6935997009277344,0.5,0,1,"{""A"": ""size"", ""B"": ""orientation"", ""C"": ""position"", ""D"": ""color""}",/mnt/tidalfs-hssh01/dataset/xiang/models/Qwen2.5-VL-7B-Instruct,42,not_empty,next_token
B_0084,B,STEP,ACD,0,-0.825939416885376,-0.575939416885376,0.43782350420951843,0.562176525592804,-0.826229453086853,-0.576229453086853,0.43782350420951843,1,0,"{""A"": ""size"", ""B"": ""orientation"", ""C"": ""position"", ""D"": ""color""}",/mnt/tidalfs-hssh01/dataset/xiang/models/Qwen2.5-VL-7B-Instruct,42,not_empty,next_token
B_0084,B,STEP,BCD,0,-0.7575989961624146,-0.6325989961624146,0.4687906503677368,0.531209409236908,-0.7583093643188477,-0.6333093643188477,0.4687906503677368,1,0,"{""A"": ""size"", ""B"": ""orientation"", ""C"": ""position"", ""D"": ""color""}",/mnt/tidalfs-hssh01/dataset/xiang/models/Qwen2.5-VL-7B-Instruct,42,not_empty,next_token
B_0084,B,STEP,ABCD,0,-0.7575989961624146,-0.6325989961624146,0.4687906503677368,0.531209409236908,-0.7579913139343262,-0.6329913139343262,0.4687906503677368,1,0,"{""A"": ""size"", ""B"": ""orientation"", ""C"": ""position"", ""D"": ""color""}",/mnt/tidalfs-hssh01/dataset/xiang/models/Qwen2.5-VL-7B-Instruct,42,not_empty,next_token
B_0092,B,STEP,EMPTY,0,-0.8981232643127441,-0.5231232643127441,0.4073334038257599,0.5926665663719177,-0.9087707996368408,-0.5337707996368408,0.4073334038257599,1,0,"{""A"": ""orientation"", ""B"": ""position"", ""C"": ""color"", ""D"": ""size""}",/mnt/tidalfs-hssh01/dataset/xiang/models/Qwen2.5-VL-7B-Instruct,42,text_only,next_token
B_0092,B,STEP,A,0,-0.6931471824645996,-0.6931471824645996,0.5,0.5,-0.694259524345398,-0.694259524345398,0.5,0,1,"{""A"": ""orientation"", ""B"": ""position"", ""C"": ""color"", ""D"": ""size""}",/mnt/tidalfs-hssh01/dataset/xiang/models/Qwen2.5-VL-7B-Instruct,42,not_empty,next_token
B_0092,B,STEP,B,0,-0.8981232643127441,-0.5231232643127441,0.4073334038257599,0.5926665663719177,-0.8991214632987976,-0.5241214632987976,0.4073334038257599,1,0,"{""A"": ""orientation"", ""B"": ""position"", ""C"": ""color"", ""D"": ""size""}",/mnt/tidalfs-hssh01/dataset/xiang/models/Qwen2.5-VL-7B-Instruct,42,not_empty,next_token
B_0092,B,STEP,C,0,-0.8981232643127441,-0.5231232643127441,0.4073334038257599,0.5926665663719177,-0.8988602161407471,-0.5238602161407471,0.4073334038257599,1,0,"{""A"": ""orientation"", ""B"": ""position"", ""C"": ""color"", ""D"": ""size""}",/mnt/tidalfs-hssh01/dataset/xiang/models/Qwen2.5-VL-7B-Instruct,42,not_empty,next_token
B_0092,B,STEP,D,0,-0.8981232643127441,-0.5231232643127441,0.4073334038257599,0.5926665663719177,-0.8992534875869751,-0.5242534875869751,0.4073334038257599,1,0,"{""A"": ""orientation"", ""B"": ""position"", ""C"": ""color"", ""D"": ""size""}",/mnt/tidalfs-hssh01/dataset/xiang/models/Qwen2.5-VL-7B-Instruct,42,not_empty,next_token
B_0092,B,STEP,AB,0,-0.825939416885376,-0.575939416885376,0.43782350420951843,0.562176525592804,-0.8266220688819885,-0.5766220688819885,0.43782350420951843,1,0,"{""A"": ""orientation"", ""B"": ""position"", ""C"": ""color"", ""D"": ""size""}",/mnt/tidalfs-hssh01/dataset/xiang/models/Qwen2.5-VL-7B-Instruct,42,not_empty,next_token
B_0092,B,STEP,AC,0,-0.825939416885376,-0.575939416885376,0.43782350420951843,0.562176525592804,-0.8264391422271729,-0.5764391422271729,0.43782350420951843,1,0,"{""A"": ""orientation"", ""B"": ""position"", ""C"": ""color"", ""D"": ""size""}",/mnt/tidalfs-hssh01/dataset/xiang/models/Qwen2.5-VL-7B-Instruct,42,not_empty,next_token
B_0092,B,STEP,AD,0,-0.7575989961624146,-0.6325989961624146,0.4687906503677368,0.531209409236908,-0.7582812309265137,-0.6332812309265137,0.4687906503677368,1,0,"{""A"": ""orientation"", ""B"": ""position"", ""C"": ""color"", ""D"": ""size""}",/mnt/tidalfs-hssh01/dataset/xiang/models/Qwen2.5-VL-7B-Instruct,42,not_empty,next_token
B_0092,B,STEP,BC,0,-0.8981232643127441,-0.5231232643127441,0.4073334038257599,0.5926665663719177,-0.8984183073043823,-0.5234183073043823,0.4073334038257599,1,0,"{""A"": ""orientation"", ""B"": ""position"", ""C"": ""color"", ""D"": ""size""}",/mnt/tidalfs-hssh01/dataset/xiang/models/Qwen2.5-VL-7B-Instruct,42,not_empty,next_token
B_0092,B,STEP,BD,0,-0.7575989961624146,-0.6325989961624146,0.4687906503677368,0.531209409236908,-0.7579252123832703,-0.6329252123832703,0.4687906503677368,1,0,"{""A"": ""orientation"", ""B"": ""position"", ""C"": ""color"", ""D"": ""size""}",/mnt/tidalfs-hssh01/dataset/xiang/models/Qwen2.5-VL-7B-Instruct,42,not_empty,next_token
B_0092,B,STEP,CD,0,-0.8981232643127441,-0.5231232643127441,0.4073334038257599,0.5926665663719177,-0.8984227776527405,-0.5234227776527405,0.4073334038257599,1,0,"{""A"": ""orientation"", ""B"": ""position"", ""C"": ""color"", ""D"": ""size""}",/mnt/tidalfs-hssh01/dataset/xiang/models/Qwen2.5-VL-7B-Instruct,42,not_empty,next_token
B_0092,B,STEP,ABC,0,-0.825939416885376,-0.575939416885376,0.43782350420951843,0.562176525592804,-0.8263728022575378,-0.5763728022575378,0.43782350420951843,1,0,"{""A"": ""orientation"", ""B"": ""position"", ""C"": ""color"", ""D"": ""size""}",/mnt/tidalfs-hssh01/dataset/xiang/models/Qwen2.5-VL-7B-Instruct,42,not_empty,next_token
B_0092,B,STEP,ABD,0,-0.825939416885376,-0.575939416885376,0.43782350420951843,0.562176525592804,-0.8262615203857422,-0.5762615203857422,0.43782350420951843,1,0,"{""A"": ""orientation"", ""B"": ""position"", ""C"": ""color"", ""D"": ""size""}",/mnt/tidalfs-hssh01/dataset/xiang/models/Qwen2.5-VL-7B-Instruct,42,not_empty,next_token
B_0092,B,STEP,ACD,0,-0.7575989961624146,-0.6325989961624146,0.4687906503677368,0.531209409236908,-0.7578173279762268,-0.6328173279762268,0.4687906503677368,1,0,"{""A"": ""orientation"", ""B"": ""position"", ""C"": ""color"", ""D"": ""size""}",/mnt/tidalfs-hssh01/dataset/xiang/models/Qwen2.5-VL-7B-Instruct,42,not_empty,next_token
B_0092,B,STEP,BCD,0,-0.8981232643127441,-0.5231232643127441,0.4073334038257599,0.5926665663719177,-0.8984187841415405,-0.5234187841415405,0.4073334038257599,1,0,"{""A"": ""orientation"", ""B"": ""position"", ""C"": ""color"", ""D"": ""size""}",/mnt/tidalfs-hssh01/dataset/xiang/models/Qwen2.5-VL-7B-Instruct,42,not_empty,next_token
B_0092,B,STEP,ABCD,0,-0.8981232643127441,-0.5231232643127441,0.4073334038257599,0.5926665663719177,-0.8983871936798096,-0.5233871936798096,0.4073334038257599,1,0,"{""A"": ""orientation"", ""B"": ""position"", ""C"": ""color"", ""D"": ""size""}",/mnt/tidalfs-hssh01/dataset/xiang/models/Qwen2.5-VL-7B-Instruct,42,not_empty,next_token
B_0100,B,STEP,EMPTY,1,-0.8981232643127441,-0.5231232643127441,0.4073334038257599,0.5926665663719177,-0.9199725389480591,-0.5449725389480591,0.5926665663719177,1,1,"{""A"": ""position"", ""B"": ""color"", ""C"": ""size"", ""D"": ""orientation""}",/mnt/tidalfs-hssh01/dataset/xiang/models/Qwen2.5-VL-7B-Instruct,42,text_only,next_token
B_0100,B,STEP,A,1,-0.825939416885376,-0.575939416885376,0.43782350420951843,0.562176525592804,-0.828015148639679,-0.578015148639679,0.562176525592804,1,1,"{""A"": ""position"", ""B"": ""color"", ""C"": ""size"", ""D"": ""orientation""}",/mnt/tidalfs-hssh01/dataset/xiang/models/Qwen2.5-VL-7B-Instruct,42,not_empty,next_token
B_0100,B,STEP,B,1,-0.9740769863128662,-0.4740769863128662,0.3775406777858734,0.622459352016449,-0.975214958190918,-0.47521498799324036,0.622459352016449,1,1,"{""A"": ""position"", ""B"": ""color"", ""C"": ""size"", ""D"": ""orientation""}",/mnt/tidalfs-hssh01/dataset/xiang/models/Qwen2.5-VL-7B-Instruct,42,not_empty,next_token
B_0100,B,STEP,C,1,-0.9740769863128662,-0.4740769863128662,0.3775406777858734,0.622459352016449,-0.975752592086792,-0.475752592086792,0.622459352016449,1,1,"{""A"": ""position"", ""B"": ""color"", ""C"": ""size"", ""D"": ""orientation""}",/mnt/tidalfs-hssh01/dataset/xiang/models/Qwen2.5-VL-7B-Instruct,42,not_empty,next_token
B_0100,B,STEP,D,1,-0.825939416885376,-0.575939416885376,0.43782350420951843,0.562176525592804,-0.830412745475769,-0.580412745475769,0.562176525592804,1,1,"{""A"": ""position"", ""B"": ""color"", ""C"": ""size"", ""D"": ""orientation""}",/mnt/tidalfs-hssh01/dataset/xiang/models/Qwen2.5-VL-7B-Instruct,42,not_empty,next_token
B_0100,B,STEP,AB,1,-0.8981232643127441,-0.5231232643127441,0.4073334038257599,0.5926665663719177,-0.8987821936607361,-0.5237821936607361,0.5926665663719177,1,1,"{""A"": ""position"", ""B"": ""color"", ""C"": ""size"", ""D"": ""orientation""}",/mnt/tidalfs-hssh01/dataset/xiang/models/Qwen2.5-VL-7B-Instruct,42,not_empty,next_token
B_0100,B,STEP,AC,1,-0.8981232643127441,-0.5231232643127441,0.4073334038257599,0.5926665663719177,-0.8986004590988159,-0.5236004590988159,0.5926665663719177,1,1,"{""A"": ""position"", ""B"": ""color"", ""C"": ""size"", ""D"": ""orientation""}",/mnt/tidalfs-hssh01/dataset/xiang/models/Qwen2.5-VL-7B-Instruct,42,not_empty,next_token
B_0100,B,STEP,AD,1,-0.825939416885376,-0.575939416885376,0.43782350420951843,0.562176525592804,-0.8266482353210449,-0.5766482353210449,0.562176525592804,1,1,"{""A"": ""position"", ""B"": ""color"", ""C"": ""size"", ""D"": ""orientation""}",/mnt/tidalfs-hssh01/dataset/xiang/models/Qwen2.5-VL-7B-Instruct,42,not_empty,next_token
B_0100,B,STEP,BC,1,-0.8981232643127441,-0.5231232643127441,0.4073334038257599,0.5926665663719177,-0.8988395929336548,-0.5238395929336548,0.5926665663719177,1,1,"{""A"": ""position"", ""B"": ""color"", ""C"": ""size"", ""D"": ""orientation""}",/mnt/tidalfs-hssh01/dataset/xiang/models/Qwen2.5-VL-7B-Instruct,42,not_empty,next_token
B_0100,B,STEP,BD,1,-0.8981232643127441,-0.5231232643127441,0.4073334038257599,0.5926665663719177,-0.8989251852035522,-0.5239251852035522,0.5926665663719177,1,1,"{""A"": ""position"", ""B"": ""color"", ""C"": ""size"", ""D"": ""orientation""}",/mnt/tidalfs-hssh01/dataset/xiang/models/Qwen2.5-VL-7B-Instruct,42,not_empty,next_token
B_0100,B,STEP,CD,1,-0.9740769863128662,-0.4740769863128662,0.3775406777858734,0.622459352016449,-0.9747158288955688,-0.47471582889556885,0.622459352016449,1,1,"{""A"": ""position"", ""B"": ""color"", ""C"": ""size"", ""D"": ""orientation""}",/mnt/tidalfs-hssh01/dataset/xiang/models/Qwen2.5-VL-7B-Instruct,42,not_empty,next_token
B_0100,B,STEP,ABC,1,-0.8981232643127441,-0.5231232643127441,0.4073334038257599,0.5926665663719177,-0.8986276388168335,-0.5236276388168335,0.5926665663719177,1,1,"{""A"": ""position"", ""B"": ""color"", ""C"": ""size"", ""D"": ""orientation""}",/mnt/tidalfs-hssh01/dataset/xiang/models/Qwen2.5-VL-7B-Instruct,42,not_empty,next_token
B_0100,B,STEP,ABD,1,-0.9740769863128662,-0.4740769863128662,0.3775406777858734,0.622459352016449,-0.9745606780052185,-0.4745606780052185,0.622459352016449,1,1,"{""A"": ""position"", ""B"": ""color"", ""C"": ""size"", ""D"": ""orientation""}",/mnt/tidalfs-hssh01/dataset/xiang/models/Qwen2.5-VL-7B-Instruct,42,not_empty,next_token
B_0100,B,STEP,ACD,1,-0.8981232643127441,-0.5231232643127441,0.4073334038257599,0.5926665663719177,-0.8984663486480713,-0.5234663486480713,0.5926665663719177,1,1,"{""A"": ""position"", ""B"": ""color"", ""C"": ""size"", ""D"": ""orientation""}",/mnt/tidalfs-hssh01/dataset/xiang/models/Qwen2.5-VL-7B-Instruct,42,not_empty,next_token
B_0100,B,STEP,BCD,1,-1.0537006855010986,-0.42870065569877625,0.3486451208591461,0.6513548493385315,-1.0541411638259888,-0.4291411340236664,0.6513548493385315,1,1,"{""A"": ""position"", ""B"": ""color"", ""C"": ""size"", ""D"": ""orientation""}",/mnt/tidalfs-hssh01/dataset/xiang/models/Qwen2.5-VL-7B-Instruct,42,not_empty,next_token
B_0100,B,STEP,ABCD,1,-0.9740769863128662,-0.4740769863128662,0.3775406777858734,0.622459352016449,-0.9744505882263184,-0.47445058822631836,0.622459352016449,1,1,"{""A"": ""position"", ""B"": ""color"", ""C"": ""size"", ""D"": ""orientation""}",/mnt/tidalfs-hssh01/dataset/xiang/models/Qwen2.5-VL-7B-Instruct,42,not_empty,next_token
B_0108,B,STEP,EMPTY,0,-0.9740769863128662,-0.4740769863128662,0.3775406777858734,0.622459352016449,-0.9828988313674927,-0.4828988313674927,0.3775406777858734,1,0,"{""A"": ""color"", ""B"": ""size"", ""C"": ""orientation"", ""D"": ""position""}",/mnt/tidalfs-hssh01/dataset/xiang/models/Qwen2.5-VL-7B-Instruct,42,text_only,next_token
B_0108,B,STEP,A,0,-0.8981232643127441,-0.5231232643127441,0.4073334038257599,0.5926665663719177,-0.8992325067520142,-0.5242325067520142,0.4073334038257599,1,0,"{""A"": ""color"", ""B"": ""size"", ""C"": ""orientation"", ""D"": ""position""}",/mnt/tidalfs-hssh01/dataset/xiang/models/Qwen2.5-VL-7B-Instruct,42,not_empty,next_token
B_0108,B,STEP,B,0,-0.9740769863128662,-0.4740769863128662,0.3775406777858734,0.622459352016449,-0.9750934839248657,-0.4750934839248657,0.3775406777858734,1,0,"{""A"": ""color"", ""B"": ""size"", ""C"": ""orientation"", ""D"": ""position""}",/mnt/tidalfs-hssh01/dataset/xiang/models/Qwen2.5-VL-7B-Instruct,42,not_empty,next_token
B_0108,B,STEP,C,0,-0.8981232643127441,-0.5231232643127441,0.4073334038257599,0.5926665663719177,-0.8999212384223938,-0.5249212384223938,0.4073334038257599,1,0,"{""A"": ""color"", ""B"": ""size"", ""C"": ""orientation"", ""D"": ""position""}",/mnt/tidalfs-hssh01/dataset/xiang/models/Qwen2.5-VL-7B-Instruct,42,not_empty,next_token
B_0108,B,STEP,D,0,-0.8981232643127441,-0.5231232643127441,0.4073334038257599,0.5926665663719177,-0.8994076251983643,-0.5244076251983643,0.4073334038257599,1,0,"{""A"": ""color"", ""B"": ""size"", ""C"": ""orientation"", ""D"": ""position""}",/mnt/tidalfs-hssh01/dataset/xiang/models/Qwen2.5-VL-7B-Instruct,42,not_empty,next_token
B_0108,B,STEP,AB,0,-0.9740769863128662,-0.4740769863128662,0.3775406777858734,0.622459352016449,-0.9745907783508301,-0.4745907783508301,0.3775406777858734,1,0,"{""A"": ""color"", ""B"": ""size"", ""C"": ""orientation"", ""D"": ""position""}",/mnt/tidalfs-hssh01/dataset/xiang/models/Qwen2.5-VL-7B-Instruct,42,not_empty,next_token
B_0108,B,STEP,AC,0,-0.825939416885376,-0.575939416885376,0.43782350420951843,0.562176525592804,-0.8264452219009399,-0.5764452219009399,0.43782350420951843,1,0,"{""A"": ""color"", ""B"": ""size"", ""C"": ""orientation"", ""D"": ""position""}",/mnt/tidalfs-hssh01/dataset/xiang/models/Qwen2.5-VL-7B-Instruct,42,not_empty,next_token
B_0108,B,STEP,AD,0,-0.825939416885376,-0.575939416885376,0.43782350420951843,0.562176525592804,-0.8264378309249878,-0.5764378309249878,0.43782350420951843,1,0,"{""A"": ""color"", ""B"": ""size"", ""C"": ""orientation"", ""D"": ""position""}",/mnt/tidalfs-hssh01/dataset/xiang/models/Qwen2.5-VL-7B-Instruct,42,not_empty,next_token
B_0108,B,STEP,BC,0,-0.8981232643127441,-0.5231232643127441,0.4073334038257599,0.5926665663719177,-0.8988579511642456,-0.5238579511642456,0.4073334038257599,1,0,"{""A"": ""color"", ""B"": ""size"", ""C"": ""orientation"", ""D"": ""position""}",/mnt/tidalfs-hssh01/dataset/xiang/models/Qwen2.5-VL-7B-Instruct,42,not_empty,next_token
B_0108,B,STEP,BD,0,-0.8981232643127441,-0.5231232643127441,0.4073334038257599,0.5926665663719177,-0.8987621068954468,-0.5237621068954468,0.4073334038257599,1,0,"{""A"": ""color"", ""B"": ""size"", ""C"": ""orientation"", ""D"": ""position""}",/mnt/tidalfs-hssh01/dataset/xiang/models/Qwen2.5-VL-7B-Instruct,42,not_empty,next_token
B_0108,B,STEP,CD,0,-0.7575989961624146,-0.6325989961624146,0.4687906503677368,0.531209409236908,-0.7585164308547974,-0.6335164308547974,0.4687906503677368,1,0,"{""A"": ""color"", ""B"": ""size"", ""C"": ""orientation"", ""D"": ""position""}",/mnt/tidalfs-hssh01/dataset/xiang/models/Qwen2.5-VL-7B-Instruct,42,not_empty,next_token
B_0108,B,STEP,ABC,0,-0.825939416885376,-0.575939416885376,0.43782350420951843,0.562176525592804,-0.8262889385223389,-0.5762889385223389,0.43782350420951843,1,0,"{""A"": ""color"", ""B"": ""size"", ""C"": ""orientation"", ""D"": ""position""}",/mnt/tidalfs-hssh01/dataset/xiang/models/Qwen2.5-VL-7B-Instruct,42,not_empty,next_token
B_0108,B,STEP,ABD,0,-0.8981232643127441,-0.5231232643127441,0.4073334038257599,0.5926665663719177,-0.8984159231185913,-0.5234159231185913,0.4073334038257599,1,0,"{""A"": ""color"", ""B"": ""size"", ""C"": ""orientation"", ""D"": ""position""}",/mnt/tidalfs-hssh01/dataset/xiang/models/Qwen2.5-VL-7B-Instruct,42,not_empty,next_token
B_0108,B,STEP,ACD,0,-0.825939416885376,-0.575939416885376,0.43782350420951843,0.562176525592804,-0.8263087868690491,-0.5763087868690491,0.43782350420951843,1,0,"{""A"": ""color"", ""B"": ""size"", ""C"": ""orientation"", ""D"": ""position""}",/mnt/tidalfs-hssh01/dataset/xiang/models/Qwen2.5-VL-7B-Instruct,42,not_empty,next_token
B_0108,B,STEP,BCD,0,-0.8981232643127441,-0.5231232643127441,0.4073334038257599,0.5926665663719177,-0.8986583948135376,-0.5236583948135376,0.4073334038257599,1,0,"{""A"": ""color"", ""B"": ""size"", ""C"": ""orientation"", ""D"": ""position""}",/mnt/tidalfs-hssh01/dataset/xiang/models/Qwen2.5-VL-7B-Instruct,42,not_empty,next_token
B_0108,B,STEP,ABCD,0,-0.8981232643127441,-0.5231232643127441,0.4073334038257599,0.5926665663719177,-0.8983310461044312,-0.5233310461044312,0.4073334038257599,1,0,"{""A"": ""color"", ""B"": ""size"", ""C"": ""orientation"", ""D"": ""position""}",/mnt/tidalfs-hssh01/dataset/xiang/models/Qwen2.5-VL-7B-Instruct,42,not_empty,next_token
B_0116,B,STEP,EMPTY,0,-0.825939416885376,-0.575939416885376,0.43782350420951843,0.562176525592804,-0.8349793553352356,-0.5849793553352356,0.43782350420951843,1,0,"{""A"": ""size"", ""B"": ""orientation"", ""C"": ""position"", ""D"": ""color""}",/mnt/tidalfs-hssh01/dataset/xiang/models/Qwen2.5-VL-7B-Instruct,42,text_only,next_token
B_0116,B,STEP,A,0,-0.8981232643127441,-0.5231232643127441,0.4073334038257599,0.5926665663719177,-0.8990103006362915,-0.5240103006362915,0.4073334038257599,1,0,"{""A"": ""size"", ""B"": ""orientation"", ""C"": ""position"", ""D"": ""color""}",/mnt/tidalfs-hssh01/dataset/xiang/models/Qwen2.5-VL-7B-Instruct,42,not_empty,next_token
B_0116,B,STEP,B,0,-1.0537006855010986,-0.42870065569877625,0.3486451208591461,0.6513548493385315,-1.0545393228530884,-0.429539293050766,0.3486451208591461,1,0,"{""A"": ""size"", ""B"": ""orientation"", ""C"": ""position"", ""D"": ""color""}",/mnt/tidalfs-hssh01/dataset/xiang/models/Qwen2.5-VL-7B-Instruct,42,not_empty,next_token
B_0116,B,STEP,C,0,-0.7575989961624146,-0.6325989961624146,0.4687906503677368,0.531209409236908,-0.759021520614624,-0.634021520614624,0.4687906503677368,1,0,"{""A"": ""size"", ""B"": ""orientation"", ""C"": ""position"", ""D"": ""color""}",/mnt/tidalfs-hssh01/dataset/xiang/models/Qwen2.5-VL-7B-Instruct,42,not_empty,next_token
B_0116,B,STEP,D,0,-0.7575989961624146,-0.6325989961624146,0.4687906503677368,0.531209409236908,-0.7591000199317932,-0.6341000199317932,0.4687906503677368,1,0,"{""A"": ""size"", ""B"": ""orientation"", ""C"": ""position"", ""D"": ""color""}",/mnt/tidalfs-hssh01/dataset/xiang/models/Qwen2.5-VL-7B-Instruct,42,not_empty,next_token
B_0116,B,STEP,AB,0,-0.825939416885376,-0.575939416885376,0.43782350420951843,0.562176525592804,-0.82627272605896,-0.57627272605896,0.43782350420951843,1,0,"{""A"": ""size"", ""B"": ""orientation"", ""C"": ""position"", ""D"": ""color""}",/mnt/tidalfs-hssh01/dataset/xiang/models/Qwen2.5-VL-7B-Instruct,42,not_empty,next_token
B_0116,B,STEP,AC,0,-0.8981232643127441,-0.5231232643127441,0.4073334038257599,0.5926665663719177,-0.8984575271606445,-0.5234575271606445,0.4073334038257599,1,0,"{""A"": ""size"", ""B"": ""orientation"", ""C"": ""position"", ""D"": ""color""}",/mnt/tidalfs-hssh01/dataset/xiang/models/Qwen2.5-VL-7B-Instruct,42,not_empty,next_token
B_0116,B,STEP,AD,0,-0.825939416885376,-0.575939416885376,0.43782350420951843,0.562176525592804,-0.826379120349884,-0.576379120349884,0.43782350420951843,1,0,"{""A"": ""size"", ""B"": ""orientation"", ""C"": ""position"", ""D"": ""color""}",/mnt/tidalfs-hssh01/dataset/xiang/models/Qwen2.5-VL-7B-Instruct,42,not_empty,next_token
B_0116,B,STEP,BC,0,-1.1368709802627563,-0.38687101006507874,0.3208213150501251,0.6791786551475525,-1.1375669240951538,-0.3875668942928314,0.3208213150501251,1,0,"{""A"": ""size"", ""B"": ""orientation"", ""C"": ""position"", ""D"": ""color""}",/mnt/tidalfs-hssh01/dataset/xiang/models/Qwen2.5-VL-7B-Instruct,42,not_empty,next_token
B_0116,B,STEP,BD,0,-1.0537006855010986,-0.42870065569877625,0.3486451208591461,0.6513548493385315,-1.0542901754379272,-0.42929014563560486,0.3486451208591461,1,0,"{""A"": ""size"", ""B"": ""orientation"", ""C"": ""position"", ""D"": ""color""}",/mnt/tidalfs-hssh01/dataset/xiang/models/Qwen2.5-VL-7B-Instruct,42,not_empty,next_token
B_0116,B,STEP,CD,0,-0.7575989961624146,-0.6325989961624146,0.4687906503677368,0.531209409236908,-0.758171558380127,-0.633171558380127,0.4687906503677368,1,0,"{""A"": ""size"", ""B"": ""orientation"", ""C"": ""position"", ""D"": ""color""}",/mnt/tidalfs-hssh01/dataset/xiang/models/Qwen2.5-VL-7B-Instruct,42,not_empty,next_token
B_0116,B,STEP,ABC,0,-0.8981232643127441,-0.5231232643127441,0.4073334038257599,0.5926665663719177,-0.8984279632568359,-0.5234279632568359,0.4073334038257599,1,0,"{""A"": ""size"", ""B"": ""orientation"", ""C"": ""position"", ""D"": ""color""}",/mnt/tidalfs-hssh01/dataset/xiang/models/Qwen2.5-VL-7B-Instruct,42,not_empty,next_token
B_0116,B,STEP,ABD,0,-0.7575989961624146,-0.6325989961624146,0.4687906503677368,0.531209409236908,-0.7578715085983276,-0.6328715085983276,0.4687906503677368,1,0,"{""A"": ""size"", ""B"": ""orientation"", ""C"": ""position"", ""D"": ""color""}",/mnt/tidalfs-hssh01/dataset/xiang/models/Qwen2.5-VL-7B-Instruct,42,not_empty,next_token
B_0116,B,STEP,ACD,0,-0.7575989961624146,-0.6325989961624146,0.4687906503677368,0.531209409236908,-0.7579054236412048,-0.6329054236412048,0.4687906503677368,1,0,"{""A"": ""size"", ""B"": ""orientation"", ""C"": ""position"", ""D"": ""color""}",/mnt/tidalfs-hssh01/dataset/xiang/models/Qwen2.5-VL-7B-Instruct,42,not_empty,next_token
B_0116,B,STEP,BCD,0,-1.0537006855010986,-0.42870065569877625,0.3486451208591461,0.6513548493385315,-1.0541826486587524,-0.42918264865875244,0.3486451208591461,1,0,"{""A"": ""size"", ""B"": ""orientation"", ""C"": ""position"", ""D"": ""color""}",/mnt/tidalfs-hssh01/dataset/xiang/models/Qwen2.5-VL-7B-Instruct,42,not_empty,next_token
B_0116,B,STEP,ABCD,0,-0.7575989961624146,-0.6325989961624146,0.4687906503677368,0.531209409236908,-0.7579025030136108,-0.6329025030136108,0.4687906503677368,1,0,"{""A"": ""size"", ""B"": ""orientation"", ""C"": ""position"", ""D"": ""color""}",/mnt/tidalfs-hssh01/dataset/xiang/models/Qwen2.5-VL-7B-Instruct,42,not_empty,next_token
B_0124,B,STEP,EMPTY,0,-0.8981232643127441,-0.5231232643127441,0.4073334038257599,0.5926665663719177,-0.9087707996368408,-0.5337707996368408,0.4073334038257599,1,0,"{""A"": ""orientation"", ""B"": ""position"", ""C"": ""color"", ""D"": ""size""}",/mnt/tidalfs-hssh01/dataset/xiang/models/Qwen2.5-VL-7B-Instruct,42,text_only,next_token
B_0124,B,STEP,A,0,-0.6931471824645996,-0.6931471824645996,0.5,0.5,-0.694259524345398,-0.694259524345398,0.5,0,1,"{""A"": ""orientation"", ""B"": ""position"", ""C"": ""color"", ""D"": ""size""}",/mnt/tidalfs-hssh01/dataset/xiang/models/Qwen2.5-VL-7B-Instruct,42,not_empty,next_token
B_0124,B,STEP,B,0,-0.8981232643127441,-0.5231232643127441,0.4073334038257599,0.5926665663719177,-0.8991214632987976,-0.5241214632987976,0.4073334038257599,1,0,"{""A"": ""orientation"", ""B"": ""position"", ""C"": ""color"", ""D"": ""size""}",/mnt/tidalfs-hssh01/dataset/xiang/models/Qwen2.5-VL-7B-Instruct,42,not_empty,next_token
B_0124,B,STEP,C,0,-0.8981232643127441,-0.5231232643127441,0.4073334038257599,0.5926665663719177,-0.8988602161407471,-0.5238602161407471,0.4073334038257599,1,0,"{""A"": ""orientation"", ""B"": ""position"", ""C"": ""color"", ""D"": ""size""}",/mnt/tidalfs-hssh01/dataset/xiang/models/Qwen2.5-VL-7B-Instruct,42,not_empty,next_token
B_0124,B,STEP,D,0,-0.8981232643127441,-0.5231232643127441,0.4073334038257599,0.5926665663719177,-0.8992534875869751,-0.5242534875869751,0.4073334038257599,1,0,"{""A"": ""orientation"", ""B"": ""position"", ""C"": ""color"", ""D"": ""size""}",/mnt/tidalfs-hssh01/dataset/xiang/models/Qwen2.5-VL-7B-Instruct,42,not_empty,next_token
B_0124,B,STEP,AB,0,-0.825939416885376,-0.575939416885376,0.43782350420951843,0.562176525592804,-0.8266220688819885,-0.5766220688819885,0.43782350420951843,1,0,"{""A"": ""orientation"", ""B"": ""position"", ""C"": ""color"", ""D"": ""size""}",/mnt/tidalfs-hssh01/dataset/xiang/models/Qwen2.5-VL-7B-Instruct,42,not_empty,next_token
B_0124,B,STEP,AC,0,-0.825939416885376,-0.575939416885376,0.43782350420951843,0.562176525592804,-0.8264391422271729,-0.5764391422271729,0.43782350420951843,1,0,"{""A"": ""orientation"", ""B"": ""position"", ""C"": ""color"", ""D"": ""size""}",/mnt/tidalfs-hssh01/dataset/xiang/models/Qwen2.5-VL-7B-Instruct,42,not_empty,next_token
B_0124,B,STEP,AD,0,-0.7575989961624146,-0.6325989961624146,0.4687906503677368,0.531209409236908,-0.7582812309265137,-0.6332812309265137,0.4687906503677368,1,0,"{""A"": ""orientation"", ""B"": ""position"", ""C"": ""color"", ""D"": ""size""}",/mnt/tidalfs-hssh01/dataset/xiang/models/Qwen2.5-VL-7B-Instruct,42,not_empty,next_token
B_0124,B,STEP,BC,0,-0.8981232643127441,-0.5231232643127441,0.4073334038257599,0.5926665663719177,-0.8984183073043823,-0.5234183073043823,0.4073334038257599,1,0,"{""A"": ""orientation"", ""B"": ""position"", ""C"": ""color"", ""D"": ""size""}",/mnt/tidalfs-hssh01/dataset/xiang/models/Qwen2.5-VL-7B-Instruct,42,not_empty,next_token
B_0124,B,STEP,BD,0,-0.7575989961624146,-0.6325989961624146,0.4687906503677368,0.531209409236908,-0.7579252123832703,-0.6329252123832703,0.4687906503677368,1,0,"{""A"": ""orientation"", ""B"": ""position"", ""C"": ""color"", ""D"": ""size""}",/mnt/tidalfs-hssh01/dataset/xiang/models/Qwen2.5-VL-7B-Instruct,42,not_empty,next_token
B_0124,B,STEP,CD,0,-0.8981232643127441,-0.5231232643127441,0.4073334038257599,0.5926665663719177,-0.8984227776527405,-0.5234227776527405,0.4073334038257599,1,0,"{""A"": ""orientation"", ""B"": ""position"", ""C"": ""color"", ""D"": ""size""}",/mnt/tidalfs-hssh01/dataset/xiang/models/Qwen2.5-VL-7B-Instruct,42,not_empty,next_token
B_0124,B,STEP,ABC,0,-0.825939416885376,-0.575939416885376,0.43782350420951843,0.562176525592804,-0.8263728022575378,-0.5763728022575378,0.43782350420951843,1,0,"{""A"": ""orientation"", ""B"": ""position"", ""C"": ""color"", ""D"": ""size""}",/mnt/tidalfs-hssh01/dataset/xiang/models/Qwen2.5-VL-7B-Instruct,42,not_empty,next_token
B_0124,B,STEP,ABD,0,-0.825939416885376,-0.575939416885376,0.43782350420951843,0.562176525592804,-0.8262615203857422,-0.5762615203857422,0.43782350420951843,1,0,"{""A"": ""orientation"", ""B"": ""position"", ""C"": ""color"", ""D"": ""size""}",/mnt/tidalfs-hssh01/dataset/xiang/models/Qwen2.5-VL-7B-Instruct,42,not_empty,next_token
B_0124,B,STEP,ACD,0,-0.7575989961624146,-0.6325989961624146,0.4687906503677368,0.531209409236908,-0.7578173279762268,-0.6328173279762268,0.4687906503677368,1,0,"{""A"": ""orientation"", ""B"": ""position"", ""C"": ""color"", ""D"": ""size""}",/mnt/tidalfs-hssh01/dataset/xiang/models/Qwen2.5-VL-7B-Instruct,42,not_empty,next_token
B_0124,B,STEP,BCD,0,-0.8981232643127441,-0.5231232643127441,0.4073334038257599,0.5926665663719177,-0.8984187841415405,-0.5234187841415405,0.4073334038257599,1,0,"{""A"": ""orientation"", ""B"": ""position"", ""C"": ""color"", ""D"": ""size""}",/mnt/tidalfs-hssh01/dataset/xiang/models/Qwen2.5-VL-7B-Instruct,42,not_empty,next_token
B_0124,B,STEP,ABCD,0,-0.8981232643127441,-0.5231232643127441,0.4073334038257599,0.5926665663719177,-0.8983871936798096,-0.5233871936798096,0.4073334038257599,1,0,"{""A"": ""orientation"", ""B"": ""position"", ""C"": ""color"", ""D"": ""size""}",/mnt/tidalfs-hssh01/dataset/xiang/models/Qwen2.5-VL-7B-Instruct,42,not_empty,next_token
