sample_id,probe,target_field,subset,ground_truth,logp_0,logp_1,p_0,p_1,candidate_loglik_0,candidate_loglik_1,p_correct,prediction,correct,cue_styles,model_name,seed,empty_mode,scoring_mode
A_0003,A,STEP1,EMPTY,1,-0.6931471824645996,-0.6931471824645996,0.5,0.5,-0.7521441578865051,-0.7521441578865051,0.5,0,0,"{""A"": ""position"", ""B"": ""color"", ""C"": ""size"", ""D"": ""orientation""}",/mnt/tidalfs-hssh01/dataset/xiang/models/Qwen2.5-VL-7B-Instruct,42,text_only,next_token
A_0003,A,STEP1,A,1,-0.6931471824645996,-0.6931471824645996,0.5,0.5,-0.695659339427948,-0.695659339427948,0.5,0,0,"{""A"": ""position"", ""B"": ""color"", ""C"": ""size"", ""D"": ""orientation""}",/mnt/tidalfs-hssh01/dataset/xiang/models/Qwen2.5-VL-7B-Instruct,42,not_empty,next_token
A_0003,A,STEP1,B,1,-0.7575989961624146,-0.6325989961624146,0.4687906503677368,0.531209409236908,-0.7589655518531799,-0.6339655518531799,0.531209409236908,1,1,"{""A"": ""position"", ""B"": ""color"", ""C"": ""size"", ""D"": ""orientation""}",/mnt/tidalfs-hssh01/dataset/xiang/models/Qwen2.5-VL-7B-Instruct,42,not_empty,next_token
A_0003,A,STEP1,C,1,-0.6931471824645996,-0.6931471824645996,0.5,0.5,-0.6952361464500427,-0.6952361464500427,0.5,0,0,"{""A"": ""position"", ""B"": ""color"", ""C"": ""size"", ""D"": ""orientation""}",/mnt/tidalfs-hssh01/dataset/xiang/models/Qwen2.5-VL-7B-Instruct,42,not_empty,next_token
A_0003,A,STEP1,D,1,-0.825939416885376,-0.575939416885376,0.43782350420951843,0.562176525592804,-0.8328023552894592,-0.5828023552894592,0.562176525592804,1,1,"{""A"": ""position"", ""B"": ""color"", ""C"": ""size"", ""D"": ""orientation""}",/mnt/tidalfs-hssh01/dataset/xiang/models/Qwen2.5-VL-7B-Instruct,42,not_empty,next_token
A_0003,A,STEP1,AB,1,-0.6325989961624146,-0.7575989961624146,0.531209409236908,0.4687906503677368,-0.6331754922866821,-0.7581754922866821,0.4687906503677368,0,0,"{""A"": ""position"", ""B"": ""color"", ""C"": ""size"", ""D"": ""orientation""}",/mnt/tidalfs-hssh01/dataset/xiang/models/Qwen2.5-VL-7B-Instruct,42,not_empty,next_token
A_0003,A,STEP1,AC,1,-0.825939416885376,-0.575939416885376,0.43782350420951843,0.562176525592804,-0.8263320922851562,-0.5763320922851562,0.562176525592804,1,1,"{""A"": ""position"", ""B"": ""color"", ""C"": ""size"", ""D"": ""orientation""}",/mnt/tidalfs-hssh01/dataset/xiang/models/Qwen2.5-VL-7B-Instruct,42,not_empty,next_token
A_0003,A,STEP1,AD,1,-0.825939416885376,-0.575939416885376,0.43782350420951843,0.562176525592804,-0.8270623683929443,-0.5770623683929443,0.562176525592804,1,1,"{""A"": ""position"", ""B"": ""color"", ""C"": ""size"", ""D"": ""orientation""}",/mnt/tidalfs-hssh01/dataset/xiang/models/Qwen2.5-VL-7B-Instruct,42,not_empty,next_token
A_0003,A,STEP1,BC,1,-0.8981232643127441,-0.5231232643127441,0.4073334038257599,0.5926665663719177,-0.8986302614212036,-0.5236302614212036,0.5926665663719177,1,1,"{""A"": ""position"", ""B"": ""color"", ""C"": ""size"", ""D"": ""orientation""}",/mnt/tidalfs-hssh01/dataset/xiang/models/Qwen2.5-VL-7B-Instruct,42,not_empty,next_token
A_0003,A,STEP1,BD,1,-0.825939416885376,-0.575939416885376,0.43782350420951843,0.562176525592804,-0.8274023532867432,-0.5774023532867432,0.562176525592804,1,1,"{""A"": ""position"", ""B"": ""color"", ""C"": ""size"", ""D"": ""orientation""}",/mnt/tidalfs-hssh01/dataset/xiang/models/Qwen2.5-VL-7B-Instruct,42,not_empty,next_token
A_0003,A,STEP1,CD,1,-0.825939416885376,-0.575939416885376,0.43782350420951843,0.562176525592804,-0.8270922303199768,-0.5770922303199768,0.562176525592804,1,1,"{""A"": ""position"", ""B"": ""color"", ""C"": ""size"", ""D"": ""orientation""}",/mnt/tidalfs-hssh01/dataset/xiang/models/Qwen2.5-VL-7B-Instruct,42,not_empty,next_token
A_0003,A,STEP1,ABC,1,-0.825939416885376,-0.575939416885376,0.43782350420951843,0.562176525592804,-0.8262235522270203,-0.5762235522270203,0.562176525592804,1,1,"{""A"": ""position"", ""B"": ""color"", ""C"": ""size"", ""D"": ""orientation""}",/mnt/tidalfs-hssh01/dataset/xiang/models/Qwen2.5-VL-7B-Instruct,42,not_empty,next_token
A_0003,A,STEP1,ABD,1,-0.8981232643127441,-0.5231232643127441,0.4073334038257599,0.5926665663719177,-0.898414134979248,-0.523414134979248,0.5926665663719177,1,1,"{""A"": ""position"", ""B"": ""color"", ""C"": ""size"", ""D"": ""orientation""}",/mnt/tidalfs-hssh01/dataset/xiang/models/Qwen2.5-VL-7B-Instruct,42,not_empty,next_token
A_0003,A,STEP1,ACD,1,-0.8981232643127441,-0.5231232643127441,0.4073334038257599,0.5926665663719177,-0.8984265327453613,-0.5234265327453613,0.5926665663719177,1,1,"{""A"": ""position"", ""B"": ""color"", ""C"": ""size"", ""D"": ""orientation""}",/mnt/tidalfs-hssh01/dataset/xiang/models/Qwen2.5-VL-7B-Instruct,42,not_empty,next_token
A_0003,A,STEP1,BCD,1,-1.0537006855010986,-0.42870065569877625,0.3486451208591461,0.6513548493385315,-1.054032564163208,-0.4290325343608856,0.6513548493385315,1,1,"{""A"": ""position"", ""B"": ""color"", ""C"": ""size"", ""D"": ""orientation""}",/mnt/tidalfs-hssh01/dataset/xiang/models/Qwen2.5-VL-7B-Instruct,42,not_empty,next_token
A_0003,A,STEP1,ABCD,1,-0.8981232643127441,-0.5231232643127441,0.4073334038257599,0.5926665663719177,-0.8982961177825928,-0.5232961177825928,0.5926665663719177,1,1,"{""A"": ""position"", ""B"": ""color"", ""C"": ""size"", ""D"": ""orientation""}",/mnt/tidalfs-hssh01/dataset/xiang/models/Qwen2.5-VL-7B-Instruct,42,not_empty,next_token
A_0003,A,STEP2,EMPTY,1,-1.1368709802627563,-0.38687101006507874,0.3208213150501251,0.6791786551475525,-1.1873528957366943,-0.4373529553413391,0.6791786551475525,1,1,"{""A"": ""position"", ""B"": ""color"", ""C"": ""size"", ""D"": ""orientation""}",/mnt/tidalfs-hssh01/dataset/xiang/models/Qwen2.5-VL-7B-Instruct,42,text_only,next_token
A_0003,A,STEP2,A,1,-0.9740769863128662,-0.4740769863128662,0.3775406777858734,0.622459352016449,-0.976046621799469,-0.476046621799469,0.622459352016449,1,1,"{""A"": ""position"", ""B"": ""color"", ""C"": ""size"", ""D"": ""orientation""}",/mnt/tidalfs-hssh01/dataset/xiang/models/Qwen2.5-VL-7B-Instruct,42,not_empty,next_token
A_0003,A,STEP2,B,1,-0.825939416885376,-0.575939416885376,0.43782350420951843,0.562176525592804,-0.8274880647659302,-0.5774880647659302,0.562176525592804,1,1,"{""A"": ""position"", ""B"": ""color"", ""C"": ""size"", ""D"": ""orientation""}",/mnt/tidalfs-hssh01/dataset/xiang/models/Qwen2.5-VL-7B-Instruct,42,not_empty,next_token
A_0003,A,STEP2,C,1,-1.2234445810317993,-0.3484445810317993,0.29421499371528625,0.7057850360870361,-1.2249228954315186,-0.34992292523384094,0.7057850360870361,1,1,"{""A"": ""position"", ""B"": ""color"", ""C"": ""size"", ""D"": ""orientation""}",/mnt/tidalfs-hssh01/dataset/xiang/models/Qwen2.5-VL-7B-Instruct,42,not_empty,next_token
A_0003,A,STEP2,D,1,-1.2234445810317993,-0.3484445810317993,0.29421499371528625,0.7057850360870361,-1.2276611328125,-0.3526611626148224,0.7057850360870361,1,1,"{""A"": ""position"", ""B"": ""color"", ""C"": ""size"", ""D"": ""orientation""}",/mnt/tidalfs-hssh01/dataset/xiang/models/Qwen2.5-VL-7B-Instruct,42,not_empty,next_token
A_0003,A,STEP2,AB,1,-0.6931471824645996,-0.6931471824645996,0.5,0.5,-0.6940824389457703,-0.6940824389457703,0.5,0,0,"{""A"": ""position"", ""B"": ""color"", ""C"": ""size"", ""D"": ""orientation""}",/mnt/tidalfs-hssh01/dataset/xiang/models/Qwen2.5-VL-7B-Instruct,42,not_empty,next_token
A_0003,A,STEP2,AC,1,-1.4061501026153564,-0.28115010261535645,0.24508503079414368,0.7549149990081787,-1.4064395427703857,-0.28143957257270813,0.7549149990081787,1,1,"{""A"": ""position"", ""B"": ""color"", ""C"": ""size"", ""D"": ""orientation""}",/mnt/tidalfs-hssh01/dataset/xiang/models/Qwen2.5-VL-7B-Instruct,42,not_empty,next_token
A_0003,A,STEP2,AD,1,-0.9740769863128662,-0.4740769863128662,0.3775406777858734,0.622459352016449,-0.9756172299385071,-0.4756172299385071,0.622459352016449,1,1,"{""A"": ""position"", ""B"": ""color"", ""C"": ""size"", ""D"": ""orientation""}",/mnt/tidalfs-hssh01/dataset/xiang/models/Qwen2.5-VL-7B-Instruct,42,not_empty,next_token
A_0003,A,STEP2,BC,1,-1.136871099472046,-0.38687101006507874,0.32082128524780273,0.6791786551475525,-1.1378247737884521,-0.3878247141838074,0.6791786551475525,1,1,"{""A"": ""position"", ""B"": ""color"", ""C"": ""size"", ""D"": ""orientation""}",/mnt/tidalfs-hssh01/dataset/xiang/models/Qwen2.5-VL-7B-Instruct,42,not_empty,next_token
A_0003,A,STEP2,BD,1,-0.9740769863128662,-0.4740769863128662,0.3775406777858734,0.622459352016449,-0.9757934808731079,-0.4757934808731079,0.622459352016449,1,1,"{""A"": ""position"", ""B"": ""color"", ""C"": ""size"", ""D"": ""orientation""}",/mnt/tidalfs-hssh01/dataset/xiang/models/Qwen2.5-VL-7B-Instruct,42,not_empty,next_token
A_0003,A,STEP2,CD,1,-1.3132617473602295,-0.3132617473602295,0.26894140243530273,0.7310584783554077,-1.3141708374023438,-0.3141708970069885,0.7310584783554077,1,1,"{""A"": ""position"", ""B"": ""color"", ""C"": ""size"", ""D"": ""orientation""}",/mnt/tidalfs-hssh01/dataset/xiang/models/Qwen2.5-VL-7B-Instruct,42,not_empty,next_token
A_0003,A,STEP2,ABC,1,-1.053700566291809,-0.42870065569877625,0.3486451506614685,0.6513548493385315,-1.054337501525879,-0.4293375611305237,0.6513548493385315,1,1,"{""A"": ""position"", ""B"": ""color"", ""C"": ""size"", ""D"": ""orientation""}",/mnt/tidalfs-hssh01/dataset/xiang/models/Qwen2.5-VL-7B-Instruct,42,not_empty,next_token
A_0003,A,STEP2,ABD,1,-0.6325989961624146,-0.7575989961624146,0.531209409236908,0.4687906503677368,-0.6334043145179749,-0.7584043145179749,0.4687906503677368,0,0,"{""A"": ""position"", ""B"": ""color"", ""C"": ""size"", ""D"": ""orientation""}",/mnt/tidalfs-hssh01/dataset/xiang/models/Qwen2.5-VL-7B-Instruct,42,not_empty,next_token
A_0003,A,STEP2,ACD,1,-1.6004126071929932,-0.22541262209415436,0.2018132209777832,0.7981867790222168,-1.6006540060043335,-0.2256539911031723,0.7981867790222168,1,1,"{""A"": ""position"", ""B"": ""color"", ""C"": ""size"", ""D"": ""orientation""}",/mnt/tidalfs-hssh01/dataset/xiang/models/Qwen2.5-VL-7B-Instruct,42,not_empty,next_token
A_0003,A,STEP2,BCD,1,-1.1368709802627563,-0.38687101006507874,0.3208213150501251,0.6791786551475525,-1.1373779773712158,-0.3873780369758606,0.6791786551475525,1,1,"{""A"": ""position"", ""B"": ""color"", ""C"": ""size"", ""D"": ""orientation""}",/mnt/tidalfs-hssh01/dataset/xiang/models/Qwen2.5-VL-7B-Instruct,42,not_empty,next_token
A_0003,A,STEP2,ABCD,1,-1.2234445810317993,-0.3484445810317993,0.29421499371528625,0.7057850360870361,-1.2238290309906006,-0.3488290011882782,0.7057850360870361,1,1,"{""A"": ""position"", ""B"": ""color"", ""C"": ""size"", ""D"": ""orientation""}",/mnt/tidalfs-hssh01/dataset/xiang/models/Qwen2.5-VL-7B-Instruct,42,not_empty,next_token
A_0003,A,FINAL,EMPTY,0,-0.825939416885376,-0.575939416885376,0.43782350420951843,0.562176525592804,-1.032974123954773,-0.782974123954773,0.43782350420951843,1,0,"{""A"": ""position"", ""B"": ""color"", ""C"": ""size"", ""D"": ""orientation""}",/mnt/tidalfs-hssh01/dataset/xiang/models/Qwen2.5-VL-7B-Instruct,42,text_only,next_token
A_0003,A,FINAL,A,0,-0.825939416885376,-0.575939416885376,0.43782350420951843,0.562176525592804,-0.8462235331535339,-0.5962235331535339,0.43782350420951843,1,0,"{""A"": ""position"", ""B"": ""color"", ""C"": ""size"", ""D"": ""orientation""}",/mnt/tidalfs-hssh01/dataset/xiang/models/Qwen2.5-VL-7B-Instruct,42,not_empty,next_token
A_0003,A,FINAL,B,0,-0.7575989961624146,-0.6325989961624146,0.4687906503677368,0.531209409236908,-0.7693278193473816,-0.6443278193473816,0.4687906503677368,1,0,"{""A"": ""position"", ""B"": ""color"", ""C"": ""size"", ""D"": ""orientation""}",/mnt/tidalfs-hssh01/dataset/xiang/models/Qwen2.5-VL-7B-Instruct,42,not_empty,next_token
A_0003,A,FINAL,C,0,-0.8981232643127441,-0.5231232643127441,0.4073334038257599,0.5926665663719177,-0.9070677757263184,-0.5320677757263184,0.4073334038257599,1,0,"{""A"": ""position"", ""B"": ""color"", ""C"": ""size"", ""D"": ""orientation""}",/mnt/tidalfs-hssh01/dataset/xiang/models/Qwen2.5-VL-7B-Instruct,42,not_empty,next_token
A_0003,A,FINAL,D,0,-0.8981232643127441,-0.5231232643127441,0.4073334038257599,0.5926665663719177,-0.947605311870575,-0.572605311870575,0.4073334038257599,1,0,"{""A"": ""position"", ""B"": ""color"", ""C"": ""size"", ""D"": ""orientation""}",/mnt/tidalfs-hssh01/dataset/xiang/models/Qwen2.5-VL-7B-Instruct,42,not_empty,next_token
A_0003,A,FINAL,AB,0,-0.6325989961624146,-0.7575989961624146,0.531209409236908,0.4687906503677368,-0.6347389221191406,-0.7597389221191406,0.531209409236908,0,1,"{""A"": ""position"", ""B"": ""color"", ""C"": ""size"", ""D"": ""orientation""}",/mnt/tidalfs-hssh01/dataset/xiang/models/Qwen2.5-VL-7B-Instruct,42,not_empty,next_token
A_0003,A,FINAL,AC,0,-0.825939416885376,-0.575939416885376,0.43782350420951843,0.562176525592804,-0.8274644017219543,-0.5774644017219543,0.43782350420951843,1,0,"{""A"": ""position"", ""B"": ""color"", ""C"": ""size"", ""D"": ""orientation""}",/mnt/tidalfs-hssh01/dataset/xiang/models/Qwen2.5-VL-7B-Instruct,42,not_empty,next_token
A_0003,A,FINAL,AD,0,-0.8981232643127441,-0.5231232643127441,0.4073334038257599,0.5926665663719177,-0.9026461839675903,-0.5276461839675903,0.4073334038257599,1,0,"{""A"": ""position"", ""B"": ""color"", ""C"": ""size"", ""D"": ""orientation""}",/mnt/tidalfs-hssh01/dataset/xiang/models/Qwen2.5-VL-7B-Instruct,42,not_empty,next_token
A_0003,A,FINAL,BC,0,-0.7575989961624146,-0.6325989961624146,0.4687906503677368,0.531209409236908,-0.7610874772071838,-0.6360874772071838,0.4687906503677368,1,0,"{""A"": ""position"", ""B"": ""color"", ""C"": ""size"", ""D"": ""orientation""}",/mnt/tidalfs-hssh01/dataset/xiang/models/Qwen2.5-VL-7B-Instruct,42,not_empty,next_token
A_0003,A,FINAL,BD,0,-0.825939416885376,-0.575939416885376,0.43782350420951843,0.562176525592804,-0.835913896560669,-0.585913896560669,0.43782350420951843,1,0,"{""A"": ""position"", ""B"": ""color"", ""C"": ""size"", ""D"": ""orientation""}",/mnt/tidalfs-hssh01/dataset/xiang/models/Qwen2.5-VL-7B-Instruct,42,not_empty,next_token
A_0003,A,FINAL,CD,0,-0.8981232643127441,-0.5231232643127441,0.4073334038257599,0.5926665663719177,-0.9033915996551514,-0.5283915996551514,0.4073334038257599,1,0,"{""A"": ""position"", ""B"": ""color"", ""C"": ""size"", ""D"": ""orientation""}",/mnt/tidalfs-hssh01/dataset/xiang/models/Qwen2.5-VL-7B-Instruct,42,not_empty,next_token
A_0003,A,FINAL,ABC,0,-0.6931471824645996,-0.6931471824645996,0.5,0.5,-0.6948845982551575,-0.6948845982551575,0.5,0,1,"{""A"": ""position"", ""B"": ""color"", ""C"": ""size"", ""D"": ""orientation""}",/mnt/tidalfs-hssh01/dataset/xiang/models/Qwen2.5-VL-7B-Instruct,42,not_empty,next_token
A_0003,A,FINAL,ABD,0,-0.8981232643127441,-0.5231232643127441,0.4073334038257599,0.5926665663719177,-0.8994989395141602,-0.5244989395141602,0.4073334038257599,1,0,"{""A"": ""position"", ""B"": ""color"", ""C"": ""size"", ""D"": ""orientation""}",/mnt/tidalfs-hssh01/dataset/xiang/models/Qwen2.5-VL-7B-Instruct,42,not_empty,next_token
A_0003,A,FINAL,ACD,0,-0.9740769863128662,-0.4740769863128662,0.3775406777858734,0.622459352016449,-0.9751112461090088,-0.4751112163066864,0.3775406777858734,1,0,"{""A"": ""position"", ""B"": ""color"", ""C"": ""size"", ""D"": ""orientation""}",/mnt/tidalfs-hssh01/dataset/xiang/models/Qwen2.5-VL-7B-Instruct,42,not_empty,next_token
A_0003,A,FINAL,BCD,0,-0.9740769863128662,-0.4740769863128662,0.3775406777858734,0.622459352016449,-0.9761111736297607,-0.47611120343208313,0.3775406777858734,1,0,"{""A"": ""position"", ""B"": ""color"", ""C"": ""size"", ""D"": ""orientation""}",/mnt/tidalfs-hssh01/dataset/xiang/models/Qwen2.5-VL-7B-Instruct,42,not_empty,next_token
A_0003,A,FINAL,ABCD,0,-0.8981232643127441,-0.5231232643127441,0.4073334038257599,0.5926665663719177,-0.8990377187728882,-0.5240377187728882,0.4073334038257599,1,0,"{""A"": ""position"", ""B"": ""color"", ""C"": ""size"", ""D"": ""orientation""}",/mnt/tidalfs-hssh01/dataset/xiang/models/Qwen2.5-VL-7B-Instruct,42,not_empty,next_token
A_0011,A,STEP1,EMPTY,0,-0.6931471824645996,-0.6931471824645996,0.5,0.5,-0.7521441578865051,-0.7521441578865051,0.5,0,1,"{""A"": ""position"", ""B"": ""color"", ""C"": ""size"", ""D"": ""orientation""}",/mnt/tidalfs-hssh01/dataset/xiang/models/Qwen2.5-VL-7B-Instruct,42,text_only,next_token
A_0011,A,STEP1,A,0,-0.7575989961624146,-0.6325989961624146,0.4687906503677368,0.531209409236908,-0.7601996660232544,-0.6351996660232544,0.4687906503677368,1,0,"{""A"": ""position"", ""B"": ""color"", ""C"": ""size"", ""D"": ""orientation""}",/mnt/tidalfs-hssh01/dataset/xiang/models/Qwen2.5-VL-7B-Instruct,42,not_empty,next_token
A_0011,A,STEP1,B,0,-0.7575989961624146,-0.6325989961624146,0.4687906503677368,0.531209409236908,-0.7589655518531799,-0.6339655518531799,0.4687906503677368,1,0,"{""A"": ""position"", ""B"": ""color"", ""C"": ""size"", ""D"": ""orientation""}",/mnt/tidalfs-hssh01/dataset/xiang/models/Qwen2.5-VL-7B-Instruct,42,not_empty,next_token
A_0011,A,STEP1,C,0,-0.6931471824645996,-0.6931471824645996,0.5,0.5,-0.6952361464500427,-0.6952361464500427,0.5,0,1,"{""A"": ""position"", ""B"": ""color"", ""C"": ""size"", ""D"": ""orientation""}",/mnt/tidalfs-hssh01/dataset/xiang/models/Qwen2.5-VL-7B-Instruct,42,not_empty,next_token
A_0011,A,STEP1,D,0,-0.9740769863128662,-0.4740769863128662,0.3775406777858734,0.622459352016449,-0.9777901768684387,-0.4777901768684387,0.3775406777858734,1,0,"{""A"": ""position"", ""B"": ""color"", ""C"": ""size"", ""D"": ""orientation""}",/mnt/tidalfs-hssh01/dataset/xiang/models/Qwen2.5-VL-7B-Instruct,42,not_empty,next_token
A_0011,A,STEP1,AB,0,-0.6931471824645996,-0.6931471824645996,0.5,0.5,-0.6936166286468506,-0.6936166286468506,0.5,0,1,"{""A"": ""position"", ""B"": ""color"", ""C"": ""size"", ""D"": ""orientation""}",/mnt/tidalfs-hssh01/dataset/xiang/models/Qwen2.5-VL-7B-Instruct,42,not_empty,next_token
A_0011,A,STEP1,AC,0,-0.7575989961624146,-0.6325989961624146,0.4687906503677368,0.531209409236908,-0.7579772472381592,-0.6329772472381592,0.4687906503677368,1,0,"{""A"": ""position"", ""B"": ""color"", ""C"": ""size"", ""D"": ""orientation""}",/mnt/tidalfs-hssh01/dataset/xiang/models/Qwen2.5-VL-7B-Instruct,42,not_empty,next_token
A_0011,A,STEP1,AD,0,-0.7575989961624146,-0.6325989961624146,0.4687906503677368,0.531209409236908,-0.7588132619857788,-0.6338132619857788,0.4687906503677368,1,0,"{""A"": ""position"", ""B"": ""color"", ""C"": ""size"", ""D"": ""orientation""}",/mnt/tidalfs-hssh01/dataset/xiang/models/Qwen2.5-VL-7B-Instruct,42,not_empty,next_token
A_0011,A,STEP1,BC,0,-0.8981232643127441,-0.5231232643127441,0.4073334038257599,0.5926665663719177,-0.8986302614212036,-0.5236302614212036,0.4073334038257599,1,0,"{""A"": ""position"", ""B"": ""color"", ""C"": ""size"", ""D"": ""orientation""}",/mnt/tidalfs-hssh01/dataset/xiang/models/Qwen2.5-VL-7B-Instruct,42,not_empty,next_token
A_0011,A,STEP1,BD,0,-0.825939416885376,-0.575939416885376,0.43782350420951843,0.562176525592804,-0.826836347579956,-0.576836347579956,0.43782350420951843,1,0,"{""A"": ""position"", ""B"": ""color"", ""C"": ""size"", ""D"": ""orientation""}",/mnt/tidalfs-hssh01/dataset/xiang/models/Qwen2.5-VL-7B-Instruct,42,not_empty,next_token
A_0011,A,STEP1,CD,0,-0.825939416885376,-0.575939416885376,0.43782350420951843,0.562176525592804,-0.8267457485198975,-0.5767457485198975,0.43782350420951843,1,0,"{""A"": ""position"", ""B"": ""color"", ""C"": ""size"", ""D"": ""orientation""}",/mnt/tidalfs-hssh01/dataset/xiang/models/Qwen2.5-VL-7B-Instruct,42,not_empty,next_token
A_0011,A,STEP1,ABC,0,-0.825939416885376,-0.575939416885376,0.43782350420951843,0.562176525592804,-0.8262367248535156,-0.5762367248535156,0.43782350420951843,1,0,"{""A"": ""position"", ""B"": ""color"", ""C"": ""size"", ""D"": ""orientation""}",/mnt/tidalfs-hssh01/dataset/xiang/models/Qwen2.5-VL-7B-Instruct,42,not_empty,next_token
A_0011,A,STEP1,ABD,0,-0.825939416885376,-0.575939416885376,0.43782350420951843,0.562176525592804,-0.8263711333274841,-0.5763711333274841,0.43782350420951843,1,0,"{""A"": ""position"", ""B"": ""color"", ""C"": ""size"", ""D"": ""orientation""}",/mnt/tidalfs-hssh01/dataset/xiang/models/Qwen2.5-VL-7B-Instruct,42,not_empty,next_token
A_0011,A,STEP1,ACD,0,-0.825939416885376,-0.575939416885376,0.43782350420951843,0.562176525592804,-0.8262378573417664,-0.5762378573417664,0.43782350420951843,1,0,"{""A"": ""position"", ""B"": ""color"", ""C"": ""size"", ""D"": ""orientation""}",/mnt/tidalfs-hssh01/dataset/xiang/models/Qwen2.5-VL-7B-Instruct,42,not_empty,next_token
A_0011,A,STEP1,BCD,0,-1.0537006855010986,-0.42870065569877625,0.3486451208591461,0.6513548493385315,-1.0540238618850708,-0.4290238618850708,0.3486451208591461,1,0,"{""A"": ""position"", ""B"": ""color"", ""C"": ""size"", ""D"": ""orientation""}",/mnt/tidalfs-hssh01/dataset/xiang/models/Qwen2.5-VL-7B-Instruct,42,not_empty,next_token
A_0011,A,STEP1,ABCD,0,-0.9740769863128662,-0.4740769863128662,0.3775406777858734,0.622459352016449,-0.9742751717567444,-0.4742751717567444,0.3775406777858734,1,0,"{""A"": ""position"", ""B"": ""color"", ""C"": ""size"", ""D"": ""orientation""}",/mnt/tidalfs-hssh01/dataset/xiang/models/Qwen2.5-VL-7B-Instruct,42,not_empty,next_token
A_0011,A,STEP2,EMPTY,0,-1.1368709802627563,-0.38687101006507874,0.3208213150501251,0.6791786551475525,-1.1873528957366943,-0.4373529553413391,0.3208213150501251,1,0,"{""A"": ""position"", ""B"": ""color"", ""C"": ""size"", ""D"": ""orientation""}",/mnt/tidalfs-hssh01/dataset/xiang/models/Qwen2.5-VL-7B-Instruct,42,text_only,next_token
A_0011,A,STEP2,A,0,-1.0537006855010986,-0.42870065569877625,0.3486451208591461,0.6513548493385315,-1.0558043718338013,-0.43080440163612366,0.3486451208591461,1,0,"{""A"": ""position"", ""B"": ""color"", ""C"": ""size"", ""D"": ""orientation""}",/mnt/tidalfs-hssh01/dataset/xiang/models/Qwen2.5-VL-7B-Instruct,42,not_empty,next_token
A_0011,A,STEP2,B,0,-0.825939416885376,-0.575939416885376,0.43782350420951843,0.562176525592804,-0.8274880647659302,-0.5774880647659302,0.43782350420951843,1,0,"{""A"": ""position"", ""B"": ""color"", ""C"": ""size"", ""D"": ""orientation""}",/mnt/tidalfs-hssh01/dataset/xiang/models/Qwen2.5-VL-7B-Instruct,42,not_empty,next_token
A_0011,A,STEP2,C,0,-1.2234445810317993,-0.3484445810317993,0.29421499371528625,0.7057850360870361,-1.2249228954315186,-0.34992292523384094,0.29421499371528625,1,0,"{""A"": ""position"", ""B"": ""color"", ""C"": ""size"", ""D"": ""orientation""}",/mnt/tidalfs-hssh01/dataset/xiang/models/Qwen2.5-VL-7B-Instruct,42,not_empty,next_token
A_0011,A,STEP2,D,0,-1.5019290447235107,-0.25192904472351074,0.22270016372203827,0.7772998809814453,-1.5044355392456055,-0.25443553924560547,0.22270016372203827,1,0,"{""A"": ""position"", ""B"": ""color"", ""C"": ""size"", ""D"": ""orientation""}",/mnt/tidalfs-hssh01/dataset/xiang/models/Qwen2.5-VL-7B-Instruct,42,not_empty,next_token
A_0011,A,STEP2,AB,0,-0.7575989961624146,-0.6325989961624146,0.4687906503677368,0.531209409236908,-0.7587367296218872,-0.6337367296218872,0.4687906503677368,1,0,"{""A"": ""position"", ""B"": ""color"", ""C"": ""size"", ""D"": ""orientation""}",/mnt/tidalfs-hssh01/dataset/xiang/models/Qwen2.5-VL-7B-Instruct,42,not_empty,next_token
A_0011,A,STEP2,AC,0,-1.3132617473602295,-0.3132617473602295,0.26894140243530273,0.7310584783554077,-1.3136677742004395,-0.31366777420043945,0.26894140243530273,1,0,"{""A"": ""position"", ""B"": ""color"", ""C"": ""size"", ""D"": ""orientation""}",/mnt/tidalfs-hssh01/dataset/xiang/models/Qwen2.5-VL-7B-Instruct,42,not_empty,next_token
A_0011,A,STEP2,AD,0,-0.825939416885376,-0.575939416885376,0.43782350420951843,0.562176525592804,-0.827907383441925,-0.577907383441925,0.43782350420951843,1,0,"{""A"": ""position"", ""B"": ""color"", ""C"": ""size"", ""D"": ""orientation""}",/mnt/tidalfs-hssh01/dataset/xiang/models/Qwen2.5-VL-7B-Instruct,42,not_empty,next_token
A_0011,A,STEP2,BC,0,-1.136871099472046,-0.38687101006507874,0.32082128524780273,0.6791786551475525,-1.1378247737884521,-0.3878247141838074,0.32082128524780273,1,0,"{""A"": ""position"", ""B"": ""color"", ""C"": ""size"", ""D"": ""orientation""}",/mnt/tidalfs-hssh01/dataset/xiang/models/Qwen2.5-VL-7B-Instruct,42,not_empty,next_token
A_0011,A,STEP2,BD,0,-0.8981232643127441,-0.5231232643127441,0.4073334038257599,0.5926665663719177,-0.899730384349823,-0.524730384349823,0.4073334038257599,1,0,"{""A"": ""position"", ""B"": ""color"", ""C"": ""size"", ""D"": ""orientation""}",/mnt/tidalfs-hssh01/dataset/xiang/models/Qwen2.5-VL-7B-Instruct,42,not_empty,next_token
A_0011,A,STEP2,CD,0,-1.4061501026153564,-0.28115010261535645,0.24508503079414368,0.7549149990081787,-1.4068942070007324,-0.2818942666053772,0.24508503079414368,1,0,"{""A"": ""position"", ""B"": ""color"", ""C"": ""size"", ""D"": ""orientation""}",/mnt/tidalfs-hssh01/dataset/xiang/models/Qwen2.5-VL-7B-Instruct,42,not_empty,next_token
A_0011,A,STEP2,ABC,0,-0.9740769863128662,-0.4740769863128662,0.3775406777858734,0.622459352016449,-0.9746973514556885,-0.4746973514556885,0.3775406777858734,1,0,"{""A"": ""position"", ""B"": ""color"", ""C"": ""size"", ""D"": ""orientation""}",/mnt/tidalfs-hssh01/dataset/xiang/models/Qwen2.5-VL-7B-Instruct,42,not_empty,next_token
A_0011,A,STEP2,ABD,0,-0.6325989961624146,-0.7575989961624146,0.531209409236908,0.4687906503677368,-0.6332840919494629,-0.7582840919494629,0.531209409236908,0,1,"{""A"": ""position"", ""B"": ""color"", ""C"": ""size"", ""D"": ""orientation""}",/mnt/tidalfs-hssh01/dataset/xiang/models/Qwen2.5-VL-7B-Instruct,42,not_empty,next_token
A_0011,A,STEP2,ACD,0,-1.5019290447235107,-0.25192904472351074,0.22270016372203827,0.7772998809814453,-1.5022647380828857,-0.25226470828056335,0.22270016372203827,1,0,"{""A"": ""position"", ""B"": ""color"", ""C"": ""size"", ""D"": ""orientation""}",/mnt/tidalfs-hssh01/dataset/xiang/models/Qwen2.5-VL-7B-Instruct,42,not_empty,next_token
A_0011,A,STEP2,BCD,0,-1.1368709802627563,-0.38687101006507874,0.3208213150501251,0.6791786551475525,-1.13724946975708,-0.3872494697570801,0.3208213150501251,1,0,"{""A"": ""position"", ""B"": ""color"", ""C"": ""size"", ""D"": ""orientation""}",/mnt/tidalfs-hssh01/dataset/xiang/models/Qwen2.5-VL-7B-Instruct,42,not_empty,next_token
A_0011,A,STEP2,ABCD,0,-1.1368709802627563,-0.38687101006507874,0.3208213150501251,0.6791786551475525,-1.1373512744903564,-0.38735127449035645,0.3208213150501251,1,0,"{""A"": ""position"", ""B"": ""color"", ""C"": ""size"", ""D"": ""orientation""}",/mnt/tidalfs-hssh01/dataset/xiang/models/Qwen2.5-VL-7B-Instruct,42,not_empty,next_token
A_0011,A,FINAL,EMPTY,0,-0.825939416885376,-0.575939416885376,0.43782350420951843,0.562176525592804,-1.032974123954773,-0.782974123954773,0.43782350420951843,1,0,"{""A"": ""position"", ""B"": ""color"", ""C"": ""size"", ""D"": ""orientation""}",/mnt/tidalfs-hssh01/dataset/xiang/models/Qwen2.5-VL-7B-Instruct,42,text_only,next_token
A_0011,A,FINAL,A,0,-0.825939416885376,-0.575939416885376,0.43782350420951843,0.562176525592804,-0.8441141843795776,-0.5941141843795776,0.43782350420951843,1,0,"{""A"": ""position"", ""B"": ""color"", ""C"": ""size"", ""D"": ""orientation""}",/mnt/tidalfs-hssh01/dataset/xiang/models/Qwen2.5-VL-7B-Instruct,42,not_empty,next_token
A_0011,A,FINAL,B,0,-0.7575989961624146,-0.6325989961624146,0.4687906503677368,0.531209409236908,-0.7693278193473816,-0.6443278193473816,0.4687906503677368,1,0,"{""A"": ""position"", ""B"": ""color"", ""C"": ""size"", ""D"": ""orientation""}",/mnt/tidalfs-hssh01/dataset/xiang/models/Qwen2.5-VL-7B-Instruct,42,not_empty,next_token
A_0011,A,FINAL,C,0,-0.8981232643127441,-0.5231232643127441,0.4073334038257599,0.5926665663719177,-0.9070677757263184,-0.5320677757263184,0.4073334038257599,1,0,"{""A"": ""position"", ""B"": ""color"", ""C"": ""size"", ""D"": ""orientation""}",/mnt/tidalfs-hssh01/dataset/xiang/models/Qwen2.5-VL-7B-Instruct,42,not_empty,next_token
A_0011,A,FINAL,D,0,-1.053700566291809,-0.42870065569877625,0.3486451506614685,0.6513548493385315,-1.076493740081787,-0.4514937996864319,0.3486451506614685,1,0,"{""A"": ""position"", ""B"": ""color"", ""C"": ""size"", ""D"": ""orientation""}",/mnt/tidalfs-hssh01/dataset/xiang/models/Qwen2.5-VL-7B-Instruct,42,not_empty,next_token
A_0011,A,FINAL,AB,0,-0.6931471824645996,-0.6931471824645996,0.5,0.5,-0.6951395869255066,-0.6951395869255066,0.5,0,1,"{""A"": ""position"", ""B"": ""color"", ""C"": ""size"", ""D"": ""orientation""}",/mnt/tidalfs-hssh01/dataset/xiang/models/Qwen2.5-VL-7B-Instruct,42,not_empty,next_token
A_0011,A,FINAL,AC,0,-0.7575989961624146,-0.6325989961624146,0.4687906503677368,0.531209409236908,-0.7592196464538574,-0.6342196464538574,0.4687906503677368,1,0,"{""A"": ""position"", ""B"": ""color"", ""C"": ""size"", ""D"": ""orientation""}",/mnt/tidalfs-hssh01/dataset/xiang/models/Qwen2.5-VL-7B-Instruct,42,not_empty,next_token
A_0011,A,FINAL,AD,0,-0.9740769863128662,-0.4740769863128662,0.3775406777858734,0.622459352016449,-0.9781070351600647,-0.4781070351600647,0.3775406777858734,1,0,"{""A"": ""position"", ""B"": ""color"", ""C"": ""size"", ""D"": ""orientation""}",/mnt/tidalfs-hssh01/dataset/xiang/models/Qwen2.5-VL-7B-Instruct,42,not_empty,next_token
A_0011,A,FINAL,BC,0,-0.7575989961624146,-0.6325989961624146,0.4687906503677368,0.531209409236908,-0.7610874772071838,-0.6360874772071838,0.4687906503677368,1,0,"{""A"": ""position"", ""B"": ""color"", ""C"": ""size"", ""D"": ""orientation""}",/mnt/tidalfs-hssh01/dataset/xiang/models/Qwen2.5-VL-7B-Instruct,42,not_empty,next_token
A_0011,A,FINAL,BD,0,-0.825939416885376,-0.575939416885376,0.43782350420951843,0.562176525592804,-0.8343058228492737,-0.5843058228492737,0.43782350420951843,1,0,"{""A"": ""position"", ""B"": ""color"", ""C"": ""size"", ""D"": ""orientation""}",/mnt/tidalfs-hssh01/dataset/xiang/models/Qwen2.5-VL-7B-Instruct,42,not_empty,next_token
A_0011,A,FINAL,CD,0,-0.8981232643127441,-0.5231232643127441,0.4073334038257599,0.5926665663719177,-0.9035506844520569,-0.5285506844520569,0.4073334038257599,1,0,"{""A"": ""position"", ""B"": ""color"", ""C"": ""size"", ""D"": ""orientation""}",/mnt/tidalfs-hssh01/dataset/xiang/models/Qwen2.5-VL-7B-Instruct,42,not_empty,next_token
A_0011,A,FINAL,ABC,0,-0.7575989961624146,-0.6325989961624146,0.4687906503677368,0.531209409236908,-0.7594267129898071,-0.6344267129898071,0.4687906503677368,1,0,"{""A"": ""position"", ""B"": ""color"", ""C"": ""size"", ""D"": ""orientation""}",/mnt/tidalfs-hssh01/dataset/xiang/models/Qwen2.5-VL-7B-Instruct,42,not_empty,next_token
A_0011,A,FINAL,ABD,0,-0.8981232643127441,-0.5231232643127441,0.4073334038257599,0.5926665663719177,-0.900088906288147,-0.525088906288147,0.4073334038257599,1,0,"{""A"": ""position"", ""B"": ""color"", ""C"": ""size"", ""D"": ""orientation""}",/mnt/tidalfs-hssh01/dataset/xiang/models/Qwen2.5-VL-7B-Instruct,42,not_empty,next_token
A_0011,A,FINAL,ACD,0,-0.8981232643127441,-0.5231232643127441,0.4073334038257599,0.5926665663719177,-0.8996436595916748,-0.5246436595916748,0.4073334038257599,1,0,"{""A"": ""position"", ""B"": ""color"", ""C"": ""size"", ""D"": ""orientation""}",/mnt/tidalfs-hssh01/dataset/xiang/models/Qwen2.5-VL-7B-Instruct,42,not_empty,next_token
A_0011,A,FINAL,BCD,0,-0.825939416885376,-0.575939416885376,0.43782350420951843,0.562176525592804,-0.828640878200531,-0.578640878200531,0.43782350420951843,1,0,"{""A"": ""position"", ""B"": ""color"", ""C"": ""size"", ""D"": ""orientation""}",/mnt/tidalfs-hssh01/dataset/xiang/models/Qwen2.5-VL-7B-Instruct,42,not_empty,next_token
A_0011,A,FINAL,ABCD,0,-0.9740769863128662,-0.4740769863128662,0.3775406777858734,0.622459352016449,-0.975243091583252,-0.47524309158325195,0.3775406777858734,1,0,"{""A"": ""position"", ""B"": ""color"", ""C"": ""size"", ""D"": ""orientation""}",/mnt/tidalfs-hssh01/dataset/xiang/models/Qwen2.5-VL-7B-Instruct,42,not_empty,next_token
A_0019,A,STEP1,EMPTY,0,-0.825939416885376,-0.575939416885376,0.43782350420951843,0.562176525592804,-0.8866772651672363,-0.6366772651672363,0.43782350420951843,1,0,"{""A"": ""color"", ""B"": ""size"", ""C"": ""orientation"", ""D"": ""position""}",/mnt/tidalfs-hssh01/dataset/xiang/models/Qwen2.5-VL-7B-Instruct,42,text_only,next_token
A_0019,A,STEP1,A,0,-0.9740769863128662,-0.4740769863128662,0.3775406777858734,0.622459352016449,-0.9758946895599365,-0.4758947193622589,0.3775406777858734,1,0,"{""A"": ""color"", ""B"": ""size"", ""C"": ""orientation"", ""D"": ""position""}",/mnt/tidalfs-hssh01/dataset/xiang/models/Qwen2.5-VL-7B-Instruct,42,not_empty,next_token
A_0019,A,STEP1,B,0,-0.8981232643127441,-0.5231232643127441,0.4073334038257599,0.5926665663719177,-0.8994943499565125,-0.5244943499565125,0.4073334038257599,1,0,"{""A"": ""color"", ""B"": ""size"", ""C"": ""orientation"", ""D"": ""position""}",/mnt/tidalfs-hssh01/dataset/xiang/models/Qwen2.5-VL-7B-Instruct,42,not_empty,next_token
A_0019,A,STEP1,C,0,-0.9740769863128662,-0.4740769863128662,0.3775406777858734,0.622459352016449,-0.981826663017273,-0.48182669281959534,0.3775406777858734,1,0,"{""A"": ""color"", ""B"": ""size"", ""C"": ""orientation"", ""D"": ""position""}",/mnt/tidalfs-hssh01/dataset/xiang/models/Qwen2.5-VL-7B-Instruct,42,not_empty,next_token
A_0019,A,STEP1,D,0,-0.9740769863128662,-0.4740769863128662,0.3775406777858734,0.622459352016449,-0.9789466857910156,-0.4789466857910156,0.3775406777858734,1,0,"{""A"": ""color"", ""B"": ""size"", ""C"": ""orientation"", ""D"": ""position""}",/mnt/tidalfs-hssh01/dataset/xiang/models/Qwen2.5-VL-7B-Instruct,42,not_empty,next_token
A_0019,A,STEP1,AB,0,-0.9740769863128662,-0.4740769863128662,0.3775406777858734,0.622459352016449,-0.974403977394104,-0.4744039475917816,0.3775406777858734,1,0,"{""A"": ""color"", ""B"": ""size"", ""C"": ""orientation"", ""D"": ""position""}",/mnt/tidalfs-hssh01/dataset/xiang/models/Qwen2.5-VL-7B-Instruct,42,not_empty,next_token
A_0019,A,STEP1,AC,0,-1.1368709802627563,-0.38687101006507874,0.3208213150501251,0.6791786551475525,-1.1373109817504883,-0.38731104135513306,0.3208213150501251,1,0,"{""A"": ""color"", ""B"": ""size"", ""C"": ""orientation"", ""D"": ""position""}",/mnt/tidalfs-hssh01/dataset/xiang/models/Qwen2.5-VL-7B-Instruct,42,not_empty,next_token
A_0019,A,STEP1,AD,0,-1.0537006855010986,-0.42870065569877625,0.3486451208591461,0.6513548493385315,-1.054273247718811,-0.42927321791648865,0.3486451208591461,1,0,"{""A"": ""color"", ""B"": ""size"", ""C"": ""orientation"", ""D"": ""position""}",/mnt/tidalfs-hssh01/dataset/xiang/models/Qwen2.5-VL-7B-Instruct,42,not_empty,next_token
A_0019,A,STEP1,BC,0,-1.1368709802627563,-0.38687101006507874,0.3208213150501251,0.6791786551475525,-1.1374504566192627,-0.3874504864215851,0.3208213150501251,1,0,"{""A"": ""color"", ""B"": ""size"", ""C"": ""orientation"", ""D"": ""position""}",/mnt/tidalfs-hssh01/dataset/xiang/models/Qwen2.5-VL-7B-Instruct,42,not_empty,next_token
A_0019,A,STEP1,BD,0,-1.136871099472046,-0.38687101006507874,0.32082128524780273,0.6791786551475525,-1.1373846530914307,-0.3873845934867859,0.32082128524780273,1,0,"{""A"": ""color"", ""B"": ""size"", ""C"": ""orientation"", ""D"": ""position""}",/mnt/tidalfs-hssh01/dataset/xiang/models/Qwen2.5-VL-7B-Instruct,42,not_empty,next_token
A_0019,A,STEP1,CD,0,-0.7575989961624146,-0.6325989961624146,0.4687906503677368,0.531209409236908,-0.759433925151825,-0.634433925151825,0.4687906503677368,1,0,"{""A"": ""color"", ""B"": ""size"", ""C"": ""orientation"", ""D"": ""position""}",/mnt/tidalfs-hssh01/dataset/xiang/models/Qwen2.5-VL-7B-Instruct,42,not_empty,next_token
A_0019,A,STEP1,ABC,0,-1.1368709802627563,-0.38687101006507874,0.3208213150501251,0.6791786551475525,-1.137067437171936,-0.38706740736961365,0.3208213150501251,1,0,"{""A"": ""color"", ""B"": ""size"", ""C"": ""orientation"", ""D"": ""position""}",/mnt/tidalfs-hssh01/dataset/xiang/models/Qwen2.5-VL-7B-Instruct,42,not_empty,next_token
A_0019,A,STEP1,ABD,0,-1.2234445810317993,-0.3484445810317993,0.29421499371528625,0.7057850360870361,-1.2236021757125854,-0.34860214591026306,0.29421499371528625,1,0,"{""A"": ""color"", ""B"": ""size"", ""C"": ""orientation"", ""D"": ""position""}",/mnt/tidalfs-hssh01/dataset/xiang/models/Qwen2.5-VL-7B-Instruct,42,not_empty,next_token
A_0019,A,STEP1,ACD,0,-1.2234445810317993,-0.3484445810317993,0.29421499371528625,0.7057850360870361,-1.2236995697021484,-0.34869956970214844,0.29421499371528625,1,0,"{""A"": ""color"", ""B"": ""size"", ""C"": ""orientation"", ""D"": ""position""}",/mnt/tidalfs-hssh01/dataset/xiang/models/Qwen2.5-VL-7B-Instruct,42,not_empty,next_token
A_0019,A,STEP1,BCD,0,-1.2234445810317993,-0.3484445810317993,0.29421499371528625,0.7057850360870361,-1.223755121231079,-0.3487551510334015,0.29421499371528625,1,0,"{""A"": ""color"", ""B"": ""size"", ""C"": ""orientation"", ""D"": ""position""}",/mnt/tidalfs-hssh01/dataset/xiang/models/Qwen2.5-VL-7B-Instruct,42,not_empty,next_token
A_0019,A,STEP1,ABCD,0,-1.4061501026153564,-0.28115010261535645,0.24508503079414368,0.7549149990081787,-1.4063009023666382,-0.28130093216896057,0.24508503079414368,1,0,"{""A"": ""color"", ""B"": ""size"", ""C"": ""orientation"", ""D"": ""position""}",/mnt/tidalfs-hssh01/dataset/xiang/models/Qwen2.5-VL-7B-Instruct,42,not_empty,next_token
A_0019,A,STEP2,EMPTY,0,-1.1368709802627563,-0.38687101006507874,0.3208213150501251,0.6791786551475525,-1.166052222251892,-0.4160521924495697,0.3208213150501251,1,0,"{""A"": ""color"", ""B"": ""size"", ""C"": ""orientation"", ""D"": ""position""}",/mnt/tidalfs-hssh01/dataset/xiang/models/Qwen2.5-VL-7B-Instruct,42,text_only,next_token
A_0019,A,STEP2,A,0,-1.1368709802627563,-0.38687101006507874,0.3208213150501251,0.6791786551475525,-1.1380829811096191,-0.3880830407142639,0.3208213150501251,1,0,"{""A"": ""color"", ""B"": ""size"", ""C"": ""orientation"", ""D"": ""position""}",/mnt/tidalfs-hssh01/dataset/xiang/models/Qwen2.5-VL-7B-Instruct,42,not_empty,next_token
A_0019,A,STEP2,B,0,-1.1368709802627563,-0.38687101006507874,0.3208213150501251,0.6791786551475525,-1.1385562419891357,-0.38855624198913574,0.3208213150501251,1,0,"{""A"": ""color"", ""B"": ""size"", ""C"": ""orientation"", ""D"": ""position""}",/mnt/tidalfs-hssh01/dataset/xiang/models/Qwen2.5-VL-7B-Instruct,42,not_empty,next_token
A_0019,A,STEP2,C,0,-1.1368709802627563,-0.38687101006507874,0.3208213150501251,0.6791786551475525,-1.1390414237976074,-0.3890414237976074,0.3208213150501251,1,0,"{""A"": ""color"", ""B"": ""size"", ""C"": ""orientation"", ""D"": ""position""}",/mnt/tidalfs-hssh01/dataset/xiang/models/Qwen2.5-VL-7B-Instruct,42,not_empty,next_token
A_0019,A,STEP2,D,0,-1.2234444618225098,-0.3484445810317993,0.29421502351760864,0.7057850360870361,-1.2250585556030273,-0.3500586152076721,0.29421502351760864,1,0,"{""A"": ""color"", ""B"": ""size"", ""C"": ""orientation"", ""D"": ""position""}",/mnt/tidalfs-hssh01/dataset/xiang/models/Qwen2.5-VL-7B-Instruct,42,not_empty,next_token
A_0019,A,STEP2,AB,0,-0.825939416885376,-0.575939416885376,0.43782350420951843,0.562176525592804,-0.8267413973808289,-0.5767413973808289,0.43782350420951843,1,0,"{""A"": ""color"", ""B"": ""size"", ""C"": ""orientation"", ""D"": ""position""}",/mnt/tidalfs-hssh01/dataset/xiang/models/Qwen2.5-VL-7B-Instruct,42,not_empty,next_token
A_0019,A,STEP2,AC,0,-0.825939416885376,-0.575939416885376,0.43782350420951843,0.562176525592804,-0.8265881538391113,-0.5765881538391113,0.43782350420951843,1,0,"{""A"": ""color"", ""B"": ""size"", ""C"": ""orientation"", ""D"": ""position""}",/mnt/tidalfs-hssh01/dataset/xiang/models/Qwen2.5-VL-7B-Instruct,42,not_empty,next_token
A_0019,A,STEP2,AD,0,-1.1368709802627563,-0.38687101006507874,0.3208213150501251,0.6791786551475525,-1.1376566886901855,-0.38765671849250793,0.3208213150501251,1,0,"{""A"": ""color"", ""B"": ""size"", ""C"": ""orientation"", ""D"": ""position""}",/mnt/tidalfs-hssh01/dataset/xiang/models/Qwen2.5-VL-7B-Instruct,42,not_empty,next_token
A_0019,A,STEP2,BC,0,-0.825939416885376,-0.575939416885376,0.43782350420951843,0.562176525592804,-0.8272716403007507,-0.5772716403007507,0.43782350420951843,1,0,"{""A"": ""color"", ""B"": ""size"", ""C"": ""orientation"", ""D"": ""position""}",/mnt/tidalfs-hssh01/dataset/xiang/models/Qwen2.5-VL-7B-Instruct,42,not_empty,next_token
A_0019,A,STEP2,BD,0,-0.9740769863128662,-0.4740769863128662,0.3775406777858734,0.622459352016449,-0.9752063751220703,-0.4752063751220703,0.3775406777858734,1,0,"{""A"": ""color"", ""B"": ""size"", ""C"": ""orientation"", ""D"": ""position""}",/mnt/tidalfs-hssh01/dataset/xiang/models/Qwen2.5-VL-7B-Instruct,42,not_empty,next_token
A_0019,A,STEP2,CD,0,-0.9740769863128662,-0.4740769863128662,0.3775406777858734,0.622459352016449,-0.9750595688819885,-0.4750595688819885,0.3775406777858734,1,0,"{""A"": ""color"", ""B"": ""size"", ""C"": ""orientation"", ""D"": ""position""}",/mnt/tidalfs-hssh01/dataset/xiang/models/Qwen2.5-VL-7B-Instruct,42,not_empty,next_token
A_0019,A,STEP2,ABC,0,-0.6325989961624146,-0.7575989961624146,0.531209409236908,0.4687906503677368,-0.6333186626434326,-0.7583186626434326,0.531209409236908,0,1,"{""A"": ""color"", ""B"": ""size"", ""C"": ""orientation"", ""D"": ""position""}",/mnt/tidalfs-hssh01/dataset/xiang/models/Qwen2.5-VL-7B-Instruct,42,not_empty,next_token
A_0019,A,STEP2,ABD,0,-0.825939416885376,-0.575939416885376,0.43782350420951843,0.562176525592804,-0.8263950347900391,-0.5763950347900391,0.43782350420951843,1,0,"{""A"": ""color"", ""B"": ""size"", ""C"": ""orientation"", ""D"": ""position""}",/mnt/tidalfs-hssh01/dataset/xiang/models/Qwen2.5-VL-7B-Instruct,42,not_empty,next_token
A_0019,A,STEP2,ACD,0,-0.825939416885376,-0.575939416885376,0.43782350420951843,0.562176525592804,-0.8263383507728577,-0.5763383507728577,0.43782350420951843,1,0,"{""A"": ""color"", ""B"": ""size"", ""C"": ""orientation"", ""D"": ""position""}",/mnt/tidalfs-hssh01/dataset/xiang/models/Qwen2.5-VL-7B-Instruct,42,not_empty,next_token
A_0019,A,STEP2,BCD,0,-0.7575989961624146,-0.6325989961624146,0.4687906503677368,0.531209409236908,-0.7584200501441956,-0.6334200501441956,0.4687906503677368,1,0,"{""A"": ""color"", ""B"": ""size"", ""C"": ""orientation"", ""D"": ""position""}",/mnt/tidalfs-hssh01/dataset/xiang/models/Qwen2.5-VL-7B-Instruct,42,not_empty,next_token
A_0019,A,STEP2,ABCD,0,-0.6931471824645996,-0.6931471824645996,0.5,0.5,-0.693543016910553,-0.693543016910553,0.5,0,1,"{""A"": ""color"", ""B"": ""size"", ""C"": ""orientation"", ""D"": ""position""}",/mnt/tidalfs-hssh01/dataset/xiang/models/Qwen2.5-VL-7B-Instruct,42,not_empty,next_token
A_0019,A,FINAL,EMPTY,0,-0.7575989961624146,-0.6325989961624146,0.4687906503677368,0.531209409236908,-0.9736700057983398,-0.8486700057983398,0.4687906503677368,1,0,"{""A"": ""color"", ""B"": ""size"", ""C"": ""orientation"", ""D"": ""position""}",/mnt/tidalfs-hssh01/dataset/xiang/models/Qwen2.5-VL-7B-Instruct,42,text_only,next_token
A_0019,A,FINAL,A,0,-0.8981232643127441,-0.5231232643127441,0.4073334038257599,0.5926665663719177,-0.904700517654419,-0.529700517654419,0.4073334038257599,1,0,"{""A"": ""color"", ""B"": ""size"", ""C"": ""orientation"", ""D"": ""position""}",/mnt/tidalfs-hssh01/dataset/xiang/models/Qwen2.5-VL-7B-Instruct,42,not_empty,next_token
A_0019,A,FINAL,B,0,-0.8981232643127441,-0.5231232643127441,0.4073334038257599,0.5926665663719177,-0.9050209522247314,-0.5300209522247314,0.4073334038257599,1,0,"{""A"": ""color"", ""B"": ""size"", ""C"": ""orientation"", ""D"": ""position""}",/mnt/tidalfs-hssh01/dataset/xiang/models/Qwen2.5-VL-7B-Instruct,42,not_empty,next_token
A_0019,A,FINAL,C,0,-0.8981232643127441,-0.5231232643127441,0.4073334038257599,0.5926665663719177,-0.9219778776168823,-0.5469778776168823,0.4073334038257599,1,0,"{""A"": ""color"", ""B"": ""size"", ""C"": ""orientation"", ""D"": ""position""}",/mnt/tidalfs-hssh01/dataset/xiang/models/Qwen2.5-VL-7B-Instruct,42,not_empty,next_token
A_0019,A,FINAL,D,0,-0.8981232643127441,-0.5231232643127441,0.4073334038257599,0.5926665663719177,-0.9094062447547913,-0.5344062447547913,0.4073334038257599,1,0,"{""A"": ""color"", ""B"": ""size"", ""C"": ""orientation"", ""D"": ""position""}",/mnt/tidalfs-hssh01/dataset/xiang/models/Qwen2.5-VL-7B-Instruct,42,not_empty,next_token
A_0019,A,FINAL,AB,0,-0.825939416885376,-0.575939416885376,0.43782350420951843,0.562176525592804,-0.8266299366950989,-0.5766299366950989,0.43782350420951843,1,0,"{""A"": ""color"", ""B"": ""size"", ""C"": ""orientation"", ""D"": ""position""}",/mnt/tidalfs-hssh01/dataset/xiang/models/Qwen2.5-VL-7B-Instruct,42,not_empty,next_token
A_0019,A,FINAL,AC,0,-0.8981232643127441,-0.5231232643127441,0.4073334038257599,0.5926665663719177,-0.8995126485824585,-0.5245126485824585,0.4073334038257599,1,0,"{""A"": ""color"", ""B"": ""size"", ""C"": ""orientation"", ""D"": ""position""}",/mnt/tidalfs-hssh01/dataset/xiang/models/Qwen2.5-VL-7B-Instruct,42,not_empty,next_token
A_0019,A,FINAL,AD,0,-0.8981232643127441,-0.5231232643127441,0.4073334038257599,0.5926665663719177,-0.8998510837554932,-0.5248510837554932,0.4073334038257599,1,0,"{""A"": ""color"", ""B"": ""size"", ""C"": ""orientation"", ""D"": ""position""}",/mnt/tidalfs-hssh01/dataset/xiang/models/Qwen2.5-VL-7B-Instruct,42,not_empty,next_token
A_0019,A,FINAL,BC,0,-0.8981232643127441,-0.5231232643127441,0.4073334038257599,0.5926665663719177,-0.9022879600524902,-0.5272879600524902,0.4073334038257599,1,0,"{""A"": ""color"", ""B"": ""size"", ""C"": ""orientation"", ""D"": ""position""}",/mnt/tidalfs-hssh01/dataset/xiang/models/Qwen2.5-VL-7B-Instruct,42,not_empty,next_token
A_0019,A,FINAL,BD,0,-0.8981232643127441,-0.5231232643127441,0.4073334038257599,0.5926665663719177,-0.9014317989349365,-0.5264317989349365,0.4073334038257599,1,0,"{""A"": ""color"", ""B"": ""size"", ""C"": ""orientation"", ""D"": ""position""}",/mnt/tidalfs-hssh01/dataset/xiang/models/Qwen2.5-VL-7B-Instruct,42,not_empty,next_token
A_0019,A,FINAL,CD,0,-0.825939416885376,-0.575939416885376,0.43782350420951843,0.562176525592804,-0.8345713019371033,-0.5845713019371033,0.43782350420951843,1,0,"{""A"": ""color"", ""B"": ""size"", ""C"": ""orientation"", ""D"": ""position""}",/mnt/tidalfs-hssh01/dataset/xiang/models/Qwen2.5-VL-7B-Instruct,42,not_empty,next_token
A_0019,A,FINAL,ABC,0,-0.825939416885376,-0.575939416885376,0.43782350420951843,0.562176525592804,-0.8274064660072327,-0.5774064660072327,0.43782350420951843,1,0,"{""A"": ""color"", ""B"": ""size"", ""C"": ""orientation"", ""D"": ""position""}",/mnt/tidalfs-hssh01/dataset/xiang/models/Qwen2.5-VL-7B-Instruct,42,not_empty,next_token
A_0019,A,FINAL,ABD,0,-0.8981232643127441,-0.5231232643127441,0.4073334038257599,0.5926665663719177,-0.8990523219108582,-0.5240523219108582,0.4073334038257599,1,0,"{""A"": ""color"", ""B"": ""size"", ""C"": ""orientation"", ""D"": ""position""}",/mnt/tidalfs-hssh01/dataset/xiang/models/Qwen2.5-VL-7B-Instruct,42,not_empty,next_token
A_0019,A,FINAL,ACD,0,-0.9740769863128662,-0.4740769863128662,0.3775406777858734,0.622459352016449,-0.9753734469413757,-0.47537344694137573,0.3775406777858734,1,0,"{""A"": ""color"", ""B"": ""size"", ""C"": ""orientation"", ""D"": ""position""}",/mnt/tidalfs-hssh01/dataset/xiang/models/Qwen2.5-VL-7B-Instruct,42,not_empty,next_token
A_0019,A,FINAL,BCD,0,-0.9740769863128662,-0.4740769863128662,0.3775406777858734,0.622459352016449,-0.9768669605255127,-0.4768669605255127,0.3775406777858734,1,0,"{""A"": ""color"", ""B"": ""size"", ""C"": ""orientation"", ""D"": ""position""}",/mnt/tidalfs-hssh01/dataset/xiang/models/Qwen2.5-VL-7B-Instruct,42,not_empty,next_token
A_0019,A,FINAL,ABCD,0,-0.9740769863128662,-0.4740769863128662,0.3775406777858734,0.622459352016449,-0.975002110004425,-0.47500211000442505,0.3775406777858734,1,0,"{""A"": ""color"", ""B"": ""size"", ""C"": ""orientation"", ""D"": ""position""}",/mnt/tidalfs-hssh01/dataset/xiang/models/Qwen2.5-VL-7B-Instruct,42,not_empty,next_token
A_0027,A,STEP1,EMPTY,0,-0.825939416885376,-0.575939416885376,0.43782350420951843,0.562176525592804,-0.8866772651672363,-0.6366772651672363,0.43782350420951843,1,0,"{""A"": ""color"", ""B"": ""size"", ""C"": ""orientation"", ""D"": ""position""}",/mnt/tidalfs-hssh01/dataset/xiang/models/Qwen2.5-VL-7B-Instruct,42,text_only,next_token
A_0027,A,STEP1,A,0,-0.9740769863128662,-0.4740769863128662,0.3775406777858734,0.622459352016449,-0.9758946895599365,-0.4758947193622589,0.3775406777858734,1,0,"{""A"": ""color"", ""B"": ""size"", ""C"": ""orientation"", ""D"": ""position""}",/mnt/tidalfs-hssh01/dataset/xiang/models/Qwen2.5-VL-7B-Instruct,42,not_empty,next_token
A_0027,A,STEP1,B,0,-0.8981232643127441,-0.5231232643127441,0.4073334038257599,0.5926665663719177,-0.8994943499565125,-0.5244943499565125,0.4073334038257599,1,0,"{""A"": ""color"", ""B"": ""size"", ""C"": ""orientation"", ""D"": ""position""}",/mnt/tidalfs-hssh01/dataset/xiang/models/Qwen2.5-VL-7B-Instruct,42,not_empty,next_token
A_0027,A,STEP1,C,0,-1.3132617473602295,-0.3132617473602295,0.26894140243530273,0.7310584783554077,-1.3148443698883057,-0.31484439969062805,0.26894140243530273,1,0,"{""A"": ""color"", ""B"": ""size"", ""C"": ""orientation"", ""D"": ""position""}",/mnt/tidalfs-hssh01/dataset/xiang/models/Qwen2.5-VL-7B-Instruct,42,not_empty,next_token
A_0027,A,STEP1,D,0,-0.9740769863128662,-0.4740769863128662,0.3775406777858734,0.622459352016449,-0.9789466857910156,-0.4789466857910156,0.3775406777858734,1,0,"{""A"": ""color"", ""B"": ""size"", ""C"": ""orientation"", ""D"": ""position""}",/mnt/tidalfs-hssh01/dataset/xiang/models/Qwen2.5-VL-7B-Instruct,42,not_empty,next_token
A_0027,A,STEP1,AB,0,-0.9740769863128662,-0.4740769863128662,0.3775406777858734,0.622459352016449,-0.974403977394104,-0.4744039475917816,0.3775406777858734,1,0,"{""A"": ""color"", ""B"": ""size"", ""C"": ""orientation"", ""D"": ""position""}",/mnt/tidalfs-hssh01/dataset/xiang/models/Qwen2.5-VL-7B-Instruct,42,not_empty,next_token
A_0027,A,STEP1,AC,0,-0.9740769863128662,-0.4740769863128662,0.3775406777858734,0.622459352016449,-0.9745209813117981,-0.4745209813117981,0.3775406777858734,1,0,"{""A"": ""color"", ""B"": ""size"", ""C"": ""orientation"", ""D"": ""position""}",/mnt/tidalfs-hssh01/dataset/xiang/models/Qwen2.5-VL-7B-Instruct,42,not_empty,next_token
A_0027,A,STEP1,AD,0,-1.0537006855010986,-0.42870065569877625,0.3486451208591461,0.6513548493385315,-1.054273247718811,-0.42927321791648865,0.3486451208591461,1,0,"{""A"": ""color"", ""B"": ""size"", ""C"": ""orientation"", ""D"": ""position""}",/mnt/tidalfs-hssh01/dataset/xiang/models/Qwen2.5-VL-7B-Instruct,42,not_empty,next_token
A_0027,A,STEP1,BC,0,-0.9740769863128662,-0.4740769863128662,0.3775406777858734,0.622459352016449,-0.9747657179832458,-0.47476571798324585,0.3775406777858734,1,0,"{""A"": ""color"", ""B"": ""size"", ""C"": ""orientation"", ""D"": ""position""}",/mnt/tidalfs-hssh01/dataset/xiang/models/Qwen2.5-VL-7B-Instruct,42,not_empty,next_token
A_0027,A,STEP1,BD,0,-1.136871099472046,-0.38687101006507874,0.32082128524780273,0.6791786551475525,-1.1373846530914307,-0.3873845934867859,0.32082128524780273,1,0,"{""A"": ""color"", ""B"": ""size"", ""C"": ""orientation"", ""D"": ""position""}",/mnt/tidalfs-hssh01/dataset/xiang/models/Qwen2.5-VL-7B-Instruct,42,not_empty,next_token
A_0027,A,STEP1,CD,0,-1.3132617473602295,-0.3132617473602295,0.26894140243530273,0.7310584783554077,-1.3139698505401611,-0.3139699101448059,0.26894140243530273,1,0,"{""A"": ""color"", ""B"": ""size"", ""C"": ""orientation"", ""D"": ""position""}",/mnt/tidalfs-hssh01/dataset/xiang/models/Qwen2.5-VL-7B-Instruct,42,not_empty,next_token
A_0027,A,STEP1,ABC,0,-1.1368709802627563,-0.38687101006507874,0.3208213150501251,0.6791786551475525,-1.1370108127593994,-0.3870108425617218,0.3208213150501251,1,0,"{""A"": ""color"", ""B"": ""size"", ""C"": ""orientation"", ""D"": ""position""}",/mnt/tidalfs-hssh01/dataset/xiang/models/Qwen2.5-VL-7B-Instruct,42,not_empty,next_token
A_0027,A,STEP1,ABD,0,-1.2234445810317993,-0.3484445810317993,0.29421499371528625,0.7057850360870361,-1.2236021757125854,-0.34860214591026306,0.29421499371528625,1,0,"{""A"": ""color"", ""B"": ""size"", ""C"": ""orientation"", ""D"": ""position""}",/mnt/tidalfs-hssh01/dataset/xiang/models/Qwen2.5-VL-7B-Instruct,42,not_empty,next_token
A_0027,A,STEP1,ACD,0,-1.0537006855010986,-0.42870065569877625,0.3486451208591461,0.6513548493385315,-1.0539042949676514,-0.4289042353630066,0.3486451208591461,1,0,"{""A"": ""color"", ""B"": ""size"", ""C"": ""orientation"", ""D"": ""position""}",/mnt/tidalfs-hssh01/dataset/xiang/models/Qwen2.5-VL-7B-Instruct,42,not_empty,next_token
A_0027,A,STEP1,BCD,0,-1.136871099472046,-0.38687101006507874,0.32082128524780273,0.6791786551475525,-1.137171745300293,-0.3871716856956482,0.32082128524780273,1,0,"{""A"": ""color"", ""B"": ""size"", ""C"": ""orientation"", ""D"": ""position""}",/mnt/tidalfs-hssh01/dataset/xiang/models/Qwen2.5-VL-7B-Instruct,42,not_empty,next_token
A_0027,A,STEP1,ABCD,0,-1.3132617473602295,-0.3132617473602295,0.26894140243530273,0.7310584783554077,-1.3133906126022339,-0.3133906126022339,0.26894140243530273,1,0,"{""A"": ""color"", ""B"": ""size"", ""C"": ""orientation"", ""D"": ""position""}",/mnt/tidalfs-hssh01/dataset/xiang/models/Qwen2.5-VL-7B-Instruct,42,not_empty,next_token
A_0027,A,STEP2,EMPTY,1,-1.1368709802627563,-0.38687101006507874,0.3208213150501251,0.6791786551475525,-1.166052222251892,-0.4160521924495697,0.6791786551475525,1,1,"{""A"": ""color"", ""B"": ""size"", ""C"": ""orientation"", ""D"": ""position""}",/mnt/tidalfs-hssh01/dataset/xiang/models/Qwen2.5-VL-7B-Instruct,42,text_only,next_token
A_0027,A,STEP2,A,1,-1.1368709802627563,-0.38687101006507874,0.3208213150501251,0.6791786551475525,-1.1380829811096191,-0.3880830407142639,0.6791786551475525,1,1,"{""A"": ""color"", ""B"": ""size"", ""C"": ""orientation"", ""D"": ""position""}",/mnt/tidalfs-hssh01/dataset/xiang/models/Qwen2.5-VL-7B-Instruct,42,not_empty,next_token
A_0027,A,STEP2,B,1,-1.1368709802627563,-0.38687101006507874,0.3208213150501251,0.6791786551475525,-1.1385562419891357,-0.38855624198913574,0.6791786551475525,1,1,"{""A"": ""color"", ""B"": ""size"", ""C"": ""orientation"", ""D"": ""position""}",/mnt/tidalfs-hssh01/dataset/xiang/models/Qwen2.5-VL-7B-Instruct,42,not_empty,next_token
A_0027,A,STEP2,C,1,-1.7014133930206299,-0.2014133334159851,0.18242549896240234,0.8175744414329529,-1.7026395797729492,-0.20263953506946564,0.8175744414329529,1,1,"{""A"": ""color"", ""B"": ""size"", ""C"": ""orientation"", ""D"": ""position""}",/mnt/tidalfs-hssh01/dataset/xiang/models/Qwen2.5-VL-7B-Instruct,42,not_empty,next_token
A_0027,A,STEP2,D,1,-1.2234444618225098,-0.3484445810317993,0.29421502351760864,0.7057850360870361,-1.2250585556030273,-0.3500586152076721,0.7057850360870361,1,1,"{""A"": ""color"", ""B"": ""size"", ""C"": ""orientation"", ""D"": ""position""}",/mnt/tidalfs-hssh01/dataset/xiang/models/Qwen2.5-VL-7B-Instruct,42,not_empty,next_token
A_0027,A,STEP2,AB,1,-0.825939416885376,-0.575939416885376,0.43782350420951843,0.562176525592804,-0.8267413973808289,-0.5767413973808289,0.562176525592804,1,1,"{""A"": ""color"", ""B"": ""size"", ""C"": ""orientation"", ""D"": ""position""}",/mnt/tidalfs-hssh01/dataset/xiang/models/Qwen2.5-VL-7B-Instruct,42,not_empty,next_token
A_0027,A,STEP2,AC,1,-1.1368709802627563,-0.38687101006507874,0.3208213150501251,0.6791786551475525,-1.1373521089553833,-0.3873520791530609,0.6791786551475525,1,1,"{""A"": ""color"", ""B"": ""size"", ""C"": ""orientation"", ""D"": ""position""}",/mnt/tidalfs-hssh01/dataset/xiang/models/Qwen2.5-VL-7B-Instruct,42,not_empty,next_token
A_0027,A,STEP2,AD,1,-1.1368709802627563,-0.38687101006507874,0.3208213150501251,0.6791786551475525,-1.1376566886901855,-0.38765671849250793,0.6791786551475525,1,1,"{""A"": ""color"", ""B"": ""size"", ""C"": ""orientation"", ""D"": ""position""}",/mnt/tidalfs-hssh01/dataset/xiang/models/Qwen2.5-VL-7B-Instruct,42,not_empty,next_token
A_0027,A,STEP2,BC,1,-1.1368709802627563,-0.38687101006507874,0.3208213150501251,0.6791786551475525,-1.13774836063385,-0.3877483606338501,0.6791786551475525,1,1,"{""A"": ""color"", ""B"": ""size"", ""C"": ""orientation"", ""D"": ""position""}",/mnt/tidalfs-hssh01/dataset/xiang/models/Qwen2.5-VL-7B-Instruct,42,not_empty,next_token
A_0027,A,STEP2,BD,1,-0.9740769863128662,-0.4740769863128662,0.3775406777858734,0.622459352016449,-0.9752063751220703,-0.4752063751220703,0.622459352016449,1,1,"{""A"": ""color"", ""B"": ""size"", ""C"": ""orientation"", ""D"": ""position""}",/mnt/tidalfs-hssh01/dataset/xiang/models/Qwen2.5-VL-7B-Instruct,42,not_empty,next_token
A_0027,A,STEP2,CD,1,-1.5019290447235107,-0.25192904472351074,0.22270016372203827,0.7772998809814453,-1.5027116537094116,-0.25271162390708923,0.7772998809814453,1,1,"{""A"": ""color"", ""B"": ""size"", ""C"": ""orientation"", ""D"": ""position""}",/mnt/tidalfs-hssh01/dataset/xiang/models/Qwen2.5-VL-7B-Instruct,42,not_empty,next_token
A_0027,A,STEP2,ABC,1,-0.9740769863128662,-0.4740769863128662,0.3775406777858734,0.622459352016449,-0.9745529890060425,-0.4745529592037201,0.622459352016449,1,1,"{""A"": ""color"", ""B"": ""size"", ""C"": ""orientation"", ""D"": ""position""}",/mnt/tidalfs-hssh01/dataset/xiang/models/Qwen2.5-VL-7B-Instruct,42,not_empty,next_token
A_0027,A,STEP2,ABD,1,-0.825939416885376,-0.575939416885376,0.43782350420951843,0.562176525592804,-0.8263950347900391,-0.5763950347900391,0.562176525592804,1,1,"{""A"": ""color"", ""B"": ""size"", ""C"": ""orientation"", ""D"": ""position""}",/mnt/tidalfs-hssh01/dataset/xiang/models/Qwen2.5-VL-7B-Instruct,42,not_empty,next_token
A_0027,A,STEP2,ACD,1,-1.136871099472046,-0.38687101006507874,0.32082128524780273,0.6791786551475525,-1.1372992992401123,-0.38729923963546753,0.6791786551475525,1,1,"{""A"": ""color"", ""B"": ""size"", ""C"": ""orientation"", ""D"": ""position""}",/mnt/tidalfs-hssh01/dataset/xiang/models/Qwen2.5-VL-7B-Instruct,42,not_empty,next_token
A_0027,A,STEP2,BCD,1,-0.9740769863128662,-0.4740769863128662,0.3775406777858734,0.622459352016449,-0.9751665592193604,-0.47516658902168274,0.622459352016449,1,1,"{""A"": ""color"", ""B"": ""size"", ""C"": ""orientation"", ""D"": ""position""}",/mnt/tidalfs-hssh01/dataset/xiang/models/Qwen2.5-VL-7B-Instruct,42,not_empty,next_token
A_0027,A,STEP2,ABCD,1,-1.1368709802627563,-0.38687101006507874,0.3208213150501251,0.6791786551475525,-1.1371654272079468,-0.38716545701026917,0.6791786551475525,1,1,"{""A"": ""color"", ""B"": ""size"", ""C"": ""orientation"", ""D"": ""position""}",/mnt/tidalfs-hssh01/dataset/xiang/models/Qwen2.5-VL-7B-Instruct,42,not_empty,next_token
A_0027,A,FINAL,EMPTY,1,-0.7575989961624146,-0.6325989961624146,0.4687906503677368,0.531209409236908,-0.9736700057983398,-0.8486700057983398,0.531209409236908,1,1,"{""A"": ""color"", ""B"": ""size"", ""C"": ""orientation"", ""D"": ""position""}",/mnt/tidalfs-hssh01/dataset/xiang/models/Qwen2.5-VL-7B-Instruct,42,text_only,next_token
A_0027,A,FINAL,A,1,-0.8981232643127441,-0.5231232643127441,0.4073334038257599,0.5926665663719177,-0.904700517654419,-0.529700517654419,0.5926665663719177,1,1,"{""A"": ""color"", ""B"": ""size"", ""C"": ""orientation"", ""D"": ""position""}",/mnt/tidalfs-hssh01/dataset/xiang/models/Qwen2.5-VL-7B-Instruct,42,not_empty,next_token
A_0027,A,FINAL,B,1,-0.8981232643127441,-0.5231232643127441,0.4073334038257599,0.5926665663719177,-0.9050209522247314,-0.5300209522247314,0.5926665663719177,1,1,"{""A"": ""color"", ""B"": ""size"", ""C"": ""orientation"", ""D"": ""position""}",/mnt/tidalfs-hssh01/dataset/xiang/models/Qwen2.5-VL-7B-Instruct,42,not_empty,next_token
A_0027,A,FINAL,C,1,-1.0537006855010986,-0.42870065569877625,0.3486451208591461,0.6513548493385315,-1.0634181499481201,-0.4384181499481201,0.6513548493385315,1,1,"{""A"": ""color"", ""B"": ""size"", ""C"": ""orientation"", ""D"": ""position""}",/mnt/tidalfs-hssh01/dataset/xiang/models/Qwen2.5-VL-7B-Instruct,42,not_empty,next_token
A_0027,A,FINAL,D,1,-0.8981232643127441,-0.5231232643127441,0.4073334038257599,0.5926665663719177,-0.9094062447547913,-0.5344062447547913,0.5926665663719177,1,1,"{""A"": ""color"", ""B"": ""size"", ""C"": ""orientation"", ""D"": ""position""}",/mnt/tidalfs-hssh01/dataset/xiang/models/Qwen2.5-VL-7B-Instruct,42,not_empty,next_token
A_0027,A,FINAL,AB,1,-0.825939416885376,-0.575939416885376,0.43782350420951843,0.562176525592804,-0.8266299366950989,-0.5766299366950989,0.562176525592804,1,1,"{""A"": ""color"", ""B"": ""size"", ""C"": ""orientation"", ""D"": ""position""}",/mnt/tidalfs-hssh01/dataset/xiang/models/Qwen2.5-VL-7B-Instruct,42,not_empty,next_token
A_0027,A,FINAL,AC,1,-0.825939416885376,-0.575939416885376,0.43782350420951843,0.562176525592804,-0.8271546363830566,-0.5771546363830566,0.562176525592804,1,1,"{""A"": ""color"", ""B"": ""size"", ""C"": ""orientation"", ""D"": ""position""}",/mnt/tidalfs-hssh01/dataset/xiang/models/Qwen2.5-VL-7B-Instruct,42,not_empty,next_token
A_0027,A,FINAL,AD,1,-0.8981232643127441,-0.5231232643127441,0.4073334038257599,0.5926665663719177,-0.8998510837554932,-0.5248510837554932,0.5926665663719177,1,1,"{""A"": ""color"", ""B"": ""size"", ""C"": ""orientation"", ""D"": ""position""}",/mnt/tidalfs-hssh01/dataset/xiang/models/Qwen2.5-VL-7B-Instruct,42,not_empty,next_token
A_0027,A,FINAL,BC,1,-0.825939416885376,-0.575939416885376,0.43782350420951843,0.562176525592804,-0.8302822709083557,-0.5802822709083557,0.562176525592804,1,1,"{""A"": ""color"", ""B"": ""size"", ""C"": ""orientation"", ""D"": ""position""}",/mnt/tidalfs-hssh01/dataset/xiang/models/Qwen2.5-VL-7B-Instruct,42,not_empty,next_token
A_0027,A,FINAL,BD,1,-0.8981232643127441,-0.5231232643127441,0.4073334038257599,0.5926665663719177,-0.9014317989349365,-0.5264317989349365,0.5926665663719177,1,1,"{""A"": ""color"", ""B"": ""size"", ""C"": ""orientation"", ""D"": ""position""}",/mnt/tidalfs-hssh01/dataset/xiang/models/Qwen2.5-VL-7B-Instruct,42,not_empty,next_token
A_0027,A,FINAL,CD,1,-0.9740769863128662,-0.4740769863128662,0.3775406777858734,0.622459352016449,-0.9794908761978149,-0.47949084639549255,0.622459352016449,1,1,"{""A"": ""color"", ""B"": ""size"", ""C"": ""orientation"", ""D"": ""position""}",/mnt/tidalfs-hssh01/dataset/xiang/models/Qwen2.5-VL-7B-Instruct,42,not_empty,next_token
A_0027,A,FINAL,ABC,1,-0.8981232643127441,-0.5231232643127441,0.4073334038257599,0.5926665663719177,-0.8992007374763489,-0.5242007374763489,0.5926665663719177,1,1,"{""A"": ""color"", ""B"": ""size"", ""C"": ""orientation"", ""D"": ""position""}",/mnt/tidalfs-hssh01/dataset/xiang/models/Qwen2.5-VL-7B-Instruct,42,not_empty,next_token
A_0027,A,FINAL,ABD,1,-0.8981232643127441,-0.5231232643127441,0.4073334038257599,0.5926665663719177,-0.8990523219108582,-0.5240523219108582,0.5926665663719177,1,1,"{""A"": ""color"", ""B"": ""size"", ""C"": ""orientation"", ""D"": ""position""}",/mnt/tidalfs-hssh01/dataset/xiang/models/Qwen2.5-VL-7B-Instruct,42,not_empty,next_token
A_0027,A,FINAL,ACD,1,-0.9740769863128662,-0.4740769863128662,0.3775406777858734,0.622459352016449,-0.9752993583679199,-0.47529932856559753,0.622459352016449,1,1,"{""A"": ""color"", ""B"": ""size"", ""C"": ""orientation"", ""D"": ""position""}",/mnt/tidalfs-hssh01/dataset/xiang/models/Qwen2.5-VL-7B-Instruct,42,not_empty,next_token
A_0027,A,FINAL,BCD,1,-0.9740769863128662,-0.4740769863128662,0.3775406777858734,0.622459352016449,-0.9758607745170593,-0.4758607745170593,0.622459352016449,1,1,"{""A"": ""color"", ""B"": ""size"", ""C"": ""orientation"", ""D"": ""position""}",/mnt/tidalfs-hssh01/dataset/xiang/models/Qwen2.5-VL-7B-Instruct,42,not_empty,next_token
A_0027,A,FINAL,ABCD,1,-1.0537006855010986,-0.42870065569877625,0.3486451208591461,0.6513548493385315,-1.0544261932373047,-0.4294261634349823,0.6513548493385315,1,1,"{""A"": ""color"", ""B"": ""size"", ""C"": ""orientation"", ""D"": ""position""}",/mnt/tidalfs-hssh01/dataset/xiang/models/Qwen2.5-VL-7B-Instruct,42,not_empty,next_token
A_0035,A,STEP1,EMPTY,1,-0.6931471824645996,-0.6931471824645996,0.5,0.5,-0.819155216217041,-0.819155216217041,0.5,0,0,"{""A"": ""size"", ""B"": ""orientation"", ""C"": ""position"", ""D"": ""color""}",/mnt/tidalfs-hssh01/dataset/xiang/models/Qwen2.5-VL-7B-Instruct,42,text_only,next_token
A_0035,A,STEP1,A,1,-0.9740769863128662,-0.4740769863128662,0.3775406777858734,0.622459352016449,-0.9751812815666199,-0.4751812815666199,0.622459352016449,1,1,"{""A"": ""size"", ""B"": ""orientation"", ""C"": ""position"", ""D"": ""color""}",/mnt/tidalfs-hssh01/dataset/xiang/models/Qwen2.5-VL-7B-Instruct,42,not_empty,next_token
A_0035,A,STEP1,B,1,-0.825939416885376,-0.575939416885376,0.43782350420951843,0.562176525592804,-0.829914927482605,-0.579914927482605,0.562176525592804,1,1,"{""A"": ""size"", ""B"": ""orientation"", ""C"": ""position"", ""D"": ""color""}",/mnt/tidalfs-hssh01/dataset/xiang/models/Qwen2.5-VL-7B-Instruct,42,not_empty,next_token
A_0035,A,STEP1,C,1,-0.6325989961624146,-0.7575989961624146,0.531209409236908,0.4687906503677368,-0.6356418132781982,-0.7606418132781982,0.4687906503677368,0,0,"{""A"": ""size"", ""B"": ""orientation"", ""C"": ""position"", ""D"": ""color""}",/mnt/tidalfs-hssh01/dataset/xiang/models/Qwen2.5-VL-7B-Instruct,42,not_empty,next_token
A_0035,A,STEP1,D,1,-0.8981232643127441,-0.5231232643127441,0.4073334038257599,0.5926665663719177,-0.9017981886863708,-0.5267981886863708,0.5926665663719177,1,1,"{""A"": ""size"", ""B"": ""orientation"", ""C"": ""position"", ""D"": ""color""}",/mnt/tidalfs-hssh01/dataset/xiang/models/Qwen2.5-VL-7B-Instruct,42,not_empty,next_token
A_0035,A,STEP1,AB,1,-0.825939416885376,-0.575939416885376,0.43782350420951843,0.562176525592804,-0.8263529539108276,-0.5763529539108276,0.562176525592804,1,1,"{""A"": ""size"", ""B"": ""orientation"", ""C"": ""position"", ""D"": ""color""}",/mnt/tidalfs-hssh01/dataset/xiang/models/Qwen2.5-VL-7B-Instruct,42,not_empty,next_token
A_0035,A,STEP1,AC,1,-1.136871099472046,-0.38687101006507874,0.32082128524780273,0.6791786551475525,-1.1371676921844482,-0.38716763257980347,0.6791786551475525,1,1,"{""A"": ""size"", ""B"": ""orientation"", ""C"": ""position"", ""D"": ""color""}",/mnt/tidalfs-hssh01/dataset/xiang/models/Qwen2.5-VL-7B-Instruct,42,not_empty,next_token
A_0035,A,STEP1,AD,1,-0.825939416885376,-0.575939416885376,0.43782350420951843,0.562176525592804,-0.8266286253929138,-0.5766286253929138,0.562176525592804,1,1,"{""A"": ""size"", ""B"": ""orientation"", ""C"": ""position"", ""D"": ""color""}",/mnt/tidalfs-hssh01/dataset/xiang/models/Qwen2.5-VL-7B-Instruct,42,not_empty,next_token
A_0035,A,STEP1,BC,1,-0.6931471824645996,-0.6931471824645996,0.5,0.5,-0.6944488286972046,-0.6944488286972046,0.5,0,0,"{""A"": ""size"", ""B"": ""orientation"", ""C"": ""position"", ""D"": ""color""}",/mnt/tidalfs-hssh01/dataset/xiang/models/Qwen2.5-VL-7B-Instruct,42,not_empty,next_token
A_0035,A,STEP1,BD,1,-0.6931471824645996,-0.6931471824645996,0.5,0.5,-0.6946128606796265,-0.6946128606796265,0.5,0,0,"{""A"": ""size"", ""B"": ""orientation"", ""C"": ""position"", ""D"": ""color""}",/mnt/tidalfs-hssh01/dataset/xiang/models/Qwen2.5-VL-7B-Instruct,42,not_empty,next_token
A_0035,A,STEP1,CD,1,-0.6325989961624146,-0.7575989961624146,0.531209409236908,0.4687906503677368,-0.6338198781013489,-0.7588198781013489,0.4687906503677368,0,0,"{""A"": ""size"", ""B"": ""orientation"", ""C"": ""position"", ""D"": ""color""}",/mnt/tidalfs-hssh01/dataset/xiang/models/Qwen2.5-VL-7B-Instruct,42,not_empty,next_token
A_0035,A,STEP1,ABC,1,-1.1368709802627563,-0.38687101006507874,0.3208213150501251,0.6791786551475525,-1.1371735334396362,-0.38717353343963623,0.6791786551475525,1,1,"{""A"": ""size"", ""B"": ""orientation"", ""C"": ""position"", ""D"": ""color""}",/mnt/tidalfs-hssh01/dataset/xiang/models/Qwen2.5-VL-7B-Instruct,42,not_empty,next_token
A_0035,A,STEP1,ABD,1,-0.8981232643127441,-0.5231232643127441,0.4073334038257599,0.5926665663719177,-0.8983427882194519,-0.5233427882194519,0.5926665663719177,1,1,"{""A"": ""size"", ""B"": ""orientation"", ""C"": ""position"", ""D"": ""color""}",/mnt/tidalfs-hssh01/dataset/xiang/models/Qwen2.5-VL-7B-Instruct,42,not_empty,next_token
A_0035,A,STEP1,ACD,1,-1.2234444618225098,-0.3484445810317993,0.29421502351760864,0.7057850360870361,-1.2236015796661377,-0.34860163927078247,0.7057850360870361,1,1,"{""A"": ""size"", ""B"": ""orientation"", ""C"": ""position"", ""D"": ""color""}",/mnt/tidalfs-hssh01/dataset/xiang/models/Qwen2.5-VL-7B-Instruct,42,not_empty,next_token
A_0035,A,STEP1,BCD,1,-0.6931471824645996,-0.6931471824645996,0.5,0.5,-0.6936546564102173,-0.6936546564102173,0.5,0,0,"{""A"": ""size"", ""B"": ""orientation"", ""C"": ""position"", ""D"": ""color""}",/mnt/tidalfs-hssh01/dataset/xiang/models/Qwen2.5-VL-7B-Instruct,42,not_empty,next_token
A_0035,A,STEP1,ABCD,1,-0.9740769863128662,-0.4740769863128662,0.3775406777858734,0.622459352016449,-0.974361777305603,-0.4743618071079254,0.622459352016449,1,1,"{""A"": ""size"", ""B"": ""orientation"", ""C"": ""position"", ""D"": ""color""}",/mnt/tidalfs-hssh01/dataset/xiang/models/Qwen2.5-VL-7B-Instruct,42,not_empty,next_token
A_0035,A,STEP2,EMPTY,0,-1.2234445810317993,-0.3484445810317993,0.29421499371528625,0.7057850360870361,-1.2687973976135254,-0.393797367811203,0.29421499371528625,1,0,"{""A"": ""size"", ""B"": ""orientation"", ""C"": ""position"", ""D"": ""color""}",/mnt/tidalfs-hssh01/dataset/xiang/models/Qwen2.5-VL-7B-Instruct,42,text_only,next_token
A_0035,A,STEP2,A,0,-1.1368709802627563,-0.38687101006507874,0.3208213150501251,0.6791786551475525,-1.138013482093811,-0.3880135118961334,0.3208213150501251,1,0,"{""A"": ""size"", ""B"": ""orientation"", ""C"": ""position"", ""D"": ""color""}",/mnt/tidalfs-hssh01/dataset/xiang/models/Qwen2.5-VL-7B-Instruct,42,not_empty,next_token
A_0035,A,STEP2,B,0,-0.9740769863128662,-0.4740769863128662,0.3775406777858734,0.622459352016449,-0.9792059659957886,-0.4792059361934662,0.3775406777858734,1,0,"{""A"": ""size"", ""B"": ""orientation"", ""C"": ""position"", ""D"": ""color""}",/mnt/tidalfs-hssh01/dataset/xiang/models/Qwen2.5-VL-7B-Instruct,42,not_empty,next_token
A_0035,A,STEP2,C,0,-0.8981232643127441,-0.5231232643127441,0.4073334038257599,0.5926665663719177,-0.9000468254089355,-0.5250468254089355,0.4073334038257599,1,0,"{""A"": ""size"", ""B"": ""orientation"", ""C"": ""position"", ""D"": ""color""}",/mnt/tidalfs-hssh01/dataset/xiang/models/Qwen2.5-VL-7B-Instruct,42,not_empty,next_token
A_0035,A,STEP2,D,0,-1.0537006855010986,-0.42870065569877625,0.3486451208591461,0.6513548493385315,-1.055504560470581,-0.43050456047058105,0.3486451208591461,1,0,"{""A"": ""size"", ""B"": ""orientation"", ""C"": ""position"", ""D"": ""color""}",/mnt/tidalfs-hssh01/dataset/xiang/models/Qwen2.5-VL-7B-Instruct,42,not_empty,next_token
A_0035,A,STEP2,AB,0,-0.825939416885376,-0.575939416885376,0.43782350420951843,0.562176525592804,-0.8272293210029602,-0.5772293210029602,0.43782350420951843,1,0,"{""A"": ""size"", ""B"": ""orientation"", ""C"": ""position"", ""D"": ""color""}",/mnt/tidalfs-hssh01/dataset/xiang/models/Qwen2.5-VL-7B-Instruct,42,not_empty,next_token
A_0035,A,STEP2,AC,0,-0.9740769863128662,-0.4740769863128662,0.3775406777858734,0.622459352016449,-0.9743902683258057,-0.47439029812812805,0.3775406777858734,1,0,"{""A"": ""size"", ""B"": ""orientation"", ""C"": ""position"", ""D"": ""color""}",/mnt/tidalfs-hssh01/dataset/xiang/models/Qwen2.5-VL-7B-Instruct,42,not_empty,next_token
A_0035,A,STEP2,AD,0,-1.2234445810317993,-0.3484445810317993,0.29421499371528625,0.7057850360870361,-1.2240121364593506,-0.349012166261673,0.29421499371528625,1,0,"{""A"": ""size"", ""B"": ""orientation"", ""C"": ""position"", ""D"": ""color""}",/mnt/tidalfs-hssh01/dataset/xiang/models/Qwen2.5-VL-7B-Instruct,42,not_empty,next_token
A_0035,A,STEP2,BC,0,-0.825939416885376,-0.575939416885376,0.43782350420951843,0.562176525592804,-0.8277435898780823,-0.5777435898780823,0.43782350420951843,1,0,"{""A"": ""size"", ""B"": ""orientation"", ""C"": ""position"", ""D"": ""color""}",/mnt/tidalfs-hssh01/dataset/xiang/models/Qwen2.5-VL-7B-Instruct,42,not_empty,next_token
A_0035,A,STEP2,BD,0,-0.8981232643127441,-0.5231232643127441,0.4073334038257599,0.5926665663719177,-0.8997541666030884,-0.5247541666030884,0.4073334038257599,1,0,"{""A"": ""size"", ""B"": ""orientation"", ""C"": ""position"", ""D"": ""color""}",/mnt/tidalfs-hssh01/dataset/xiang/models/Qwen2.5-VL-7B-Instruct,42,not_empty,next_token
A_0035,A,STEP2,CD,0,-0.8981232643127441,-0.5231232643127441,0.4073334038257599,0.5926665663719177,-0.8988699913024902,-0.5238699913024902,0.4073334038257599,1,0,"{""A"": ""size"", ""B"": ""orientation"", ""C"": ""position"", ""D"": ""color""}",/mnt/tidalfs-hssh01/dataset/xiang/models/Qwen2.5-VL-7B-Instruct,42,not_empty,next_token
A_0035,A,STEP2,ABC,0,-0.825939416885376,-0.575939416885376,0.43782350420951843,0.562176525592804,-0.8266463279724121,-0.5766463279724121,0.43782350420951843,1,0,"{""A"": ""size"", ""B"": ""orientation"", ""C"": ""position"", ""D"": ""color""}",/mnt/tidalfs-hssh01/dataset/xiang/models/Qwen2.5-VL-7B-Instruct,42,not_empty,next_token
A_0035,A,STEP2,ABD,0,-1.1368709802627563,-0.38687101006507874,0.3208213150501251,0.6791786551475525,-1.1374157667160034,-0.3874157667160034,0.3208213150501251,1,0,"{""A"": ""size"", ""B"": ""orientation"", ""C"": ""position"", ""D"": ""color""}",/mnt/tidalfs-hssh01/dataset/xiang/models/Qwen2.5-VL-7B-Instruct,42,not_empty,next_token
A_0035,A,STEP2,ACD,0,-0.825939416885376,-0.575939416885376,0.43782350420951843,0.562176525592804,-0.8261492252349854,-0.5761492252349854,0.43782350420951843,1,0,"{""A"": ""size"", ""B"": ""orientation"", ""C"": ""position"", ""D"": ""color""}",/mnt/tidalfs-hssh01/dataset/xiang/models/Qwen2.5-VL-7B-Instruct,42,not_empty,next_token
A_0035,A,STEP2,BCD,0,-0.7575989961624146,-0.6325989961624146,0.4687906503677368,0.531209409236908,-0.7590735554695129,-0.6340735554695129,0.4687906503677368,1,0,"{""A"": ""size"", ""B"": ""orientation"", ""C"": ""position"", ""D"": ""color""}",/mnt/tidalfs-hssh01/dataset/xiang/models/Qwen2.5-VL-7B-Instruct,42,not_empty,next_token
A_0035,A,STEP2,ABCD,0,-0.6931471824645996,-0.6931471824645996,0.5,0.5,-0.6937076449394226,-0.6937076449394226,0.5,0,1,"{""A"": ""size"", ""B"": ""orientation"", ""C"": ""position"", ""D"": ""color""}",/mnt/tidalfs-hssh01/dataset/xiang/models/Qwen2.5-VL-7B-Instruct,42,not_empty,next_token
A_0035,A,FINAL,EMPTY,1,-0.7575989961624146,-0.6325989961624146,0.4687906503677368,0.531209409236908,-1.0674777030944824,-0.9424777030944824,0.531209409236908,1,1,"{""A"": ""size"", ""B"": ""orientation"", ""C"": ""position"", ""D"": ""color""}",/mnt/tidalfs-hssh01/dataset/xiang/models/Qwen2.5-VL-7B-Instruct,42,text_only,next_token
A_0035,A,FINAL,A,1,-0.8981232643127441,-0.5231232643127441,0.4073334038257599,0.5926665663719177,-0.9128466844558716,-0.5378466844558716,0.5926665663719177,1,1,"{""A"": ""size"", ""B"": ""orientation"", ""C"": ""position"", ""D"": ""color""}",/mnt/tidalfs-hssh01/dataset/xiang/models/Qwen2.5-VL-7B-Instruct,42,not_empty,next_token
A_0035,A,FINAL,B,1,-0.825939416885376,-0.575939416885376,0.43782350420951843,0.562176525592804,-0.8610583543777466,-0.6110583543777466,0.562176525592804,1,1,"{""A"": ""size"", ""B"": ""orientation"", ""C"": ""position"", ""D"": ""color""}",/mnt/tidalfs-hssh01/dataset/xiang/models/Qwen2.5-VL-7B-Instruct,42,not_empty,next_token
A_0035,A,FINAL,C,1,-0.7575989961624146,-0.6325989961624146,0.4687906503677368,0.531209409236908,-0.7903133630752563,-0.6653133630752563,0.531209409236908,1,1,"{""A"": ""size"", ""B"": ""orientation"", ""C"": ""position"", ""D"": ""color""}",/mnt/tidalfs-hssh01/dataset/xiang/models/Qwen2.5-VL-7B-Instruct,42,not_empty,next_token
A_0035,A,FINAL,D,1,-0.825939416885376,-0.575939416885376,0.43782350420951843,0.562176525592804,-0.8468918800354004,-0.5968918800354004,0.562176525592804,1,1,"{""A"": ""size"", ""B"": ""orientation"", ""C"": ""position"", ""D"": ""color""}",/mnt/tidalfs-hssh01/dataset/xiang/models/Qwen2.5-VL-7B-Instruct,42,not_empty,next_token
A_0035,A,FINAL,AB,1,-0.6931471824645996,-0.6931471824645996,0.5,0.5,-0.6972835063934326,-0.6972835063934326,0.5,0,0,"{""A"": ""size"", ""B"": ""orientation"", ""C"": ""position"", ""D"": ""color""}",/mnt/tidalfs-hssh01/dataset/xiang/models/Qwen2.5-VL-7B-Instruct,42,not_empty,next_token
A_0035,A,FINAL,AC,1,-0.825939416885376,-0.575939416885376,0.43782350420951843,0.562176525592804,-0.8269270062446594,-0.5769270062446594,0.562176525592804,1,1,"{""A"": ""size"", ""B"": ""orientation"", ""C"": ""position"", ""D"": ""color""}",/mnt/tidalfs-hssh01/dataset/xiang/models/Qwen2.5-VL-7B-Instruct,42,not_empty,next_token
A_0035,A,FINAL,AD,1,-0.7575989961624146,-0.6325989961624146,0.4687906503677368,0.531209409236908,-0.7601379752159119,-0.6351379752159119,0.531209409236908,1,1,"{""A"": ""size"", ""B"": ""orientation"", ""C"": ""position"", ""D"": ""color""}",/mnt/tidalfs-hssh01/dataset/xiang/models/Qwen2.5-VL-7B-Instruct,42,not_empty,next_token
A_0035,A,FINAL,BC,1,-0.7575989961624146,-0.6325989961624146,0.4687906503677368,0.531209409236908,-0.776589572429657,-0.651589572429657,0.531209409236908,1,1,"{""A"": ""size"", ""B"": ""orientation"", ""C"": ""position"", ""D"": ""color""}",/mnt/tidalfs-hssh01/dataset/xiang/models/Qwen2.5-VL-7B-Instruct,42,not_empty,next_token
A_0035,A,FINAL,BD,1,-0.825939416885376,-0.575939416885376,0.43782350420951843,0.562176525592804,-0.8403910994529724,-0.5903910994529724,0.562176525592804,1,1,"{""A"": ""size"", ""B"": ""orientation"", ""C"": ""position"", ""D"": ""color""}",/mnt/tidalfs-hssh01/dataset/xiang/models/Qwen2.5-VL-7B-Instruct,42,not_empty,next_token
A_0035,A,FINAL,CD,1,-0.7575989961624146,-0.6325989961624146,0.4687906503677368,0.531209409236908,-0.7624086737632751,-0.6374086737632751,0.531209409236908,1,1,"{""A"": ""size"", ""B"": ""orientation"", ""C"": ""position"", ""D"": ""color""}",/mnt/tidalfs-hssh01/dataset/xiang/models/Qwen2.5-VL-7B-Instruct,42,not_empty,next_token
A_0035,A,FINAL,ABC,1,-0.825939416885376,-0.575939416885376,0.43782350420951843,0.562176525592804,-0.8287152051925659,-0.5787152051925659,0.562176525592804,1,1,"{""A"": ""size"", ""B"": ""orientation"", ""C"": ""position"", ""D"": ""color""}",/mnt/tidalfs-hssh01/dataset/xiang/models/Qwen2.5-VL-7B-Instruct,42,not_empty,next_token
A_0035,A,FINAL,ABD,1,-0.7575989961624146,-0.6325989961624146,0.4687906503677368,0.531209409236908,-0.7591253519058228,-0.6341253519058228,0.531209409236908,1,1,"{""A"": ""size"", ""B"": ""orientation"", ""C"": ""position"", ""D"": ""color""}",/mnt/tidalfs-hssh01/dataset/xiang/models/Qwen2.5-VL-7B-Instruct,42,not_empty,next_token
A_0035,A,FINAL,ACD,1,-0.825939416885376,-0.575939416885376,0.43782350420951843,0.562176525592804,-0.8269606828689575,-0.5769606828689575,0.562176525592804,1,1,"{""A"": ""size"", ""B"": ""orientation"", ""C"": ""position"", ""D"": ""color""}",/mnt/tidalfs-hssh01/dataset/xiang/models/Qwen2.5-VL-7B-Instruct,42,not_empty,next_token
A_0035,A,FINAL,BCD,1,-0.7575989961624146,-0.6325989961624146,0.4687906503677368,0.531209409236908,-0.7672127485275269,-0.6422127485275269,0.531209409236908,1,1,"{""A"": ""size"", ""B"": ""orientation"", ""C"": ""position"", ""D"": ""color""}",/mnt/tidalfs-hssh01/dataset/xiang/models/Qwen2.5-VL-7B-Instruct,42,not_empty,next_token
A_0035,A,FINAL,ABCD,1,-0.825939416885376,-0.575939416885376,0.43782350420951843,0.562176525592804,-0.8282489776611328,-0.5782489776611328,0.562176525592804,1,1,"{""A"": ""size"", ""B"": ""orientation"", ""C"": ""position"", ""D"": ""color""}",/mnt/tidalfs-hssh01/dataset/xiang/models/Qwen2.5-VL-7B-Instruct,42,not_empty,next_token
A_0043,A,STEP1,EMPTY,1,-0.6931471824645996,-0.6931471824645996,0.5,0.5,-0.819155216217041,-0.819155216217041,0.5,0,0,"{""A"": ""size"", ""B"": ""orientation"", ""C"": ""position"", ""D"": ""color""}",/mnt/tidalfs-hssh01/dataset/xiang/models/Qwen2.5-VL-7B-Instruct,42,text_only,next_token
A_0043,A,STEP1,A,1,-0.8981232643127441,-0.5231232643127441,0.4073334038257599,0.5926665663719177,-0.9000336527824402,-0.5250336527824402,0.5926665663719177,1,1,"{""A"": ""size"", ""B"": ""orientation"", ""C"": ""position"", ""D"": ""color""}",/mnt/tidalfs-hssh01/dataset/xiang/models/Qwen2.5-VL-7B-Instruct,42,not_empty,next_token
A_0043,A,STEP1,B,1,-1.4061501026153564,-0.28115010261535645,0.24508503079414368,0.7549149990081787,-1.408461093902588,-0.28346115350723267,0.7549149990081787,1,1,"{""A"": ""size"", ""B"": ""orientation"", ""C"": ""position"", ""D"": ""color""}",/mnt/tidalfs-hssh01/dataset/xiang/models/Qwen2.5-VL-7B-Instruct,42,not_empty,next_token
A_0043,A,STEP1,C,1,-0.6325989961624146,-0.7575989961624146,0.531209409236908,0.4687906503677368,-0.6354181170463562,-0.7604181170463562,0.4687906503677368,0,0,"{""A"": ""size"", ""B"": ""orientation"", ""C"": ""position"", ""D"": ""color""}",/mnt/tidalfs-hssh01/dataset/xiang/models/Qwen2.5-VL-7B-Instruct,42,not_empty,next_token
A_0043,A,STEP1,D,1,-0.8981232643127441,-0.5231232643127441,0.4073334038257599,0.5926665663719177,-0.9017981886863708,-0.5267981886863708,0.5926665663719177,1,1,"{""A"": ""size"", ""B"": ""orientation"", ""C"": ""position"", ""D"": ""color""}",/mnt/tidalfs-hssh01/dataset/xiang/models/Qwen2.5-VL-7B-Instruct,42,not_empty,next_token
A_0043,A,STEP1,AB,1,-0.8981232643127441,-0.5231232643127441,0.4073334038257599,0.5926665663719177,-0.8988406658172607,-0.5238406658172607,0.5926665663719177,1,1,"{""A"": ""size"", ""B"": ""orientation"", ""C"": ""position"", ""D"": ""color""}",/mnt/tidalfs-hssh01/dataset/xiang/models/Qwen2.5-VL-7B-Instruct,42,not_empty,next_token
A_0043,A,STEP1,AC,1,-0.7575989961624146,-0.6325989961624146,0.4687906503677368,0.531209409236908,-0.7581598162651062,-0.6331598162651062,0.531209409236908,1,1,"{""A"": ""size"", ""B"": ""orientation"", ""C"": ""position"", ""D"": ""color""}",/mnt/tidalfs-hssh01/dataset/xiang/models/Qwen2.5-VL-7B-Instruct,42,not_empty,next_token
A_0043,A,STEP1,AD,1,-0.7575989961624146,-0.6325989961624146,0.4687906503677368,0.531209409236908,-0.7584182620048523,-0.6334182620048523,0.531209409236908,1,1,"{""A"": ""size"", ""B"": ""orientation"", ""C"": ""position"", ""D"": ""color""}",/mnt/tidalfs-hssh01/dataset/xiang/models/Qwen2.5-VL-7B-Instruct,42,not_empty,next_token
A_0043,A,STEP1,BC,1,-1.7014133930206299,-0.2014133334159851,0.18242549896240234,0.8175744414329529,-1.70206880569458,-0.20206885039806366,0.8175744414329529,1,1,"{""A"": ""size"", ""B"": ""orientation"", ""C"": ""position"", ""D"": ""color""}",/mnt/tidalfs-hssh01/dataset/xiang/models/Qwen2.5-VL-7B-Instruct,42,not_empty,next_token
A_0043,A,STEP1,BD,1,-1.4061501026153564,-0.28115010261535645,0.24508503079414368,0.7549149990081787,-1.4070053100585938,-0.28200531005859375,0.7549149990081787,1,1,"{""A"": ""size"", ""B"": ""orientation"", ""C"": ""position"", ""D"": ""color""}",/mnt/tidalfs-hssh01/dataset/xiang/models/Qwen2.5-VL-7B-Instruct,42,not_empty,next_token
A_0043,A,STEP1,CD,1,-0.6931471824645996,-0.6931471824645996,0.5,0.5,-0.6941729187965393,-0.6941729187965393,0.5,0,0,"{""A"": ""size"", ""B"": ""orientation"", ""C"": ""position"", ""D"": ""color""}",/mnt/tidalfs-hssh01/dataset/xiang/models/Qwen2.5-VL-7B-Instruct,42,not_empty,next_token
A_0043,A,STEP1,ABC,1,-0.9740769863128662,-0.4740769863128662,0.3775406777858734,0.622459352016449,-0.9744132161140442,-0.4744132161140442,0.622459352016449,1,1,"{""A"": ""size"", ""B"": ""orientation"", ""C"": ""position"", ""D"": ""color""}",/mnt/tidalfs-hssh01/dataset/xiang/models/Qwen2.5-VL-7B-Instruct,42,not_empty,next_token
A_0043,A,STEP1,ABD,1,-0.8981232643127441,-0.5231232643127441,0.4073334038257599,0.5926665663719177,-0.8985530138015747,-0.5235530138015747,0.5926665663719177,1,1,"{""A"": ""size"", ""B"": ""orientation"", ""C"": ""position"", ""D"": ""color""}",/mnt/tidalfs-hssh01/dataset/xiang/models/Qwen2.5-VL-7B-Instruct,42,not_empty,next_token
A_0043,A,STEP1,ACD,1,-0.7575989961624146,-0.6325989961624146,0.4687906503677368,0.531209409236908,-0.7578731179237366,-0.6328731179237366,0.531209409236908,1,1,"{""A"": ""size"", ""B"": ""orientation"", ""C"": ""position"", ""D"": ""color""}",/mnt/tidalfs-hssh01/dataset/xiang/models/Qwen2.5-VL-7B-Instruct,42,not_empty,next_token
A_0043,A,STEP1,BCD,1,-1.5019290447235107,-0.25192904472351074,0.22270016372203827,0.7772998809814453,-1.5023705959320068,-0.2523706555366516,0.7772998809814453,1,1,"{""A"": ""size"", ""B"": ""orientation"", ""C"": ""position"", ""D"": ""color""}",/mnt/tidalfs-hssh01/dataset/xiang/models/Qwen2.5-VL-7B-Instruct,42,not_empty,next_token
A_0043,A,STEP1,ABCD,1,-0.8981232643127441,-0.5231232643127441,0.4073334038257599,0.5926665663719177,-0.8983843326568604,-0.5233843326568604,0.5926665663719177,1,1,"{""A"": ""size"", ""B"": ""orientation"", ""C"": ""position"", ""D"": ""color""}",/mnt/tidalfs-hssh01/dataset/xiang/models/Qwen2.5-VL-7B-Instruct,42,not_empty,next_token
A_0043,A,STEP2,EMPTY,1,-1.2234445810317993,-0.3484445810317993,0.29421499371528625,0.7057850360870361,-1.2687973976135254,-0.393797367811203,0.7057850360870361,1,1,"{""A"": ""size"", ""B"": ""orientation"", ""C"": ""position"", ""D"": ""color""}",/mnt/tidalfs-hssh01/dataset/xiang/models/Qwen2.5-VL-7B-Instruct,42,text_only,next_token
A_0043,A,STEP2,A,1,-1.1368709802627563,-0.38687101006507874,0.3208213150501251,0.6791786551475525,-1.137786865234375,-0.387786865234375,0.6791786551475525,1,1,"{""A"": ""size"", ""B"": ""orientation"", ""C"": ""position"", ""D"": ""color""}",/mnt/tidalfs-hssh01/dataset/xiang/models/Qwen2.5-VL-7B-Instruct,42,not_empty,next_token
A_0043,A,STEP2,B,1,-0.9740769863128662,-0.4740769863128662,0.3775406777858734,0.622459352016449,-0.9773802757263184,-0.47738030552864075,0.622459352016449,1,1,"{""A"": ""size"", ""B"": ""orientation"", ""C"": ""position"", ""D"": ""color""}",/mnt/tidalfs-hssh01/dataset/xiang/models/Qwen2.5-VL-7B-Instruct,42,not_empty,next_token
A_0043,A,STEP2,C,1,-0.825939416885376,-0.575939416885376,0.43782350420951843,0.562176525592804,-0.8279662728309631,-0.5779662728309631,0.562176525592804,1,1,"{""A"": ""size"", ""B"": ""orientation"", ""C"": ""position"", ""D"": ""color""}",/mnt/tidalfs-hssh01/dataset/xiang/models/Qwen2.5-VL-7B-Instruct,42,not_empty,next_token
A_0043,A,STEP2,D,1,-1.0537006855010986,-0.42870065569877625,0.3486451208591461,0.6513548493385315,-1.055504560470581,-0.43050456047058105,0.6513548493385315,1,1,"{""A"": ""size"", ""B"": ""orientation"", ""C"": ""position"", ""D"": ""color""}",/mnt/tidalfs-hssh01/dataset/xiang/models/Qwen2.5-VL-7B-Instruct,42,not_empty,next_token
A_0043,A,STEP2,AB,1,-0.825939416885376,-0.575939416885376,0.43782350420951843,0.562176525592804,-0.8274083137512207,-0.5774083137512207,0.562176525592804,1,1,"{""A"": ""size"", ""B"": ""orientation"", ""C"": ""position"", ""D"": ""color""}",/mnt/tidalfs-hssh01/dataset/xiang/models/Qwen2.5-VL-7B-Instruct,42,not_empty,next_token
A_0043,A,STEP2,AC,1,-1.4061501026153564,-0.28115010261535645,0.24508503079414368,0.7549149990081787,-1.4065072536468506,-0.28150731325149536,0.7549149990081787,1,1,"{""A"": ""size"", ""B"": ""orientation"", ""C"": ""position"", ""D"": ""color""}",/mnt/tidalfs-hssh01/dataset/xiang/models/Qwen2.5-VL-7B-Instruct,42,not_empty,next_token
A_0043,A,STEP2,AD,1,-1.0537006855010986,-0.42870065569877625,0.3486451208591461,0.6513548493385315,-1.054628610610962,-0.4296285808086395,0.6513548493385315,1,1,"{""A"": ""size"", ""B"": ""orientation"", ""C"": ""position"", ""D"": ""color""}",/mnt/tidalfs-hssh01/dataset/xiang/models/Qwen2.5-VL-7B-Instruct,42,not_empty,next_token
A_0043,A,STEP2,BC,1,-0.8981232643127441,-0.5231232643127441,0.4073334038257599,0.5926665663719177,-0.8998246192932129,-0.5248246192932129,0.5926665663719177,1,1,"{""A"": ""size"", ""B"": ""orientation"", ""C"": ""position"", ""D"": ""color""}",/mnt/tidalfs-hssh01/dataset/xiang/models/Qwen2.5-VL-7B-Instruct,42,not_empty,next_token
A_0043,A,STEP2,BD,1,-0.9740769863128662,-0.4740769863128662,0.3775406777858734,0.622459352016449,-0.9755487442016602,-0.47554874420166016,0.622459352016449,1,1,"{""A"": ""size"", ""B"": ""orientation"", ""C"": ""position"", ""D"": ""color""}",/mnt/tidalfs-hssh01/dataset/xiang/models/Qwen2.5-VL-7B-Instruct,42,not_empty,next_token
A_0043,A,STEP2,CD,1,-0.825939416885376,-0.575939416885376,0.43782350420951843,0.562176525592804,-0.826636791229248,-0.576636791229248,0.562176525592804,1,1,"{""A"": ""size"", ""B"": ""orientation"", ""C"": ""position"", ""D"": ""color""}",/mnt/tidalfs-hssh01/dataset/xiang/models/Qwen2.5-VL-7B-Instruct,42,not_empty,next_token
A_0043,A,STEP2,ABC,1,-1.0537006855010986,-0.42870065569877625,0.3486451208591461,0.6513548493385315,-1.0545928478240967,-0.4295928180217743,0.6513548493385315,1,1,"{""A"": ""size"", ""B"": ""orientation"", ""C"": ""position"", ""D"": ""color""}",/mnt/tidalfs-hssh01/dataset/xiang/models/Qwen2.5-VL-7B-Instruct,42,not_empty,next_token
A_0043,A,STEP2,ABD,1,-0.9740769863128662,-0.4740769863128662,0.3775406777858734,0.622459352016449,-0.9748589992523193,-0.47485899925231934,0.622459352016449,1,1,"{""A"": ""size"", ""B"": ""orientation"", ""C"": ""position"", ""D"": ""color""}",/mnt/tidalfs-hssh01/dataset/xiang/models/Qwen2.5-VL-7B-Instruct,42,not_empty,next_token
A_0043,A,STEP2,ACD,1,-1.1368709802627563,-0.38687101006507874,0.3208213150501251,0.6791786551475525,-1.1372287273406982,-0.38722872734069824,0.6791786551475525,1,1,"{""A"": ""size"", ""B"": ""orientation"", ""C"": ""position"", ""D"": ""color""}",/mnt/tidalfs-hssh01/dataset/xiang/models/Qwen2.5-VL-7B-Instruct,42,not_empty,next_token
A_0043,A,STEP2,BCD,1,-0.8981232643127441,-0.5231232643127441,0.4073334038257599,0.5926665663719177,-0.8990380764007568,-0.5240380764007568,0.5926665663719177,1,1,"{""A"": ""size"", ""B"": ""orientation"", ""C"": ""position"", ""D"": ""color""}",/mnt/tidalfs-hssh01/dataset/xiang/models/Qwen2.5-VL-7B-Instruct,42,not_empty,next_token
A_0043,A,STEP2,ABCD,1,-1.0537006855010986,-0.42870065569877625,0.3486451208591461,0.6513548493385315,-1.0543562173843384,-0.429356187582016,0.6513548493385315,1,1,"{""A"": ""size"", ""B"": ""orientation"", ""C"": ""position"", ""D"": ""color""}",/mnt/tidalfs-hssh01/dataset/xiang/models/Qwen2.5-VL-7B-Instruct,42,not_empty,next_token
A_0043,A,FINAL,EMPTY,0,-0.7575989961624146,-0.6325989961624146,0.4687906503677368,0.531209409236908,-1.0674777030944824,-0.9424777030944824,0.4687906503677368,1,0,"{""A"": ""size"", ""B"": ""orientation"", ""C"": ""position"", ""D"": ""color""}",/mnt/tidalfs-hssh01/dataset/xiang/models/Qwen2.5-VL-7B-Instruct,42,text_only,next_token
A_0043,A,FINAL,A,0,-0.8981232643127441,-0.5231232643127441,0.4073334038257599,0.5926665663719177,-0.9146147966384888,-0.5396147966384888,0.4073334038257599,1,0,"{""A"": ""size"", ""B"": ""orientation"", ""C"": ""position"", ""D"": ""color""}",/mnt/tidalfs-hssh01/dataset/xiang/models/Qwen2.5-VL-7B-Instruct,42,not_empty,next_token
A_0043,A,FINAL,B,0,-0.9740769863128662,-0.4740769863128662,0.3775406777858734,0.622459352016449,-1.0059685707092285,-0.5059685707092285,0.3775406777858734,1,0,"{""A"": ""size"", ""B"": ""orientation"", ""C"": ""position"", ""D"": ""color""}",/mnt/tidalfs-hssh01/dataset/xiang/models/Qwen2.5-VL-7B-Instruct,42,not_empty,next_token
A_0043,A,FINAL,C,0,-0.7575989961624146,-0.6325989961624146,0.4687906503677368,0.531209409236908,-0.7881191968917847,-0.6631191968917847,0.4687906503677368,1,0,"{""A"": ""size"", ""B"": ""orientation"", ""C"": ""position"", ""D"": ""color""}",/mnt/tidalfs-hssh01/dataset/xiang/models/Qwen2.5-VL-7B-Instruct,42,not_empty,next_token
A_0043,A,FINAL,D,0,-0.825939416885376,-0.575939416885376,0.43782350420951843,0.562176525592804,-0.8468918800354004,-0.5968918800354004,0.43782350420951843,1,0,"{""A"": ""size"", ""B"": ""orientation"", ""C"": ""position"", ""D"": ""color""}",/mnt/tidalfs-hssh01/dataset/xiang/models/Qwen2.5-VL-7B-Instruct,42,not_empty,next_token
A_0043,A,FINAL,AB,0,-0.7575989961624146,-0.6325989961624146,0.4687906503677368,0.531209409236908,-0.7627891302108765,-0.6377891302108765,0.4687906503677368,1,0,"{""A"": ""size"", ""B"": ""orientation"", ""C"": ""position"", ""D"": ""color""}",/mnt/tidalfs-hssh01/dataset/xiang/models/Qwen2.5-VL-7B-Instruct,42,not_empty,next_token
A_0043,A,FINAL,AC,0,-0.7575989961624146,-0.6325989961624146,0.4687906503677368,0.531209409236908,-0.7593158483505249,-0.6343158483505249,0.4687906503677368,1,0,"{""A"": ""size"", ""B"": ""orientation"", ""C"": ""position"", ""D"": ""color""}",/mnt/tidalfs-hssh01/dataset/xiang/models/Qwen2.5-VL-7B-Instruct,42,not_empty,next_token
A_0043,A,FINAL,AD,0,-0.7575989961624146,-0.6325989961624146,0.4687906503677368,0.531209409236908,-0.760784924030304,-0.635784924030304,0.4687906503677368,1,0,"{""A"": ""size"", ""B"": ""orientation"", ""C"": ""position"", ""D"": ""color""}",/mnt/tidalfs-hssh01/dataset/xiang/models/Qwen2.5-VL-7B-Instruct,42,not_empty,next_token
A_0043,A,FINAL,BC,0,-0.7575989961624146,-0.6325989961624146,0.4687906503677368,0.531209409236908,-0.7726367712020874,-0.6476367712020874,0.4687906503677368,1,0,"{""A"": ""size"", ""B"": ""orientation"", ""C"": ""position"", ""D"": ""color""}",/mnt/tidalfs-hssh01/dataset/xiang/models/Qwen2.5-VL-7B-Instruct,42,not_empty,next_token
A_0043,A,FINAL,BD,0,-0.825939416885376,-0.575939416885376,0.43782350420951843,0.562176525592804,-0.8356859087944031,-0.5856859087944031,0.43782350420951843,1,0,"{""A"": ""size"", ""B"": ""orientation"", ""C"": ""position"", ""D"": ""color""}",/mnt/tidalfs-hssh01/dataset/xiang/models/Qwen2.5-VL-7B-Instruct,42,not_empty,next_token
A_0043,A,FINAL,CD,0,-0.7575989961624146,-0.6325989961624146,0.4687906503677368,0.531209409236908,-0.7636268138885498,-0.6386268138885498,0.4687906503677368,1,0,"{""A"": ""size"", ""B"": ""orientation"", ""C"": ""position"", ""D"": ""color""}",/mnt/tidalfs-hssh01/dataset/xiang/models/Qwen2.5-VL-7B-Instruct,42,not_empty,next_token
A_0043,A,FINAL,ABC,0,-0.7575989961624146,-0.6325989961624146,0.4687906503677368,0.531209409236908,-0.7614649534225464,-0.6364649534225464,0.4687906503677368,1,0,"{""A"": ""size"", ""B"": ""orientation"", ""C"": ""position"", ""D"": ""color""}",/mnt/tidalfs-hssh01/dataset/xiang/models/Qwen2.5-VL-7B-Instruct,42,not_empty,next_token
A_0043,A,FINAL,ABD,0,-0.6931471824645996,-0.6931471824645996,0.5,0.5,-0.6959815621376038,-0.6959815621376038,0.5,0,1,"{""A"": ""size"", ""B"": ""orientation"", ""C"": ""position"", ""D"": ""color""}",/mnt/tidalfs-hssh01/dataset/xiang/models/Qwen2.5-VL-7B-Instruct,42,not_empty,next_token
A_0043,A,FINAL,ACD,0,-0.825939416885376,-0.575939416885376,0.43782350420951843,0.562176525592804,-0.8275726437568665,-0.5775726437568665,0.43782350420951843,1,0,"{""A"": ""size"", ""B"": ""orientation"", ""C"": ""position"", ""D"": ""color""}",/mnt/tidalfs-hssh01/dataset/xiang/models/Qwen2.5-VL-7B-Instruct,42,not_empty,next_token
A_0043,A,FINAL,BCD,0,-0.825939416885376,-0.575939416885376,0.43782350420951843,0.562176525592804,-0.8313383460044861,-0.5813383460044861,0.43782350420951843,1,0,"{""A"": ""size"", ""B"": ""orientation"", ""C"": ""position"", ""D"": ""color""}",/mnt/tidalfs-hssh01/dataset/xiang/models/Qwen2.5-VL-7B-Instruct,42,not_empty,next_token
A_0043,A,FINAL,ABCD,0,-0.825939416885376,-0.575939416885376,0.43782350420951843,0.562176525592804,-0.8284118175506592,-0.5784118175506592,0.43782350420951843,1,0,"{""A"": ""size"", ""B"": ""orientation"", ""C"": ""position"", ""D"": ""color""}",/mnt/tidalfs-hssh01/dataset/xiang/models/Qwen2.5-VL-7B-Instruct,42,not_empty,next_token
A_0051,A,STEP1,EMPTY,0,-0.7575989961624146,-0.6325989961624146,0.4687906503677368,0.531209409236908,-0.8536394238471985,-0.7286394238471985,0.4687906503677368,1,0,"{""A"": ""orientation"", ""B"": ""position"", ""C"": ""color"", ""D"": ""size""}",/mnt/tidalfs-hssh01/dataset/xiang/models/Qwen2.5-VL-7B-Instruct,42,text_only,next_token
A_0051,A,STEP1,A,0,-1.2234444618225098,-0.3484445810317993,0.29421502351760864,0.7057850360870361,-1.2252774238586426,-0.35027748346328735,0.29421502351760864,1,0,"{""A"": ""orientation"", ""B"": ""position"", ""C"": ""color"", ""D"": ""size""}",/mnt/tidalfs-hssh01/dataset/xiang/models/Qwen2.5-VL-7B-Instruct,42,not_empty,next_token
A_0051,A,STEP1,B,0,-0.825939416885376,-0.575939416885376,0.43782350420951843,0.562176525592804,-0.8280298113822937,-0.5780298113822937,0.43782350420951843,1,0,"{""A"": ""orientation"", ""B"": ""position"", ""C"": ""color"", ""D"": ""size""}",/mnt/tidalfs-hssh01/dataset/xiang/models/Qwen2.5-VL-7B-Instruct,42,not_empty,next_token
A_0051,A,STEP1,C,0,-0.825939416885376,-0.575939416885376,0.43782350420951843,0.562176525592804,-0.8287026286125183,-0.5787026286125183,0.43782350420951843,1,0,"{""A"": ""orientation"", ""B"": ""position"", ""C"": ""color"", ""D"": ""size""}",/mnt/tidalfs-hssh01/dataset/xiang/models/Qwen2.5-VL-7B-Instruct,42,not_empty,next_token
A_0051,A,STEP1,D,0,-0.8981232643127441,-0.5231232643127441,0.4073334038257599,0.5926665663719177,-0.9047233462333679,-0.5297233462333679,0.4073334038257599,1,0,"{""A"": ""orientation"", ""B"": ""position"", ""C"": ""color"", ""D"": ""size""}",/mnt/tidalfs-hssh01/dataset/xiang/models/Qwen2.5-VL-7B-Instruct,42,not_empty,next_token
A_0051,A,STEP1,AB,0,-1.2234447002410889,-0.3484445810317993,0.2942149341106415,0.7057850360870361,-1.2240006923675537,-0.34900063276290894,0.2942149341106415,1,0,"{""A"": ""orientation"", ""B"": ""position"", ""C"": ""color"", ""D"": ""size""}",/mnt/tidalfs-hssh01/dataset/xiang/models/Qwen2.5-VL-7B-Instruct,42,not_empty,next_token
A_0051,A,STEP1,AC,0,-1.3132617473602295,-0.3132617473602295,0.26894140243530273,0.7310584783554077,-1.313734769821167,-0.313734769821167,0.26894140243530273,1,0,"{""A"": ""orientation"", ""B"": ""position"", ""C"": ""color"", ""D"": ""size""}",/mnt/tidalfs-hssh01/dataset/xiang/models/Qwen2.5-VL-7B-Instruct,42,not_empty,next_token
A_0051,A,STEP1,AD,0,-1.3132617473602295,-0.3132617473602295,0.26894140243530273,0.7310584783554077,-1.314075231552124,-0.3140752911567688,0.26894140243530273,1,0,"{""A"": ""orientation"", ""B"": ""position"", ""C"": ""color"", ""D"": ""size""}",/mnt/tidalfs-hssh01/dataset/xiang/models/Qwen2.5-VL-7B-Instruct,42,not_empty,next_token
A_0051,A,STEP1,BC,0,-0.8981232643127441,-0.5231232643127441,0.4073334038257599,0.5926665663719177,-0.8986491560935974,-0.5236491560935974,0.4073334038257599,1,0,"{""A"": ""orientation"", ""B"": ""position"", ""C"": ""color"", ""D"": ""size""}",/mnt/tidalfs-hssh01/dataset/xiang/models/Qwen2.5-VL-7B-Instruct,42,not_empty,next_token
A_0051,A,STEP1,BD,0,-0.9740769863128662,-0.4740769863128662,0.3775406777858734,0.622459352016449,-0.9745734930038452,-0.4745734930038452,0.3775406777858734,1,0,"{""A"": ""orientation"", ""B"": ""position"", ""C"": ""color"", ""D"": ""size""}",/mnt/tidalfs-hssh01/dataset/xiang/models/Qwen2.5-VL-7B-Instruct,42,not_empty,next_token
A_0051,A,STEP1,CD,0,-0.9740769863128662,-0.4740769863128662,0.3775406777858734,0.622459352016449,-0.9743980765342712,-0.47439807653427124,0.3775406777858734,1,0,"{""A"": ""orientation"", ""B"": ""position"", ""C"": ""color"", ""D"": ""size""}",/mnt/tidalfs-hssh01/dataset/xiang/models/Qwen2.5-VL-7B-Instruct,42,not_empty,next_token
A_0051,A,STEP1,ABC,0,-1.2234445810317993,-0.3484445810317993,0.29421499371528625,0.7057850360870361,-1.2238049507141113,-0.34880495071411133,0.29421499371528625,1,0,"{""A"": ""orientation"", ""B"": ""position"", ""C"": ""color"", ""D"": ""size""}",/mnt/tidalfs-hssh01/dataset/xiang/models/Qwen2.5-VL-7B-Instruct,42,not_empty,next_token
A_0051,A,STEP1,ABD,0,-1.3132617473602295,-0.3132617473602295,0.26894140243530273,0.7310584783554077,-1.3135874271392822,-0.3135874569416046,0.26894140243530273,1,0,"{""A"": ""orientation"", ""B"": ""position"", ""C"": ""color"", ""D"": ""size""}",/mnt/tidalfs-hssh01/dataset/xiang/models/Qwen2.5-VL-7B-Instruct,42,not_empty,next_token
A_0051,A,STEP1,ACD,0,-1.5019290447235107,-0.25192904472351074,0.22270016372203827,0.7772998809814453,-1.5022058486938477,-0.2522057890892029,0.22270016372203827,1,0,"{""A"": ""orientation"", ""B"": ""position"", ""C"": ""color"", ""D"": ""size""}",/mnt/tidalfs-hssh01/dataset/xiang/models/Qwen2.5-VL-7B-Instruct,42,not_empty,next_token
A_0051,A,STEP1,BCD,0,-0.8981232643127441,-0.5231232643127441,0.4073334038257599,0.5926665663719177,-0.8983249664306641,-0.5233249664306641,0.4073334038257599,1,0,"{""A"": ""orientation"", ""B"": ""position"", ""C"": ""color"", ""D"": ""size""}",/mnt/tidalfs-hssh01/dataset/xiang/models/Qwen2.5-VL-7B-Instruct,42,not_empty,next_token
A_0051,A,STEP1,ABCD,0,-1.4061501026153564,-0.28115010261535645,0.24508503079414368,0.7549149990081787,-1.4063870906829834,-0.2813870310783386,0.24508503079414368,1,0,"{""A"": ""orientation"", ""B"": ""position"", ""C"": ""color"", ""D"": ""size""}",/mnt/tidalfs-hssh01/dataset/xiang/models/Qwen2.5-VL-7B-Instruct,42,not_empty,next_token
A_0051,A,STEP2,EMPTY,0,-1.3132617473602295,-0.3132617473602295,0.26894140243530273,0.7310584783554077,-1.3575432300567627,-0.3575432002544403,0.26894140243530273,1,0,"{""A"": ""orientation"", ""B"": ""position"", ""C"": ""color"", ""D"": ""size""}",/mnt/tidalfs-hssh01/dataset/xiang/models/Qwen2.5-VL-7B-Instruct,42,text_only,next_token
A_0051,A,STEP2,A,0,-1.2234444618225098,-0.3484445810317993,0.29421502351760864,0.7057850360870361,-1.225020408630371,-0.35002046823501587,0.29421502351760864,1,0,"{""A"": ""orientation"", ""B"": ""position"", ""C"": ""color"", ""D"": ""size""}",/mnt/tidalfs-hssh01/dataset/xiang/models/Qwen2.5-VL-7B-Instruct,42,not_empty,next_token
A_0051,A,STEP2,B,0,-1.1368709802627563,-0.38687101006507874,0.3208213150501251,0.6791786551475525,-1.138523817062378,-0.3885238468647003,0.3208213150501251,1,0,"{""A"": ""orientation"", ""B"": ""position"", ""C"": ""color"", ""D"": ""size""}",/mnt/tidalfs-hssh01/dataset/xiang/models/Qwen2.5-VL-7B-Instruct,42,not_empty,next_token
A_0051,A,STEP2,C,0,-1.1368709802627563,-0.38687101006507874,0.3208213150501251,0.6791786551475525,-1.1384496688842773,-0.38844969868659973,0.3208213150501251,1,0,"{""A"": ""orientation"", ""B"": ""position"", ""C"": ""color"", ""D"": ""size""}",/mnt/tidalfs-hssh01/dataset/xiang/models/Qwen2.5-VL-7B-Instruct,42,not_empty,next_token
A_0051,A,STEP2,D,0,-1.2234445810317993,-0.3484445810317993,0.29421499371528625,0.7057850360870361,-1.2257637977600098,-0.35076379776000977,0.29421499371528625,1,0,"{""A"": ""orientation"", ""B"": ""position"", ""C"": ""color"", ""D"": ""size""}",/mnt/tidalfs-hssh01/dataset/xiang/models/Qwen2.5-VL-7B-Instruct,42,not_empty,next_token
A_0051,A,STEP2,AB,0,-1.0537006855010986,-0.42870065569877625,0.3486451208591461,0.6513548493385315,-1.0553841590881348,-0.43038418889045715,0.3486451208591461,1,0,"{""A"": ""orientation"", ""B"": ""position"", ""C"": ""color"", ""D"": ""size""}",/mnt/tidalfs-hssh01/dataset/xiang/models/Qwen2.5-VL-7B-Instruct,42,not_empty,next_token
A_0051,A,STEP2,AC,0,-1.2234445810317993,-0.3484445810317993,0.29421499371528625,0.7057850360870361,-1.2239412069320679,-0.34894120693206787,0.29421499371528625,1,0,"{""A"": ""orientation"", ""B"": ""position"", ""C"": ""color"", ""D"": ""size""}",/mnt/tidalfs-hssh01/dataset/xiang/models/Qwen2.5-VL-7B-Instruct,42,not_empty,next_token
A_0051,A,STEP2,AD,0,-1.1368709802627563,-0.38687101006507874,0.3208213150501251,0.6791786551475525,-1.1381133794784546,-0.3881133794784546,0.3208213150501251,1,0,"{""A"": ""orientation"", ""B"": ""position"", ""C"": ""color"", ""D"": ""size""}",/mnt/tidalfs-hssh01/dataset/xiang/models/Qwen2.5-VL-7B-Instruct,42,not_empty,next_token
A_0051,A,STEP2,BC,0,-1.2234445810317993,-0.3484445810317993,0.29421499371528625,0.7057850360870361,-1.224609136581421,-0.3496091067790985,0.29421499371528625,1,0,"{""A"": ""orientation"", ""B"": ""position"", ""C"": ""color"", ""D"": ""size""}",/mnt/tidalfs-hssh01/dataset/xiang/models/Qwen2.5-VL-7B-Instruct,42,not_empty,next_token
A_0051,A,STEP2,BD,0,-1.1368709802627563,-0.38687101006507874,0.3208213150501251,0.6791786551475525,-1.13801908493042,-0.3880190849304199,0.3208213150501251,1,0,"{""A"": ""orientation"", ""B"": ""position"", ""C"": ""color"", ""D"": ""size""}",/mnt/tidalfs-hssh01/dataset/xiang/models/Qwen2.5-VL-7B-Instruct,42,not_empty,next_token
A_0051,A,STEP2,CD,0,-1.0537006855010986,-0.42870065569877625,0.3486451208591461,0.6513548493385315,-1.054544448852539,-0.4295444190502167,0.3486451208591461,1,0,"{""A"": ""orientation"", ""B"": ""position"", ""C"": ""color"", ""D"": ""size""}",/mnt/tidalfs-hssh01/dataset/xiang/models/Qwen2.5-VL-7B-Instruct,42,not_empty,next_token
A_0051,A,STEP2,ABC,0,-1.0537006855010986,-0.42870065569877625,0.3486451208591461,0.6513548493385315,-1.0545045137405396,-0.42950451374053955,0.3486451208591461,1,0,"{""A"": ""orientation"", ""B"": ""position"", ""C"": ""color"", ""D"": ""size""}",/mnt/tidalfs-hssh01/dataset/xiang/models/Qwen2.5-VL-7B-Instruct,42,not_empty,next_token
A_0051,A,STEP2,ABD,0,-0.9740769863128662,-0.4740769863128662,0.3775406777858734,0.622459352016449,-0.9749504327774048,-0.4749504327774048,0.3775406777858734,1,0,"{""A"": ""orientation"", ""B"": ""position"", ""C"": ""color"", ""D"": ""size""}",/mnt/tidalfs-hssh01/dataset/xiang/models/Qwen2.5-VL-7B-Instruct,42,not_empty,next_token
A_0051,A,STEP2,ACD,0,-1.1368709802627563,-0.38687101006507874,0.3208213150501251,0.6791786551475525,-1.1373239755630493,-0.3873240053653717,0.3208213150501251,1,0,"{""A"": ""orientation"", ""B"": ""position"", ""C"": ""color"", ""D"": ""size""}",/mnt/tidalfs-hssh01/dataset/xiang/models/Qwen2.5-VL-7B-Instruct,42,not_empty,next_token
A_0051,A,STEP2,BCD,0,-1.2234445810317993,-0.3484445810317993,0.29421499371528625,0.7057850360870361,-1.2238259315490723,-0.34882596135139465,0.29421499371528625,1,0,"{""A"": ""orientation"", ""B"": ""position"", ""C"": ""color"", ""D"": ""size""}",/mnt/tidalfs-hssh01/dataset/xiang/models/Qwen2.5-VL-7B-Instruct,42,not_empty,next_token
A_0051,A,STEP2,ABCD,0,-1.1368709802627563,-0.38687101006507874,0.3208213150501251,0.6791786551475525,-1.1374891996383667,-0.3874892294406891,0.3208213150501251,1,0,"{""A"": ""orientation"", ""B"": ""position"", ""C"": ""color"", ""D"": ""size""}",/mnt/tidalfs-hssh01/dataset/xiang/models/Qwen2.5-VL-7B-Instruct,42,not_empty,next_token
A_0051,A,FINAL,EMPTY,0,-0.8259394764900208,-0.575939416885376,0.43782350420951843,0.562176525592804,-1.1369755268096924,-0.8869754672050476,0.43782350420951843,1,0,"{""A"": ""orientation"", ""B"": ""position"", ""C"": ""color"", ""D"": ""size""}",/mnt/tidalfs-hssh01/dataset/xiang/models/Qwen2.5-VL-7B-Instruct,42,text_only,next_token
A_0051,A,FINAL,A,0,-0.9740769863128662,-0.4740769863128662,0.3775406777858734,0.622459352016449,-0.9876799583435059,-0.48767998814582825,0.3775406777858734,1,0,"{""A"": ""orientation"", ""B"": ""position"", ""C"": ""color"", ""D"": ""size""}",/mnt/tidalfs-hssh01/dataset/xiang/models/Qwen2.5-VL-7B-Instruct,42,not_empty,next_token
A_0051,A,FINAL,B,0,-0.8981232643127441,-0.5231232643127441,0.4073334038257599,0.5926665663719177,-0.9216486215591431,-0.5466486215591431,0.4073334038257599,1,0,"{""A"": ""orientation"", ""B"": ""position"", ""C"": ""color"", ""D"": ""size""}",/mnt/tidalfs-hssh01/dataset/xiang/models/Qwen2.5-VL-7B-Instruct,42,not_empty,next_token
A_0051,A,FINAL,C,0,-0.8981232643127441,-0.5231232643127441,0.4073334038257599,0.5926665663719177,-0.9067662954330444,-0.5317662954330444,0.4073334038257599,1,0,"{""A"": ""orientation"", ""B"": ""position"", ""C"": ""color"", ""D"": ""size""}",/mnt/tidalfs-hssh01/dataset/xiang/models/Qwen2.5-VL-7B-Instruct,42,not_empty,next_token
A_0051,A,FINAL,D,0,-0.8981232643127441,-0.5231232643127441,0.4073334038257599,0.5926665663719177,-0.918960452079773,-0.543960452079773,0.4073334038257599,1,0,"{""A"": ""orientation"", ""B"": ""position"", ""C"": ""color"", ""D"": ""size""}",/mnt/tidalfs-hssh01/dataset/xiang/models/Qwen2.5-VL-7B-Instruct,42,not_empty,next_token
A_0051,A,FINAL,AB,0,-0.825939416885376,-0.575939416885376,0.43782350420951843,0.562176525592804,-0.8293216228485107,-0.5793216228485107,0.43782350420951843,1,0,"{""A"": ""orientation"", ""B"": ""position"", ""C"": ""color"", ""D"": ""size""}",/mnt/tidalfs-hssh01/dataset/xiang/models/Qwen2.5-VL-7B-Instruct,42,not_empty,next_token
A_0051,A,FINAL,AC,0,-0.9740769863128662,-0.4740769863128662,0.3775406777858734,0.622459352016449,-0.9748355746269226,-0.4748355746269226,0.3775406777858734,1,0,"{""A"": ""orientation"", ""B"": ""position"", ""C"": ""color"", ""D"": ""size""}",/mnt/tidalfs-hssh01/dataset/xiang/models/Qwen2.5-VL-7B-Instruct,42,not_empty,next_token
A_0051,A,FINAL,AD,0,-0.9740769863128662,-0.4740769863128662,0.3775406777858734,0.622459352016449,-0.9774577617645264,-0.47745776176452637,0.3775406777858734,1,0,"{""A"": ""orientation"", ""B"": ""position"", ""C"": ""color"", ""D"": ""size""}",/mnt/tidalfs-hssh01/dataset/xiang/models/Qwen2.5-VL-7B-Instruct,42,not_empty,next_token
A_0051,A,FINAL,BC,0,-0.8981232643127441,-0.5231232643127441,0.4073334038257599,0.5926665663719177,-0.9014354944229126,-0.5264354944229126,0.4073334038257599,1,0,"{""A"": ""orientation"", ""B"": ""position"", ""C"": ""color"", ""D"": ""size""}",/mnt/tidalfs-hssh01/dataset/xiang/models/Qwen2.5-VL-7B-Instruct,42,not_empty,next_token
A_0051,A,FINAL,BD,0,-0.825939416885376,-0.575939416885376,0.43782350420951843,0.562176525592804,-0.8316663503646851,-0.5816663503646851,0.43782350420951843,1,0,"{""A"": ""orientation"", ""B"": ""position"", ""C"": ""color"", ""D"": ""size""}",/mnt/tidalfs-hssh01/dataset/xiang/models/Qwen2.5-VL-7B-Instruct,42,not_empty,next_token
A_0051,A,FINAL,CD,0,-0.8981232643127441,-0.5231232643127441,0.4073334038257599,0.5926665663719177,-0.9006702899932861,-0.5256702899932861,0.4073334038257599,1,0,"{""A"": ""orientation"", ""B"": ""position"", ""C"": ""color"", ""D"": ""size""}",/mnt/tidalfs-hssh01/dataset/xiang/models/Qwen2.5-VL-7B-Instruct,42,not_empty,next_token
A_0051,A,FINAL,ABC,0,-0.9740769863128662,-0.4740769863128662,0.3775406777858734,0.622459352016449,-0.9755381345748901,-0.4755381643772125,0.3775406777858734,1,0,"{""A"": ""orientation"", ""B"": ""position"", ""C"": ""color"", ""D"": ""size""}",/mnt/tidalfs-hssh01/dataset/xiang/models/Qwen2.5-VL-7B-Instruct,42,not_empty,next_token
A_0051,A,FINAL,ABD,0,-0.9740769863128662,-0.4740769863128662,0.3775406777858734,0.622459352016449,-0.9761248826980591,-0.4761248826980591,0.3775406777858734,1,0,"{""A"": ""orientation"", ""B"": ""position"", ""C"": ""color"", ""D"": ""size""}",/mnt/tidalfs-hssh01/dataset/xiang/models/Qwen2.5-VL-7B-Instruct,42,not_empty,next_token
A_0051,A,FINAL,ACD,0,-1.0537006855010986,-0.42870065569877625,0.3486451208591461,0.6513548493385315,-1.0547229051589966,-0.4297229051589966,0.3486451208591461,1,0,"{""A"": ""orientation"", ""B"": ""position"", ""C"": ""color"", ""D"": ""size""}",/mnt/tidalfs-hssh01/dataset/xiang/models/Qwen2.5-VL-7B-Instruct,42,not_empty,next_token
A_0051,A,FINAL,BCD,0,-0.8981232643127441,-0.5231232643127441,0.4073334038257599,0.5926665663719177,-0.9003884196281433,-0.5253884196281433,0.4073334038257599,1,0,"{""A"": ""orientation"", ""B"": ""position"", ""C"": ""color"", ""D"": ""size""}",/mnt/tidalfs-hssh01/dataset/xiang/models/Qwen2.5-VL-7B-Instruct,42,not_empty,next_token
A_0051,A,FINAL,ABCD,0,-1.0537006855010986,-0.42870065569877625,0.3486451208591461,0.6513548493385315,-1.0551097393035889,-0.4301096796989441,0.3486451208591461,1,0,"{""A"": ""orientation"", ""B"": ""position"", ""C"": ""color"", ""D"": ""size""}",/mnt/tidalfs-hssh01/dataset/xiang/models/Qwen2.5-VL-7B-Instruct,42,not_empty,next_token
A_0059,A,STEP1,EMPTY,1,-0.7575989961624146,-0.6325989961624146,0.4687906503677368,0.531209409236908,-0.8536394238471985,-0.7286394238471985,0.531209409236908,1,1,"{""A"": ""orientation"", ""B"": ""position"", ""C"": ""color"", ""D"": ""size""}",/mnt/tidalfs-hssh01/dataset/xiang/models/Qwen2.5-VL-7B-Instruct,42,text_only,next_token
A_0059,A,STEP1,A,1,-1.2234444618225098,-0.3484445810317993,0.29421502351760864,0.7057850360870361,-1.2252774238586426,-0.35027748346328735,0.7057850360870361,1,1,"{""A"": ""orientation"", ""B"": ""position"", ""C"": ""color"", ""D"": ""size""}",/mnt/tidalfs-hssh01/dataset/xiang/models/Qwen2.5-VL-7B-Instruct,42,not_empty,next_token
A_0059,A,STEP1,B,1,-0.825939416885376,-0.575939416885376,0.43782350420951843,0.562176525592804,-0.8280855417251587,-0.5780855417251587,0.562176525592804,1,1,"{""A"": ""orientation"", ""B"": ""position"", ""C"": ""color"", ""D"": ""size""}",/mnt/tidalfs-hssh01/dataset/xiang/models/Qwen2.5-VL-7B-Instruct,42,not_empty,next_token
A_0059,A,STEP1,C,1,-0.825939416885376,-0.575939416885376,0.43782350420951843,0.562176525592804,-0.8287026286125183,-0.5787026286125183,0.562176525592804,1,1,"{""A"": ""orientation"", ""B"": ""position"", ""C"": ""color"", ""D"": ""size""}",/mnt/tidalfs-hssh01/dataset/xiang/models/Qwen2.5-VL-7B-Instruct,42,not_empty,next_token
A_0059,A,STEP1,D,1,-0.8981232643127441,-0.5231232643127441,0.4073334038257599,0.5926665663719177,-0.9047233462333679,-0.5297233462333679,0.5926665663719177,1,1,"{""A"": ""orientation"", ""B"": ""position"", ""C"": ""color"", ""D"": ""size""}",/mnt/tidalfs-hssh01/dataset/xiang/models/Qwen2.5-VL-7B-Instruct,42,not_empty,next_token
A_0059,A,STEP1,AB,1,-1.2234445810317993,-0.3484445810317993,0.29421499371528625,0.7057850360870361,-1.2240090370178223,-0.34900903701782227,0.7057850360870361,1,1,"{""A"": ""orientation"", ""B"": ""position"", ""C"": ""color"", ""D"": ""size""}",/mnt/tidalfs-hssh01/dataset/xiang/models/Qwen2.5-VL-7B-Instruct,42,not_empty,next_token
A_0059,A,STEP1,AC,1,-1.3132617473602295,-0.3132617473602295,0.26894140243530273,0.7310584783554077,-1.313734769821167,-0.313734769821167,0.7310584783554077,1,1,"{""A"": ""orientation"", ""B"": ""position"", ""C"": ""color"", ""D"": ""size""}",/mnt/tidalfs-hssh01/dataset/xiang/models/Qwen2.5-VL-7B-Instruct,42,not_empty,next_token
A_0059,A,STEP1,AD,1,-1.3132617473602295,-0.3132617473602295,0.26894140243530273,0.7310584783554077,-1.314075231552124,-0.3140752911567688,0.7310584783554077,1,1,"{""A"": ""orientation"", ""B"": ""position"", ""C"": ""color"", ""D"": ""size""}",/mnt/tidalfs-hssh01/dataset/xiang/models/Qwen2.5-VL-7B-Instruct,42,not_empty,next_token
A_0059,A,STEP1,BC,1,-0.8981232643127441,-0.5231232643127441,0.4073334038257599,0.5926665663719177,-0.898585319519043,-0.523585319519043,0.5926665663719177,1,1,"{""A"": ""orientation"", ""B"": ""position"", ""C"": ""color"", ""D"": ""size""}",/mnt/tidalfs-hssh01/dataset/xiang/models/Qwen2.5-VL-7B-Instruct,42,not_empty,next_token
A_0059,A,STEP1,BD,1,-0.9740769863128662,-0.4740769863128662,0.3775406777858734,0.622459352016449,-0.974552571773529,-0.47455257177352905,0.622459352016449,1,1,"{""A"": ""orientation"", ""B"": ""position"", ""C"": ""color"", ""D"": ""size""}",/mnt/tidalfs-hssh01/dataset/xiang/models/Qwen2.5-VL-7B-Instruct,42,not_empty,next_token
A_0059,A,STEP1,CD,1,-0.9740769863128662,-0.4740769863128662,0.3775406777858734,0.622459352016449,-0.9743980765342712,-0.47439807653427124,0.622459352016449,1,1,"{""A"": ""orientation"", ""B"": ""position"", ""C"": ""color"", ""D"": ""size""}",/mnt/tidalfs-hssh01/dataset/xiang/models/Qwen2.5-VL-7B-Instruct,42,not_empty,next_token
A_0059,A,STEP1,ABC,1,-1.3132617473602295,-0.3132617473602295,0.26894140243530273,0.7310584783554077,-1.3135615587234497,-0.3135615587234497,0.7310584783554077,1,1,"{""A"": ""orientation"", ""B"": ""position"", ""C"": ""color"", ""D"": ""size""}",/mnt/tidalfs-hssh01/dataset/xiang/models/Qwen2.5-VL-7B-Instruct,42,not_empty,next_token
A_0059,A,STEP1,ABD,1,-1.3132617473602295,-0.3132617473602295,0.26894140243530273,0.7310584783554077,-1.3136036396026611,-0.31360363960266113,0.7310584783554077,1,1,"{""A"": ""orientation"", ""B"": ""position"", ""C"": ""color"", ""D"": ""size""}",/mnt/tidalfs-hssh01/dataset/xiang/models/Qwen2.5-VL-7B-Instruct,42,not_empty,next_token
A_0059,A,STEP1,ACD,1,-1.5019290447235107,-0.25192904472351074,0.22270016372203827,0.7772998809814453,-1.5022058486938477,-0.2522057890892029,0.7772998809814453,1,1,"{""A"": ""orientation"", ""B"": ""position"", ""C"": ""color"", ""D"": ""size""}",/mnt/tidalfs-hssh01/dataset/xiang/models/Qwen2.5-VL-7B-Instruct,42,not_empty,next_token
A_0059,A,STEP1,BCD,1,-0.825939416885376,-0.575939416885376,0.43782350420951843,0.562176525592804,-0.8262153267860413,-0.5762153267860413,0.562176525592804,1,1,"{""A"": ""orientation"", ""B"": ""position"", ""C"": ""color"", ""D"": ""size""}",/mnt/tidalfs-hssh01/dataset/xiang/models/Qwen2.5-VL-7B-Instruct,42,not_empty,next_token
A_0059,A,STEP1,ABCD,1,-1.4061501026153564,-0.28115010261535645,0.24508503079414368,0.7549149990081787,-1.406354308128357,-0.28135427832603455,0.7549149990081787,1,1,"{""A"": ""orientation"", ""B"": ""position"", ""C"": ""color"", ""D"": ""size""}",/mnt/tidalfs-hssh01/dataset/xiang/models/Qwen2.5-VL-7B-Instruct,42,not_empty,next_token
A_0059,A,STEP2,EMPTY,0,-1.3132617473602295,-0.3132617473602295,0.26894140243530273,0.7310584783554077,-1.3575432300567627,-0.3575432002544403,0.26894140243530273,1,0,"{""A"": ""orientation"", ""B"": ""position"", ""C"": ""color"", ""D"": ""size""}",/mnt/tidalfs-hssh01/dataset/xiang/models/Qwen2.5-VL-7B-Instruct,42,text_only,next_token
A_0059,A,STEP2,A,0,-1.2234444618225098,-0.3484445810317993,0.29421502351760864,0.7057850360870361,-1.225020408630371,-0.35002046823501587,0.29421502351760864,1,0,"{""A"": ""orientation"", ""B"": ""position"", ""C"": ""color"", ""D"": ""size""}",/mnt/tidalfs-hssh01/dataset/xiang/models/Qwen2.5-VL-7B-Instruct,42,not_empty,next_token
A_0059,A,STEP2,B,0,-1.1368709802627563,-0.38687101006507874,0.3208213150501251,0.6791786551475525,-1.13828706741333,-0.3882870674133301,0.3208213150501251,1,0,"{""A"": ""orientation"", ""B"": ""position"", ""C"": ""color"", ""D"": ""size""}",/mnt/tidalfs-hssh01/dataset/xiang/models/Qwen2.5-VL-7B-Instruct,42,not_empty,next_token
A_0059,A,STEP2,C,0,-1.1368709802627563,-0.38687101006507874,0.3208213150501251,0.6791786551475525,-1.1384496688842773,-0.38844969868659973,0.3208213150501251,1,0,"{""A"": ""orientation"", ""B"": ""position"", ""C"": ""color"", ""D"": ""size""}",/mnt/tidalfs-hssh01/dataset/xiang/models/Qwen2.5-VL-7B-Instruct,42,not_empty,next_token
A_0059,A,STEP2,D,0,-1.2234445810317993,-0.3484445810317993,0.29421499371528625,0.7057850360870361,-1.2257637977600098,-0.35076379776000977,0.29421499371528625,1,0,"{""A"": ""orientation"", ""B"": ""position"", ""C"": ""color"", ""D"": ""size""}",/mnt/tidalfs-hssh01/dataset/xiang/models/Qwen2.5-VL-7B-Instruct,42,not_empty,next_token
A_0059,A,STEP2,AB,0,-1.136871099472046,-0.38687101006507874,0.32082128524780273,0.6791786551475525,-1.1382009983062744,-0.38820093870162964,0.32082128524780273,1,0,"{""A"": ""orientation"", ""B"": ""position"", ""C"": ""color"", ""D"": ""size""}",/mnt/tidalfs-hssh01/dataset/xiang/models/Qwen2.5-VL-7B-Instruct,42,not_empty,next_token
A_0059,A,STEP2,AC,0,-1.2234445810317993,-0.3484445810317993,0.29421499371528625,0.7057850360870361,-1.2239412069320679,-0.34894120693206787,0.29421499371528625,1,0,"{""A"": ""orientation"", ""B"": ""position"", ""C"": ""color"", ""D"": ""size""}",/mnt/tidalfs-hssh01/dataset/xiang/models/Qwen2.5-VL-7B-Instruct,42,not_empty,next_token
A_0059,A,STEP2,AD,0,-1.1368709802627563,-0.38687101006507874,0.3208213150501251,0.6791786551475525,-1.1381133794784546,-0.3881133794784546,0.3208213150501251,1,0,"{""A"": ""orientation"", ""B"": ""position"", ""C"": ""color"", ""D"": ""size""}",/mnt/tidalfs-hssh01/dataset/xiang/models/Qwen2.5-VL-7B-Instruct,42,not_empty,next_token
A_0059,A,STEP2,BC,0,-1.3132617473602295,-0.3132617473602295,0.26894140243530273,0.7310584783554077,-1.314172625541687,-0.314172625541687,0.26894140243530273,1,0,"{""A"": ""orientation"", ""B"": ""position"", ""C"": ""color"", ""D"": ""size""}",/mnt/tidalfs-hssh01/dataset/xiang/models/Qwen2.5-VL-7B-Instruct,42,not_empty,next_token
A_0059,A,STEP2,BD,0,-1.1368709802627563,-0.38687101006507874,0.3208213150501251,0.6791786551475525,-1.137892246246338,-0.3878922760486603,0.3208213150501251,1,0,"{""A"": ""orientation"", ""B"": ""position"", ""C"": ""color"", ""D"": ""size""}",/mnt/tidalfs-hssh01/dataset/xiang/models/Qwen2.5-VL-7B-Instruct,42,not_empty,next_token
A_0059,A,STEP2,CD,0,-1.0537006855010986,-0.42870065569877625,0.3486451208591461,0.6513548493385315,-1.054544448852539,-0.4295444190502167,0.3486451208591461,1,0,"{""A"": ""orientation"", ""B"": ""position"", ""C"": ""color"", ""D"": ""size""}",/mnt/tidalfs-hssh01/dataset/xiang/models/Qwen2.5-VL-7B-Instruct,42,not_empty,next_token
A_0059,A,STEP2,ABC,0,-1.1368709802627563,-0.38687101006507874,0.3208213150501251,0.6791786551475525,-1.1378345489501953,-0.3878346085548401,0.3208213150501251,1,0,"{""A"": ""orientation"", ""B"": ""position"", ""C"": ""color"", ""D"": ""size""}",/mnt/tidalfs-hssh01/dataset/xiang/models/Qwen2.5-VL-7B-Instruct,42,not_empty,next_token
A_0059,A,STEP2,ABD,0,-0.8981232643127441,-0.5231232643127441,0.4073334038257599,0.5926665663719177,-0.8987530469894409,-0.5237530469894409,0.4073334038257599,1,0,"{""A"": ""orientation"", ""B"": ""position"", ""C"": ""color"", ""D"": ""size""}",/mnt/tidalfs-hssh01/dataset/xiang/models/Qwen2.5-VL-7B-Instruct,42,not_empty,next_token
A_0059,A,STEP2,ACD,0,-1.1368709802627563,-0.38687101006507874,0.3208213150501251,0.6791786551475525,-1.1373239755630493,-0.3873240053653717,0.3208213150501251,1,0,"{""A"": ""orientation"", ""B"": ""position"", ""C"": ""color"", ""D"": ""size""}",/mnt/tidalfs-hssh01/dataset/xiang/models/Qwen2.5-VL-7B-Instruct,42,not_empty,next_token
A_0059,A,STEP2,BCD,0,-1.136871099472046,-0.38687101006507874,0.32082128524780273,0.6791786551475525,-1.1372864246368408,-0.38728636503219604,0.32082128524780273,1,0,"{""A"": ""orientation"", ""B"": ""position"", ""C"": ""color"", ""D"": ""size""}",/mnt/tidalfs-hssh01/dataset/xiang/models/Qwen2.5-VL-7B-Instruct,42,not_empty,next_token
A_0059,A,STEP2,ABCD,0,-1.1368709802627563,-0.38687101006507874,0.3208213150501251,0.6791786551475525,-1.1374629735946655,-0.38746294379234314,0.3208213150501251,1,0,"{""A"": ""orientation"", ""B"": ""position"", ""C"": ""color"", ""D"": ""size""}",/mnt/tidalfs-hssh01/dataset/xiang/models/Qwen2.5-VL-7B-Instruct,42,not_empty,next_token
A_0059,A,FINAL,EMPTY,1,-0.8259394764900208,-0.575939416885376,0.43782350420951843,0.562176525592804,-1.1369755268096924,-0.8869754672050476,0.562176525592804,1,1,"{""A"": ""orientation"", ""B"": ""position"", ""C"": ""color"", ""D"": ""size""}",/mnt/tidalfs-hssh01/dataset/xiang/models/Qwen2.5-VL-7B-Instruct,42,text_only,next_token
A_0059,A,FINAL,A,1,-0.9740769863128662,-0.4740769863128662,0.3775406777858734,0.622459352016449,-0.9876799583435059,-0.48767998814582825,0.622459352016449,1,1,"{""A"": ""orientation"", ""B"": ""position"", ""C"": ""color"", ""D"": ""size""}",/mnt/tidalfs-hssh01/dataset/xiang/models/Qwen2.5-VL-7B-Instruct,42,not_empty,next_token
A_0059,A,FINAL,B,1,-0.8981232643127441,-0.5231232643127441,0.4073334038257599,0.5926665663719177,-0.9183915853500366,-0.5433915853500366,0.5926665663719177,1,1,"{""A"": ""orientation"", ""B"": ""position"", ""C"": ""color"", ""D"": ""size""}",/mnt/tidalfs-hssh01/dataset/xiang/models/Qwen2.5-VL-7B-Instruct,42,not_empty,next_token
A_0059,A,FINAL,C,1,-0.8981232643127441,-0.5231232643127441,0.4073334038257599,0.5926665663719177,-0.9067662954330444,-0.5317662954330444,0.5926665663719177,1,1,"{""A"": ""orientation"", ""B"": ""position"", ""C"": ""color"", ""D"": ""size""}",/mnt/tidalfs-hssh01/dataset/xiang/models/Qwen2.5-VL-7B-Instruct,42,not_empty,next_token
A_0059,A,FINAL,D,1,-0.8981232643127441,-0.5231232643127441,0.4073334038257599,0.5926665663719177,-0.918960452079773,-0.543960452079773,0.5926665663719177,1,1,"{""A"": ""orientation"", ""B"": ""position"", ""C"": ""color"", ""D"": ""size""}",/mnt/tidalfs-hssh01/dataset/xiang/models/Qwen2.5-VL-7B-Instruct,42,not_empty,next_token
A_0059,A,FINAL,AB,1,-0.8981232643127441,-0.5231232643127441,0.4073334038257599,0.5926665663719177,-0.9020019769668579,-0.5270019769668579,0.5926665663719177,1,1,"{""A"": ""orientation"", ""B"": ""position"", ""C"": ""color"", ""D"": ""size""}",/mnt/tidalfs-hssh01/dataset/xiang/models/Qwen2.5-VL-7B-Instruct,42,not_empty,next_token
A_0059,A,FINAL,AC,1,-0.9740769863128662,-0.4740769863128662,0.3775406777858734,0.622459352016449,-0.9748355746269226,-0.4748355746269226,0.622459352016449,1,1,"{""A"": ""orientation"", ""B"": ""position"", ""C"": ""color"", ""D"": ""size""}",/mnt/tidalfs-hssh01/dataset/xiang/models/Qwen2.5-VL-7B-Instruct,42,not_empty,next_token
A_0059,A,FINAL,AD,1,-0.9740769863128662,-0.4740769863128662,0.3775406777858734,0.622459352016449,-0.9774577617645264,-0.47745776176452637,0.622459352016449,1,1,"{""A"": ""orientation"", ""B"": ""position"", ""C"": ""color"", ""D"": ""size""}",/mnt/tidalfs-hssh01/dataset/xiang/models/Qwen2.5-VL-7B-Instruct,42,not_empty,next_token
A_0059,A,FINAL,BC,1,-0.8981232643127441,-0.5231232643127441,0.4073334038257599,0.5926665663719177,-0.9007495641708374,-0.5257495641708374,0.5926665663719177,1,1,"{""A"": ""orientation"", ""B"": ""position"", ""C"": ""color"", ""D"": ""size""}",/mnt/tidalfs-hssh01/dataset/xiang/models/Qwen2.5-VL-7B-Instruct,42,not_empty,next_token
A_0059,A,FINAL,BD,1,-0.8981232643127441,-0.5231232643127441,0.4073334038257599,0.5926665663719177,-0.9029777646064758,-0.5279777646064758,0.5926665663719177,1,1,"{""A"": ""orientation"", ""B"": ""position"", ""C"": ""color"", ""D"": ""size""}",/mnt/tidalfs-hssh01/dataset/xiang/models/Qwen2.5-VL-7B-Instruct,42,not_empty,next_token
A_0059,A,FINAL,CD,1,-0.8981232643127441,-0.5231232643127441,0.4073334038257599,0.5926665663719177,-0.9006702899932861,-0.5256702899932861,0.5926665663719177,1,1,"{""A"": ""orientation"", ""B"": ""position"", ""C"": ""color"", ""D"": ""size""}",/mnt/tidalfs-hssh01/dataset/xiang/models/Qwen2.5-VL-7B-Instruct,42,not_empty,next_token
A_0059,A,FINAL,ABC,1,-0.825939416885376,-0.575939416885376,0.43782350420951843,0.562176525592804,-0.827428936958313,-0.577428936958313,0.562176525592804,1,1,"{""A"": ""orientation"", ""B"": ""position"", ""C"": ""color"", ""D"": ""size""}",/mnt/tidalfs-hssh01/dataset/xiang/models/Qwen2.5-VL-7B-Instruct,42,not_empty,next_token
A_0059,A,FINAL,ABD,1,-0.9740769863128662,-0.4740769863128662,0.3775406777858734,0.622459352016449,-0.9758030772209167,-0.47580307722091675,0.622459352016449,1,1,"{""A"": ""orientation"", ""B"": ""position"", ""C"": ""color"", ""D"": ""size""}",/mnt/tidalfs-hssh01/dataset/xiang/models/Qwen2.5-VL-7B-Instruct,42,not_empty,next_token
A_0059,A,FINAL,ACD,1,-1.0537006855010986,-0.42870065569877625,0.3486451208591461,0.6513548493385315,-1.0547229051589966,-0.4297229051589966,0.6513548493385315,1,1,"{""A"": ""orientation"", ""B"": ""position"", ""C"": ""color"", ""D"": ""size""}",/mnt/tidalfs-hssh01/dataset/xiang/models/Qwen2.5-VL-7B-Instruct,42,not_empty,next_token
A_0059,A,FINAL,BCD,1,-0.8981232643127441,-0.5231232643127441,0.4073334038257599,0.5926665663719177,-0.8998388648033142,-0.5248388648033142,0.5926665663719177,1,1,"{""A"": ""orientation"", ""B"": ""position"", ""C"": ""color"", ""D"": ""size""}",/mnt/tidalfs-hssh01/dataset/xiang/models/Qwen2.5-VL-7B-Instruct,42,not_empty,next_token
A_0059,A,FINAL,ABCD,1,-1.0537006855010986,-0.42870065569877625,0.3486451208591461,0.6513548493385315,-1.0552000999450684,-0.43020007014274597,0.6513548493385315,1,1,"{""A"": ""orientation"", ""B"": ""position"", ""C"": ""color"", ""D"": ""size""}",/mnt/tidalfs-hssh01/dataset/xiang/models/Qwen2.5-VL-7B-Instruct,42,not_empty,next_token
A_0067,A,STEP1,EMPTY,0,-0.6931471824645996,-0.6931471824645996,0.5,0.5,-0.7521441578865051,-0.7521441578865051,0.5,0,1,"{""A"": ""position"", ""B"": ""color"", ""C"": ""size"", ""D"": ""orientation""}",/mnt/tidalfs-hssh01/dataset/xiang/models/Qwen2.5-VL-7B-Instruct,42,text_only,next_token
A_0067,A,STEP1,A,0,-0.6931471824645996,-0.6931471824645996,0.5,0.5,-0.695659339427948,-0.695659339427948,0.5,0,1,"{""A"": ""position"", ""B"": ""color"", ""C"": ""size"", ""D"": ""orientation""}",/mnt/tidalfs-hssh01/dataset/xiang/models/Qwen2.5-VL-7B-Instruct,42,not_empty,next_token
A_0067,A,STEP1,B,0,-0.6931471824645996,-0.6931471824645996,0.5,0.5,-0.6952781677246094,-0.6952781677246094,0.5,0,1,"{""A"": ""position"", ""B"": ""color"", ""C"": ""size"", ""D"": ""orientation""}",/mnt/tidalfs-hssh01/dataset/xiang/models/Qwen2.5-VL-7B-Instruct,42,not_empty,next_token
A_0067,A,STEP1,C,0,-0.6931471824645996,-0.6931471824645996,0.5,0.5,-0.6965280771255493,-0.6965280771255493,0.5,0,1,"{""A"": ""position"", ""B"": ""color"", ""C"": ""size"", ""D"": ""orientation""}",/mnt/tidalfs-hssh01/dataset/xiang/models/Qwen2.5-VL-7B-Instruct,42,not_empty,next_token
A_0067,A,STEP1,D,0,-0.825939416885376,-0.575939416885376,0.43782350420951843,0.562176525592804,-0.8328023552894592,-0.5828023552894592,0.43782350420951843,1,0,"{""A"": ""position"", ""B"": ""color"", ""C"": ""size"", ""D"": ""orientation""}",/mnt/tidalfs-hssh01/dataset/xiang/models/Qwen2.5-VL-7B-Instruct,42,not_empty,next_token
A_0067,A,STEP1,AB,0,-0.6931471824645996,-0.6931471824645996,0.5,0.5,-0.6935794353485107,-0.6935794353485107,0.5,0,1,"{""A"": ""position"", ""B"": ""color"", ""C"": ""size"", ""D"": ""orientation""}",/mnt/tidalfs-hssh01/dataset/xiang/models/Qwen2.5-VL-7B-Instruct,42,not_empty,next_token
A_0067,A,STEP1,AC,0,-0.825939416885376,-0.575939416885376,0.43782350420951843,0.562176525592804,-0.8264027833938599,-0.5764027833938599,0.43782350420951843,1,0,"{""A"": ""position"", ""B"": ""color"", ""C"": ""size"", ""D"": ""orientation""}",/mnt/tidalfs-hssh01/dataset/xiang/models/Qwen2.5-VL-7B-Instruct,42,not_empty,next_token
A_0067,A,STEP1,AD,0,-0.825939416885376,-0.575939416885376,0.43782350420951843,0.562176525592804,-0.8270623683929443,-0.5770623683929443,0.43782350420951843,1,0,"{""A"": ""position"", ""B"": ""color"", ""C"": ""size"", ""D"": ""orientation""}",/mnt/tidalfs-hssh01/dataset/xiang/models/Qwen2.5-VL-7B-Instruct,42,not_empty,next_token
A_0067,A,STEP1,BC,0,-0.825939416885376,-0.575939416885376,0.43782350420951843,0.562176525592804,-0.8266457319259644,-0.5766457319259644,0.43782350420951843,1,0,"{""A"": ""position"", ""B"": ""color"", ""C"": ""size"", ""D"": ""orientation""}",/mnt/tidalfs-hssh01/dataset/xiang/models/Qwen2.5-VL-7B-Instruct,42,not_empty,next_token
A_0067,A,STEP1,BD,0,-0.8981232643127441,-0.5231232643127441,0.4073334038257599,0.5926665663719177,-0.8990029692649841,-0.5240029692649841,0.4073334038257599,1,0,"{""A"": ""position"", ""B"": ""color"", ""C"": ""size"", ""D"": ""orientation""}",/mnt/tidalfs-hssh01/dataset/xiang/models/Qwen2.5-VL-7B-Instruct,42,not_empty,next_token
A_0067,A,STEP1,CD,0,-0.825939416885376,-0.575939416885376,0.43782350420951843,0.562176525592804,-0.8271618485450745,-0.5771618485450745,0.43782350420951843,1,0,"{""A"": ""position"", ""B"": ""color"", ""C"": ""size"", ""D"": ""orientation""}",/mnt/tidalfs-hssh01/dataset/xiang/models/Qwen2.5-VL-7B-Instruct,42,not_empty,next_token
A_0067,A,STEP1,ABC,0,-0.8981232643127441,-0.5231232643127441,0.4073334038257599,0.5926665663719177,-0.8983588218688965,-0.5233588218688965,0.4073334038257599,1,0,"{""A"": ""position"", ""B"": ""color"", ""C"": ""size"", ""D"": ""orientation""}",/mnt/tidalfs-hssh01/dataset/xiang/models/Qwen2.5-VL-7B-Instruct,42,not_empty,next_token
A_0067,A,STEP1,ABD,0,-0.825939416885376,-0.575939416885376,0.43782350420951843,0.562176525592804,-0.8262399435043335,-0.5762399435043335,0.43782350420951843,1,0,"{""A"": ""position"", ""B"": ""color"", ""C"": ""size"", ""D"": ""orientation""}",/mnt/tidalfs-hssh01/dataset/xiang/models/Qwen2.5-VL-7B-Instruct,42,not_empty,next_token
A_0067,A,STEP1,ACD,0,-0.9740769863128662,-0.4740769863128662,0.3775406777858734,0.622459352016449,-0.9743494987487793,-0.4743494987487793,0.3775406777858734,1,0,"{""A"": ""position"", ""B"": ""color"", ""C"": ""size"", ""D"": ""orientation""}",/mnt/tidalfs-hssh01/dataset/xiang/models/Qwen2.5-VL-7B-Instruct,42,not_empty,next_token
A_0067,A,STEP1,BCD,0,-0.8981232643127441,-0.5231232643127441,0.4073334038257599,0.5926665663719177,-0.898369312286377,-0.523369312286377,0.4073334038257599,1,0,"{""A"": ""position"", ""B"": ""color"", ""C"": ""size"", ""D"": ""orientation""}",/mnt/tidalfs-hssh01/dataset/xiang/models/Qwen2.5-VL-7B-Instruct,42,not_empty,next_token
A_0067,A,STEP1,ABCD,0,-0.9740769863128662,-0.4740769863128662,0.3775406777858734,0.622459352016449,-0.9742808938026428,-0.4742808938026428,0.3775406777858734,1,0,"{""A"": ""position"", ""B"": ""color"", ""C"": ""size"", ""D"": ""orientation""}",/mnt/tidalfs-hssh01/dataset/xiang/models/Qwen2.5-VL-7B-Instruct,42,not_empty,next_token
A_0067,A,STEP2,EMPTY,0,-1.1368709802627563,-0.38687101006507874,0.3208213150501251,0.6791786551475525,-1.1873528957366943,-0.4373529553413391,0.3208213150501251,1,0,"{""A"": ""position"", ""B"": ""color"", ""C"": ""size"", ""D"": ""orientation""}",/mnt/tidalfs-hssh01/dataset/xiang/models/Qwen2.5-VL-7B-Instruct,42,text_only,next_token
A_0067,A,STEP2,A,0,-0.9740769863128662,-0.4740769863128662,0.3775406777858734,0.622459352016449,-0.976046621799469,-0.476046621799469,0.3775406777858734,1,0,"{""A"": ""position"", ""B"": ""color"", ""C"": ""size"", ""D"": ""orientation""}",/mnt/tidalfs-hssh01/dataset/xiang/models/Qwen2.5-VL-7B-Instruct,42,not_empty,next_token
A_0067,A,STEP2,B,0,-0.8981232643127441,-0.5231232643127441,0.4073334038257599,0.5926665663719177,-0.9001257419586182,-0.5251257419586182,0.4073334038257599,1,0,"{""A"": ""position"", ""B"": ""color"", ""C"": ""size"", ""D"": ""orientation""}",/mnt/tidalfs-hssh01/dataset/xiang/models/Qwen2.5-VL-7B-Instruct,42,not_empty,next_token
A_0067,A,STEP2,C,0,-0.8981232643127441,-0.5231232643127441,0.4073334038257599,0.5926665663719177,-0.8998823761940002,-0.5248823761940002,0.4073334038257599,1,0,"{""A"": ""position"", ""B"": ""color"", ""C"": ""size"", ""D"": ""orientation""}",/mnt/tidalfs-hssh01/dataset/xiang/models/Qwen2.5-VL-7B-Instruct,42,not_empty,next_token
A_0067,A,STEP2,D,0,-1.2234445810317993,-0.3484445810317993,0.29421499371528625,0.7057850360870361,-1.2276611328125,-0.3526611626148224,0.29421499371528625,1,0,"{""A"": ""position"", ""B"": ""color"", ""C"": ""size"", ""D"": ""orientation""}",/mnt/tidalfs-hssh01/dataset/xiang/models/Qwen2.5-VL-7B-Instruct,42,not_empty,next_token
A_0067,A,STEP2,AB,0,-0.7575989961624146,-0.6325989961624146,0.4687906503677368,0.531209409236908,-0.7584482431411743,-0.6334482431411743,0.4687906503677368,1,0,"{""A"": ""position"", ""B"": ""color"", ""C"": ""size"", ""D"": ""orientation""}",/mnt/tidalfs-hssh01/dataset/xiang/models/Qwen2.5-VL-7B-Instruct,42,not_empty,next_token
A_0067,A,STEP2,AC,0,-0.8981232643127441,-0.5231232643127441,0.4073334038257599,0.5926665663719177,-0.8984832167625427,-0.5234832167625427,0.4073334038257599,1,0,"{""A"": ""position"", ""B"": ""color"", ""C"": ""size"", ""D"": ""orientation""}",/mnt/tidalfs-hssh01/dataset/xiang/models/Qwen2.5-VL-7B-Instruct,42,not_empty,next_token
A_0067,A,STEP2,AD,0,-0.9740769863128662,-0.4740769863128662,0.3775406777858734,0.622459352016449,-0.9756172299385071,-0.4756172299385071,0.3775406777858734,1,0,"{""A"": ""position"", ""B"": ""color"", ""C"": ""size"", ""D"": ""orientation""}",/mnt/tidalfs-hssh01/dataset/xiang/models/Qwen2.5-VL-7B-Instruct,42,not_empty,next_token
A_0067,A,STEP2,BC,0,-0.825939416885376,-0.575939416885376,0.43782350420951843,0.562176525592804,-0.8269189596176147,-0.5769189596176147,0.43782350420951843,1,0,"{""A"": ""position"", ""B"": ""color"", ""C"": ""size"", ""D"": ""orientation""}",/mnt/tidalfs-hssh01/dataset/xiang/models/Qwen2.5-VL-7B-Instruct,42,not_empty,next_token
A_0067,A,STEP2,BD,0,-0.8981232643127441,-0.5231232643127441,0.4073334038257599,0.5926665663719177,-0.9000710248947144,-0.5250710248947144,0.4073334038257599,1,0,"{""A"": ""position"", ""B"": ""color"", ""C"": ""size"", ""D"": ""orientation""}",/mnt/tidalfs-hssh01/dataset/xiang/models/Qwen2.5-VL-7B-Instruct,42,not_empty,next_token
A_0067,A,STEP2,CD,0,-0.825939416885376,-0.575939416885376,0.43782350420951843,0.562176525592804,-0.8271183967590332,-0.5771183967590332,0.43782350420951843,1,0,"{""A"": ""position"", ""B"": ""color"", ""C"": ""size"", ""D"": ""orientation""}",/mnt/tidalfs-hssh01/dataset/xiang/models/Qwen2.5-VL-7B-Instruct,42,not_empty,next_token
A_0067,A,STEP2,ABC,0,-0.6325989961624146,-0.7575989961624146,0.531209409236908,0.4687906503677368,-0.6331777572631836,-0.7581777572631836,0.531209409236908,0,1,"{""A"": ""position"", ""B"": ""color"", ""C"": ""size"", ""D"": ""orientation""}",/mnt/tidalfs-hssh01/dataset/xiang/models/Qwen2.5-VL-7B-Instruct,42,not_empty,next_token
A_0067,A,STEP2,ABD,0,-0.6325989961624146,-0.7575989961624146,0.531209409236908,0.4687906503677368,-0.6333204507827759,-0.7583204507827759,0.531209409236908,0,1,"{""A"": ""position"", ""B"": ""color"", ""C"": ""size"", ""D"": ""orientation""}",/mnt/tidalfs-hssh01/dataset/xiang/models/Qwen2.5-VL-7B-Instruct,42,not_empty,next_token
A_0067,A,STEP2,ACD,0,-0.825939416885376,-0.575939416885376,0.43782350420951843,0.562176525592804,-0.8262977600097656,-0.5762977600097656,0.43782350420951843,1,0,"{""A"": ""position"", ""B"": ""color"", ""C"": ""size"", ""D"": ""orientation""}",/mnt/tidalfs-hssh01/dataset/xiang/models/Qwen2.5-VL-7B-Instruct,42,not_empty,next_token
A_0067,A,STEP2,BCD,0,-0.825939416885376,-0.575939416885376,0.43782350420951843,0.562176525592804,-0.8265451788902283,-0.5765451788902283,0.43782350420951843,1,0,"{""A"": ""position"", ""B"": ""color"", ""C"": ""size"", ""D"": ""orientation""}",/mnt/tidalfs-hssh01/dataset/xiang/models/Qwen2.5-VL-7B-Instruct,42,not_empty,next_token
A_0067,A,STEP2,ABCD,0,-0.6325989961624146,-0.7575989961624146,0.531209409236908,0.4687906503677368,-0.6331418752670288,-0.7581418752670288,0.531209409236908,0,1,"{""A"": ""position"", ""B"": ""color"", ""C"": ""size"", ""D"": ""orientation""}",/mnt/tidalfs-hssh01/dataset/xiang/models/Qwen2.5-VL-7B-Instruct,42,not_empty,next_token
A_0067,A,FINAL,EMPTY,0,-0.825939416885376,-0.575939416885376,0.43782350420951843,0.562176525592804,-1.032974123954773,-0.782974123954773,0.43782350420951843,1,0,"{""A"": ""position"", ""B"": ""color"", ""C"": ""size"", ""D"": ""orientation""}",/mnt/tidalfs-hssh01/dataset/xiang/models/Qwen2.5-VL-7B-Instruct,42,text_only,next_token
A_0067,A,FINAL,A,0,-0.825939416885376,-0.575939416885376,0.43782350420951843,0.562176525592804,-0.8462235331535339,-0.5962235331535339,0.43782350420951843,1,0,"{""A"": ""position"", ""B"": ""color"", ""C"": ""size"", ""D"": ""orientation""}",/mnt/tidalfs-hssh01/dataset/xiang/models/Qwen2.5-VL-7B-Instruct,42,not_empty,next_token
A_0067,A,FINAL,B,0,-0.7575989961624146,-0.6325989961624146,0.4687906503677368,0.531209409236908,-0.7723475694656372,-0.6473475694656372,0.4687906503677368,1,0,"{""A"": ""position"", ""B"": ""color"", ""C"": ""size"", ""D"": ""orientation""}",/mnt/tidalfs-hssh01/dataset/xiang/models/Qwen2.5-VL-7B-Instruct,42,not_empty,next_token
A_0067,A,FINAL,C,0,-0.825939416885376,-0.575939416885376,0.43782350420951843,0.562176525592804,-0.8405668139457703,-0.5905668139457703,0.43782350420951843,1,0,"{""A"": ""position"", ""B"": ""color"", ""C"": ""size"", ""D"": ""orientation""}",/mnt/tidalfs-hssh01/dataset/xiang/models/Qwen2.5-VL-7B-Instruct,42,not_empty,next_token
A_0067,A,FINAL,D,0,-0.8981232643127441,-0.5231232643127441,0.4073334038257599,0.5926665663719177,-0.947605311870575,-0.572605311870575,0.4073334038257599,1,0,"{""A"": ""position"", ""B"": ""color"", ""C"": ""size"", ""D"": ""orientation""}",/mnt/tidalfs-hssh01/dataset/xiang/models/Qwen2.5-VL-7B-Instruct,42,not_empty,next_token
A_0067,A,FINAL,AB,0,-0.6931471824645996,-0.6931471824645996,0.5,0.5,-0.69500333070755,-0.69500333070755,0.5,0,1,"{""A"": ""position"", ""B"": ""color"", ""C"": ""size"", ""D"": ""orientation""}",/mnt/tidalfs-hssh01/dataset/xiang/models/Qwen2.5-VL-7B-Instruct,42,not_empty,next_token
A_0067,A,FINAL,AC,0,-0.7575989961624146,-0.6325989961624146,0.4687906503677368,0.531209409236908,-0.7587816715240479,-0.6337816715240479,0.4687906503677368,1,0,"{""A"": ""position"", ""B"": ""color"", ""C"": ""size"", ""D"": ""orientation""}",/mnt/tidalfs-hssh01/dataset/xiang/models/Qwen2.5-VL-7B-Instruct,42,not_empty,next_token
A_0067,A,FINAL,AD,0,-0.8981232643127441,-0.5231232643127441,0.4073334038257599,0.5926665663719177,-0.9026461839675903,-0.5276461839675903,0.4073334038257599,1,0,"{""A"": ""position"", ""B"": ""color"", ""C"": ""size"", ""D"": ""orientation""}",/mnt/tidalfs-hssh01/dataset/xiang/models/Qwen2.5-VL-7B-Instruct,42,not_empty,next_token
A_0067,A,FINAL,BC,0,-0.7575989961624146,-0.6325989961624146,0.4687906503677368,0.531209409236908,-0.7608028650283813,-0.6358028650283813,0.4687906503677368,1,0,"{""A"": ""position"", ""B"": ""color"", ""C"": ""size"", ""D"": ""orientation""}",/mnt/tidalfs-hssh01/dataset/xiang/models/Qwen2.5-VL-7B-Instruct,42,not_empty,next_token
A_0067,A,FINAL,BD,0,-0.8981232643127441,-0.5231232643127441,0.4073334038257599,0.5926665663719177,-0.9042872786521912,-0.5292872786521912,0.4073334038257599,1,0,"{""A"": ""position"", ""B"": ""color"", ""C"": ""size"", ""D"": ""orientation""}",/mnt/tidalfs-hssh01/dataset/xiang/models/Qwen2.5-VL-7B-Instruct,42,not_empty,next_token
A_0067,A,FINAL,CD,0,-0.825939416885376,-0.575939416885376,0.43782350420951843,0.562176525592804,-0.8348593711853027,-0.5848593711853027,0.43782350420951843,1,0,"{""A"": ""position"", ""B"": ""color"", ""C"": ""size"", ""D"": ""orientation""}",/mnt/tidalfs-hssh01/dataset/xiang/models/Qwen2.5-VL-7B-Instruct,42,not_empty,next_token
A_0067,A,FINAL,ABC,0,-0.6931471824645996,-0.6931471824645996,0.5,0.5,-0.69483482837677,-0.69483482837677,0.5,0,1,"{""A"": ""position"", ""B"": ""color"", ""C"": ""size"", ""D"": ""orientation""}",/mnt/tidalfs-hssh01/dataset/xiang/models/Qwen2.5-VL-7B-Instruct,42,not_empty,next_token
A_0067,A,FINAL,ABD,0,-0.8981232643127441,-0.5231232643127441,0.4073334038257599,0.5926665663719177,-0.8994264602661133,-0.5244264602661133,0.4073334038257599,1,0,"{""A"": ""position"", ""B"": ""color"", ""C"": ""size"", ""D"": ""orientation""}",/mnt/tidalfs-hssh01/dataset/xiang/models/Qwen2.5-VL-7B-Instruct,42,not_empty,next_token
A_0067,A,FINAL,ACD,0,-0.9740769863128662,-0.4740769863128662,0.3775406777858734,0.622459352016449,-0.9751153588294983,-0.4751153588294983,0.3775406777858734,1,0,"{""A"": ""position"", ""B"": ""color"", ""C"": ""size"", ""D"": ""orientation""}",/mnt/tidalfs-hssh01/dataset/xiang/models/Qwen2.5-VL-7B-Instruct,42,not_empty,next_token
A_0067,A,FINAL,BCD,0,-0.8981232643127441,-0.5231232643127441,0.4073334038257599,0.5926665663719177,-0.9023288488388062,-0.5273288488388062,0.4073334038257599,1,0,"{""A"": ""position"", ""B"": ""color"", ""C"": ""size"", ""D"": ""orientation""}",/mnt/tidalfs-hssh01/dataset/xiang/models/Qwen2.5-VL-7B-Instruct,42,not_empty,next_token
A_0067,A,FINAL,ABCD,0,-0.8981232643127441,-0.5231232643127441,0.4073334038257599,0.5926665663719177,-0.899193525314331,-0.524193525314331,0.4073334038257599,1,0,"{""A"": ""position"", ""B"": ""color"", ""C"": ""size"", ""D"": ""orientation""}",/mnt/tidalfs-hssh01/dataset/xiang/models/Qwen2.5-VL-7B-Instruct,42,not_empty,next_token
A_0075,A,STEP1,EMPTY,1,-0.6931471824645996,-0.6931471824645996,0.5,0.5,-0.7521441578865051,-0.7521441578865051,0.5,0,0,"{""A"": ""position"", ""B"": ""color"", ""C"": ""size"", ""D"": ""orientation""}",/mnt/tidalfs-hssh01/dataset/xiang/models/Qwen2.5-VL-7B-Instruct,42,text_only,next_token
A_0075,A,STEP1,A,1,-0.6931471824645996,-0.6931471824645996,0.5,0.5,-0.695659339427948,-0.695659339427948,0.5,0,0,"{""A"": ""position"", ""B"": ""color"", ""C"": ""size"", ""D"": ""orientation""}",/mnt/tidalfs-hssh01/dataset/xiang/models/Qwen2.5-VL-7B-Instruct,42,not_empty,next_token
A_0075,A,STEP1,B,1,-0.7575989961624146,-0.6325989961624146,0.4687906503677368,0.531209409236908,-0.7589655518531799,-0.6339655518531799,0.531209409236908,1,1,"{""A"": ""position"", ""B"": ""color"", ""C"": ""size"", ""D"": ""orientation""}",/mnt/tidalfs-hssh01/dataset/xiang/models/Qwen2.5-VL-7B-Instruct,42,not_empty,next_token
A_0075,A,STEP1,C,1,-0.6931471824645996,-0.6931471824645996,0.5,0.5,-0.6965280771255493,-0.6965280771255493,0.5,0,0,"{""A"": ""position"", ""B"": ""color"", ""C"": ""size"", ""D"": ""orientation""}",/mnt/tidalfs-hssh01/dataset/xiang/models/Qwen2.5-VL-7B-Instruct,42,not_empty,next_token
A_0075,A,STEP1,D,1,-0.825939416885376,-0.575939416885376,0.43782350420951843,0.562176525592804,-0.8328023552894592,-0.5828023552894592,0.562176525592804,1,1,"{""A"": ""position"", ""B"": ""color"", ""C"": ""size"", ""D"": ""orientation""}",/mnt/tidalfs-hssh01/dataset/xiang/models/Qwen2.5-VL-7B-Instruct,42,not_empty,next_token
A_0075,A,STEP1,AB,1,-0.6325989961624146,-0.7575989961624146,0.531209409236908,0.4687906503677368,-0.6331754922866821,-0.7581754922866821,0.4687906503677368,0,0,"{""A"": ""position"", ""B"": ""color"", ""C"": ""size"", ""D"": ""orientation""}",/mnt/tidalfs-hssh01/dataset/xiang/models/Qwen2.5-VL-7B-Instruct,42,not_empty,next_token
A_0075,A,STEP1,AC,1,-0.825939416885376,-0.575939416885376,0.43782350420951843,0.562176525592804,-0.8264027833938599,-0.5764027833938599,0.562176525592804,1,1,"{""A"": ""position"", ""B"": ""color"", ""C"": ""size"", ""D"": ""orientation""}",/mnt/tidalfs-hssh01/dataset/xiang/models/Qwen2.5-VL-7B-Instruct,42,not_empty,next_token
A_0075,A,STEP1,AD,1,-0.825939416885376,-0.575939416885376,0.43782350420951843,0.562176525592804,-0.8270623683929443,-0.5770623683929443,0.562176525592804,1,1,"{""A"": ""position"", ""B"": ""color"", ""C"": ""size"", ""D"": ""orientation""}",/mnt/tidalfs-hssh01/dataset/xiang/models/Qwen2.5-VL-7B-Instruct,42,not_empty,next_token
A_0075,A,STEP1,BC,1,-0.8981232643127441,-0.5231232643127441,0.4073334038257599,0.5926665663719177,-0.8987282514572144,-0.5237282514572144,0.5926665663719177,1,1,"{""A"": ""position"", ""B"": ""color"", ""C"": ""size"", ""D"": ""orientation""}",/mnt/tidalfs-hssh01/dataset/xiang/models/Qwen2.5-VL-7B-Instruct,42,not_empty,next_token
A_0075,A,STEP1,BD,1,-0.825939416885376,-0.575939416885376,0.43782350420951843,0.562176525592804,-0.8274023532867432,-0.5774023532867432,0.562176525592804,1,1,"{""A"": ""position"", ""B"": ""color"", ""C"": ""size"", ""D"": ""orientation""}",/mnt/tidalfs-hssh01/dataset/xiang/models/Qwen2.5-VL-7B-Instruct,42,not_empty,next_token
A_0075,A,STEP1,CD,1,-0.825939416885376,-0.575939416885376,0.43782350420951843,0.562176525592804,-0.8271618485450745,-0.5771618485450745,0.562176525592804,1,1,"{""A"": ""position"", ""B"": ""color"", ""C"": ""size"", ""D"": ""orientation""}",/mnt/tidalfs-hssh01/dataset/xiang/models/Qwen2.5-VL-7B-Instruct,42,not_empty,next_token
A_0075,A,STEP1,ABC,1,-0.8981232643127441,-0.5231232643127441,0.4073334038257599,0.5926665663719177,-0.8983640074729919,-0.5233640074729919,0.5926665663719177,1,1,"{""A"": ""position"", ""B"": ""color"", ""C"": ""size"", ""D"": ""orientation""}",/mnt/tidalfs-hssh01/dataset/xiang/models/Qwen2.5-VL-7B-Instruct,42,not_empty,next_token
A_0075,A,STEP1,ABD,1,-0.8981232643127441,-0.5231232643127441,0.4073334038257599,0.5926665663719177,-0.898414134979248,-0.523414134979248,0.5926665663719177,1,1,"{""A"": ""position"", ""B"": ""color"", ""C"": ""size"", ""D"": ""orientation""}",/mnt/tidalfs-hssh01/dataset/xiang/models/Qwen2.5-VL-7B-Instruct,42,not_empty,next_token
A_0075,A,STEP1,ACD,1,-0.9740769863128662,-0.4740769863128662,0.3775406777858734,0.622459352016449,-0.9743494987487793,-0.4743494987487793,0.622459352016449,1,1,"{""A"": ""position"", ""B"": ""color"", ""C"": ""size"", ""D"": ""orientation""}",/mnt/tidalfs-hssh01/dataset/xiang/models/Qwen2.5-VL-7B-Instruct,42,not_empty,next_token
A_0075,A,STEP1,BCD,1,-0.9740769863128662,-0.4740769863128662,0.3775406777858734,0.622459352016449,-0.9743934869766235,-0.47439348697662354,0.622459352016449,1,1,"{""A"": ""position"", ""B"": ""color"", ""C"": ""size"", ""D"": ""orientation""}",/mnt/tidalfs-hssh01/dataset/xiang/models/Qwen2.5-VL-7B-Instruct,42,not_empty,next_token
A_0075,A,STEP1,ABCD,1,-0.8981232643127441,-0.5231232643127441,0.4073334038257599,0.5926665663719177,-0.8983171582221985,-0.5233171582221985,0.5926665663719177,1,1,"{""A"": ""position"", ""B"": ""color"", ""C"": ""size"", ""D"": ""orientation""}",/mnt/tidalfs-hssh01/dataset/xiang/models/Qwen2.5-VL-7B-Instruct,42,not_empty,next_token
A_0075,A,STEP2,EMPTY,0,-1.1368709802627563,-0.38687101006507874,0.3208213150501251,0.6791786551475525,-1.1873528957366943,-0.4373529553413391,0.3208213150501251,1,0,"{""A"": ""position"", ""B"": ""color"", ""C"": ""size"", ""D"": ""orientation""}",/mnt/tidalfs-hssh01/dataset/xiang/models/Qwen2.5-VL-7B-Instruct,42,text_only,next_token
A_0075,A,STEP2,A,0,-0.9740769863128662,-0.4740769863128662,0.3775406777858734,0.622459352016449,-0.976046621799469,-0.476046621799469,0.3775406777858734,1,0,"{""A"": ""position"", ""B"": ""color"", ""C"": ""size"", ""D"": ""orientation""}",/mnt/tidalfs-hssh01/dataset/xiang/models/Qwen2.5-VL-7B-Instruct,42,not_empty,next_token
A_0075,A,STEP2,B,0,-0.825939416885376,-0.575939416885376,0.43782350420951843,0.562176525592804,-0.8274880647659302,-0.5774880647659302,0.43782350420951843,1,0,"{""A"": ""position"", ""B"": ""color"", ""C"": ""size"", ""D"": ""orientation""}",/mnt/tidalfs-hssh01/dataset/xiang/models/Qwen2.5-VL-7B-Instruct,42,not_empty,next_token
A_0075,A,STEP2,C,0,-0.8981232643127441,-0.5231232643127441,0.4073334038257599,0.5926665663719177,-0.8998823761940002,-0.5248823761940002,0.4073334038257599,1,0,"{""A"": ""position"", ""B"": ""color"", ""C"": ""size"", ""D"": ""orientation""}",/mnt/tidalfs-hssh01/dataset/xiang/models/Qwen2.5-VL-7B-Instruct,42,not_empty,next_token
A_0075,A,STEP2,D,0,-1.2234445810317993,-0.3484445810317993,0.29421499371528625,0.7057850360870361,-1.2276611328125,-0.3526611626148224,0.29421499371528625,1,0,"{""A"": ""position"", ""B"": ""color"", ""C"": ""size"", ""D"": ""orientation""}",/mnt/tidalfs-hssh01/dataset/xiang/models/Qwen2.5-VL-7B-Instruct,42,not_empty,next_token
A_0075,A,STEP2,AB,0,-0.6931471824645996,-0.6931471824645996,0.5,0.5,-0.6940824389457703,-0.6940824389457703,0.5,0,1,"{""A"": ""position"", ""B"": ""color"", ""C"": ""size"", ""D"": ""orientation""}",/mnt/tidalfs-hssh01/dataset/xiang/models/Qwen2.5-VL-7B-Instruct,42,not_empty,next_token
A_0075,A,STEP2,AC,0,-0.8981232643127441,-0.5231232643127441,0.4073334038257599,0.5926665663719177,-0.8984832167625427,-0.5234832167625427,0.4073334038257599,1,0,"{""A"": ""position"", ""B"": ""color"", ""C"": ""size"", ""D"": ""orientation""}",/mnt/tidalfs-hssh01/dataset/xiang/models/Qwen2.5-VL-7B-Instruct,42,not_empty,next_token
A_0075,A,STEP2,AD,0,-0.9740769863128662,-0.4740769863128662,0.3775406777858734,0.622459352016449,-0.9756172299385071,-0.4756172299385071,0.3775406777858734,1,0,"{""A"": ""position"", ""B"": ""color"", ""C"": ""size"", ""D"": ""orientation""}",/mnt/tidalfs-hssh01/dataset/xiang/models/Qwen2.5-VL-7B-Instruct,42,not_empty,next_token
A_0075,A,STEP2,BC,0,-0.7575989961624146,-0.6325989961624146,0.4687906503677368,0.531209409236908,-0.7587319612503052,-0.6337319612503052,0.4687906503677368,1,0,"{""A"": ""position"", ""B"": ""color"", ""C"": ""size"", ""D"": ""orientation""}",/mnt/tidalfs-hssh01/dataset/xiang/models/Qwen2.5-VL-7B-Instruct,42,not_empty,next_token
A_0075,A,STEP2,BD,0,-0.9740769863128662,-0.4740769863128662,0.3775406777858734,0.622459352016449,-0.9757934808731079,-0.4757934808731079,0.3775406777858734,1,0,"{""A"": ""position"", ""B"": ""color"", ""C"": ""size"", ""D"": ""orientation""}",/mnt/tidalfs-hssh01/dataset/xiang/models/Qwen2.5-VL-7B-Instruct,42,not_empty,next_token
A_0075,A,STEP2,CD,0,-0.825939416885376,-0.575939416885376,0.43782350420951843,0.562176525592804,-0.8271183967590332,-0.5771183967590332,0.43782350420951843,1,0,"{""A"": ""position"", ""B"": ""color"", ""C"": ""size"", ""D"": ""orientation""}",/mnt/tidalfs-hssh01/dataset/xiang/models/Qwen2.5-VL-7B-Instruct,42,not_empty,next_token
A_0075,A,STEP2,ABC,0,-0.575939416885376,-0.825939416885376,0.562176525592804,0.43782350420951843,-0.5766057968139648,-0.8266057968139648,0.562176525592804,0,1,"{""A"": ""position"", ""B"": ""color"", ""C"": ""size"", ""D"": ""orientation""}",/mnt/tidalfs-hssh01/dataset/xiang/models/Qwen2.5-VL-7B-Instruct,42,not_empty,next_token
A_0075,A,STEP2,ABD,0,-0.6325989961624146,-0.7575989961624146,0.531209409236908,0.4687906503677368,-0.6334043145179749,-0.7584043145179749,0.531209409236908,0,1,"{""A"": ""position"", ""B"": ""color"", ""C"": ""size"", ""D"": ""orientation""}",/mnt/tidalfs-hssh01/dataset/xiang/models/Qwen2.5-VL-7B-Instruct,42,not_empty,next_token
A_0075,A,STEP2,ACD,0,-0.825939416885376,-0.575939416885376,0.43782350420951843,0.562176525592804,-0.8262977600097656,-0.5762977600097656,0.43782350420951843,1,0,"{""A"": ""position"", ""B"": ""color"", ""C"": ""size"", ""D"": ""orientation""}",/mnt/tidalfs-hssh01/dataset/xiang/models/Qwen2.5-VL-7B-Instruct,42,not_empty,next_token
A_0075,A,STEP2,BCD,0,-0.825939416885376,-0.575939416885376,0.43782350420951843,0.562176525592804,-0.826637327671051,-0.576637327671051,0.43782350420951843,1,0,"{""A"": ""position"", ""B"": ""color"", ""C"": ""size"", ""D"": ""orientation""}",/mnt/tidalfs-hssh01/dataset/xiang/models/Qwen2.5-VL-7B-Instruct,42,not_empty,next_token
A_0075,A,STEP2,ABCD,0,-0.6325989961624146,-0.7575989961624146,0.531209409236908,0.4687906503677368,-0.6331280469894409,-0.7581280469894409,0.531209409236908,0,1,"{""A"": ""position"", ""B"": ""color"", ""C"": ""size"", ""D"": ""orientation""}",/mnt/tidalfs-hssh01/dataset/xiang/models/Qwen2.5-VL-7B-Instruct,42,not_empty,next_token
A_0075,A,FINAL,EMPTY,1,-0.825939416885376,-0.575939416885376,0.43782350420951843,0.562176525592804,-1.032974123954773,-0.782974123954773,0.562176525592804,1,1,"{""A"": ""position"", ""B"": ""color"", ""C"": ""size"", ""D"": ""orientation""}",/mnt/tidalfs-hssh01/dataset/xiang/models/Qwen2.5-VL-7B-Instruct,42,text_only,next_token
A_0075,A,FINAL,A,1,-0.825939416885376,-0.575939416885376,0.43782350420951843,0.562176525592804,-0.8462235331535339,-0.5962235331535339,0.562176525592804,1,1,"{""A"": ""position"", ""B"": ""color"", ""C"": ""size"", ""D"": ""orientation""}",/mnt/tidalfs-hssh01/dataset/xiang/models/Qwen2.5-VL-7B-Instruct,42,not_empty,next_token
A_0075,A,FINAL,B,1,-0.7575989961624146,-0.6325989961624146,0.4687906503677368,0.531209409236908,-0.7693278193473816,-0.6443278193473816,0.531209409236908,1,1,"{""A"": ""position"", ""B"": ""color"", ""C"": ""size"", ""D"": ""orientation""}",/mnt/tidalfs-hssh01/dataset/xiang/models/Qwen2.5-VL-7B-Instruct,42,not_empty,next_token
A_0075,A,FINAL,C,1,-0.825939416885376,-0.575939416885376,0.43782350420951843,0.562176525592804,-0.8405668139457703,-0.5905668139457703,0.562176525592804,1,1,"{""A"": ""position"", ""B"": ""color"", ""C"": ""size"", ""D"": ""orientation""}",/mnt/tidalfs-hssh01/dataset/xiang/models/Qwen2.5-VL-7B-Instruct,42,not_empty,next_token
A_0075,A,FINAL,D,1,-0.8981232643127441,-0.5231232643127441,0.4073334038257599,0.5926665663719177,-0.947605311870575,-0.572605311870575,0.5926665663719177,1,1,"{""A"": ""position"", ""B"": ""color"", ""C"": ""size"", ""D"": ""orientation""}",/mnt/tidalfs-hssh01/dataset/xiang/models/Qwen2.5-VL-7B-Instruct,42,not_empty,next_token
A_0075,A,FINAL,AB,1,-0.6325989961624146,-0.7575989961624146,0.531209409236908,0.4687906503677368,-0.6347389221191406,-0.7597389221191406,0.4687906503677368,0,0,"{""A"": ""position"", ""B"": ""color"", ""C"": ""size"", ""D"": ""orientation""}",/mnt/tidalfs-hssh01/dataset/xiang/models/Qwen2.5-VL-7B-Instruct,42,not_empty,next_token
A_0075,A,FINAL,AC,1,-0.7575989961624146,-0.6325989961624146,0.4687906503677368,0.531209409236908,-0.7587816715240479,-0.6337816715240479,0.531209409236908,1,1,"{""A"": ""position"", ""B"": ""color"", ""C"": ""size"", ""D"": ""orientation""}",/mnt/tidalfs-hssh01/dataset/xiang/models/Qwen2.5-VL-7B-Instruct,42,not_empty,next_token
A_0075,A,FINAL,AD,1,-0.8981232643127441,-0.5231232643127441,0.4073334038257599,0.5926665663719177,-0.9026461839675903,-0.5276461839675903,0.5926665663719177,1,1,"{""A"": ""position"", ""B"": ""color"", ""C"": ""size"", ""D"": ""orientation""}",/mnt/tidalfs-hssh01/dataset/xiang/models/Qwen2.5-VL-7B-Instruct,42,not_empty,next_token
A_0075,A,FINAL,BC,1,-0.7575989961624146,-0.6325989961624146,0.4687906503677368,0.531209409236908,-0.761656641960144,-0.636656641960144,0.531209409236908,1,1,"{""A"": ""position"", ""B"": ""color"", ""C"": ""size"", ""D"": ""orientation""}",/mnt/tidalfs-hssh01/dataset/xiang/models/Qwen2.5-VL-7B-Instruct,42,not_empty,next_token
A_0075,A,FINAL,BD,1,-0.825939416885376,-0.575939416885376,0.43782350420951843,0.562176525592804,-0.835913896560669,-0.585913896560669,0.562176525592804,1,1,"{""A"": ""position"", ""B"": ""color"", ""C"": ""size"", ""D"": ""orientation""}",/mnt/tidalfs-hssh01/dataset/xiang/models/Qwen2.5-VL-7B-Instruct,42,not_empty,next_token
A_0075,A,FINAL,CD,1,-0.825939416885376,-0.575939416885376,0.43782350420951843,0.562176525592804,-0.8348593711853027,-0.5848593711853027,0.562176525592804,1,1,"{""A"": ""position"", ""B"": ""color"", ""C"": ""size"", ""D"": ""orientation""}",/mnt/tidalfs-hssh01/dataset/xiang/models/Qwen2.5-VL-7B-Instruct,42,not_empty,next_token
A_0075,A,FINAL,ABC,1,-0.6931471824645996,-0.6931471824645996,0.5,0.5,-0.6950396299362183,-0.6950396299362183,0.5,0,0,"{""A"": ""position"", ""B"": ""color"", ""C"": ""size"", ""D"": ""orientation""}",/mnt/tidalfs-hssh01/dataset/xiang/models/Qwen2.5-VL-7B-Instruct,42,not_empty,next_token
A_0075,A,FINAL,ABD,1,-0.8981232643127441,-0.5231232643127441,0.4073334038257599,0.5926665663719177,-0.8994989395141602,-0.5244989395141602,0.5926665663719177,1,1,"{""A"": ""position"", ""B"": ""color"", ""C"": ""size"", ""D"": ""orientation""}",/mnt/tidalfs-hssh01/dataset/xiang/models/Qwen2.5-VL-7B-Instruct,42,not_empty,next_token
A_0075,A,FINAL,ACD,1,-0.9740769863128662,-0.4740769863128662,0.3775406777858734,0.622459352016449,-0.9751153588294983,-0.4751153588294983,0.622459352016449,1,1,"{""A"": ""position"", ""B"": ""color"", ""C"": ""size"", ""D"": ""orientation""}",/mnt/tidalfs-hssh01/dataset/xiang/models/Qwen2.5-VL-7B-Instruct,42,not_empty,next_token
A_0075,A,FINAL,BCD,1,-0.8981232643127441,-0.5231232643127441,0.4073334038257599,0.5926665663719177,-0.9017210006713867,-0.5267210006713867,0.5926665663719177,1,1,"{""A"": ""position"", ""B"": ""color"", ""C"": ""size"", ""D"": ""orientation""}",/mnt/tidalfs-hssh01/dataset/xiang/models/Qwen2.5-VL-7B-Instruct,42,not_empty,next_token
A_0075,A,FINAL,ABCD,1,-0.8981232643127441,-0.5231232643127441,0.4073334038257599,0.5926665663719177,-0.8991581201553345,-0.5241581201553345,0.5926665663719177,1,1,"{""A"": ""position"", ""B"": ""color"", ""C"": ""size"", ""D"": ""orientation""}",/mnt/tidalfs-hssh01/dataset/xiang/models/Qwen2.5-VL-7B-Instruct,42,not_empty,next_token
A_0083,A,STEP1,EMPTY,0,-0.825939416885376,-0.575939416885376,0.43782350420951843,0.562176525592804,-0.8866772651672363,-0.6366772651672363,0.43782350420951843,1,0,"{""A"": ""color"", ""B"": ""size"", ""C"": ""orientation"", ""D"": ""position""}",/mnt/tidalfs-hssh01/dataset/xiang/models/Qwen2.5-VL-7B-Instruct,42,text_only,next_token
A_0083,A,STEP1,A,0,-0.9740769863128662,-0.4740769863128662,0.3775406777858734,0.622459352016449,-0.9758946895599365,-0.4758947193622589,0.3775406777858734,1,0,"{""A"": ""color"", ""B"": ""size"", ""C"": ""orientation"", ""D"": ""position""}",/mnt/tidalfs-hssh01/dataset/xiang/models/Qwen2.5-VL-7B-Instruct,42,not_empty,next_token
A_0083,A,STEP1,B,0,-0.8981232643127441,-0.5231232643127441,0.4073334038257599,0.5926665663719177,-0.8994943499565125,-0.5244943499565125,0.4073334038257599,1,0,"{""A"": ""color"", ""B"": ""size"", ""C"": ""orientation"", ""D"": ""position""}",/mnt/tidalfs-hssh01/dataset/xiang/models/Qwen2.5-VL-7B-Instruct,42,not_empty,next_token
A_0083,A,STEP1,C,0,-0.9740769863128662,-0.4740769863128662,0.3775406777858734,0.622459352016449,-0.981826663017273,-0.48182669281959534,0.3775406777858734,1,0,"{""A"": ""color"", ""B"": ""size"", ""C"": ""orientation"", ""D"": ""position""}",/mnt/tidalfs-hssh01/dataset/xiang/models/Qwen2.5-VL-7B-Instruct,42,not_empty,next_token
A_0083,A,STEP1,D,0,-0.9740769863128662,-0.4740769863128662,0.3775406777858734,0.622459352016449,-0.9776468276977539,-0.4776468276977539,0.3775406777858734,1,0,"{""A"": ""color"", ""B"": ""size"", ""C"": ""orientation"", ""D"": ""position""}",/mnt/tidalfs-hssh01/dataset/xiang/models/Qwen2.5-VL-7B-Instruct,42,not_empty,next_token
A_0083,A,STEP1,AB,0,-0.9740769863128662,-0.4740769863128662,0.3775406777858734,0.622459352016449,-0.974403977394104,-0.4744039475917816,0.3775406777858734,1,0,"{""A"": ""color"", ""B"": ""size"", ""C"": ""orientation"", ""D"": ""position""}",/mnt/tidalfs-hssh01/dataset/xiang/models/Qwen2.5-VL-7B-Instruct,42,not_empty,next_token
A_0083,A,STEP1,AC,0,-1.1368709802627563,-0.38687101006507874,0.3208213150501251,0.6791786551475525,-1.1373109817504883,-0.38731104135513306,0.3208213150501251,1,0,"{""A"": ""color"", ""B"": ""size"", ""C"": ""orientation"", ""D"": ""position""}",/mnt/tidalfs-hssh01/dataset/xiang/models/Qwen2.5-VL-7B-Instruct,42,not_empty,next_token
A_0083,A,STEP1,AD,0,-1.1368709802627563,-0.38687101006507874,0.3208213150501251,0.6791786551475525,-1.1374709606170654,-0.38747096061706543,0.3208213150501251,1,0,"{""A"": ""color"", ""B"": ""size"", ""C"": ""orientation"", ""D"": ""position""}",/mnt/tidalfs-hssh01/dataset/xiang/models/Qwen2.5-VL-7B-Instruct,42,not_empty,next_token
A_0083,A,STEP1,BC,0,-1.1368709802627563,-0.38687101006507874,0.3208213150501251,0.6791786551475525,-1.1374504566192627,-0.3874504864215851,0.3208213150501251,1,0,"{""A"": ""color"", ""B"": ""size"", ""C"": ""orientation"", ""D"": ""position""}",/mnt/tidalfs-hssh01/dataset/xiang/models/Qwen2.5-VL-7B-Instruct,42,not_empty,next_token
A_0083,A,STEP1,BD,0,-1.1368709802627563,-0.38687101006507874,0.3208213150501251,0.6791786551475525,-1.137405276298523,-0.38740524649620056,0.3208213150501251,1,0,"{""A"": ""color"", ""B"": ""size"", ""C"": ""orientation"", ""D"": ""position""}",/mnt/tidalfs-hssh01/dataset/xiang/models/Qwen2.5-VL-7B-Instruct,42,not_empty,next_token
A_0083,A,STEP1,CD,0,-0.825939416885376,-0.575939416885376,0.43782350420951843,0.562176525592804,-0.8275344967842102,-0.5775344967842102,0.43782350420951843,1,0,"{""A"": ""color"", ""B"": ""size"", ""C"": ""orientation"", ""D"": ""position""}",/mnt/tidalfs-hssh01/dataset/xiang/models/Qwen2.5-VL-7B-Instruct,42,not_empty,next_token
A_0083,A,STEP1,ABC,0,-1.1368709802627563,-0.38687101006507874,0.3208213150501251,0.6791786551475525,-1.137067437171936,-0.38706740736961365,0.3208213150501251,1,0,"{""A"": ""color"", ""B"": ""size"", ""C"": ""orientation"", ""D"": ""position""}",/mnt/tidalfs-hssh01/dataset/xiang/models/Qwen2.5-VL-7B-Instruct,42,not_empty,next_token
A_0083,A,STEP1,ABD,0,-1.3132617473602295,-0.3132617473602295,0.26894140243530273,0.7310584783554077,-1.3134111166000366,-0.31341108679771423,0.26894140243530273,1,0,"{""A"": ""color"", ""B"": ""size"", ""C"": ""orientation"", ""D"": ""position""}",/mnt/tidalfs-hssh01/dataset/xiang/models/Qwen2.5-VL-7B-Instruct,42,not_empty,next_token
A_0083,A,STEP1,ACD,0,-1.2234445810317993,-0.3484445810317993,0.29421499371528625,0.7057850360870361,-1.2236882448196411,-0.3486882746219635,0.29421499371528625,1,0,"{""A"": ""color"", ""B"": ""size"", ""C"": ""orientation"", ""D"": ""position""}",/mnt/tidalfs-hssh01/dataset/xiang/models/Qwen2.5-VL-7B-Instruct,42,not_empty,next_token
A_0083,A,STEP1,BCD,0,-1.3132617473602295,-0.3132617473602295,0.26894140243530273,0.7310584783554077,-1.3135802745819092,-0.31358030438423157,0.26894140243530273,1,0,"{""A"": ""color"", ""B"": ""size"", ""C"": ""orientation"", ""D"": ""position""}",/mnt/tidalfs-hssh01/dataset/xiang/models/Qwen2.5-VL-7B-Instruct,42,not_empty,next_token
A_0083,A,STEP1,ABCD,0,-1.4061501026153564,-0.28115010261535645,0.24508503079414368,0.7549149990081787,-1.4062845706939697,-0.28128454089164734,0.24508503079414368,1,0,"{""A"": ""color"", ""B"": ""size"", ""C"": ""orientation"", ""D"": ""position""}",/mnt/tidalfs-hssh01/dataset/xiang/models/Qwen2.5-VL-7B-Instruct,42,not_empty,next_token
A_0083,A,STEP2,EMPTY,1,-1.1368709802627563,-0.38687101006507874,0.3208213150501251,0.6791786551475525,-1.166052222251892,-0.4160521924495697,0.6791786551475525,1,1,"{""A"": ""color"", ""B"": ""size"", ""C"": ""orientation"", ""D"": ""position""}",/mnt/tidalfs-hssh01/dataset/xiang/models/Qwen2.5-VL-7B-Instruct,42,text_only,next_token
A_0083,A,STEP2,A,1,-1.1368709802627563,-0.38687101006507874,0.3208213150501251,0.6791786551475525,-1.1380829811096191,-0.3880830407142639,0.6791786551475525,1,1,"{""A"": ""color"", ""B"": ""size"", ""C"": ""orientation"", ""D"": ""position""}",/mnt/tidalfs-hssh01/dataset/xiang/models/Qwen2.5-VL-7B-Instruct,42,not_empty,next_token
A_0083,A,STEP2,B,1,-1.1368709802627563,-0.38687101006507874,0.3208213150501251,0.6791786551475525,-1.1385562419891357,-0.38855624198913574,0.6791786551475525,1,1,"{""A"": ""color"", ""B"": ""size"", ""C"": ""orientation"", ""D"": ""position""}",/mnt/tidalfs-hssh01/dataset/xiang/models/Qwen2.5-VL-7B-Instruct,42,not_empty,next_token
A_0083,A,STEP2,C,1,-1.1368709802627563,-0.38687101006507874,0.3208213150501251,0.6791786551475525,-1.1390414237976074,-0.3890414237976074,0.6791786551475525,1,1,"{""A"": ""color"", ""B"": ""size"", ""C"": ""orientation"", ""D"": ""position""}",/mnt/tidalfs-hssh01/dataset/xiang/models/Qwen2.5-VL-7B-Instruct,42,not_empty,next_token
A_0083,A,STEP2,D,1,-1.1368709802627563,-0.38687101006507874,0.3208213150501251,0.6791786551475525,-1.1389763355255127,-0.38897639513015747,0.6791786551475525,1,1,"{""A"": ""color"", ""B"": ""size"", ""C"": ""orientation"", ""D"": ""position""}",/mnt/tidalfs-hssh01/dataset/xiang/models/Qwen2.5-VL-7B-Instruct,42,not_empty,next_token
A_0083,A,STEP2,AB,1,-0.825939416885376,-0.575939416885376,0.43782350420951843,0.562176525592804,-0.8267413973808289,-0.5767413973808289,0.562176525592804,1,1,"{""A"": ""color"", ""B"": ""size"", ""C"": ""orientation"", ""D"": ""position""}",/mnt/tidalfs-hssh01/dataset/xiang/models/Qwen2.5-VL-7B-Instruct,42,not_empty,next_token
A_0083,A,STEP2,AC,1,-0.825939416885376,-0.575939416885376,0.43782350420951843,0.562176525592804,-0.8265881538391113,-0.5765881538391113,0.562176525592804,1,1,"{""A"": ""color"", ""B"": ""size"", ""C"": ""orientation"", ""D"": ""position""}",/mnt/tidalfs-hssh01/dataset/xiang/models/Qwen2.5-VL-7B-Instruct,42,not_empty,next_token
A_0083,A,STEP2,AD,1,-1.1368709802627563,-0.38687101006507874,0.3208213150501251,0.6791786551475525,-1.137675404548645,-0.387675404548645,0.6791786551475525,1,1,"{""A"": ""color"", ""B"": ""size"", ""C"": ""orientation"", ""D"": ""position""}",/mnt/tidalfs-hssh01/dataset/xiang/models/Qwen2.5-VL-7B-Instruct,42,not_empty,next_token
A_0083,A,STEP2,BC,1,-0.825939416885376,-0.575939416885376,0.43782350420951843,0.562176525592804,-0.8272716403007507,-0.5772716403007507,0.562176525592804,1,1,"{""A"": ""color"", ""B"": ""size"", ""C"": ""orientation"", ""D"": ""position""}",/mnt/tidalfs-hssh01/dataset/xiang/models/Qwen2.5-VL-7B-Instruct,42,not_empty,next_token
A_0083,A,STEP2,BD,1,-0.8981232643127441,-0.5231232643127441,0.4073334038257599,0.5926665663719177,-0.8992037773132324,-0.5242037773132324,0.5926665663719177,1,1,"{""A"": ""color"", ""B"": ""size"", ""C"": ""orientation"", ""D"": ""position""}",/mnt/tidalfs-hssh01/dataset/xiang/models/Qwen2.5-VL-7B-Instruct,42,not_empty,next_token
A_0083,A,STEP2,CD,1,-0.9740769863128662,-0.4740769863128662,0.3775406777858734,0.622459352016449,-0.9755614995956421,-0.4755614995956421,0.622459352016449,1,1,"{""A"": ""color"", ""B"": ""size"", ""C"": ""orientation"", ""D"": ""position""}",/mnt/tidalfs-hssh01/dataset/xiang/models/Qwen2.5-VL-7B-Instruct,42,not_empty,next_token
A_0083,A,STEP2,ABC,1,-0.6325989961624146,-0.7575989961624146,0.531209409236908,0.4687906503677368,-0.6333186626434326,-0.7583186626434326,0.4687906503677368,0,0,"{""A"": ""color"", ""B"": ""size"", ""C"": ""orientation"", ""D"": ""position""}",/mnt/tidalfs-hssh01/dataset/xiang/models/Qwen2.5-VL-7B-Instruct,42,not_empty,next_token
A_0083,A,STEP2,ABD,1,-0.8981232643127441,-0.5231232643127441,0.4073334038257599,0.5926665663719177,-0.8985423445701599,-0.5235423445701599,0.5926665663719177,1,1,"{""A"": ""color"", ""B"": ""size"", ""C"": ""orientation"", ""D"": ""position""}",/mnt/tidalfs-hssh01/dataset/xiang/models/Qwen2.5-VL-7B-Instruct,42,not_empty,next_token
A_0083,A,STEP2,ACD,1,-0.825939416885376,-0.575939416885376,0.43782350420951843,0.562176525592804,-0.8263127207756042,-0.5763127207756042,0.562176525592804,1,1,"{""A"": ""color"", ""B"": ""size"", ""C"": ""orientation"", ""D"": ""position""}",/mnt/tidalfs-hssh01/dataset/xiang/models/Qwen2.5-VL-7B-Instruct,42,not_empty,next_token
A_0083,A,STEP2,BCD,1,-0.7575989961624146,-0.6325989961624146,0.4687906503677368,0.531209409236908,-0.7588329911231995,-0.6338329911231995,0.531209409236908,1,1,"{""A"": ""color"", ""B"": ""size"", ""C"": ""orientation"", ""D"": ""position""}",/mnt/tidalfs-hssh01/dataset/xiang/models/Qwen2.5-VL-7B-Instruct,42,not_empty,next_token
A_0083,A,STEP2,ABCD,1,-0.6931471824645996,-0.6931471824645996,0.5,0.5,-0.6935209631919861,-0.6935209631919861,0.5,0,0,"{""A"": ""color"", ""B"": ""size"", ""C"": ""orientation"", ""D"": ""position""}",/mnt/tidalfs-hssh01/dataset/xiang/models/Qwen2.5-VL-7B-Instruct,42,not_empty,next_token
A_0083,A,FINAL,EMPTY,1,-0.7575989961624146,-0.6325989961624146,0.4687906503677368,0.531209409236908,-0.9736700057983398,-0.8486700057983398,0.531209409236908,1,1,"{""A"": ""color"", ""B"": ""size"", ""C"": ""orientation"", ""D"": ""position""}",/mnt/tidalfs-hssh01/dataset/xiang/models/Qwen2.5-VL-7B-Instruct,42,text_only,next_token
A_0083,A,FINAL,A,1,-0.8981232643127441,-0.5231232643127441,0.4073334038257599,0.5926665663719177,-0.904700517654419,-0.529700517654419,0.5926665663719177,1,1,"{""A"": ""color"", ""B"": ""size"", ""C"": ""orientation"", ""D"": ""position""}",/mnt/tidalfs-hssh01/dataset/xiang/models/Qwen2.5-VL-7B-Instruct,42,not_empty,next_token
A_0083,A,FINAL,B,1,-0.8981232643127441,-0.5231232643127441,0.4073334038257599,0.5926665663719177,-0.9050209522247314,-0.5300209522247314,0.5926665663719177,1,1,"{""A"": ""color"", ""B"": ""size"", ""C"": ""orientation"", ""D"": ""position""}",/mnt/tidalfs-hssh01/dataset/xiang/models/Qwen2.5-VL-7B-Instruct,42,not_empty,next_token
A_0083,A,FINAL,C,1,-0.8981232643127441,-0.5231232643127441,0.4073334038257599,0.5926665663719177,-0.9219778776168823,-0.5469778776168823,0.5926665663719177,1,1,"{""A"": ""color"", ""B"": ""size"", ""C"": ""orientation"", ""D"": ""position""}",/mnt/tidalfs-hssh01/dataset/xiang/models/Qwen2.5-VL-7B-Instruct,42,not_empty,next_token
A_0083,A,FINAL,D,1,-0.8981232643127441,-0.5231232643127441,0.4073334038257599,0.5926665663719177,-0.914612352848053,-0.539612352848053,0.5926665663719177,1,1,"{""A"": ""color"", ""B"": ""size"", ""C"": ""orientation"", ""D"": ""position""}",/mnt/tidalfs-hssh01/dataset/xiang/models/Qwen2.5-VL-7B-Instruct,42,not_empty,next_token
A_0083,A,FINAL,AB,1,-0.825939416885376,-0.575939416885376,0.43782350420951843,0.562176525592804,-0.8266299366950989,-0.5766299366950989,0.562176525592804,1,1,"{""A"": ""color"", ""B"": ""size"", ""C"": ""orientation"", ""D"": ""position""}",/mnt/tidalfs-hssh01/dataset/xiang/models/Qwen2.5-VL-7B-Instruct,42,not_empty,next_token
A_0083,A,FINAL,AC,1,-0.8981232643127441,-0.5231232643127441,0.4073334038257599,0.5926665663719177,-0.8995126485824585,-0.5245126485824585,0.5926665663719177,1,1,"{""A"": ""color"", ""B"": ""size"", ""C"": ""orientation"", ""D"": ""position""}",/mnt/tidalfs-hssh01/dataset/xiang/models/Qwen2.5-VL-7B-Instruct,42,not_empty,next_token
A_0083,A,FINAL,AD,1,-0.8981232643127441,-0.5231232643127441,0.4073334038257599,0.5926665663719177,-0.8994209170341492,-0.5244209170341492,0.5926665663719177,1,1,"{""A"": ""color"", ""B"": ""size"", ""C"": ""orientation"", ""D"": ""position""}",/mnt/tidalfs-hssh01/dataset/xiang/models/Qwen2.5-VL-7B-Instruct,42,not_empty,next_token
A_0083,A,FINAL,BC,1,-0.8981232643127441,-0.5231232643127441,0.4073334038257599,0.5926665663719177,-0.9022879600524902,-0.5272879600524902,0.5926665663719177,1,1,"{""A"": ""color"", ""B"": ""size"", ""C"": ""orientation"", ""D"": ""position""}",/mnt/tidalfs-hssh01/dataset/xiang/models/Qwen2.5-VL-7B-Instruct,42,not_empty,next_token
A_0083,A,FINAL,BD,1,-0.825939416885376,-0.575939416885376,0.43782350420951843,0.562176525592804,-0.8287986516952515,-0.5787986516952515,0.562176525592804,1,1,"{""A"": ""color"", ""B"": ""size"", ""C"": ""orientation"", ""D"": ""position""}",/mnt/tidalfs-hssh01/dataset/xiang/models/Qwen2.5-VL-7B-Instruct,42,not_empty,next_token
A_0083,A,FINAL,CD,1,-0.825939416885376,-0.575939416885376,0.43782350420951843,0.562176525592804,-0.834861695766449,-0.584861695766449,0.562176525592804,1,1,"{""A"": ""color"", ""B"": ""size"", ""C"": ""orientation"", ""D"": ""position""}",/mnt/tidalfs-hssh01/dataset/xiang/models/Qwen2.5-VL-7B-Instruct,42,not_empty,next_token
A_0083,A,FINAL,ABC,1,-0.825939416885376,-0.575939416885376,0.43782350420951843,0.562176525592804,-0.8274064660072327,-0.5774064660072327,0.562176525592804,1,1,"{""A"": ""color"", ""B"": ""size"", ""C"": ""orientation"", ""D"": ""position""}",/mnt/tidalfs-hssh01/dataset/xiang/models/Qwen2.5-VL-7B-Instruct,42,not_empty,next_token
A_0083,A,FINAL,ABD,1,-0.8981232643127441,-0.5231232643127441,0.4073334038257599,0.5926665663719177,-0.8989958763122559,-0.5239958763122559,0.5926665663719177,1,1,"{""A"": ""color"", ""B"": ""size"", ""C"": ""orientation"", ""D"": ""position""}",/mnt/tidalfs-hssh01/dataset/xiang/models/Qwen2.5-VL-7B-Instruct,42,not_empty,next_token
A_0083,A,FINAL,ACD,1,-0.9740769863128662,-0.4740769863128662,0.3775406777858734,0.622459352016449,-0.9751920104026794,-0.47519201040267944,0.622459352016449,1,1,"{""A"": ""color"", ""B"": ""size"", ""C"": ""orientation"", ""D"": ""position""}",/mnt/tidalfs-hssh01/dataset/xiang/models/Qwen2.5-VL-7B-Instruct,42,not_empty,next_token
A_0083,A,FINAL,BCD,1,-0.9740769863128662,-0.4740769863128662,0.3775406777858734,0.622459352016449,-0.9774391651153564,-0.47743916511535645,0.622459352016449,1,1,"{""A"": ""color"", ""B"": ""size"", ""C"": ""orientation"", ""D"": ""position""}",/mnt/tidalfs-hssh01/dataset/xiang/models/Qwen2.5-VL-7B-Instruct,42,not_empty,next_token
A_0083,A,FINAL,ABCD,1,-0.9740769863128662,-0.4740769863128662,0.3775406777858734,0.622459352016449,-0.97566819190979,-0.47566819190979004,0.622459352016449,1,1,"{""A"": ""color"", ""B"": ""size"", ""C"": ""orientation"", ""D"": ""position""}",/mnt/tidalfs-hssh01/dataset/xiang/models/Qwen2.5-VL-7B-Instruct,42,not_empty,next_token
A_0091,A,STEP1,EMPTY,1,-0.825939416885376,-0.575939416885376,0.43782350420951843,0.562176525592804,-0.8866772651672363,-0.6366772651672363,0.562176525592804,1,1,"{""A"": ""color"", ""B"": ""size"", ""C"": ""orientation"", ""D"": ""position""}",/mnt/tidalfs-hssh01/dataset/xiang/models/Qwen2.5-VL-7B-Instruct,42,text_only,next_token
A_0091,A,STEP1,A,1,-0.6325989961624146,-0.7575989961624146,0.531209409236908,0.4687906503677368,-0.6342206597328186,-0.7592206597328186,0.4687906503677368,0,0,"{""A"": ""color"", ""B"": ""size"", ""C"": ""orientation"", ""D"": ""position""}",/mnt/tidalfs-hssh01/dataset/xiang/models/Qwen2.5-VL-7B-Instruct,42,not_empty,next_token
A_0091,A,STEP1,B,1,-0.8981232643127441,-0.5231232643127441,0.4073334038257599,0.5926665663719177,-0.8994943499565125,-0.5244943499565125,0.5926665663719177,1,1,"{""A"": ""color"", ""B"": ""size"", ""C"": ""orientation"", ""D"": ""position""}",/mnt/tidalfs-hssh01/dataset/xiang/models/Qwen2.5-VL-7B-Instruct,42,not_empty,next_token
A_0091,A,STEP1,C,1,-0.9740769863128662,-0.4740769863128662,0.3775406777858734,0.622459352016449,-0.981826663017273,-0.48182669281959534,0.622459352016449,1,1,"{""A"": ""color"", ""B"": ""size"", ""C"": ""orientation"", ""D"": ""position""}",/mnt/tidalfs-hssh01/dataset/xiang/models/Qwen2.5-VL-7B-Instruct,42,not_empty,next_token
A_0091,A,STEP1,D,1,-0.9740769863128662,-0.4740769863128662,0.3775406777858734,0.622459352016449,-0.9789466857910156,-0.4789466857910156,0.622459352016449,1,1,"{""A"": ""color"", ""B"": ""size"", ""C"": ""orientation"", ""D"": ""position""}",/mnt/tidalfs-hssh01/dataset/xiang/models/Qwen2.5-VL-7B-Instruct,42,not_empty,next_token
A_0091,A,STEP1,AB,1,-0.825939416885376,-0.575939416885376,0.43782350420951843,0.562176525592804,-0.8261608481407166,-0.5761608481407166,0.562176525592804,1,1,"{""A"": ""color"", ""B"": ""size"", ""C"": ""orientation"", ""D"": ""position""}",/mnt/tidalfs-hssh01/dataset/xiang/models/Qwen2.5-VL-7B-Instruct,42,not_empty,next_token
A_0091,A,STEP1,AC,1,-0.7575989961624146,-0.6325989961624146,0.4687906503677368,0.531209409236908,-0.758022129535675,-0.633022129535675,0.531209409236908,1,1,"{""A"": ""color"", ""B"": ""size"", ""C"": ""orientation"", ""D"": ""position""}",/mnt/tidalfs-hssh01/dataset/xiang/models/Qwen2.5-VL-7B-Instruct,42,not_empty,next_token
A_0091,A,STEP1,AD,1,-0.825939416885376,-0.575939416885376,0.43782350420951843,0.562176525592804,-0.8264911770820618,-0.5764911770820618,0.562176525592804,1,1,"{""A"": ""color"", ""B"": ""size"", ""C"": ""orientation"", ""D"": ""position""}",/mnt/tidalfs-hssh01/dataset/xiang/models/Qwen2.5-VL-7B-Instruct,42,not_empty,next_token
A_0091,A,STEP1,BC,1,-1.1368709802627563,-0.38687101006507874,0.3208213150501251,0.6791786551475525,-1.1374504566192627,-0.3874504864215851,0.6791786551475525,1,1,"{""A"": ""color"", ""B"": ""size"", ""C"": ""orientation"", ""D"": ""position""}",/mnt/tidalfs-hssh01/dataset/xiang/models/Qwen2.5-VL-7B-Instruct,42,not_empty,next_token
A_0091,A,STEP1,BD,1,-1.136871099472046,-0.38687101006507874,0.32082128524780273,0.6791786551475525,-1.1373846530914307,-0.3873845934867859,0.6791786551475525,1,1,"{""A"": ""color"", ""B"": ""size"", ""C"": ""orientation"", ""D"": ""position""}",/mnt/tidalfs-hssh01/dataset/xiang/models/Qwen2.5-VL-7B-Instruct,42,not_empty,next_token
A_0091,A,STEP1,CD,1,-0.7575989961624146,-0.6325989961624146,0.4687906503677368,0.531209409236908,-0.759433925151825,-0.634433925151825,0.531209409236908,1,1,"{""A"": ""color"", ""B"": ""size"", ""C"": ""orientation"", ""D"": ""position""}",/mnt/tidalfs-hssh01/dataset/xiang/models/Qwen2.5-VL-7B-Instruct,42,not_empty,next_token
A_0091,A,STEP1,ABC,1,-0.9740769863128662,-0.4740769863128662,0.3775406777858734,0.622459352016449,-0.9742625951766968,-0.47426262497901917,0.622459352016449,1,1,"{""A"": ""color"", ""B"": ""size"", ""C"": ""orientation"", ""D"": ""position""}",/mnt/tidalfs-hssh01/dataset/xiang/models/Qwen2.5-VL-7B-Instruct,42,not_empty,next_token
A_0091,A,STEP1,ABD,1,-1.1368709802627563,-0.38687101006507874,0.3208213150501251,0.6791786551475525,-1.1370599269866943,-0.3870599865913391,0.6791786551475525,1,1,"{""A"": ""color"", ""B"": ""size"", ""C"": ""orientation"", ""D"": ""position""}",/mnt/tidalfs-hssh01/dataset/xiang/models/Qwen2.5-VL-7B-Instruct,42,not_empty,next_token
A_0091,A,STEP1,ACD,1,-0.8981232643127441,-0.5231232643127441,0.4073334038257599,0.5926665663719177,-0.8983768224716187,-0.5233768224716187,0.5926665663719177,1,1,"{""A"": ""color"", ""B"": ""size"", ""C"": ""orientation"", ""D"": ""position""}",/mnt/tidalfs-hssh01/dataset/xiang/models/Qwen2.5-VL-7B-Instruct,42,not_empty,next_token
A_0091,A,STEP1,BCD,1,-1.2234445810317993,-0.3484445810317993,0.29421499371528625,0.7057850360870361,-1.223755121231079,-0.3487551510334015,0.7057850360870361,1,1,"{""A"": ""color"", ""B"": ""size"", ""C"": ""orientation"", ""D"": ""position""}",/mnt/tidalfs-hssh01/dataset/xiang/models/Qwen2.5-VL-7B-Instruct,42,not_empty,next_token
A_0091,A,STEP1,ABCD,1,-1.1368709802627563,-0.38687101006507874,0.3208213150501251,0.6791786551475525,-1.1370320320129395,-0.38703203201293945,0.6791786551475525,1,1,"{""A"": ""color"", ""B"": ""size"", ""C"": ""orientation"", ""D"": ""position""}",/mnt/tidalfs-hssh01/dataset/xiang/models/Qwen2.5-VL-7B-Instruct,42,not_empty,next_token
A_0091,A,STEP2,EMPTY,0,-1.1368709802627563,-0.38687101006507874,0.3208213150501251,0.6791786551475525,-1.166052222251892,-0.4160521924495697,0.3208213150501251,1,0,"{""A"": ""color"", ""B"": ""size"", ""C"": ""orientation"", ""D"": ""position""}",/mnt/tidalfs-hssh01/dataset/xiang/models/Qwen2.5-VL-7B-Instruct,42,text_only,next_token
A_0091,A,STEP2,A,0,-1.1368709802627563,-0.38687101006507874,0.3208213150501251,0.6791786551475525,-1.138103723526001,-0.38810375332832336,0.3208213150501251,1,0,"{""A"": ""color"", ""B"": ""size"", ""C"": ""orientation"", ""D"": ""position""}",/mnt/tidalfs-hssh01/dataset/xiang/models/Qwen2.5-VL-7B-Instruct,42,not_empty,next_token
A_0091,A,STEP2,B,0,-1.1368709802627563,-0.38687101006507874,0.3208213150501251,0.6791786551475525,-1.1385562419891357,-0.38855624198913574,0.3208213150501251,1,0,"{""A"": ""color"", ""B"": ""size"", ""C"": ""orientation"", ""D"": ""position""}",/mnt/tidalfs-hssh01/dataset/xiang/models/Qwen2.5-VL-7B-Instruct,42,not_empty,next_token
A_0091,A,STEP2,C,0,-1.1368709802627563,-0.38687101006507874,0.3208213150501251,0.6791786551475525,-1.1390414237976074,-0.3890414237976074,0.3208213150501251,1,0,"{""A"": ""color"", ""B"": ""size"", ""C"": ""orientation"", ""D"": ""position""}",/mnt/tidalfs-hssh01/dataset/xiang/models/Qwen2.5-VL-7B-Instruct,42,not_empty,next_token
A_0091,A,STEP2,D,0,-1.2234444618225098,-0.3484445810317993,0.29421502351760864,0.7057850360870361,-1.2250585556030273,-0.3500586152076721,0.29421502351760864,1,0,"{""A"": ""color"", ""B"": ""size"", ""C"": ""orientation"", ""D"": ""position""}",/mnt/tidalfs-hssh01/dataset/xiang/models/Qwen2.5-VL-7B-Instruct,42,not_empty,next_token
A_0091,A,STEP2,AB,0,-0.8981232643127441,-0.5231232643127441,0.4073334038257599,0.5926665663719177,-0.8989626169204712,-0.5239626169204712,0.4073334038257599,1,0,"{""A"": ""color"", ""B"": ""size"", ""C"": ""orientation"", ""D"": ""position""}",/mnt/tidalfs-hssh01/dataset/xiang/models/Qwen2.5-VL-7B-Instruct,42,not_empty,next_token
A_0091,A,STEP2,AC,0,-0.825939416885376,-0.575939416885376,0.43782350420951843,0.562176525592804,-0.8264377117156982,-0.5764377117156982,0.43782350420951843,1,0,"{""A"": ""color"", ""B"": ""size"", ""C"": ""orientation"", ""D"": ""position""}",/mnt/tidalfs-hssh01/dataset/xiang/models/Qwen2.5-VL-7B-Instruct,42,not_empty,next_token
A_0091,A,STEP2,AD,0,-1.0537006855010986,-0.42870065569877625,0.3486451208591461,0.6513548493385315,-1.0546177625656128,-0.4296177923679352,0.3486451208591461,1,0,"{""A"": ""color"", ""B"": ""size"", ""C"": ""orientation"", ""D"": ""position""}",/mnt/tidalfs-hssh01/dataset/xiang/models/Qwen2.5-VL-7B-Instruct,42,not_empty,next_token
A_0091,A,STEP2,BC,0,-0.825939416885376,-0.575939416885376,0.43782350420951843,0.562176525592804,-0.8272716403007507,-0.5772716403007507,0.43782350420951843,1,0,"{""A"": ""color"", ""B"": ""size"", ""C"": ""orientation"", ""D"": ""position""}",/mnt/tidalfs-hssh01/dataset/xiang/models/Qwen2.5-VL-7B-Instruct,42,not_empty,next_token
A_0091,A,STEP2,BD,0,-0.9740769863128662,-0.4740769863128662,0.3775406777858734,0.622459352016449,-0.9752063751220703,-0.4752063751220703,0.3775406777858734,1,0,"{""A"": ""color"", ""B"": ""size"", ""C"": ""orientation"", ""D"": ""position""}",/mnt/tidalfs-hssh01/dataset/xiang/models/Qwen2.5-VL-7B-Instruct,42,not_empty,next_token
A_0091,A,STEP2,CD,0,-0.9740769863128662,-0.4740769863128662,0.3775406777858734,0.622459352016449,-0.9750595688819885,-0.4750595688819885,0.3775406777858734,1,0,"{""A"": ""color"", ""B"": ""size"", ""C"": ""orientation"", ""D"": ""position""}",/mnt/tidalfs-hssh01/dataset/xiang/models/Qwen2.5-VL-7B-Instruct,42,not_empty,next_token
A_0091,A,STEP2,ABC,0,-0.6931471824645996,-0.6931471824645996,0.5,0.5,-0.6937875151634216,-0.6937875151634216,0.5,0,1,"{""A"": ""color"", ""B"": ""size"", ""C"": ""orientation"", ""D"": ""position""}",/mnt/tidalfs-hssh01/dataset/xiang/models/Qwen2.5-VL-7B-Instruct,42,not_empty,next_token
A_0091,A,STEP2,ABD,0,-0.825939416885376,-0.575939416885376,0.43782350420951843,0.562176525592804,-0.826518714427948,-0.576518714427948,0.43782350420951843,1,0,"{""A"": ""color"", ""B"": ""size"", ""C"": ""orientation"", ""D"": ""position""}",/mnt/tidalfs-hssh01/dataset/xiang/models/Qwen2.5-VL-7B-Instruct,42,not_empty,next_token
A_0091,A,STEP2,ACD,0,-0.825939416885376,-0.575939416885376,0.43782350420951843,0.562176525592804,-0.8264597654342651,-0.5764597654342651,0.43782350420951843,1,0,"{""A"": ""color"", ""B"": ""size"", ""C"": ""orientation"", ""D"": ""position""}",/mnt/tidalfs-hssh01/dataset/xiang/models/Qwen2.5-VL-7B-Instruct,42,not_empty,next_token
A_0091,A,STEP2,BCD,0,-0.7575989961624146,-0.6325989961624146,0.4687906503677368,0.531209409236908,-0.7584200501441956,-0.6334200501441956,0.4687906503677368,1,0,"{""A"": ""color"", ""B"": ""size"", ""C"": ""orientation"", ""D"": ""position""}",/mnt/tidalfs-hssh01/dataset/xiang/models/Qwen2.5-VL-7B-Instruct,42,not_empty,next_token
A_0091,A,STEP2,ABCD,0,-0.6325989961624146,-0.7575989961624146,0.531209409236908,0.4687906503677368,-0.6330121755599976,-0.7580121755599976,0.531209409236908,0,1,"{""A"": ""color"", ""B"": ""size"", ""C"": ""orientation"", ""D"": ""position""}",/mnt/tidalfs-hssh01/dataset/xiang/models/Qwen2.5-VL-7B-Instruct,42,not_empty,next_token
A_0091,A,FINAL,EMPTY,1,-0.7575989961624146,-0.6325989961624146,0.4687906503677368,0.531209409236908,-0.9736700057983398,-0.8486700057983398,0.531209409236908,1,1,"{""A"": ""color"", ""B"": ""size"", ""C"": ""orientation"", ""D"": ""position""}",/mnt/tidalfs-hssh01/dataset/xiang/models/Qwen2.5-VL-7B-Instruct,42,text_only,next_token
A_0091,A,FINAL,A,1,-0.825939416885376,-0.575939416885376,0.43782350420951843,0.562176525592804,-0.8319355845451355,-0.5819355845451355,0.562176525592804,1,1,"{""A"": ""color"", ""B"": ""size"", ""C"": ""orientation"", ""D"": ""position""}",/mnt/tidalfs-hssh01/dataset/xiang/models/Qwen2.5-VL-7B-Instruct,42,not_empty,next_token
A_0091,A,FINAL,B,1,-0.8981232643127441,-0.5231232643127441,0.4073334038257599,0.5926665663719177,-0.9050209522247314,-0.5300209522247314,0.5926665663719177,1,1,"{""A"": ""color"", ""B"": ""size"", ""C"": ""orientation"", ""D"": ""position""}",/mnt/tidalfs-hssh01/dataset/xiang/models/Qwen2.5-VL-7B-Instruct,42,not_empty,next_token
A_0091,A,FINAL,C,1,-0.8981232643127441,-0.5231232643127441,0.4073334038257599,0.5926665663719177,-0.9219778776168823,-0.5469778776168823,0.5926665663719177,1,1,"{""A"": ""color"", ""B"": ""size"", ""C"": ""orientation"", ""D"": ""position""}",/mnt/tidalfs-hssh01/dataset/xiang/models/Qwen2.5-VL-7B-Instruct,42,not_empty,next_token
A_0091,A,FINAL,D,1,-0.8981232643127441,-0.5231232643127441,0.4073334038257599,0.5926665663719177,-0.9094062447547913,-0.5344062447547913,0.5926665663719177,1,1,"{""A"": ""color"", ""B"": ""size"", ""C"": ""orientation"", ""D"": ""position""}",/mnt/tidalfs-hssh01/dataset/xiang/models/Qwen2.5-VL-7B-Instruct,42,not_empty,next_token
A_0091,A,FINAL,AB,1,-0.825939416885376,-0.575939416885376,0.43782350420951843,0.562176525592804,-0.8268360495567322,-0.5768360495567322,0.562176525592804,1,1,"{""A"": ""color"", ""B"": ""size"", ""C"": ""orientation"", ""D"": ""position""}",/mnt/tidalfs-hssh01/dataset/xiang/models/Qwen2.5-VL-7B-Instruct,42,not_empty,next_token
A_0091,A,FINAL,AC,1,-0.8981232643127441,-0.5231232643127441,0.4073334038257599,0.5926665663719177,-0.8991402387619019,-0.5241402387619019,0.5926665663719177,1,1,"{""A"": ""color"", ""B"": ""size"", ""C"": ""orientation"", ""D"": ""position""}",/mnt/tidalfs-hssh01/dataset/xiang/models/Qwen2.5-VL-7B-Instruct,42,not_empty,next_token
A_0091,A,FINAL,AD,1,-0.8981232643127441,-0.5231232643127441,0.4073334038257599,0.5926665663719177,-0.8995832204818726,-0.5245832204818726,0.5926665663719177,1,1,"{""A"": ""color"", ""B"": ""size"", ""C"": ""orientation"", ""D"": ""position""}",/mnt/tidalfs-hssh01/dataset/xiang/models/Qwen2.5-VL-7B-Instruct,42,not_empty,next_token
A_0091,A,FINAL,BC,1,-0.8981232643127441,-0.5231232643127441,0.4073334038257599,0.5926665663719177,-0.9022879600524902,-0.5272879600524902,0.5926665663719177,1,1,"{""A"": ""color"", ""B"": ""size"", ""C"": ""orientation"", ""D"": ""position""}",/mnt/tidalfs-hssh01/dataset/xiang/models/Qwen2.5-VL-7B-Instruct,42,not_empty,next_token
A_0091,A,FINAL,BD,1,-0.8981232643127441,-0.5231232643127441,0.4073334038257599,0.5926665663719177,-0.9014317989349365,-0.5264317989349365,0.5926665663719177,1,1,"{""A"": ""color"", ""B"": ""size"", ""C"": ""orientation"", ""D"": ""position""}",/mnt/tidalfs-hssh01/dataset/xiang/models/Qwen2.5-VL-7B-Instruct,42,not_empty,next_token
A_0091,A,FINAL,CD,1,-0.825939416885376,-0.575939416885376,0.43782350420951843,0.562176525592804,-0.8345713019371033,-0.5845713019371033,0.562176525592804,1,1,"{""A"": ""color"", ""B"": ""size"", ""C"": ""orientation"", ""D"": ""position""}",/mnt/tidalfs-hssh01/dataset/xiang/models/Qwen2.5-VL-7B-Instruct,42,not_empty,next_token
A_0091,A,FINAL,ABC,1,-0.8981232643127441,-0.5231232643127441,0.4073334038257599,0.5926665663719177,-0.8990877866744995,-0.5240877866744995,0.5926665663719177,1,1,"{""A"": ""color"", ""B"": ""size"", ""C"": ""orientation"", ""D"": ""position""}",/mnt/tidalfs-hssh01/dataset/xiang/models/Qwen2.5-VL-7B-Instruct,42,not_empty,next_token
A_0091,A,FINAL,ABD,1,-0.825939416885376,-0.575939416885376,0.43782350420951843,0.562176525592804,-0.8272593021392822,-0.5772593021392822,0.562176525592804,1,1,"{""A"": ""color"", ""B"": ""size"", ""C"": ""orientation"", ""D"": ""position""}",/mnt/tidalfs-hssh01/dataset/xiang/models/Qwen2.5-VL-7B-Instruct,42,not_empty,next_token
A_0091,A,FINAL,ACD,1,-0.8981232643127441,-0.5231232643127441,0.4073334038257599,0.5926665663719177,-0.8989161849021912,-0.5239161849021912,0.5926665663719177,1,1,"{""A"": ""color"", ""B"": ""size"", ""C"": ""orientation"", ""D"": ""position""}",/mnt/tidalfs-hssh01/dataset/xiang/models/Qwen2.5-VL-7B-Instruct,42,not_empty,next_token
A_0091,A,FINAL,BCD,1,-0.9740769863128662,-0.4740769863128662,0.3775406777858734,0.622459352016449,-0.9768669605255127,-0.4768669605255127,0.622459352016449,1,1,"{""A"": ""color"", ""B"": ""size"", ""C"": ""orientation"", ""D"": ""position""}",/mnt/tidalfs-hssh01/dataset/xiang/models/Qwen2.5-VL-7B-Instruct,42,not_empty,next_token
A_0091,A,FINAL,ABCD,1,-0.9740769863128662,-0.4740769863128662,0.3775406777858734,0.622459352016449,-0.9750468730926514,-0.47504687309265137,0.622459352016449,1,1,"{""A"": ""color"", ""B"": ""size"", ""C"": ""orientation"", ""D"": ""position""}",/mnt/tidalfs-hssh01/dataset/xiang/models/Qwen2.5-VL-7B-Instruct,42,not_empty,next_token
A_0099,A,STEP1,EMPTY,0,-0.6931471824645996,-0.6931471824645996,0.5,0.5,-0.819155216217041,-0.819155216217041,0.5,0,1,"{""A"": ""size"", ""B"": ""orientation"", ""C"": ""position"", ""D"": ""color""}",/mnt/tidalfs-hssh01/dataset/xiang/models/Qwen2.5-VL-7B-Instruct,42,text_only,next_token
A_0099,A,STEP1,A,0,-0.8981232643127441,-0.5231232643127441,0.4073334038257599,0.5926665663719177,-0.9000336527824402,-0.5250336527824402,0.4073334038257599,1,0,"{""A"": ""size"", ""B"": ""orientation"", ""C"": ""position"", ""D"": ""color""}",/mnt/tidalfs-hssh01/dataset/xiang/models/Qwen2.5-VL-7B-Instruct,42,not_empty,next_token
A_0099,A,STEP1,B,0,-0.825939416885376,-0.575939416885376,0.43782350420951843,0.562176525592804,-0.829914927482605,-0.579914927482605,0.43782350420951843,1,0,"{""A"": ""size"", ""B"": ""orientation"", ""C"": ""position"", ""D"": ""color""}",/mnt/tidalfs-hssh01/dataset/xiang/models/Qwen2.5-VL-7B-Instruct,42,not_empty,next_token
A_0099,A,STEP1,C,0,-0.6325989961624146,-0.7575989961624146,0.531209409236908,0.4687906503677368,-0.6356418132781982,-0.7606418132781982,0.531209409236908,0,1,"{""A"": ""size"", ""B"": ""orientation"", ""C"": ""position"", ""D"": ""color""}",/mnt/tidalfs-hssh01/dataset/xiang/models/Qwen2.5-VL-7B-Instruct,42,not_empty,next_token
A_0099,A,STEP1,D,0,-0.825939416885376,-0.575939416885376,0.43782350420951843,0.562176525592804,-0.8284756541252136,-0.5784756541252136,0.43782350420951843,1,0,"{""A"": ""size"", ""B"": ""orientation"", ""C"": ""position"", ""D"": ""color""}",/mnt/tidalfs-hssh01/dataset/xiang/models/Qwen2.5-VL-7B-Instruct,42,not_empty,next_token
A_0099,A,STEP1,AB,0,-0.825939416885376,-0.575939416885376,0.43782350420951843,0.562176525592804,-0.8268791437149048,-0.5768791437149048,0.43782350420951843,1,0,"{""A"": ""size"", ""B"": ""orientation"", ""C"": ""position"", ""D"": ""color""}",/mnt/tidalfs-hssh01/dataset/xiang/models/Qwen2.5-VL-7B-Instruct,42,not_empty,next_token
A_0099,A,STEP1,AC,0,-0.7575989961624146,-0.6325989961624146,0.4687906503677368,0.531209409236908,-0.7584019303321838,-0.6334019303321838,0.4687906503677368,1,0,"{""A"": ""size"", ""B"": ""orientation"", ""C"": ""position"", ""D"": ""color""}",/mnt/tidalfs-hssh01/dataset/xiang/models/Qwen2.5-VL-7B-Instruct,42,not_empty,next_token
A_0099,A,STEP1,AD,0,-0.825939416885376,-0.575939416885376,0.43782350420951843,0.562176525592804,-0.8267261981964111,-0.5767261981964111,0.43782350420951843,1,0,"{""A"": ""size"", ""B"": ""orientation"", ""C"": ""position"", ""D"": ""color""}",/mnt/tidalfs-hssh01/dataset/xiang/models/Qwen2.5-VL-7B-Instruct,42,not_empty,next_token
A_0099,A,STEP1,BC,0,-0.6931471824645996,-0.6931471824645996,0.5,0.5,-0.6944488286972046,-0.6944488286972046,0.5,0,1,"{""A"": ""size"", ""B"": ""orientation"", ""C"": ""position"", ""D"": ""color""}",/mnt/tidalfs-hssh01/dataset/xiang/models/Qwen2.5-VL-7B-Instruct,42,not_empty,next_token
A_0099,A,STEP1,BD,0,-0.8981232643127441,-0.5231232643127441,0.4073334038257599,0.5926665663719177,-0.8990569710731506,-0.5240569710731506,0.4073334038257599,1,0,"{""A"": ""size"", ""B"": ""orientation"", ""C"": ""position"", ""D"": ""color""}",/mnt/tidalfs-hssh01/dataset/xiang/models/Qwen2.5-VL-7B-Instruct,42,not_empty,next_token
A_0099,A,STEP1,CD,0,-0.6931471824645996,-0.6931471824645996,0.5,0.5,-0.6942806839942932,-0.6942806839942932,0.5,0,1,"{""A"": ""size"", ""B"": ""orientation"", ""C"": ""position"", ""D"": ""color""}",/mnt/tidalfs-hssh01/dataset/xiang/models/Qwen2.5-VL-7B-Instruct,42,not_empty,next_token
A_0099,A,STEP1,ABC,0,-0.7575989961624146,-0.6325989961624146,0.4687906503677368,0.531209409236908,-0.7581577301025391,-0.6331577301025391,0.4687906503677368,1,0,"{""A"": ""size"", ""B"": ""orientation"", ""C"": ""position"", ""D"": ""color""}",/mnt/tidalfs-hssh01/dataset/xiang/models/Qwen2.5-VL-7B-Instruct,42,not_empty,next_token
A_0099,A,STEP1,ABD,0,-0.825939416885376,-0.575939416885376,0.43782350420951843,0.562176525592804,-0.8262953758239746,-0.5762953758239746,0.43782350420951843,1,0,"{""A"": ""size"", ""B"": ""orientation"", ""C"": ""position"", ""D"": ""color""}",/mnt/tidalfs-hssh01/dataset/xiang/models/Qwen2.5-VL-7B-Instruct,42,not_empty,next_token
A_0099,A,STEP1,ACD,0,-0.825939416885376,-0.575939416885376,0.43782350420951843,0.562176525592804,-0.8261730670928955,-0.5761730670928955,0.43782350420951843,1,0,"{""A"": ""size"", ""B"": ""orientation"", ""C"": ""position"", ""D"": ""color""}",/mnt/tidalfs-hssh01/dataset/xiang/models/Qwen2.5-VL-7B-Instruct,42,not_empty,next_token
A_0099,A,STEP1,BCD,0,-0.6931471824645996,-0.6931471824645996,0.5,0.5,-0.6935867071151733,-0.6935867071151733,0.5,0,1,"{""A"": ""size"", ""B"": ""orientation"", ""C"": ""position"", ""D"": ""color""}",/mnt/tidalfs-hssh01/dataset/xiang/models/Qwen2.5-VL-7B-Instruct,42,not_empty,next_token
A_0099,A,STEP1,ABCD,0,-0.7575989961624146,-0.6325989961624146,0.4687906503677368,0.531209409236908,-0.7579115629196167,-0.6329115629196167,0.4687906503677368,1,0,"{""A"": ""size"", ""B"": ""orientation"", ""C"": ""position"", ""D"": ""color""}",/mnt/tidalfs-hssh01/dataset/xiang/models/Qwen2.5-VL-7B-Instruct,42,not_empty,next_token
A_0099,A,STEP2,EMPTY,1,-1.2234445810317993,-0.3484445810317993,0.29421499371528625,0.7057850360870361,-1.2687973976135254,-0.393797367811203,0.7057850360870361,1,1,"{""A"": ""size"", ""B"": ""orientation"", ""C"": ""position"", ""D"": ""color""}",/mnt/tidalfs-hssh01/dataset/xiang/models/Qwen2.5-VL-7B-Instruct,42,text_only,next_token
A_0099,A,STEP2,A,1,-1.1368709802627563,-0.38687101006507874,0.3208213150501251,0.6791786551475525,-1.137786865234375,-0.387786865234375,0.6791786551475525,1,1,"{""A"": ""size"", ""B"": ""orientation"", ""C"": ""position"", ""D"": ""color""}",/mnt/tidalfs-hssh01/dataset/xiang/models/Qwen2.5-VL-7B-Instruct,42,not_empty,next_token
A_0099,A,STEP2,B,1,-0.9740769863128662,-0.4740769863128662,0.3775406777858734,0.622459352016449,-0.9792059659957886,-0.4792059361934662,0.622459352016449,1,1,"{""A"": ""size"", ""B"": ""orientation"", ""C"": ""position"", ""D"": ""color""}",/mnt/tidalfs-hssh01/dataset/xiang/models/Qwen2.5-VL-7B-Instruct,42,not_empty,next_token
A_0099,A,STEP2,C,1,-0.8981232643127441,-0.5231232643127441,0.4073334038257599,0.5926665663719177,-0.9000468254089355,-0.5250468254089355,0.5926665663719177,1,1,"{""A"": ""size"", ""B"": ""orientation"", ""C"": ""position"", ""D"": ""color""}",/mnt/tidalfs-hssh01/dataset/xiang/models/Qwen2.5-VL-7B-Instruct,42,not_empty,next_token
A_0099,A,STEP2,D,1,-0.9740769863128662,-0.4740769863128662,0.3775406777858734,0.622459352016449,-0.9760007858276367,-0.4760007858276367,0.622459352016449,1,1,"{""A"": ""size"", ""B"": ""orientation"", ""C"": ""position"", ""D"": ""color""}",/mnt/tidalfs-hssh01/dataset/xiang/models/Qwen2.5-VL-7B-Instruct,42,not_empty,next_token
A_0099,A,STEP2,AB,1,-0.8981232643127441,-0.5231232643127441,0.4073334038257599,0.5926665663719177,-0.8996890783309937,-0.5246890783309937,0.5926665663719177,1,1,"{""A"": ""size"", ""B"": ""orientation"", ""C"": ""position"", ""D"": ""color""}",/mnt/tidalfs-hssh01/dataset/xiang/models/Qwen2.5-VL-7B-Instruct,42,not_empty,next_token
A_0099,A,STEP2,AC,1,-1.4061501026153564,-0.28115010261535645,0.24508503079414368,0.7549149990081787,-1.406489372253418,-0.28148940205574036,0.7549149990081787,1,1,"{""A"": ""size"", ""B"": ""orientation"", ""C"": ""position"", ""D"": ""color""}",/mnt/tidalfs-hssh01/dataset/xiang/models/Qwen2.5-VL-7B-Instruct,42,not_empty,next_token
A_0099,A,STEP2,AD,1,-1.0537006855010986,-0.42870065569877625,0.3486451208591461,0.6513548493385315,-1.0546340942382812,-0.42963409423828125,0.6513548493385315,1,1,"{""A"": ""size"", ""B"": ""orientation"", ""C"": ""position"", ""D"": ""color""}",/mnt/tidalfs-hssh01/dataset/xiang/models/Qwen2.5-VL-7B-Instruct,42,not_empty,next_token
A_0099,A,STEP2,BC,1,-0.825939416885376,-0.575939416885376,0.43782350420951843,0.562176525592804,-0.8277435898780823,-0.5777435898780823,0.562176525592804,1,1,"{""A"": ""size"", ""B"": ""orientation"", ""C"": ""position"", ""D"": ""color""}",/mnt/tidalfs-hssh01/dataset/xiang/models/Qwen2.5-VL-7B-Instruct,42,not_empty,next_token
A_0099,A,STEP2,BD,1,-0.8981232643127441,-0.5231232643127441,0.4073334038257599,0.5926665663719177,-0.9001872539520264,-0.5251872539520264,0.5926665663719177,1,1,"{""A"": ""size"", ""B"": ""orientation"", ""C"": ""position"", ""D"": ""color""}",/mnt/tidalfs-hssh01/dataset/xiang/models/Qwen2.5-VL-7B-Instruct,42,not_empty,next_token
A_0099,A,STEP2,CD,1,-0.7575989961624146,-0.6325989961624146,0.4687906503677368,0.531209409236908,-0.7586688995361328,-0.6336688995361328,0.531209409236908,1,1,"{""A"": ""size"", ""B"": ""orientation"", ""C"": ""position"", ""D"": ""color""}",/mnt/tidalfs-hssh01/dataset/xiang/models/Qwen2.5-VL-7B-Instruct,42,not_empty,next_token
A_0099,A,STEP2,ABC,1,-1.2234445810317993,-0.3484445810317993,0.29421499371528625,0.7057850360870361,-1.2243995666503906,-0.3493995666503906,0.7057850360870361,1,1,"{""A"": ""size"", ""B"": ""orientation"", ""C"": ""position"", ""D"": ""color""}",/mnt/tidalfs-hssh01/dataset/xiang/models/Qwen2.5-VL-7B-Instruct,42,not_empty,next_token
A_0099,A,STEP2,ABD,1,-0.9740769863128662,-0.4740769863128662,0.3775406777858734,0.622459352016449,-0.9749538898468018,-0.47495388984680176,0.622459352016449,1,1,"{""A"": ""size"", ""B"": ""orientation"", ""C"": ""position"", ""D"": ""color""}",/mnt/tidalfs-hssh01/dataset/xiang/models/Qwen2.5-VL-7B-Instruct,42,not_empty,next_token
A_0099,A,STEP2,ACD,1,-1.2234445810317993,-0.3484445810317993,0.29421499371528625,0.7057850360870361,-1.2236833572387695,-0.34868332743644714,0.7057850360870361,1,1,"{""A"": ""size"", ""B"": ""orientation"", ""C"": ""position"", ""D"": ""color""}",/mnt/tidalfs-hssh01/dataset/xiang/models/Qwen2.5-VL-7B-Instruct,42,not_empty,next_token
A_0099,A,STEP2,BCD,1,-0.825939416885376,-0.575939416885376,0.43782350420951843,0.562176525592804,-0.827064573764801,-0.577064573764801,0.562176525592804,1,1,"{""A"": ""size"", ""B"": ""orientation"", ""C"": ""position"", ""D"": ""color""}",/mnt/tidalfs-hssh01/dataset/xiang/models/Qwen2.5-VL-7B-Instruct,42,not_empty,next_token
A_0099,A,STEP2,ABCD,1,-1.1368709802627563,-0.38687101006507874,0.3208213150501251,0.6791786551475525,-1.1377917528152466,-0.3877917230129242,0.6791786551475525,1,1,"{""A"": ""size"", ""B"": ""orientation"", ""C"": ""position"", ""D"": ""color""}",/mnt/tidalfs-hssh01/dataset/xiang/models/Qwen2.5-VL-7B-Instruct,42,not_empty,next_token
A_0099,A,FINAL,EMPTY,1,-0.7575989961624146,-0.6325989961624146,0.4687906503677368,0.531209409236908,-1.0674777030944824,-0.9424777030944824,0.531209409236908,1,1,"{""A"": ""size"", ""B"": ""orientation"", ""C"": ""position"", ""D"": ""color""}",/mnt/tidalfs-hssh01/dataset/xiang/models/Qwen2.5-VL-7B-Instruct,42,text_only,next_token
A_0099,A,FINAL,A,1,-0.8981232643127441,-0.5231232643127441,0.4073334038257599,0.5926665663719177,-0.9146147966384888,-0.5396147966384888,0.5926665663719177,1,1,"{""A"": ""size"", ""B"": ""orientation"", ""C"": ""position"", ""D"": ""color""}",/mnt/tidalfs-hssh01/dataset/xiang/models/Qwen2.5-VL-7B-Instruct,42,not_empty,next_token
A_0099,A,FINAL,B,1,-0.825939416885376,-0.575939416885376,0.43782350420951843,0.562176525592804,-0.8610583543777466,-0.6110583543777466,0.562176525592804,1,1,"{""A"": ""size"", ""B"": ""orientation"", ""C"": ""position"", ""D"": ""color""}",/mnt/tidalfs-hssh01/dataset/xiang/models/Qwen2.5-VL-7B-Instruct,42,not_empty,next_token
A_0099,A,FINAL,C,1,-0.7575989961624146,-0.6325989961624146,0.4687906503677368,0.531209409236908,-0.7903133630752563,-0.6653133630752563,0.531209409236908,1,1,"{""A"": ""size"", ""B"": ""orientation"", ""C"": ""position"", ""D"": ""color""}",/mnt/tidalfs-hssh01/dataset/xiang/models/Qwen2.5-VL-7B-Instruct,42,not_empty,next_token
A_0099,A,FINAL,D,1,-0.825939416885376,-0.575939416885376,0.43782350420951843,0.562176525592804,-0.8437479138374329,-0.5937479138374329,0.562176525592804,1,1,"{""A"": ""size"", ""B"": ""orientation"", ""C"": ""position"", ""D"": ""color""}",/mnt/tidalfs-hssh01/dataset/xiang/models/Qwen2.5-VL-7B-Instruct,42,not_empty,next_token
A_0099,A,FINAL,AB,1,-0.7575989961624146,-0.6325989961624146,0.4687906503677368,0.531209409236908,-0.7627906799316406,-0.6377906799316406,0.531209409236908,1,1,"{""A"": ""size"", ""B"": ""orientation"", ""C"": ""position"", ""D"": ""color""}",/mnt/tidalfs-hssh01/dataset/xiang/models/Qwen2.5-VL-7B-Instruct,42,not_empty,next_token
A_0099,A,FINAL,AC,1,-0.825939416885376,-0.575939416885376,0.43782350420951843,0.562176525592804,-0.8276616334915161,-0.5776616334915161,0.562176525592804,1,1,"{""A"": ""size"", ""B"": ""orientation"", ""C"": ""position"", ""D"": ""color""}",/mnt/tidalfs-hssh01/dataset/xiang/models/Qwen2.5-VL-7B-Instruct,42,not_empty,next_token
A_0099,A,FINAL,AD,1,-0.825939416885376,-0.575939416885376,0.43782350420951843,0.562176525592804,-0.8289813995361328,-0.5789813995361328,0.562176525592804,1,1,"{""A"": ""size"", ""B"": ""orientation"", ""C"": ""position"", ""D"": ""color""}",/mnt/tidalfs-hssh01/dataset/xiang/models/Qwen2.5-VL-7B-Instruct,42,not_empty,next_token
A_0099,A,FINAL,BC,1,-0.7575989961624146,-0.6325989961624146,0.4687906503677368,0.531209409236908,-0.776589572429657,-0.651589572429657,0.531209409236908,1,1,"{""A"": ""size"", ""B"": ""orientation"", ""C"": ""position"", ""D"": ""color""}",/mnt/tidalfs-hssh01/dataset/xiang/models/Qwen2.5-VL-7B-Instruct,42,not_empty,next_token
A_0099,A,FINAL,BD,1,-0.825939416885376,-0.575939416885376,0.43782350420951843,0.562176525592804,-0.8414914608001709,-0.5914914608001709,0.562176525592804,1,1,"{""A"": ""size"", ""B"": ""orientation"", ""C"": ""position"", ""D"": ""color""}",/mnt/tidalfs-hssh01/dataset/xiang/models/Qwen2.5-VL-7B-Instruct,42,not_empty,next_token
A_0099,A,FINAL,CD,1,-0.825939416885376,-0.575939416885376,0.43782350420951843,0.562176525592804,-0.8338131308555603,-0.5838131308555603,0.562176525592804,1,1,"{""A"": ""size"", ""B"": ""orientation"", ""C"": ""position"", ""D"": ""color""}",/mnt/tidalfs-hssh01/dataset/xiang/models/Qwen2.5-VL-7B-Instruct,42,not_empty,next_token
A_0099,A,FINAL,ABC,1,-0.6931471824645996,-0.6931471824645996,0.5,0.5,-0.6985586881637573,-0.6985586881637573,0.5,0,0,"{""A"": ""size"", ""B"": ""orientation"", ""C"": ""position"", ""D"": ""color""}",/mnt/tidalfs-hssh01/dataset/xiang/models/Qwen2.5-VL-7B-Instruct,42,not_empty,next_token
A_0099,A,FINAL,ABD,1,-0.7575989961624146,-0.6325989961624146,0.4687906503677368,0.531209409236908,-0.7605149149894714,-0.6355149149894714,0.531209409236908,1,1,"{""A"": ""size"", ""B"": ""orientation"", ""C"": ""position"", ""D"": ""color""}",/mnt/tidalfs-hssh01/dataset/xiang/models/Qwen2.5-VL-7B-Instruct,42,not_empty,next_token
A_0099,A,FINAL,ACD,1,-0.8981232643127441,-0.5231232643127441,0.4073334038257599,0.5926665663719177,-0.899402379989624,-0.524402379989624,0.5926665663719177,1,1,"{""A"": ""size"", ""B"": ""orientation"", ""C"": ""position"", ""D"": ""color""}",/mnt/tidalfs-hssh01/dataset/xiang/models/Qwen2.5-VL-7B-Instruct,42,not_empty,next_token
A_0099,A,FINAL,BCD,1,-0.825939416885376,-0.575939416885376,0.43782350420951843,0.562176525592804,-0.8346251249313354,-0.5846251249313354,0.562176525592804,1,1,"{""A"": ""size"", ""B"": ""orientation"", ""C"": ""position"", ""D"": ""color""}",/mnt/tidalfs-hssh01/dataset/xiang/models/Qwen2.5-VL-7B-Instruct,42,not_empty,next_token
A_0099,A,FINAL,ABCD,1,-0.825939416885376,-0.575939416885376,0.43782350420951843,0.562176525592804,-0.830251157283783,-0.580251157283783,0.562176525592804,1,1,"{""A"": ""size"", ""B"": ""orientation"", ""C"": ""position"", ""D"": ""color""}",/mnt/tidalfs-hssh01/dataset/xiang/models/Qwen2.5-VL-7B-Instruct,42,not_empty,next_token
A_0107,A,STEP1,EMPTY,1,-0.6931471824645996,-0.6931471824645996,0.5,0.5,-0.819155216217041,-0.819155216217041,0.5,0,0,"{""A"": ""size"", ""B"": ""orientation"", ""C"": ""position"", ""D"": ""color""}",/mnt/tidalfs-hssh01/dataset/xiang/models/Qwen2.5-VL-7B-Instruct,42,text_only,next_token
A_0107,A,STEP1,A,1,-0.9740769863128662,-0.4740769863128662,0.3775406777858734,0.622459352016449,-0.9751812815666199,-0.4751812815666199,0.622459352016449,1,1,"{""A"": ""size"", ""B"": ""orientation"", ""C"": ""position"", ""D"": ""color""}",/mnt/tidalfs-hssh01/dataset/xiang/models/Qwen2.5-VL-7B-Instruct,42,not_empty,next_token
A_0107,A,STEP1,B,1,-0.825939416885376,-0.575939416885376,0.43782350420951843,0.562176525592804,-0.829914927482605,-0.579914927482605,0.562176525592804,1,1,"{""A"": ""size"", ""B"": ""orientation"", ""C"": ""position"", ""D"": ""color""}",/mnt/tidalfs-hssh01/dataset/xiang/models/Qwen2.5-VL-7B-Instruct,42,not_empty,next_token
A_0107,A,STEP1,C,1,-0.6325989961624146,-0.7575989961624146,0.531209409236908,0.4687906503677368,-0.6356418132781982,-0.7606418132781982,0.4687906503677368,0,0,"{""A"": ""size"", ""B"": ""orientation"", ""C"": ""position"", ""D"": ""color""}",/mnt/tidalfs-hssh01/dataset/xiang/models/Qwen2.5-VL-7B-Instruct,42,not_empty,next_token
A_0107,A,STEP1,D,1,-0.8981232643127441,-0.5231232643127441,0.4073334038257599,0.5926665663719177,-0.9017981886863708,-0.5267981886863708,0.5926665663719177,1,1,"{""A"": ""size"", ""B"": ""orientation"", ""C"": ""position"", ""D"": ""color""}",/mnt/tidalfs-hssh01/dataset/xiang/models/Qwen2.5-VL-7B-Instruct,42,not_empty,next_token
A_0107,A,STEP1,AB,1,-0.825939416885376,-0.575939416885376,0.43782350420951843,0.562176525592804,-0.8263529539108276,-0.5763529539108276,0.562176525592804,1,1,"{""A"": ""size"", ""B"": ""orientation"", ""C"": ""position"", ""D"": ""color""}",/mnt/tidalfs-hssh01/dataset/xiang/models/Qwen2.5-VL-7B-Instruct,42,not_empty,next_token
A_0107,A,STEP1,AC,1,-1.136871099472046,-0.38687101006507874,0.32082128524780273,0.6791786551475525,-1.1371676921844482,-0.38716763257980347,0.6791786551475525,1,1,"{""A"": ""size"", ""B"": ""orientation"", ""C"": ""position"", ""D"": ""color""}",/mnt/tidalfs-hssh01/dataset/xiang/models/Qwen2.5-VL-7B-Instruct,42,not_empty,next_token
A_0107,A,STEP1,AD,1,-0.825939416885376,-0.575939416885376,0.43782350420951843,0.562176525592804,-0.8266286253929138,-0.5766286253929138,0.562176525592804,1,1,"{""A"": ""size"", ""B"": ""orientation"", ""C"": ""position"", ""D"": ""color""}",/mnt/tidalfs-hssh01/dataset/xiang/models/Qwen2.5-VL-7B-Instruct,42,not_empty,next_token
A_0107,A,STEP1,BC,1,-0.6931471824645996,-0.6931471824645996,0.5,0.5,-0.6944488286972046,-0.6944488286972046,0.5,0,0,"{""A"": ""size"", ""B"": ""orientation"", ""C"": ""position"", ""D"": ""color""}",/mnt/tidalfs-hssh01/dataset/xiang/models/Qwen2.5-VL-7B-Instruct,42,not_empty,next_token
A_0107,A,STEP1,BD,1,-0.6931471824645996,-0.6931471824645996,0.5,0.5,-0.6946128606796265,-0.6946128606796265,0.5,0,0,"{""A"": ""size"", ""B"": ""orientation"", ""C"": ""position"", ""D"": ""color""}",/mnt/tidalfs-hssh01/dataset/xiang/models/Qwen2.5-VL-7B-Instruct,42,not_empty,next_token
A_0107,A,STEP1,CD,1,-0.6325989961624146,-0.7575989961624146,0.531209409236908,0.4687906503677368,-0.6338198781013489,-0.7588198781013489,0.4687906503677368,0,0,"{""A"": ""size"", ""B"": ""orientation"", ""C"": ""position"", ""D"": ""color""}",/mnt/tidalfs-hssh01/dataset/xiang/models/Qwen2.5-VL-7B-Instruct,42,not_empty,next_token
A_0107,A,STEP1,ABC,1,-1.1368709802627563,-0.38687101006507874,0.3208213150501251,0.6791786551475525,-1.1371735334396362,-0.38717353343963623,0.6791786551475525,1,1,"{""A"": ""size"", ""B"": ""orientation"", ""C"": ""position"", ""D"": ""color""}",/mnt/tidalfs-hssh01/dataset/xiang/models/Qwen2.5-VL-7B-Instruct,42,not_empty,next_token
A_0107,A,STEP1,ABD,1,-0.8981232643127441,-0.5231232643127441,0.4073334038257599,0.5926665663719177,-0.8983427882194519,-0.5233427882194519,0.5926665663719177,1,1,"{""A"": ""size"", ""B"": ""orientation"", ""C"": ""position"", ""D"": ""color""}",/mnt/tidalfs-hssh01/dataset/xiang/models/Qwen2.5-VL-7B-Instruct,42,not_empty,next_token
A_0107,A,STEP1,ACD,1,-1.2234444618225098,-0.3484445810317993,0.29421502351760864,0.7057850360870361,-1.2236015796661377,-0.34860163927078247,0.7057850360870361,1,1,"{""A"": ""size"", ""B"": ""orientation"", ""C"": ""position"", ""D"": ""color""}",/mnt/tidalfs-hssh01/dataset/xiang/models/Qwen2.5-VL-7B-Instruct,42,not_empty,next_token
A_0107,A,STEP1,BCD,1,-0.6931471824645996,-0.6931471824645996,0.5,0.5,-0.6936546564102173,-0.6936546564102173,0.5,0,0,"{""A"": ""size"", ""B"": ""orientation"", ""C"": ""position"", ""D"": ""color""}",/mnt/tidalfs-hssh01/dataset/xiang/models/Qwen2.5-VL-7B-Instruct,42,not_empty,next_token
A_0107,A,STEP1,ABCD,1,-0.9740769863128662,-0.4740769863128662,0.3775406777858734,0.622459352016449,-0.974361777305603,-0.4743618071079254,0.622459352016449,1,1,"{""A"": ""size"", ""B"": ""orientation"", ""C"": ""position"", ""D"": ""color""}",/mnt/tidalfs-hssh01/dataset/xiang/models/Qwen2.5-VL-7B-Instruct,42,not_empty,next_token
A_0107,A,STEP2,EMPTY,0,-1.2234445810317993,-0.3484445810317993,0.29421499371528625,0.7057850360870361,-1.2687973976135254,-0.393797367811203,0.29421499371528625,1,0,"{""A"": ""size"", ""B"": ""orientation"", ""C"": ""position"", ""D"": ""color""}",/mnt/tidalfs-hssh01/dataset/xiang/models/Qwen2.5-VL-7B-Instruct,42,text_only,next_token
A_0107,A,STEP2,A,0,-1.1368709802627563,-0.38687101006507874,0.3208213150501251,0.6791786551475525,-1.138013482093811,-0.3880135118961334,0.3208213150501251,1,0,"{""A"": ""size"", ""B"": ""orientation"", ""C"": ""position"", ""D"": ""color""}",/mnt/tidalfs-hssh01/dataset/xiang/models/Qwen2.5-VL-7B-Instruct,42,not_empty,next_token
A_0107,A,STEP2,B,0,-0.9740769863128662,-0.4740769863128662,0.3775406777858734,0.622459352016449,-0.9792059659957886,-0.4792059361934662,0.3775406777858734,1,0,"{""A"": ""size"", ""B"": ""orientation"", ""C"": ""position"", ""D"": ""color""}",/mnt/tidalfs-hssh01/dataset/xiang/models/Qwen2.5-VL-7B-Instruct,42,not_empty,next_token
A_0107,A,STEP2,C,0,-0.8981232643127441,-0.5231232643127441,0.4073334038257599,0.5926665663719177,-0.9000468254089355,-0.5250468254089355,0.4073334038257599,1,0,"{""A"": ""size"", ""B"": ""orientation"", ""C"": ""position"", ""D"": ""color""}",/mnt/tidalfs-hssh01/dataset/xiang/models/Qwen2.5-VL-7B-Instruct,42,not_empty,next_token
A_0107,A,STEP2,D,0,-1.0537006855010986,-0.42870065569877625,0.3486451208591461,0.6513548493385315,-1.055504560470581,-0.43050456047058105,0.3486451208591461,1,0,"{""A"": ""size"", ""B"": ""orientation"", ""C"": ""position"", ""D"": ""color""}",/mnt/tidalfs-hssh01/dataset/xiang/models/Qwen2.5-VL-7B-Instruct,42,not_empty,next_token
A_0107,A,STEP2,AB,0,-0.825939416885376,-0.575939416885376,0.43782350420951843,0.562176525592804,-0.8272293210029602,-0.5772293210029602,0.43782350420951843,1,0,"{""A"": ""size"", ""B"": ""orientation"", ""C"": ""position"", ""D"": ""color""}",/mnt/tidalfs-hssh01/dataset/xiang/models/Qwen2.5-VL-7B-Instruct,42,not_empty,next_token
A_0107,A,STEP2,AC,0,-0.9740769863128662,-0.4740769863128662,0.3775406777858734,0.622459352016449,-0.9743902683258057,-0.47439029812812805,0.3775406777858734,1,0,"{""A"": ""size"", ""B"": ""orientation"", ""C"": ""position"", ""D"": ""color""}",/mnt/tidalfs-hssh01/dataset/xiang/models/Qwen2.5-VL-7B-Instruct,42,not_empty,next_token
A_0107,A,STEP2,AD,0,-1.2234445810317993,-0.3484445810317993,0.29421499371528625,0.7057850360870361,-1.2240121364593506,-0.349012166261673,0.29421499371528625,1,0,"{""A"": ""size"", ""B"": ""orientation"", ""C"": ""position"", ""D"": ""color""}",/mnt/tidalfs-hssh01/dataset/xiang/models/Qwen2.5-VL-7B-Instruct,42,not_empty,next_token
A_0107,A,STEP2,BC,0,-0.825939416885376,-0.575939416885376,0.43782350420951843,0.562176525592804,-0.8277435898780823,-0.5777435898780823,0.43782350420951843,1,0,"{""A"": ""size"", ""B"": ""orientation"", ""C"": ""position"", ""D"": ""color""}",/mnt/tidalfs-hssh01/dataset/xiang/models/Qwen2.5-VL-7B-Instruct,42,not_empty,next_token
A_0107,A,STEP2,BD,0,-0.8981232643127441,-0.5231232643127441,0.4073334038257599,0.5926665663719177,-0.8997541666030884,-0.5247541666030884,0.4073334038257599,1,0,"{""A"": ""size"", ""B"": ""orientation"", ""C"": ""position"", ""D"": ""color""}",/mnt/tidalfs-hssh01/dataset/xiang/models/Qwen2.5-VL-7B-Instruct,42,not_empty,next_token
A_0107,A,STEP2,CD,0,-0.8981232643127441,-0.5231232643127441,0.4073334038257599,0.5926665663719177,-0.8988699913024902,-0.5238699913024902,0.4073334038257599,1,0,"{""A"": ""size"", ""B"": ""orientation"", ""C"": ""position"", ""D"": ""color""}",/mnt/tidalfs-hssh01/dataset/xiang/models/Qwen2.5-VL-7B-Instruct,42,not_empty,next_token
A_0107,A,STEP2,ABC,0,-0.825939416885376,-0.575939416885376,0.43782350420951843,0.562176525592804,-0.8266463279724121,-0.5766463279724121,0.43782350420951843,1,0,"{""A"": ""size"", ""B"": ""orientation"", ""C"": ""position"", ""D"": ""color""}",/mnt/tidalfs-hssh01/dataset/xiang/models/Qwen2.5-VL-7B-Instruct,42,not_empty,next_token
A_0107,A,STEP2,ABD,0,-1.1368709802627563,-0.38687101006507874,0.3208213150501251,0.6791786551475525,-1.1374157667160034,-0.3874157667160034,0.3208213150501251,1,0,"{""A"": ""size"", ""B"": ""orientation"", ""C"": ""position"", ""D"": ""color""}",/mnt/tidalfs-hssh01/dataset/xiang/models/Qwen2.5-VL-7B-Instruct,42,not_empty,next_token
A_0107,A,STEP2,ACD,0,-0.825939416885376,-0.575939416885376,0.43782350420951843,0.562176525592804,-0.8261492252349854,-0.5761492252349854,0.43782350420951843,1,0,"{""A"": ""size"", ""B"": ""orientation"", ""C"": ""position"", ""D"": ""color""}",/mnt/tidalfs-hssh01/dataset/xiang/models/Qwen2.5-VL-7B-Instruct,42,not_empty,next_token
A_0107,A,STEP2,BCD,0,-0.7575989961624146,-0.6325989961624146,0.4687906503677368,0.531209409236908,-0.7590735554695129,-0.6340735554695129,0.4687906503677368,1,0,"{""A"": ""size"", ""B"": ""orientation"", ""C"": ""position"", ""D"": ""color""}",/mnt/tidalfs-hssh01/dataset/xiang/models/Qwen2.5-VL-7B-Instruct,42,not_empty,next_token
A_0107,A,STEP2,ABCD,0,-0.6931471824645996,-0.6931471824645996,0.5,0.5,-0.6937076449394226,-0.6937076449394226,0.5,0,1,"{""A"": ""size"", ""B"": ""orientation"", ""C"": ""position"", ""D"": ""color""}",/mnt/tidalfs-hssh01/dataset/xiang/models/Qwen2.5-VL-7B-Instruct,42,not_empty,next_token
A_0107,A,FINAL,EMPTY,1,-0.7575989961624146,-0.6325989961624146,0.4687906503677368,0.531209409236908,-1.0674777030944824,-0.9424777030944824,0.531209409236908,1,1,"{""A"": ""size"", ""B"": ""orientation"", ""C"": ""position"", ""D"": ""color""}",/mnt/tidalfs-hssh01/dataset/xiang/models/Qwen2.5-VL-7B-Instruct,42,text_only,next_token
A_0107,A,FINAL,A,1,-0.8981232643127441,-0.5231232643127441,0.4073334038257599,0.5926665663719177,-0.9128466844558716,-0.5378466844558716,0.5926665663719177,1,1,"{""A"": ""size"", ""B"": ""orientation"", ""C"": ""position"", ""D"": ""color""}",/mnt/tidalfs-hssh01/dataset/xiang/models/Qwen2.5-VL-7B-Instruct,42,not_empty,next_token
A_0107,A,FINAL,B,1,-0.825939416885376,-0.575939416885376,0.43782350420951843,0.562176525592804,-0.8610583543777466,-0.6110583543777466,0.562176525592804,1,1,"{""A"": ""size"", ""B"": ""orientation"", ""C"": ""position"", ""D"": ""color""}",/mnt/tidalfs-hssh01/dataset/xiang/models/Qwen2.5-VL-7B-Instruct,42,not_empty,next_token
A_0107,A,FINAL,C,1,-0.7575989961624146,-0.6325989961624146,0.4687906503677368,0.531209409236908,-0.7903133630752563,-0.6653133630752563,0.531209409236908,1,1,"{""A"": ""size"", ""B"": ""orientation"", ""C"": ""position"", ""D"": ""color""}",/mnt/tidalfs-hssh01/dataset/xiang/models/Qwen2.5-VL-7B-Instruct,42,not_empty,next_token
A_0107,A,FINAL,D,1,-0.825939416885376,-0.575939416885376,0.43782350420951843,0.562176525592804,-0.8468918800354004,-0.5968918800354004,0.562176525592804,1,1,"{""A"": ""size"", ""B"": ""orientation"", ""C"": ""position"", ""D"": ""color""}",/mnt/tidalfs-hssh01/dataset/xiang/models/Qwen2.5-VL-7B-Instruct,42,not_empty,next_token
A_0107,A,FINAL,AB,1,-0.6931471824645996,-0.6931471824645996,0.5,0.5,-0.6972835063934326,-0.6972835063934326,0.5,0,0,"{""A"": ""size"", ""B"": ""orientation"", ""C"": ""position"", ""D"": ""color""}",/mnt/tidalfs-hssh01/dataset/xiang/models/Qwen2.5-VL-7B-Instruct,42,not_empty,next_token
A_0107,A,FINAL,AC,1,-0.825939416885376,-0.575939416885376,0.43782350420951843,0.562176525592804,-0.8269270062446594,-0.5769270062446594,0.562176525592804,1,1,"{""A"": ""size"", ""B"": ""orientation"", ""C"": ""position"", ""D"": ""color""}",/mnt/tidalfs-hssh01/dataset/xiang/models/Qwen2.5-VL-7B-Instruct,42,not_empty,next_token
A_0107,A,FINAL,AD,1,-0.7575989961624146,-0.6325989961624146,0.4687906503677368,0.531209409236908,-0.7601379752159119,-0.6351379752159119,0.531209409236908,1,1,"{""A"": ""size"", ""B"": ""orientation"", ""C"": ""position"", ""D"": ""color""}",/mnt/tidalfs-hssh01/dataset/xiang/models/Qwen2.5-VL-7B-Instruct,42,not_empty,next_token
A_0107,A,FINAL,BC,1,-0.7575989961624146,-0.6325989961624146,0.4687906503677368,0.531209409236908,-0.776589572429657,-0.651589572429657,0.531209409236908,1,1,"{""A"": ""size"", ""B"": ""orientation"", ""C"": ""position"", ""D"": ""color""}",/mnt/tidalfs-hssh01/dataset/xiang/models/Qwen2.5-VL-7B-Instruct,42,not_empty,next_token
A_0107,A,FINAL,BD,1,-0.825939416885376,-0.575939416885376,0.43782350420951843,0.562176525592804,-0.8403910994529724,-0.5903910994529724,0.562176525592804,1,1,"{""A"": ""size"", ""B"": ""orientation"", ""C"": ""position"", ""D"": ""color""}",/mnt/tidalfs-hssh01/dataset/xiang/models/Qwen2.5-VL-7B-Instruct,42,not_empty,next_token
A_0107,A,FINAL,CD,1,-0.7575989961624146,-0.6325989961624146,0.4687906503677368,0.531209409236908,-0.7624086737632751,-0.6374086737632751,0.531209409236908,1,1,"{""A"": ""size"", ""B"": ""orientation"", ""C"": ""position"", ""D"": ""color""}",/mnt/tidalfs-hssh01/dataset/xiang/models/Qwen2.5-VL-7B-Instruct,42,not_empty,next_token
A_0107,A,FINAL,ABC,1,-0.825939416885376,-0.575939416885376,0.43782350420951843,0.562176525592804,-0.8287152051925659,-0.5787152051925659,0.562176525592804,1,1,"{""A"": ""size"", ""B"": ""orientation"", ""C"": ""position"", ""D"": ""color""}",/mnt/tidalfs-hssh01/dataset/xiang/models/Qwen2.5-VL-7B-Instruct,42,not_empty,next_token
A_0107,A,FINAL,ABD,1,-0.7575989961624146,-0.6325989961624146,0.4687906503677368,0.531209409236908,-0.7591253519058228,-0.6341253519058228,0.531209409236908,1,1,"{""A"": ""size"", ""B"": ""orientation"", ""C"": ""position"", ""D"": ""color""}",/mnt/tidalfs-hssh01/dataset/xiang/models/Qwen2.5-VL-7B-Instruct,42,not_empty,next_token
A_0107,A,FINAL,ACD,1,-0.825939416885376,-0.575939416885376,0.43782350420951843,0.562176525592804,-0.8269606828689575,-0.5769606828689575,0.562176525592804,1,1,"{""A"": ""size"", ""B"": ""orientation"", ""C"": ""position"", ""D"": ""color""}",/mnt/tidalfs-hssh01/dataset/xiang/models/Qwen2.5-VL-7B-Instruct,42,not_empty,next_token
A_0107,A,FINAL,BCD,1,-0.7575989961624146,-0.6325989961624146,0.4687906503677368,0.531209409236908,-0.7672127485275269,-0.6422127485275269,0.531209409236908,1,1,"{""A"": ""size"", ""B"": ""orientation"", ""C"": ""position"", ""D"": ""color""}",/mnt/tidalfs-hssh01/dataset/xiang/models/Qwen2.5-VL-7B-Instruct,42,not_empty,next_token
A_0107,A,FINAL,ABCD,1,-0.825939416885376,-0.575939416885376,0.43782350420951843,0.562176525592804,-0.8282489776611328,-0.5782489776611328,0.562176525592804,1,1,"{""A"": ""size"", ""B"": ""orientation"", ""C"": ""position"", ""D"": ""color""}",/mnt/tidalfs-hssh01/dataset/xiang/models/Qwen2.5-VL-7B-Instruct,42,not_empty,next_token
A_0115,A,STEP1,EMPTY,1,-0.7575989961624146,-0.6325989961624146,0.4687906503677368,0.531209409236908,-0.8536394238471985,-0.7286394238471985,0.531209409236908,1,1,"{""A"": ""orientation"", ""B"": ""position"", ""C"": ""color"", ""D"": ""size""}",/mnt/tidalfs-hssh01/dataset/xiang/models/Qwen2.5-VL-7B-Instruct,42,text_only,next_token
A_0115,A,STEP1,A,1,-1.2234444618225098,-0.3484445810317993,0.29421502351760864,0.7057850360870361,-1.2252774238586426,-0.35027748346328735,0.7057850360870361,1,1,"{""A"": ""orientation"", ""B"": ""position"", ""C"": ""color"", ""D"": ""size""}",/mnt/tidalfs-hssh01/dataset/xiang/models/Qwen2.5-VL-7B-Instruct,42,not_empty,next_token
A_0115,A,STEP1,B,1,-0.825939416885376,-0.575939416885376,0.43782350420951843,0.562176525592804,-0.8280855417251587,-0.5780855417251587,0.562176525592804,1,1,"{""A"": ""orientation"", ""B"": ""position"", ""C"": ""color"", ""D"": ""size""}",/mnt/tidalfs-hssh01/dataset/xiang/models/Qwen2.5-VL-7B-Instruct,42,not_empty,next_token
A_0115,A,STEP1,C,1,-0.825939416885376,-0.575939416885376,0.43782350420951843,0.562176525592804,-0.8315712809562683,-0.5815712809562683,0.562176525592804,1,1,"{""A"": ""orientation"", ""B"": ""position"", ""C"": ""color"", ""D"": ""size""}",/mnt/tidalfs-hssh01/dataset/xiang/models/Qwen2.5-VL-7B-Instruct,42,not_empty,next_token
A_0115,A,STEP1,D,1,-0.8981232643127441,-0.5231232643127441,0.4073334038257599,0.5926665663719177,-0.9047233462333679,-0.5297233462333679,0.5926665663719177,1,1,"{""A"": ""orientation"", ""B"": ""position"", ""C"": ""color"", ""D"": ""size""}",/mnt/tidalfs-hssh01/dataset/xiang/models/Qwen2.5-VL-7B-Instruct,42,not_empty,next_token
A_0115,A,STEP1,AB,1,-1.2234445810317993,-0.3484445810317993,0.29421499371528625,0.7057850360870361,-1.2240090370178223,-0.34900903701782227,0.7057850360870361,1,1,"{""A"": ""orientation"", ""B"": ""position"", ""C"": ""color"", ""D"": ""size""}",/mnt/tidalfs-hssh01/dataset/xiang/models/Qwen2.5-VL-7B-Instruct,42,not_empty,next_token
A_0115,A,STEP1,AC,1,-1.2234445810317993,-0.3484445810317993,0.29421499371528625,0.7057850360870361,-1.2239700555801392,-0.3489700257778168,0.7057850360870361,1,1,"{""A"": ""orientation"", ""B"": ""position"", ""C"": ""color"", ""D"": ""size""}",/mnt/tidalfs-hssh01/dataset/xiang/models/Qwen2.5-VL-7B-Instruct,42,not_empty,next_token
A_0115,A,STEP1,AD,1,-1.3132617473602295,-0.3132617473602295,0.26894140243530273,0.7310584783554077,-1.314075231552124,-0.3140752911567688,0.7310584783554077,1,1,"{""A"": ""orientation"", ""B"": ""position"", ""C"": ""color"", ""D"": ""size""}",/mnt/tidalfs-hssh01/dataset/xiang/models/Qwen2.5-VL-7B-Instruct,42,not_empty,next_token
A_0115,A,STEP1,BC,1,-0.825939416885376,-0.575939416885376,0.43782350420951843,0.562176525592804,-0.8263543844223022,-0.5763543844223022,0.562176525592804,1,1,"{""A"": ""orientation"", ""B"": ""position"", ""C"": ""color"", ""D"": ""size""}",/mnt/tidalfs-hssh01/dataset/xiang/models/Qwen2.5-VL-7B-Instruct,42,not_empty,next_token
A_0115,A,STEP1,BD,1,-0.9740769863128662,-0.4740769863128662,0.3775406777858734,0.622459352016449,-0.974552571773529,-0.47455257177352905,0.622459352016449,1,1,"{""A"": ""orientation"", ""B"": ""position"", ""C"": ""color"", ""D"": ""size""}",/mnt/tidalfs-hssh01/dataset/xiang/models/Qwen2.5-VL-7B-Instruct,42,not_empty,next_token
A_0115,A,STEP1,CD,1,-0.9740769863128662,-0.4740769863128662,0.3775406777858734,0.622459352016449,-0.9745523929595947,-0.47455236315727234,0.622459352016449,1,1,"{""A"": ""orientation"", ""B"": ""position"", ""C"": ""color"", ""D"": ""size""}",/mnt/tidalfs-hssh01/dataset/xiang/models/Qwen2.5-VL-7B-Instruct,42,not_empty,next_token
A_0115,A,STEP1,ABC,1,-1.2234445810317993,-0.3484445810317993,0.29421499371528625,0.7057850360870361,-1.2238306999206543,-0.3488306701183319,0.7057850360870361,1,1,"{""A"": ""orientation"", ""B"": ""position"", ""C"": ""color"", ""D"": ""size""}",/mnt/tidalfs-hssh01/dataset/xiang/models/Qwen2.5-VL-7B-Instruct,42,not_empty,next_token
A_0115,A,STEP1,ABD,1,-1.3132617473602295,-0.3132617473602295,0.26894140243530273,0.7310584783554077,-1.3136036396026611,-0.31360363960266113,0.7310584783554077,1,1,"{""A"": ""orientation"", ""B"": ""position"", ""C"": ""color"", ""D"": ""size""}",/mnt/tidalfs-hssh01/dataset/xiang/models/Qwen2.5-VL-7B-Instruct,42,not_empty,next_token
A_0115,A,STEP1,ACD,1,-1.4061501026153564,-0.28115010261535645,0.24508503079414368,0.7549149990081787,-1.4063831567764282,-0.2813831567764282,0.7549149990081787,1,1,"{""A"": ""orientation"", ""B"": ""position"", ""C"": ""color"", ""D"": ""size""}",/mnt/tidalfs-hssh01/dataset/xiang/models/Qwen2.5-VL-7B-Instruct,42,not_empty,next_token
A_0115,A,STEP1,BCD,1,-0.8981232643127441,-0.5231232643127441,0.4073334038257599,0.5926665663719177,-0.8983913660049438,-0.5233913660049438,0.5926665663719177,1,1,"{""A"": ""orientation"", ""B"": ""position"", ""C"": ""color"", ""D"": ""size""}",/mnt/tidalfs-hssh01/dataset/xiang/models/Qwen2.5-VL-7B-Instruct,42,not_empty,next_token
A_0115,A,STEP1,ABCD,1,-1.5019290447235107,-0.25192904472351074,0.22270016372203827,0.7772998809814453,-1.5021568536758423,-0.2521568834781647,0.7772998809814453,1,1,"{""A"": ""orientation"", ""B"": ""position"", ""C"": ""color"", ""D"": ""size""}",/mnt/tidalfs-hssh01/dataset/xiang/models/Qwen2.5-VL-7B-Instruct,42,not_empty,next_token
A_0115,A,STEP2,EMPTY,1,-1.3132617473602295,-0.3132617473602295,0.26894140243530273,0.7310584783554077,-1.3575432300567627,-0.3575432002544403,0.7310584783554077,1,1,"{""A"": ""orientation"", ""B"": ""position"", ""C"": ""color"", ""D"": ""size""}",/mnt/tidalfs-hssh01/dataset/xiang/models/Qwen2.5-VL-7B-Instruct,42,text_only,next_token
A_0115,A,STEP2,A,1,-1.2234444618225098,-0.3484445810317993,0.29421502351760864,0.7057850360870361,-1.225020408630371,-0.35002046823501587,0.7057850360870361,1,1,"{""A"": ""orientation"", ""B"": ""position"", ""C"": ""color"", ""D"": ""size""}",/mnt/tidalfs-hssh01/dataset/xiang/models/Qwen2.5-VL-7B-Instruct,42,not_empty,next_token
A_0115,A,STEP2,B,1,-1.1368709802627563,-0.38687101006507874,0.3208213150501251,0.6791786551475525,-1.13828706741333,-0.3882870674133301,0.6791786551475525,1,1,"{""A"": ""orientation"", ""B"": ""position"", ""C"": ""color"", ""D"": ""size""}",/mnt/tidalfs-hssh01/dataset/xiang/models/Qwen2.5-VL-7B-Instruct,42,not_empty,next_token
A_0115,A,STEP2,C,1,-1.1368709802627563,-0.38687101006507874,0.3208213150501251,0.6791786551475525,-1.1387856006622314,-0.38878560066223145,0.6791786551475525,1,1,"{""A"": ""orientation"", ""B"": ""position"", ""C"": ""color"", ""D"": ""size""}",/mnt/tidalfs-hssh01/dataset/xiang/models/Qwen2.5-VL-7B-Instruct,42,not_empty,next_token
A_0115,A,STEP2,D,1,-1.2234445810317993,-0.3484445810317993,0.29421499371528625,0.7057850360870361,-1.2257637977600098,-0.35076379776000977,0.7057850360870361,1,1,"{""A"": ""orientation"", ""B"": ""position"", ""C"": ""color"", ""D"": ""size""}",/mnt/tidalfs-hssh01/dataset/xiang/models/Qwen2.5-VL-7B-Instruct,42,not_empty,next_token
A_0115,A,STEP2,AB,1,-1.136871099472046,-0.38687101006507874,0.32082128524780273,0.6791786551475525,-1.1382009983062744,-0.38820093870162964,0.6791786551475525,1,1,"{""A"": ""orientation"", ""B"": ""position"", ""C"": ""color"", ""D"": ""size""}",/mnt/tidalfs-hssh01/dataset/xiang/models/Qwen2.5-VL-7B-Instruct,42,not_empty,next_token
A_0115,A,STEP2,AC,1,-1.4061501026153564,-0.28115010261535645,0.24508503079414368,0.7549149990081787,-1.4065543413162231,-0.28155437111854553,0.7549149990081787,1,1,"{""A"": ""orientation"", ""B"": ""position"", ""C"": ""color"", ""D"": ""size""}",/mnt/tidalfs-hssh01/dataset/xiang/models/Qwen2.5-VL-7B-Instruct,42,not_empty,next_token
A_0115,A,STEP2,AD,1,-1.1368709802627563,-0.38687101006507874,0.3208213150501251,0.6791786551475525,-1.1381133794784546,-0.3881133794784546,0.6791786551475525,1,1,"{""A"": ""orientation"", ""B"": ""position"", ""C"": ""color"", ""D"": ""size""}",/mnt/tidalfs-hssh01/dataset/xiang/models/Qwen2.5-VL-7B-Instruct,42,not_empty,next_token
A_0115,A,STEP2,BC,1,-1.4061501026153564,-0.28115010261535645,0.24508503079414368,0.7549149990081787,-1.4069448709487915,-0.2819448709487915,0.7549149990081787,1,1,"{""A"": ""orientation"", ""B"": ""position"", ""C"": ""color"", ""D"": ""size""}",/mnt/tidalfs-hssh01/dataset/xiang/models/Qwen2.5-VL-7B-Instruct,42,not_empty,next_token
A_0115,A,STEP2,BD,1,-1.1368709802627563,-0.38687101006507874,0.3208213150501251,0.6791786551475525,-1.137892246246338,-0.3878922760486603,0.6791786551475525,1,1,"{""A"": ""orientation"", ""B"": ""position"", ""C"": ""color"", ""D"": ""size""}",/mnt/tidalfs-hssh01/dataset/xiang/models/Qwen2.5-VL-7B-Instruct,42,not_empty,next_token
A_0115,A,STEP2,CD,1,-1.053700566291809,-0.42870065569877625,0.3486451506614685,0.6513548493385315,-1.0546026229858398,-0.4296026825904846,0.6513548493385315,1,1,"{""A"": ""orientation"", ""B"": ""position"", ""C"": ""color"", ""D"": ""size""}",/mnt/tidalfs-hssh01/dataset/xiang/models/Qwen2.5-VL-7B-Instruct,42,not_empty,next_token
A_0115,A,STEP2,ABC,1,-1.3132617473602295,-0.3132617473602295,0.26894140243530273,0.7310584783554077,-1.3140740394592285,-0.31407397985458374,0.7310584783554077,1,1,"{""A"": ""orientation"", ""B"": ""position"", ""C"": ""color"", ""D"": ""size""}",/mnt/tidalfs-hssh01/dataset/xiang/models/Qwen2.5-VL-7B-Instruct,42,not_empty,next_token
A_0115,A,STEP2,ABD,1,-0.8981232643127441,-0.5231232643127441,0.4073334038257599,0.5926665663719177,-0.8987530469894409,-0.5237530469894409,0.5926665663719177,1,1,"{""A"": ""orientation"", ""B"": ""position"", ""C"": ""color"", ""D"": ""size""}",/mnt/tidalfs-hssh01/dataset/xiang/models/Qwen2.5-VL-7B-Instruct,42,not_empty,next_token
A_0115,A,STEP2,ACD,1,-1.4061501026153564,-0.28115010261535645,0.24508503079414368,0.7549149990081787,-1.406427264213562,-0.281427264213562,0.7549149990081787,1,1,"{""A"": ""orientation"", ""B"": ""position"", ""C"": ""color"", ""D"": ""size""}",/mnt/tidalfs-hssh01/dataset/xiang/models/Qwen2.5-VL-7B-Instruct,42,not_empty,next_token
A_0115,A,STEP2,BCD,1,-1.3132617473602295,-0.3132617473602295,0.26894140243530273,0.7310584783554077,-1.3136847019195557,-0.3136846721172333,0.7310584783554077,1,1,"{""A"": ""orientation"", ""B"": ""position"", ""C"": ""color"", ""D"": ""size""}",/mnt/tidalfs-hssh01/dataset/xiang/models/Qwen2.5-VL-7B-Instruct,42,not_empty,next_token
A_0115,A,STEP2,ABCD,1,-1.3132617473602295,-0.3132617473602295,0.26894140243530273,0.7310584783554077,-1.313840627670288,-0.3138405680656433,0.7310584783554077,1,1,"{""A"": ""orientation"", ""B"": ""position"", ""C"": ""color"", ""D"": ""size""}",/mnt/tidalfs-hssh01/dataset/xiang/models/Qwen2.5-VL-7B-Instruct,42,not_empty,next_token
A_0115,A,FINAL,EMPTY,0,-0.8259394764900208,-0.575939416885376,0.43782350420951843,0.562176525592804,-1.1369755268096924,-0.8869754672050476,0.43782350420951843,1,0,"{""A"": ""orientation"", ""B"": ""position"", ""C"": ""color"", ""D"": ""size""}",/mnt/tidalfs-hssh01/dataset/xiang/models/Qwen2.5-VL-7B-Instruct,42,text_only,next_token
A_0115,A,FINAL,A,0,-0.9740769863128662,-0.4740769863128662,0.3775406777858734,0.622459352016449,-0.9876799583435059,-0.48767998814582825,0.3775406777858734,1,0,"{""A"": ""orientation"", ""B"": ""position"", ""C"": ""color"", ""D"": ""size""}",/mnt/tidalfs-hssh01/dataset/xiang/models/Qwen2.5-VL-7B-Instruct,42,not_empty,next_token
A_0115,A,FINAL,B,0,-0.8981232643127441,-0.5231232643127441,0.4073334038257599,0.5926665663719177,-0.9183915853500366,-0.5433915853500366,0.4073334038257599,1,0,"{""A"": ""orientation"", ""B"": ""position"", ""C"": ""color"", ""D"": ""size""}",/mnt/tidalfs-hssh01/dataset/xiang/models/Qwen2.5-VL-7B-Instruct,42,not_empty,next_token
A_0115,A,FINAL,C,0,-0.8981232643127441,-0.5231232643127441,0.4073334038257599,0.5926665663719177,-0.9063037633895874,-0.5313037633895874,0.4073334038257599,1,0,"{""A"": ""orientation"", ""B"": ""position"", ""C"": ""color"", ""D"": ""size""}",/mnt/tidalfs-hssh01/dataset/xiang/models/Qwen2.5-VL-7B-Instruct,42,not_empty,next_token
A_0115,A,FINAL,D,0,-0.8981232643127441,-0.5231232643127441,0.4073334038257599,0.5926665663719177,-0.918960452079773,-0.543960452079773,0.4073334038257599,1,0,"{""A"": ""orientation"", ""B"": ""position"", ""C"": ""color"", ""D"": ""size""}",/mnt/tidalfs-hssh01/dataset/xiang/models/Qwen2.5-VL-7B-Instruct,42,not_empty,next_token
A_0115,A,FINAL,AB,0,-0.8981232643127441,-0.5231232643127441,0.4073334038257599,0.5926665663719177,-0.9020019769668579,-0.5270019769668579,0.4073334038257599,1,0,"{""A"": ""orientation"", ""B"": ""position"", ""C"": ""color"", ""D"": ""size""}",/mnt/tidalfs-hssh01/dataset/xiang/models/Qwen2.5-VL-7B-Instruct,42,not_empty,next_token
A_0115,A,FINAL,AC,0,-0.8981232643127441,-0.5231232643127441,0.4073334038257599,0.5926665663719177,-0.8995979428291321,-0.5245979428291321,0.4073334038257599,1,0,"{""A"": ""orientation"", ""B"": ""position"", ""C"": ""color"", ""D"": ""size""}",/mnt/tidalfs-hssh01/dataset/xiang/models/Qwen2.5-VL-7B-Instruct,42,not_empty,next_token
A_0115,A,FINAL,AD,0,-0.9740769863128662,-0.4740769863128662,0.3775406777858734,0.622459352016449,-0.9774577617645264,-0.47745776176452637,0.3775406777858734,1,0,"{""A"": ""orientation"", ""B"": ""position"", ""C"": ""color"", ""D"": ""size""}",/mnt/tidalfs-hssh01/dataset/xiang/models/Qwen2.5-VL-7B-Instruct,42,not_empty,next_token
A_0115,A,FINAL,BC,0,-0.825939416885376,-0.575939416885376,0.43782350420951843,0.562176525592804,-0.8288818597793579,-0.5788818597793579,0.43782350420951843,1,0,"{""A"": ""orientation"", ""B"": ""position"", ""C"": ""color"", ""D"": ""size""}",/mnt/tidalfs-hssh01/dataset/xiang/models/Qwen2.5-VL-7B-Instruct,42,not_empty,next_token
A_0115,A,FINAL,BD,0,-0.8981232643127441,-0.5231232643127441,0.4073334038257599,0.5926665663719177,-0.9029777646064758,-0.5279777646064758,0.4073334038257599,1,0,"{""A"": ""orientation"", ""B"": ""position"", ""C"": ""color"", ""D"": ""size""}",/mnt/tidalfs-hssh01/dataset/xiang/models/Qwen2.5-VL-7B-Instruct,42,not_empty,next_token
A_0115,A,FINAL,CD,0,-0.8981232643127441,-0.5231232643127441,0.4073334038257599,0.5926665663719177,-0.9010255336761475,-0.5260255336761475,0.4073334038257599,1,0,"{""A"": ""orientation"", ""B"": ""position"", ""C"": ""color"", ""D"": ""size""}",/mnt/tidalfs-hssh01/dataset/xiang/models/Qwen2.5-VL-7B-Instruct,42,not_empty,next_token
A_0115,A,FINAL,ABC,0,-0.8981232643127441,-0.5231232643127441,0.4073334038257599,0.5926665663719177,-0.8999372720718384,-0.5249372720718384,0.4073334038257599,1,0,"{""A"": ""orientation"", ""B"": ""position"", ""C"": ""color"", ""D"": ""size""}",/mnt/tidalfs-hssh01/dataset/xiang/models/Qwen2.5-VL-7B-Instruct,42,not_empty,next_token
A_0115,A,FINAL,ABD,0,-0.9740769863128662,-0.4740769863128662,0.3775406777858734,0.622459352016449,-0.9758030772209167,-0.47580307722091675,0.3775406777858734,1,0,"{""A"": ""orientation"", ""B"": ""position"", ""C"": ""color"", ""D"": ""size""}",/mnt/tidalfs-hssh01/dataset/xiang/models/Qwen2.5-VL-7B-Instruct,42,not_empty,next_token
A_0115,A,FINAL,ACD,0,-0.9740769863128662,-0.4740769863128662,0.3775406777858734,0.622459352016449,-0.974868893623352,-0.47486886382102966,0.3775406777858734,1,0,"{""A"": ""orientation"", ""B"": ""position"", ""C"": ""color"", ""D"": ""size""}",/mnt/tidalfs-hssh01/dataset/xiang/models/Qwen2.5-VL-7B-Instruct,42,not_empty,next_token
A_0115,A,FINAL,BCD,0,-0.8981232643127441,-0.5231232643127441,0.4073334038257599,0.5926665663719177,-0.899954080581665,-0.524954080581665,0.4073334038257599,1,0,"{""A"": ""orientation"", ""B"": ""position"", ""C"": ""color"", ""D"": ""size""}",/mnt/tidalfs-hssh01/dataset/xiang/models/Qwen2.5-VL-7B-Instruct,42,not_empty,next_token
A_0115,A,FINAL,ABCD,0,-1.0537006855010986,-0.42870065569877625,0.3486451208591461,0.6513548493385315,-1.0548540353775024,-0.42985406517982483,0.3486451208591461,1,0,"{""A"": ""orientation"", ""B"": ""position"", ""C"": ""color"", ""D"": ""size""}",/mnt/tidalfs-hssh01/dataset/xiang/models/Qwen2.5-VL-7B-Instruct,42,not_empty,next_token
A_0123,A,STEP1,EMPTY,0,-0.7575989961624146,-0.6325989961624146,0.4687906503677368,0.531209409236908,-0.8536394238471985,-0.7286394238471985,0.4687906503677368,1,0,"{""A"": ""orientation"", ""B"": ""position"", ""C"": ""color"", ""D"": ""size""}",/mnt/tidalfs-hssh01/dataset/xiang/models/Qwen2.5-VL-7B-Instruct,42,text_only,next_token
A_0123,A,STEP1,A,0,-1.2234444618225098,-0.3484445810317993,0.29421502351760864,0.7057850360870361,-1.2252774238586426,-0.35027748346328735,0.29421502351760864,1,0,"{""A"": ""orientation"", ""B"": ""position"", ""C"": ""color"", ""D"": ""size""}",/mnt/tidalfs-hssh01/dataset/xiang/models/Qwen2.5-VL-7B-Instruct,42,not_empty,next_token
A_0123,A,STEP1,B,0,-0.825939416885376,-0.575939416885376,0.43782350420951843,0.562176525592804,-0.8280298113822937,-0.5780298113822937,0.43782350420951843,1,0,"{""A"": ""orientation"", ""B"": ""position"", ""C"": ""color"", ""D"": ""size""}",/mnt/tidalfs-hssh01/dataset/xiang/models/Qwen2.5-VL-7B-Instruct,42,not_empty,next_token
A_0123,A,STEP1,C,0,-0.825939416885376,-0.575939416885376,0.43782350420951843,0.562176525592804,-0.8287026286125183,-0.5787026286125183,0.43782350420951843,1,0,"{""A"": ""orientation"", ""B"": ""position"", ""C"": ""color"", ""D"": ""size""}",/mnt/tidalfs-hssh01/dataset/xiang/models/Qwen2.5-VL-7B-Instruct,42,not_empty,next_token
A_0123,A,STEP1,D,0,-0.8981232643127441,-0.5231232643127441,0.4073334038257599,0.5926665663719177,-0.9012390375137329,-0.5262390375137329,0.4073334038257599,1,0,"{""A"": ""orientation"", ""B"": ""position"", ""C"": ""color"", ""D"": ""size""}",/mnt/tidalfs-hssh01/dataset/xiang/models/Qwen2.5-VL-7B-Instruct,42,not_empty,next_token
A_0123,A,STEP1,AB,0,-1.2234447002410889,-0.3484445810317993,0.2942149341106415,0.7057850360870361,-1.2240006923675537,-0.34900063276290894,0.2942149341106415,1,0,"{""A"": ""orientation"", ""B"": ""position"", ""C"": ""color"", ""D"": ""size""}",/mnt/tidalfs-hssh01/dataset/xiang/models/Qwen2.5-VL-7B-Instruct,42,not_empty,next_token
A_0123,A,STEP1,AC,0,-1.3132617473602295,-0.3132617473602295,0.26894140243530273,0.7310584783554077,-1.313734769821167,-0.313734769821167,0.26894140243530273,1,0,"{""A"": ""orientation"", ""B"": ""position"", ""C"": ""color"", ""D"": ""size""}",/mnt/tidalfs-hssh01/dataset/xiang/models/Qwen2.5-VL-7B-Instruct,42,not_empty,next_token
A_0123,A,STEP1,AD,0,-1.3132617473602295,-0.3132617473602295,0.26894140243530273,0.7310584783554077,-1.313917636871338,-0.3139176666736603,0.26894140243530273,1,0,"{""A"": ""orientation"", ""B"": ""position"", ""C"": ""color"", ""D"": ""size""}",/mnt/tidalfs-hssh01/dataset/xiang/models/Qwen2.5-VL-7B-Instruct,42,not_empty,next_token
A_0123,A,STEP1,BC,0,-0.8981232643127441,-0.5231232643127441,0.4073334038257599,0.5926665663719177,-0.8986491560935974,-0.5236491560935974,0.4073334038257599,1,0,"{""A"": ""orientation"", ""B"": ""position"", ""C"": ""color"", ""D"": ""size""}",/mnt/tidalfs-hssh01/dataset/xiang/models/Qwen2.5-VL-7B-Instruct,42,not_empty,next_token
A_0123,A,STEP1,BD,0,-0.825939416885376,-0.575939416885376,0.43782350420951843,0.562176525592804,-0.8267825245857239,-0.5767825245857239,0.43782350420951843,1,0,"{""A"": ""orientation"", ""B"": ""position"", ""C"": ""color"", ""D"": ""size""}",/mnt/tidalfs-hssh01/dataset/xiang/models/Qwen2.5-VL-7B-Instruct,42,not_empty,next_token
A_0123,A,STEP1,CD,0,-0.8981232643127441,-0.5231232643127441,0.4073334038257599,0.5926665663719177,-0.8986594080924988,-0.5236594080924988,0.4073334038257599,1,0,"{""A"": ""orientation"", ""B"": ""position"", ""C"": ""color"", ""D"": ""size""}",/mnt/tidalfs-hssh01/dataset/xiang/models/Qwen2.5-VL-7B-Instruct,42,not_empty,next_token
A_0123,A,STEP1,ABC,0,-1.2234445810317993,-0.3484445810317993,0.29421499371528625,0.7057850360870361,-1.2238049507141113,-0.34880495071411133,0.29421499371528625,1,0,"{""A"": ""orientation"", ""B"": ""position"", ""C"": ""color"", ""D"": ""size""}",/mnt/tidalfs-hssh01/dataset/xiang/models/Qwen2.5-VL-7B-Instruct,42,not_empty,next_token
A_0123,A,STEP1,ABD,0,-1.2234445810317993,-0.3484445810317993,0.29421499371528625,0.7057850360870361,-1.2237966060638428,-0.34879663586616516,0.29421499371528625,1,0,"{""A"": ""orientation"", ""B"": ""position"", ""C"": ""color"", ""D"": ""size""}",/mnt/tidalfs-hssh01/dataset/xiang/models/Qwen2.5-VL-7B-Instruct,42,not_empty,next_token
A_0123,A,STEP1,ACD,0,-1.4061501026153564,-0.28115010261535645,0.24508503079414368,0.7549149990081787,-1.4064526557922363,-0.2814527153968811,0.24508503079414368,1,0,"{""A"": ""orientation"", ""B"": ""position"", ""C"": ""color"", ""D"": ""size""}",/mnt/tidalfs-hssh01/dataset/xiang/models/Qwen2.5-VL-7B-Instruct,42,not_empty,next_token
A_0123,A,STEP1,BCD,0,-0.8981232643127441,-0.5231232643127441,0.4073334038257599,0.5926665663719177,-0.8983176946640015,-0.5233176946640015,0.4073334038257599,1,0,"{""A"": ""orientation"", ""B"": ""position"", ""C"": ""color"", ""D"": ""size""}",/mnt/tidalfs-hssh01/dataset/xiang/models/Qwen2.5-VL-7B-Instruct,42,not_empty,next_token
A_0123,A,STEP1,ABCD,0,-1.3132617473602295,-0.3132617473602295,0.26894140243530273,0.7310584783554077,-1.3134928941726685,-0.31349292397499084,0.26894140243530273,1,0,"{""A"": ""orientation"", ""B"": ""position"", ""C"": ""color"", ""D"": ""size""}",/mnt/tidalfs-hssh01/dataset/xiang/models/Qwen2.5-VL-7B-Instruct,42,not_empty,next_token
A_0123,A,STEP2,EMPTY,1,-1.3132617473602295,-0.3132617473602295,0.26894140243530273,0.7310584783554077,-1.3575432300567627,-0.3575432002544403,0.7310584783554077,1,1,"{""A"": ""orientation"", ""B"": ""position"", ""C"": ""color"", ""D"": ""size""}",/mnt/tidalfs-hssh01/dataset/xiang/models/Qwen2.5-VL-7B-Instruct,42,text_only,next_token
A_0123,A,STEP2,A,1,-1.2234444618225098,-0.3484445810317993,0.29421502351760864,0.7057850360870361,-1.225020408630371,-0.35002046823501587,0.7057850360870361,1,1,"{""A"": ""orientation"", ""B"": ""position"", ""C"": ""color"", ""D"": ""size""}",/mnt/tidalfs-hssh01/dataset/xiang/models/Qwen2.5-VL-7B-Instruct,42,not_empty,next_token
A_0123,A,STEP2,B,1,-1.1368709802627563,-0.38687101006507874,0.3208213150501251,0.6791786551475525,-1.138523817062378,-0.3885238468647003,0.6791786551475525,1,1,"{""A"": ""orientation"", ""B"": ""position"", ""C"": ""color"", ""D"": ""size""}",/mnt/tidalfs-hssh01/dataset/xiang/models/Qwen2.5-VL-7B-Instruct,42,not_empty,next_token
A_0123,A,STEP2,C,1,-1.1368709802627563,-0.38687101006507874,0.3208213150501251,0.6791786551475525,-1.1384496688842773,-0.38844969868659973,0.6791786551475525,1,1,"{""A"": ""orientation"", ""B"": ""position"", ""C"": ""color"", ""D"": ""size""}",/mnt/tidalfs-hssh01/dataset/xiang/models/Qwen2.5-VL-7B-Instruct,42,not_empty,next_token
A_0123,A,STEP2,D,1,-1.3132617473602295,-0.3132617473602295,0.26894140243530273,0.7310584783554077,-1.3144782781600952,-0.3144782781600952,0.7310584783554077,1,1,"{""A"": ""orientation"", ""B"": ""position"", ""C"": ""color"", ""D"": ""size""}",/mnt/tidalfs-hssh01/dataset/xiang/models/Qwen2.5-VL-7B-Instruct,42,not_empty,next_token
A_0123,A,STEP2,AB,1,-1.0537006855010986,-0.42870065569877625,0.3486451208591461,0.6513548493385315,-1.0553841590881348,-0.43038418889045715,0.6513548493385315,1,1,"{""A"": ""orientation"", ""B"": ""position"", ""C"": ""color"", ""D"": ""size""}",/mnt/tidalfs-hssh01/dataset/xiang/models/Qwen2.5-VL-7B-Instruct,42,not_empty,next_token
A_0123,A,STEP2,AC,1,-1.2234445810317993,-0.3484445810317993,0.29421499371528625,0.7057850360870361,-1.2239412069320679,-0.34894120693206787,0.7057850360870361,1,1,"{""A"": ""orientation"", ""B"": ""position"", ""C"": ""color"", ""D"": ""size""}",/mnt/tidalfs-hssh01/dataset/xiang/models/Qwen2.5-VL-7B-Instruct,42,not_empty,next_token
A_0123,A,STEP2,AD,1,-1.3132617473602295,-0.3132617473602295,0.26894140243530273,0.7310584783554077,-1.3142383098602295,-0.3142382800579071,0.7310584783554077,1,1,"{""A"": ""orientation"", ""B"": ""position"", ""C"": ""color"", ""D"": ""size""}",/mnt/tidalfs-hssh01/dataset/xiang/models/Qwen2.5-VL-7B-Instruct,42,not_empty,next_token
A_0123,A,STEP2,BC,1,-1.2234445810317993,-0.3484445810317993,0.29421499371528625,0.7057850360870361,-1.224609136581421,-0.3496091067790985,0.7057850360870361,1,1,"{""A"": ""orientation"", ""B"": ""position"", ""C"": ""color"", ""D"": ""size""}",/mnt/tidalfs-hssh01/dataset/xiang/models/Qwen2.5-VL-7B-Instruct,42,not_empty,next_token
A_0123,A,STEP2,BD,1,-1.1368709802627563,-0.38687101006507874,0.3208213150501251,0.6791786551475525,-1.1383633613586426,-0.38836339116096497,0.6791786551475525,1,1,"{""A"": ""orientation"", ""B"": ""position"", ""C"": ""color"", ""D"": ""size""}",/mnt/tidalfs-hssh01/dataset/xiang/models/Qwen2.5-VL-7B-Instruct,42,not_empty,next_token
A_0123,A,STEP2,CD,1,-1.1368709802627563,-0.38687101006507874,0.3208213150501251,0.6791786551475525,-1.1373692750930786,-0.387369304895401,0.6791786551475525,1,1,"{""A"": ""orientation"", ""B"": ""position"", ""C"": ""color"", ""D"": ""size""}",/mnt/tidalfs-hssh01/dataset/xiang/models/Qwen2.5-VL-7B-Instruct,42,not_empty,next_token
A_0123,A,STEP2,ABC,1,-1.0537006855010986,-0.42870065569877625,0.3486451208591461,0.6513548493385315,-1.0545045137405396,-0.42950451374053955,0.6513548493385315,1,1,"{""A"": ""orientation"", ""B"": ""position"", ""C"": ""color"", ""D"": ""size""}",/mnt/tidalfs-hssh01/dataset/xiang/models/Qwen2.5-VL-7B-Instruct,42,not_empty,next_token
A_0123,A,STEP2,ABD,1,-1.1368709802627563,-0.38687101006507874,0.3208213150501251,0.6791786551475525,-1.1376430988311768,-0.38764312863349915,0.6791786551475525,1,1,"{""A"": ""orientation"", ""B"": ""position"", ""C"": ""color"", ""D"": ""size""}",/mnt/tidalfs-hssh01/dataset/xiang/models/Qwen2.5-VL-7B-Instruct,42,not_empty,next_token
A_0123,A,STEP2,ACD,1,-1.1368709802627563,-0.38687101006507874,0.3208213150501251,0.6791786551475525,-1.137206792831421,-0.3872067928314209,0.6791786551475525,1,1,"{""A"": ""orientation"", ""B"": ""position"", ""C"": ""color"", ""D"": ""size""}",/mnt/tidalfs-hssh01/dataset/xiang/models/Qwen2.5-VL-7B-Instruct,42,not_empty,next_token
A_0123,A,STEP2,BCD,1,-1.1368709802627563,-0.38687101006507874,0.3208213150501251,0.6791786551475525,-1.137262225151062,-0.3872622549533844,0.6791786551475525,1,1,"{""A"": ""orientation"", ""B"": ""position"", ""C"": ""color"", ""D"": ""size""}",/mnt/tidalfs-hssh01/dataset/xiang/models/Qwen2.5-VL-7B-Instruct,42,not_empty,next_token
A_0123,A,STEP2,ABCD,1,-1.053700566291809,-0.42870065569877625,0.3486451506614685,0.6513548493385315,-1.0542941093444824,-0.4292941689491272,0.6513548493385315,1,1,"{""A"": ""orientation"", ""B"": ""position"", ""C"": ""color"", ""D"": ""size""}",/mnt/tidalfs-hssh01/dataset/xiang/models/Qwen2.5-VL-7B-Instruct,42,not_empty,next_token
A_0123,A,FINAL,EMPTY,1,-0.8259394764900208,-0.575939416885376,0.43782350420951843,0.562176525592804,-1.1369755268096924,-0.8869754672050476,0.562176525592804,1,1,"{""A"": ""orientation"", ""B"": ""position"", ""C"": ""color"", ""D"": ""size""}",/mnt/tidalfs-hssh01/dataset/xiang/models/Qwen2.5-VL-7B-Instruct,42,text_only,next_token
A_0123,A,FINAL,A,1,-0.9740769863128662,-0.4740769863128662,0.3775406777858734,0.622459352016449,-0.9876799583435059,-0.48767998814582825,0.622459352016449,1,1,"{""A"": ""orientation"", ""B"": ""position"", ""C"": ""color"", ""D"": ""size""}",/mnt/tidalfs-hssh01/dataset/xiang/models/Qwen2.5-VL-7B-Instruct,42,not_empty,next_token
A_0123,A,FINAL,B,1,-0.8981232643127441,-0.5231232643127441,0.4073334038257599,0.5926665663719177,-0.9216486215591431,-0.5466486215591431,0.5926665663719177,1,1,"{""A"": ""orientation"", ""B"": ""position"", ""C"": ""color"", ""D"": ""size""}",/mnt/tidalfs-hssh01/dataset/xiang/models/Qwen2.5-VL-7B-Instruct,42,not_empty,next_token
A_0123,A,FINAL,C,1,-0.8981232643127441,-0.5231232643127441,0.4073334038257599,0.5926665663719177,-0.9067662954330444,-0.5317662954330444,0.5926665663719177,1,1,"{""A"": ""orientation"", ""B"": ""position"", ""C"": ""color"", ""D"": ""size""}",/mnt/tidalfs-hssh01/dataset/xiang/models/Qwen2.5-VL-7B-Instruct,42,not_empty,next_token
A_0123,A,FINAL,D,1,-0.9740769863128662,-0.4740769863128662,0.3775406777858734,0.622459352016449,-0.9890617728233337,-0.48906177282333374,0.622459352016449,1,1,"{""A"": ""orientation"", ""B"": ""position"", ""C"": ""color"", ""D"": ""size""}",/mnt/tidalfs-hssh01/dataset/xiang/models/Qwen2.5-VL-7B-Instruct,42,not_empty,next_token
A_0123,A,FINAL,AB,1,-0.825939416885376,-0.575939416885376,0.43782350420951843,0.562176525592804,-0.8293216228485107,-0.5793216228485107,0.562176525592804,1,1,"{""A"": ""orientation"", ""B"": ""position"", ""C"": ""color"", ""D"": ""size""}",/mnt/tidalfs-hssh01/dataset/xiang/models/Qwen2.5-VL-7B-Instruct,42,not_empty,next_token
A_0123,A,FINAL,AC,1,-0.9740769863128662,-0.4740769863128662,0.3775406777858734,0.622459352016449,-0.9748355746269226,-0.4748355746269226,0.622459352016449,1,1,"{""A"": ""orientation"", ""B"": ""position"", ""C"": ""color"", ""D"": ""size""}",/mnt/tidalfs-hssh01/dataset/xiang/models/Qwen2.5-VL-7B-Instruct,42,not_empty,next_token
A_0123,A,FINAL,AD,1,-0.9740769863128662,-0.4740769863128662,0.3775406777858734,0.622459352016449,-0.9772599935531616,-0.4772599935531616,0.622459352016449,1,1,"{""A"": ""orientation"", ""B"": ""position"", ""C"": ""color"", ""D"": ""size""}",/mnt/tidalfs-hssh01/dataset/xiang/models/Qwen2.5-VL-7B-Instruct,42,not_empty,next_token
A_0123,A,FINAL,BC,1,-0.8981232643127441,-0.5231232643127441,0.4073334038257599,0.5926665663719177,-0.9014354944229126,-0.5264354944229126,0.5926665663719177,1,1,"{""A"": ""orientation"", ""B"": ""position"", ""C"": ""color"", ""D"": ""size""}",/mnt/tidalfs-hssh01/dataset/xiang/models/Qwen2.5-VL-7B-Instruct,42,not_empty,next_token
A_0123,A,FINAL,BD,1,-0.8981232643127441,-0.5231232643127441,0.4073334038257599,0.5926665663719177,-0.903567910194397,-0.528567910194397,0.5926665663719177,1,1,"{""A"": ""orientation"", ""B"": ""position"", ""C"": ""color"", ""D"": ""size""}",/mnt/tidalfs-hssh01/dataset/xiang/models/Qwen2.5-VL-7B-Instruct,42,not_empty,next_token
A_0123,A,FINAL,CD,1,-0.8981232643127441,-0.5231232643127441,0.4073334038257599,0.5926665663719177,-0.8992788791656494,-0.5242788791656494,0.5926665663719177,1,1,"{""A"": ""orientation"", ""B"": ""position"", ""C"": ""color"", ""D"": ""size""}",/mnt/tidalfs-hssh01/dataset/xiang/models/Qwen2.5-VL-7B-Instruct,42,not_empty,next_token
A_0123,A,FINAL,ABC,1,-0.9740769863128662,-0.4740769863128662,0.3775406777858734,0.622459352016449,-0.9755381345748901,-0.4755381643772125,0.622459352016449,1,1,"{""A"": ""orientation"", ""B"": ""position"", ""C"": ""color"", ""D"": ""size""}",/mnt/tidalfs-hssh01/dataset/xiang/models/Qwen2.5-VL-7B-Instruct,42,not_empty,next_token
A_0123,A,FINAL,ABD,1,-0.9740769863128662,-0.4740769863128662,0.3775406777858734,0.622459352016449,-0.9759453535079956,-0.475945383310318,0.622459352016449,1,1,"{""A"": ""orientation"", ""B"": ""position"", ""C"": ""color"", ""D"": ""size""}",/mnt/tidalfs-hssh01/dataset/xiang/models/Qwen2.5-VL-7B-Instruct,42,not_empty,next_token
A_0123,A,FINAL,ACD,1,-0.8981232643127441,-0.5231232643127441,0.4073334038257599,0.5926665663719177,-0.899101734161377,-0.524101734161377,0.5926665663719177,1,1,"{""A"": ""orientation"", ""B"": ""position"", ""C"": ""color"", ""D"": ""size""}",/mnt/tidalfs-hssh01/dataset/xiang/models/Qwen2.5-VL-7B-Instruct,42,not_empty,next_token
A_0123,A,FINAL,BCD,1,-0.9740769863128662,-0.4740769863128662,0.3775406777858734,0.622459352016449,-0.976440966129303,-0.476440966129303,0.622459352016449,1,1,"{""A"": ""orientation"", ""B"": ""position"", ""C"": ""color"", ""D"": ""size""}",/mnt/tidalfs-hssh01/dataset/xiang/models/Qwen2.5-VL-7B-Instruct,42,not_empty,next_token
A_0123,A,FINAL,ABCD,1,-0.9740769863128662,-0.4740769863128662,0.3775406777858734,0.622459352016449,-0.9760255217552185,-0.4760255217552185,0.622459352016449,1,1,"{""A"": ""orientation"", ""B"": ""position"", ""C"": ""color"", ""D"": ""size""}",/mnt/tidalfs-hssh01/dataset/xiang/models/Qwen2.5-VL-7B-Instruct,42,not_empty,next_token
B_0003,B,STEP,EMPTY,1,-0.8981232643127441,-0.5231232643127441,0.4073334038257599,0.5926665663719177,-0.9199725389480591,-0.5449725389480591,0.5926665663719177,1,1,"{""A"": ""position"", ""B"": ""color"", ""C"": ""size"", ""D"": ""orientation""}",/mnt/tidalfs-hssh01/dataset/xiang/models/Qwen2.5-VL-7B-Instruct,42,text_only,next_token
B_0003,B,STEP,A,1,-0.825939416885376,-0.575939416885376,0.43782350420951843,0.562176525592804,-0.828015148639679,-0.578015148639679,0.562176525592804,1,1,"{""A"": ""position"", ""B"": ""color"", ""C"": ""size"", ""D"": ""orientation""}",/mnt/tidalfs-hssh01/dataset/xiang/models/Qwen2.5-VL-7B-Instruct,42,not_empty,next_token
B_0003,B,STEP,B,1,-0.9740769863128662,-0.4740769863128662,0.3775406777858734,0.622459352016449,-0.975214958190918,-0.47521498799324036,0.622459352016449,1,1,"{""A"": ""position"", ""B"": ""color"", ""C"": ""size"", ""D"": ""orientation""}",/mnt/tidalfs-hssh01/dataset/xiang/models/Qwen2.5-VL-7B-Instruct,42,not_empty,next_token
B_0003,B,STEP,C,1,-0.9740769863128662,-0.4740769863128662,0.3775406777858734,0.622459352016449,-0.975752592086792,-0.475752592086792,0.622459352016449,1,1,"{""A"": ""position"", ""B"": ""color"", ""C"": ""size"", ""D"": ""orientation""}",/mnt/tidalfs-hssh01/dataset/xiang/models/Qwen2.5-VL-7B-Instruct,42,not_empty,next_token
B_0003,B,STEP,D,1,-0.825939416885376,-0.575939416885376,0.43782350420951843,0.562176525592804,-0.830412745475769,-0.580412745475769,0.562176525592804,1,1,"{""A"": ""position"", ""B"": ""color"", ""C"": ""size"", ""D"": ""orientation""}",/mnt/tidalfs-hssh01/dataset/xiang/models/Qwen2.5-VL-7B-Instruct,42,not_empty,next_token
B_0003,B,STEP,AB,1,-0.8981232643127441,-0.5231232643127441,0.4073334038257599,0.5926665663719177,-0.8987821936607361,-0.5237821936607361,0.5926665663719177,1,1,"{""A"": ""position"", ""B"": ""color"", ""C"": ""size"", ""D"": ""orientation""}",/mnt/tidalfs-hssh01/dataset/xiang/models/Qwen2.5-VL-7B-Instruct,42,not_empty,next_token
B_0003,B,STEP,AC,1,-0.8981232643127441,-0.5231232643127441,0.4073334038257599,0.5926665663719177,-0.8986004590988159,-0.5236004590988159,0.5926665663719177,1,1,"{""A"": ""position"", ""B"": ""color"", ""C"": ""size"", ""D"": ""orientation""}",/mnt/tidalfs-hssh01/dataset/xiang/models/Qwen2.5-VL-7B-Instruct,42,not_empty,next_token
B_0003,B,STEP,AD,1,-0.825939416885376,-0.575939416885376,0.43782350420951843,0.562176525592804,-0.8266482353210449,-0.5766482353210449,0.562176525592804,1,1,"{""A"": ""position"", ""B"": ""color"", ""C"": ""size"", ""D"": ""orientation""}",/mnt/tidalfs-hssh01/dataset/xiang/models/Qwen2.5-VL-7B-Instruct,42,not_empty,next_token
B_0003,B,STEP,BC,1,-0.8981232643127441,-0.5231232643127441,0.4073334038257599,0.5926665663719177,-0.8988395929336548,-0.5238395929336548,0.5926665663719177,1,1,"{""A"": ""position"", ""B"": ""color"", ""C"": ""size"", ""D"": ""orientation""}",/mnt/tidalfs-hssh01/dataset/xiang/models/Qwen2.5-VL-7B-Instruct,42,not_empty,next_token
B_0003,B,STEP,BD,1,-0.8981232643127441,-0.5231232643127441,0.4073334038257599,0.5926665663719177,-0.8989251852035522,-0.5239251852035522,0.5926665663719177,1,1,"{""A"": ""position"", ""B"": ""color"", ""C"": ""size"", ""D"": ""orientation""}",/mnt/tidalfs-hssh01/dataset/xiang/models/Qwen2.5-VL-7B-Instruct,42,not_empty,next_token
B_0003,B,STEP,CD,1,-0.9740769863128662,-0.4740769863128662,0.3775406777858734,0.622459352016449,-0.9747158288955688,-0.47471582889556885,0.622459352016449,1,1,"{""A"": ""position"", ""B"": ""color"", ""C"": ""size"", ""D"": ""orientation""}",/mnt/tidalfs-hssh01/dataset/xiang/models/Qwen2.5-VL-7B-Instruct,42,not_empty,next_token
B_0003,B,STEP,ABC,1,-0.8981232643127441,-0.5231232643127441,0.4073334038257599,0.5926665663719177,-0.8986276388168335,-0.5236276388168335,0.5926665663719177,1,1,"{""A"": ""position"", ""B"": ""color"", ""C"": ""size"", ""D"": ""orientation""}",/mnt/tidalfs-hssh01/dataset/xiang/models/Qwen2.5-VL-7B-Instruct,42,not_empty,next_token
B_0003,B,STEP,ABD,1,-0.9740769863128662,-0.4740769863128662,0.3775406777858734,0.622459352016449,-0.9745606780052185,-0.4745606780052185,0.622459352016449,1,1,"{""A"": ""position"", ""B"": ""color"", ""C"": ""size"", ""D"": ""orientation""}",/mnt/tidalfs-hssh01/dataset/xiang/models/Qwen2.5-VL-7B-Instruct,42,not_empty,next_token
B_0003,B,STEP,ACD,1,-0.8981232643127441,-0.5231232643127441,0.4073334038257599,0.5926665663719177,-0.8984663486480713,-0.5234663486480713,0.5926665663719177,1,1,"{""A"": ""position"", ""B"": ""color"", ""C"": ""size"", ""D"": ""orientation""}",/mnt/tidalfs-hssh01/dataset/xiang/models/Qwen2.5-VL-7B-Instruct,42,not_empty,next_token
B_0003,B,STEP,BCD,1,-1.0537006855010986,-0.42870065569877625,0.3486451208591461,0.6513548493385315,-1.0541411638259888,-0.4291411340236664,0.6513548493385315,1,1,"{""A"": ""position"", ""B"": ""color"", ""C"": ""size"", ""D"": ""orientation""}",/mnt/tidalfs-hssh01/dataset/xiang/models/Qwen2.5-VL-7B-Instruct,42,not_empty,next_token
B_0003,B,STEP,ABCD,1,-0.9740769863128662,-0.4740769863128662,0.3775406777858734,0.622459352016449,-0.9744505882263184,-0.47445058822631836,0.622459352016449,1,1,"{""A"": ""position"", ""B"": ""color"", ""C"": ""size"", ""D"": ""orientation""}",/mnt/tidalfs-hssh01/dataset/xiang/models/Qwen2.5-VL-7B-Instruct,42,not_empty,next_token
B_0011,B,STEP,EMPTY,0,-0.9740769863128662,-0.4740769863128662,0.3775406777858734,0.622459352016449,-0.9828988313674927,-0.4828988313674927,0.3775406777858734,1,0,"{""A"": ""color"", ""B"": ""size"", ""C"": ""orientation"", ""D"": ""position""}",/mnt/tidalfs-hssh01/dataset/xiang/models/Qwen2.5-VL-7B-Instruct,42,text_only,next_token
B_0011,B,STEP,A,0,-0.825939416885376,-0.575939416885376,0.43782350420951843,0.562176525592804,-0.8269744515419006,-0.5769744515419006,0.43782350420951843,1,0,"{""A"": ""color"", ""B"": ""size"", ""C"": ""orientation"", ""D"": ""position""}",/mnt/tidalfs-hssh01/dataset/xiang/models/Qwen2.5-VL-7B-Instruct,42,not_empty,next_token
B_0011,B,STEP,B,0,-1.0537006855010986,-0.42870065569877625,0.3486451208591461,0.6513548493385315,-1.0547888278961182,-0.4297887682914734,0.3486451208591461,1,0,"{""A"": ""color"", ""B"": ""size"", ""C"": ""orientation"", ""D"": ""position""}",/mnt/tidalfs-hssh01/dataset/xiang/models/Qwen2.5-VL-7B-Instruct,42,not_empty,next_token
B_0011,B,STEP,C,0,-0.8981232643127441,-0.5231232643127441,0.4073334038257599,0.5926665663719177,-0.8999212384223938,-0.5249212384223938,0.4073334038257599,1,0,"{""A"": ""color"", ""B"": ""size"", ""C"": ""orientation"", ""D"": ""position""}",/mnt/tidalfs-hssh01/dataset/xiang/models/Qwen2.5-VL-7B-Instruct,42,not_empty,next_token
B_0011,B,STEP,D,0,-0.8981232643127441,-0.5231232643127441,0.4073334038257599,0.5926665663719177,-0.8994076251983643,-0.5244076251983643,0.4073334038257599,1,0,"{""A"": ""color"", ""B"": ""size"", ""C"": ""orientation"", ""D"": ""position""}",/mnt/tidalfs-hssh01/dataset/xiang/models/Qwen2.5-VL-7B-Instruct,42,not_empty,next_token
B_0011,B,STEP,AB,0,-0.7575989961624146,-0.6325989961624146,0.4687906503677368,0.531209409236908,-0.7579630017280579,-0.6329630017280579,0.4687906503677368,1,0,"{""A"": ""color"", ""B"": ""size"", ""C"": ""orientation"", ""D"": ""position""}",/mnt/tidalfs-hssh01/dataset/xiang/models/Qwen2.5-VL-7B-Instruct,42,not_empty,next_token
B_0011,B,STEP,AC,0,-0.8981232643127441,-0.5231232643127441,0.4073334038257599,0.5926665663719177,-0.8986351490020752,-0.5236351490020752,0.4073334038257599,1,0,"{""A"": ""color"", ""B"": ""size"", ""C"": ""orientation"", ""D"": ""position""}",/mnt/tidalfs-hssh01/dataset/xiang/models/Qwen2.5-VL-7B-Instruct,42,not_empty,next_token
B_0011,B,STEP,AD,0,-0.825939416885376,-0.575939416885376,0.43782350420951843,0.562176525592804,-0.8264421820640564,-0.5764421820640564,0.43782350420951843,1,0,"{""A"": ""color"", ""B"": ""size"", ""C"": ""orientation"", ""D"": ""position""}",/mnt/tidalfs-hssh01/dataset/xiang/models/Qwen2.5-VL-7B-Instruct,42,not_empty,next_token
B_0011,B,STEP,BC,0,-0.8981232643127441,-0.5231232643127441,0.4073334038257599,0.5926665663719177,-0.8990539908409119,-0.5240539908409119,0.4073334038257599,1,0,"{""A"": ""color"", ""B"": ""size"", ""C"": ""orientation"", ""D"": ""position""}",/mnt/tidalfs-hssh01/dataset/xiang/models/Qwen2.5-VL-7B-Instruct,42,not_empty,next_token
B_0011,B,STEP,BD,0,-0.8981232643127441,-0.5231232643127441,0.4073334038257599,0.5926665663719177,-0.8987720012664795,-0.5237720012664795,0.4073334038257599,1,0,"{""A"": ""color"", ""B"": ""size"", ""C"": ""orientation"", ""D"": ""position""}",/mnt/tidalfs-hssh01/dataset/xiang/models/Qwen2.5-VL-7B-Instruct,42,not_empty,next_token
B_0011,B,STEP,CD,0,-0.7575989961624146,-0.6325989961624146,0.4687906503677368,0.531209409236908,-0.7585164308547974,-0.6335164308547974,0.4687906503677368,1,0,"{""A"": ""color"", ""B"": ""size"", ""C"": ""orientation"", ""D"": ""position""}",/mnt/tidalfs-hssh01/dataset/xiang/models/Qwen2.5-VL-7B-Instruct,42,not_empty,next_token
B_0011,B,STEP,ABC,0,-0.7575989961624146,-0.6325989961624146,0.4687906503677368,0.531209409236908,-0.758023738861084,-0.633023738861084,0.4687906503677368,1,0,"{""A"": ""color"", ""B"": ""size"", ""C"": ""orientation"", ""D"": ""position""}",/mnt/tidalfs-hssh01/dataset/xiang/models/Qwen2.5-VL-7B-Instruct,42,not_empty,next_token
B_0011,B,STEP,ABD,0,-0.825939416885376,-0.575939416885376,0.43782350420951843,0.562176525592804,-0.8263126611709595,-0.5763126611709595,0.43782350420951843,1,0,"{""A"": ""color"", ""B"": ""size"", ""C"": ""orientation"", ""D"": ""position""}",/mnt/tidalfs-hssh01/dataset/xiang/models/Qwen2.5-VL-7B-Instruct,42,not_empty,next_token
B_0011,B,STEP,ACD,0,-0.8981232643127441,-0.5231232643127441,0.4073334038257599,0.5926665663719177,-0.8984007835388184,-0.5234007835388184,0.4073334038257599,1,0,"{""A"": ""color"", ""B"": ""size"", ""C"": ""orientation"", ""D"": ""position""}",/mnt/tidalfs-hssh01/dataset/xiang/models/Qwen2.5-VL-7B-Instruct,42,not_empty,next_token
B_0011,B,STEP,BCD,0,-0.8981232643127441,-0.5231232643127441,0.4073334038257599,0.5926665663719177,-0.8986953496932983,-0.5236953496932983,0.4073334038257599,1,0,"{""A"": ""color"", ""B"": ""size"", ""C"": ""orientation"", ""D"": ""position""}",/mnt/tidalfs-hssh01/dataset/xiang/models/Qwen2.5-VL-7B-Instruct,42,not_empty,next_token
B_0011,B,STEP,ABCD,0,-0.825939416885376,-0.575939416885376,0.43782350420951843,0.562176525592804,-0.826241672039032,-0.576241672039032,0.43782350420951843,1,0,"{""A"": ""color"", ""B"": ""size"", ""C"": ""orientation"", ""D"": ""position""}",/mnt/tidalfs-hssh01/dataset/xiang/models/Qwen2.5-VL-7B-Instruct,42,not_empty,next_token
B_0019,B,STEP,EMPTY,1,-0.825939416885376,-0.575939416885376,0.43782350420951843,0.562176525592804,-0.8349793553352356,-0.5849793553352356,0.562176525592804,1,1,"{""A"": ""size"", ""B"": ""orientation"", ""C"": ""position"", ""D"": ""color""}",/mnt/tidalfs-hssh01/dataset/xiang/models/Qwen2.5-VL-7B-Instruct,42,text_only,next_token
B_0019,B,STEP,A,1,-0.6931471824645996,-0.6931471824645996,0.5,0.5,-0.6942474842071533,-0.6942474842071533,0.5,0,0,"{""A"": ""size"", ""B"": ""orientation"", ""C"": ""position"", ""D"": ""color""}",/mnt/tidalfs-hssh01/dataset/xiang/models/Qwen2.5-VL-7B-Instruct,42,not_empty,next_token
B_0019,B,STEP,B,1,-1.0537006855010986,-0.42870065569877625,0.3486451208591461,0.6513548493385315,-1.0545393228530884,-0.429539293050766,0.6513548493385315,1,1,"{""A"": ""size"", ""B"": ""orientation"", ""C"": ""position"", ""D"": ""color""}",/mnt/tidalfs-hssh01/dataset/xiang/models/Qwen2.5-VL-7B-Instruct,42,not_empty,next_token
B_0019,B,STEP,C,1,-0.7575989961624146,-0.6325989961624146,0.4687906503677368,0.531209409236908,-0.759021520614624,-0.634021520614624,0.531209409236908,1,1,"{""A"": ""size"", ""B"": ""orientation"", ""C"": ""position"", ""D"": ""color""}",/mnt/tidalfs-hssh01/dataset/xiang/models/Qwen2.5-VL-7B-Instruct,42,not_empty,next_token
B_0019,B,STEP,D,1,-0.825939416885376,-0.575939416885376,0.43782350420951843,0.562176525592804,-0.8275613784790039,-0.5775613784790039,0.562176525592804,1,1,"{""A"": ""size"", ""B"": ""orientation"", ""C"": ""position"", ""D"": ""color""}",/mnt/tidalfs-hssh01/dataset/xiang/models/Qwen2.5-VL-7B-Instruct,42,not_empty,next_token
B_0019,B,STEP,AB,1,-0.825939416885376,-0.575939416885376,0.43782350420951843,0.562176525592804,-0.8265458345413208,-0.5765458345413208,0.562176525592804,1,1,"{""A"": ""size"", ""B"": ""orientation"", ""C"": ""position"", ""D"": ""color""}",/mnt/tidalfs-hssh01/dataset/xiang/models/Qwen2.5-VL-7B-Instruct,42,not_empty,next_token
B_0019,B,STEP,AC,1,-0.825939416885376,-0.575939416885376,0.43782350420951843,0.562176525592804,-0.8263104557991028,-0.5763104557991028,0.562176525592804,1,1,"{""A"": ""size"", ""B"": ""orientation"", ""C"": ""position"", ""D"": ""color""}",/mnt/tidalfs-hssh01/dataset/xiang/models/Qwen2.5-VL-7B-Instruct,42,not_empty,next_token
B_0019,B,STEP,AD,1,-0.825939416885376,-0.575939416885376,0.43782350420951843,0.562176525592804,-0.8266156315803528,-0.5766156315803528,0.562176525592804,1,1,"{""A"": ""size"", ""B"": ""orientation"", ""C"": ""position"", ""D"": ""color""}",/mnt/tidalfs-hssh01/dataset/xiang/models/Qwen2.5-VL-7B-Instruct,42,not_empty,next_token
B_0019,B,STEP,BC,1,-1.1368709802627563,-0.38687101006507874,0.3208213150501251,0.6791786551475525,-1.1375669240951538,-0.3875668942928314,0.6791786551475525,1,1,"{""A"": ""size"", ""B"": ""orientation"", ""C"": ""position"", ""D"": ""color""}",/mnt/tidalfs-hssh01/dataset/xiang/models/Qwen2.5-VL-7B-Instruct,42,not_empty,next_token
B_0019,B,STEP,BD,1,-1.053700566291809,-0.42870065569877625,0.3486451506614685,0.6513548493385315,-1.0542681217193604,-0.4292681813240051,0.6513548493385315,1,1,"{""A"": ""size"", ""B"": ""orientation"", ""C"": ""position"", ""D"": ""color""}",/mnt/tidalfs-hssh01/dataset/xiang/models/Qwen2.5-VL-7B-Instruct,42,not_empty,next_token
B_0019,B,STEP,CD,1,-0.7575989961624146,-0.6325989961624146,0.4687906503677368,0.531209409236908,-0.7582088708877563,-0.6332088708877563,0.531209409236908,1,1,"{""A"": ""size"", ""B"": ""orientation"", ""C"": ""position"", ""D"": ""color""}",/mnt/tidalfs-hssh01/dataset/xiang/models/Qwen2.5-VL-7B-Instruct,42,not_empty,next_token
B_0019,B,STEP,ABC,1,-0.825939416885376,-0.575939416885376,0.43782350420951843,0.562176525592804,-0.8263147473335266,-0.5763147473335266,0.562176525592804,1,1,"{""A"": ""size"", ""B"": ""orientation"", ""C"": ""position"", ""D"": ""color""}",/mnt/tidalfs-hssh01/dataset/xiang/models/Qwen2.5-VL-7B-Instruct,42,not_empty,next_token
B_0019,B,STEP,ABD,1,-0.7575989961624146,-0.6325989961624146,0.4687906503677368,0.531209409236908,-0.7580645680427551,-0.6330645680427551,0.531209409236908,1,1,"{""A"": ""size"", ""B"": ""orientation"", ""C"": ""position"", ""D"": ""color""}",/mnt/tidalfs-hssh01/dataset/xiang/models/Qwen2.5-VL-7B-Instruct,42,not_empty,next_token
B_0019,B,STEP,ACD,1,-0.825939416885376,-0.575939416885376,0.43782350420951843,0.562176525592804,-0.8262614011764526,-0.5762614011764526,0.562176525592804,1,1,"{""A"": ""size"", ""B"": ""orientation"", ""C"": ""position"", ""D"": ""color""}",/mnt/tidalfs-hssh01/dataset/xiang/models/Qwen2.5-VL-7B-Instruct,42,not_empty,next_token
B_0019,B,STEP,BCD,1,-1.1368709802627563,-0.38687101006507874,0.3208213150501251,0.6791786551475525,-1.1373530626296997,-0.3873530626296997,0.6791786551475525,1,1,"{""A"": ""size"", ""B"": ""orientation"", ""C"": ""position"", ""D"": ""color""}",/mnt/tidalfs-hssh01/dataset/xiang/models/Qwen2.5-VL-7B-Instruct,42,not_empty,next_token
B_0019,B,STEP,ABCD,1,-0.7575989961624146,-0.6325989961624146,0.4687906503677368,0.531209409236908,-0.7579883933067322,-0.6329883933067322,0.531209409236908,1,1,"{""A"": ""size"", ""B"": ""orientation"", ""C"": ""position"", ""D"": ""color""}",/mnt/tidalfs-hssh01/dataset/xiang/models/Qwen2.5-VL-7B-Instruct,42,not_empty,next_token
B_0027,B,STEP,EMPTY,1,-0.8981232643127441,-0.5231232643127441,0.4073334038257599,0.5926665663719177,-0.9087707996368408,-0.5337707996368408,0.5926665663719177,1,1,"{""A"": ""orientation"", ""B"": ""position"", ""C"": ""color"", ""D"": ""size""}",/mnt/tidalfs-hssh01/dataset/xiang/models/Qwen2.5-VL-7B-Instruct,42,text_only,next_token
B_0027,B,STEP,A,1,-0.825939416885376,-0.575939416885376,0.43782350420951843,0.562176525592804,-0.8267313241958618,-0.5767313241958618,0.562176525592804,1,1,"{""A"": ""orientation"", ""B"": ""position"", ""C"": ""color"", ""D"": ""size""}",/mnt/tidalfs-hssh01/dataset/xiang/models/Qwen2.5-VL-7B-Instruct,42,not_empty,next_token
B_0027,B,STEP,B,1,-0.8981232643127441,-0.5231232643127441,0.4073334038257599,0.5926665663719177,-0.8991214632987976,-0.5241214632987976,0.5926665663719177,1,1,"{""A"": ""orientation"", ""B"": ""position"", ""C"": ""color"", ""D"": ""size""}",/mnt/tidalfs-hssh01/dataset/xiang/models/Qwen2.5-VL-7B-Instruct,42,not_empty,next_token
B_0027,B,STEP,C,1,-0.8981232643127441,-0.5231232643127441,0.4073334038257599,0.5926665663719177,-0.8988602161407471,-0.5238602161407471,0.5926665663719177,1,1,"{""A"": ""orientation"", ""B"": ""position"", ""C"": ""color"", ""D"": ""size""}",/mnt/tidalfs-hssh01/dataset/xiang/models/Qwen2.5-VL-7B-Instruct,42,not_empty,next_token
B_0027,B,STEP,D,1,-0.8981232643127441,-0.5231232643127441,0.4073334038257599,0.5926665663719177,-0.8993092775344849,-0.5243092775344849,0.5926665663719177,1,1,"{""A"": ""orientation"", ""B"": ""position"", ""C"": ""color"", ""D"": ""size""}",/mnt/tidalfs-hssh01/dataset/xiang/models/Qwen2.5-VL-7B-Instruct,42,not_empty,next_token
B_0027,B,STEP,AB,1,-0.8981232643127441,-0.5231232643127441,0.4073334038257599,0.5926665663719177,-0.8985897302627563,-0.5235897302627563,0.5926665663719177,1,1,"{""A"": ""orientation"", ""B"": ""position"", ""C"": ""color"", ""D"": ""size""}",/mnt/tidalfs-hssh01/dataset/xiang/models/Qwen2.5-VL-7B-Instruct,42,not_empty,next_token
B_0027,B,STEP,AC,1,-0.9740769863128662,-0.4740769863128662,0.3775406777858734,0.622459352016449,-0.9745405912399292,-0.4745405912399292,0.622459352016449,1,1,"{""A"": ""orientation"", ""B"": ""position"", ""C"": ""color"", ""D"": ""size""}",/mnt/tidalfs-hssh01/dataset/xiang/models/Qwen2.5-VL-7B-Instruct,42,not_empty,next_token
B_0027,B,STEP,AD,1,-0.8981232643127441,-0.5231232643127441,0.4073334038257599,0.5926665663719177,-0.8986918330192566,-0.5236918330192566,0.5926665663719177,1,1,"{""A"": ""orientation"", ""B"": ""position"", ""C"": ""color"", ""D"": ""size""}",/mnt/tidalfs-hssh01/dataset/xiang/models/Qwen2.5-VL-7B-Instruct,42,not_empty,next_token
B_0027,B,STEP,BC,1,-0.8981232643127441,-0.5231232643127441,0.4073334038257599,0.5926665663719177,-0.8984183073043823,-0.5234183073043823,0.5926665663719177,1,1,"{""A"": ""orientation"", ""B"": ""position"", ""C"": ""color"", ""D"": ""size""}",/mnt/tidalfs-hssh01/dataset/xiang/models/Qwen2.5-VL-7B-Instruct,42,not_empty,next_token
B_0027,B,STEP,BD,1,-0.7575989961624146,-0.6325989961624146,0.4687906503677368,0.531209409236908,-0.7579465508460999,-0.6329465508460999,0.531209409236908,1,1,"{""A"": ""orientation"", ""B"": ""position"", ""C"": ""color"", ""D"": ""size""}",/mnt/tidalfs-hssh01/dataset/xiang/models/Qwen2.5-VL-7B-Instruct,42,not_empty,next_token
B_0027,B,STEP,CD,1,-0.825939416885376,-0.575939416885376,0.43782350420951843,0.562176525592804,-0.8262506127357483,-0.5762506127357483,0.562176525592804,1,1,"{""A"": ""orientation"", ""B"": ""position"", ""C"": ""color"", ""D"": ""size""}",/mnt/tidalfs-hssh01/dataset/xiang/models/Qwen2.5-VL-7B-Instruct,42,not_empty,next_token
B_0027,B,STEP,ABC,1,-0.8981232643127441,-0.5231232643127441,0.4073334038257599,0.5926665663719177,-0.8985530734062195,-0.5235530734062195,0.5926665663719177,1,1,"{""A"": ""orientation"", ""B"": ""position"", ""C"": ""color"", ""D"": ""size""}",/mnt/tidalfs-hssh01/dataset/xiang/models/Qwen2.5-VL-7B-Instruct,42,not_empty,next_token
B_0027,B,STEP,ABD,1,-0.9740769863128662,-0.4740769863128662,0.3775406777858734,0.622459352016449,-0.9743943810462952,-0.47439438104629517,0.622459352016449,1,1,"{""A"": ""orientation"", ""B"": ""position"", ""C"": ""color"", ""D"": ""size""}",/mnt/tidalfs-hssh01/dataset/xiang/models/Qwen2.5-VL-7B-Instruct,42,not_empty,next_token
B_0027,B,STEP,ACD,1,-0.9740769863128662,-0.4740769863128662,0.3775406777858734,0.622459352016449,-0.9743550419807434,-0.4743550419807434,0.622459352016449,1,1,"{""A"": ""orientation"", ""B"": ""position"", ""C"": ""color"", ""D"": ""size""}",/mnt/tidalfs-hssh01/dataset/xiang/models/Qwen2.5-VL-7B-Instruct,42,not_empty,next_token
B_0027,B,STEP,BCD,1,-0.825939416885376,-0.575939416885376,0.43782350420951843,0.562176525592804,-0.826205849647522,-0.576205849647522,0.562176525592804,1,1,"{""A"": ""orientation"", ""B"": ""position"", ""C"": ""color"", ""D"": ""size""}",/mnt/tidalfs-hssh01/dataset/xiang/models/Qwen2.5-VL-7B-Instruct,42,not_empty,next_token
B_0027,B,STEP,ABCD,1,-0.9740769863128662,-0.4740769863128662,0.3775406777858734,0.622459352016449,-0.9743709564208984,-0.47437095642089844,0.622459352016449,1,1,"{""A"": ""orientation"", ""B"": ""position"", ""C"": ""color"", ""D"": ""size""}",/mnt/tidalfs-hssh01/dataset/xiang/models/Qwen2.5-VL-7B-Instruct,42,not_empty,next_token
B_0035,B,STEP,EMPTY,0,-0.8981232643127441,-0.5231232643127441,0.4073334038257599,0.5926665663719177,-0.9199725389480591,-0.5449725389480591,0.4073334038257599,1,0,"{""A"": ""position"", ""B"": ""color"", ""C"": ""size"", ""D"": ""orientation""}",/mnt/tidalfs-hssh01/dataset/xiang/models/Qwen2.5-VL-7B-Instruct,42,text_only,next_token
B_0035,B,STEP,A,0,-0.825939416885376,-0.575939416885376,0.43782350420951843,0.562176525592804,-0.828015148639679,-0.578015148639679,0.43782350420951843,1,0,"{""A"": ""position"", ""B"": ""color"", ""C"": ""size"", ""D"": ""orientation""}",/mnt/tidalfs-hssh01/dataset/xiang/models/Qwen2.5-VL-7B-Instruct,42,not_empty,next_token
B_0035,B,STEP,B,0,-0.9740769863128662,-0.4740769863128662,0.3775406777858734,0.622459352016449,-0.9755319356918335,-0.4755319356918335,0.3775406777858734,1,0,"{""A"": ""position"", ""B"": ""color"", ""C"": ""size"", ""D"": ""orientation""}",/mnt/tidalfs-hssh01/dataset/xiang/models/Qwen2.5-VL-7B-Instruct,42,not_empty,next_token
B_0035,B,STEP,C,0,-0.9740769863128662,-0.4740769863128662,0.3775406777858734,0.622459352016449,-0.975752592086792,-0.475752592086792,0.3775406777858734,1,0,"{""A"": ""position"", ""B"": ""color"", ""C"": ""size"", ""D"": ""orientation""}",/mnt/tidalfs-hssh01/dataset/xiang/models/Qwen2.5-VL-7B-Instruct,42,not_empty,next_token
B_0035,B,STEP,D,0,-0.9740769863128662,-0.4740769863128662,0.3775406777858734,0.622459352016449,-0.976794958114624,-0.4767949879169464,0.3775406777858734,1,0,"{""A"": ""position"", ""B"": ""color"", ""C"": ""size"", ""D"": ""orientation""}",/mnt/tidalfs-hssh01/dataset/xiang/models/Qwen2.5-VL-7B-Instruct,42,not_empty,next_token
B_0035,B,STEP,AB,0,-0.8981232643127441,-0.5231232643127441,0.4073334038257599,0.5926665663719177,-0.8987858891487122,-0.5237858891487122,0.4073334038257599,1,0,"{""A"": ""position"", ""B"": ""color"", ""C"": ""size"", ""D"": ""orientation""}",/mnt/tidalfs-hssh01/dataset/xiang/models/Qwen2.5-VL-7B-Instruct,42,not_empty,next_token
B_0035,B,STEP,AC,0,-0.8981232643127441,-0.5231232643127441,0.4073334038257599,0.5926665663719177,-0.8986004590988159,-0.5236004590988159,0.4073334038257599,1,0,"{""A"": ""position"", ""B"": ""color"", ""C"": ""size"", ""D"": ""orientation""}",/mnt/tidalfs-hssh01/dataset/xiang/models/Qwen2.5-VL-7B-Instruct,42,not_empty,next_token
B_0035,B,STEP,AD,0,-0.825939416885376,-0.575939416885376,0.43782350420951843,0.562176525592804,-0.8268888592720032,-0.5768888592720032,0.43782350420951843,1,0,"{""A"": ""position"", ""B"": ""color"", ""C"": ""size"", ""D"": ""orientation""}",/mnt/tidalfs-hssh01/dataset/xiang/models/Qwen2.5-VL-7B-Instruct,42,not_empty,next_token
B_0035,B,STEP,BC,0,-0.9740769863128662,-0.4740769863128662,0.3775406777858734,0.622459352016449,-0.9747999310493469,-0.4747999310493469,0.3775406777858734,1,0,"{""A"": ""position"", ""B"": ""color"", ""C"": ""size"", ""D"": ""orientation""}",/mnt/tidalfs-hssh01/dataset/xiang/models/Qwen2.5-VL-7B-Instruct,42,not_empty,next_token
B_0035,B,STEP,BD,0,-0.8981232643127441,-0.5231232643127441,0.4073334038257599,0.5926665663719177,-0.8989585638046265,-0.5239585638046265,0.4073334038257599,1,0,"{""A"": ""position"", ""B"": ""color"", ""C"": ""size"", ""D"": ""orientation""}",/mnt/tidalfs-hssh01/dataset/xiang/models/Qwen2.5-VL-7B-Instruct,42,not_empty,next_token
B_0035,B,STEP,CD,0,-0.9740769863128662,-0.4740769863128662,0.3775406777858734,0.622459352016449,-0.974639356136322,-0.474639356136322,0.3775406777858734,1,0,"{""A"": ""position"", ""B"": ""color"", ""C"": ""size"", ""D"": ""orientation""}",/mnt/tidalfs-hssh01/dataset/xiang/models/Qwen2.5-VL-7B-Instruct,42,not_empty,next_token
B_0035,B,STEP,ABC,0,-0.9740769863128662,-0.4740769863128662,0.3775406777858734,0.622459352016449,-0.9744856953620911,-0.47448569536209106,0.3775406777858734,1,0,"{""A"": ""position"", ""B"": ""color"", ""C"": ""size"", ""D"": ""orientation""}",/mnt/tidalfs-hssh01/dataset/xiang/models/Qwen2.5-VL-7B-Instruct,42,not_empty,next_token
B_0035,B,STEP,ABD,0,-0.9740769863128662,-0.4740769863128662,0.3775406777858734,0.622459352016449,-0.9744592905044556,-0.47445929050445557,0.3775406777858734,1,0,"{""A"": ""position"", ""B"": ""color"", ""C"": ""size"", ""D"": ""orientation""}",/mnt/tidalfs-hssh01/dataset/xiang/models/Qwen2.5-VL-7B-Instruct,42,not_empty,next_token
B_0035,B,STEP,ACD,0,-0.9740769863128662,-0.4740769863128662,0.3775406777858734,0.622459352016449,-0.9744682312011719,-0.47446826100349426,0.3775406777858734,1,0,"{""A"": ""position"", ""B"": ""color"", ""C"": ""size"", ""D"": ""orientation""}",/mnt/tidalfs-hssh01/dataset/xiang/models/Qwen2.5-VL-7B-Instruct,42,not_empty,next_token
B_0035,B,STEP,BCD,0,-0.9740769863128662,-0.4740769863128662,0.3775406777858734,0.622459352016449,-0.974540650844574,-0.474540650844574,0.3775406777858734,1,0,"{""A"": ""position"", ""B"": ""color"", ""C"": ""size"", ""D"": ""orientation""}",/mnt/tidalfs-hssh01/dataset/xiang/models/Qwen2.5-VL-7B-Instruct,42,not_empty,next_token
B_0035,B,STEP,ABCD,0,-1.0537006855010986,-0.42870065569877625,0.3486451208591461,0.6513548493385315,-1.0540250539779663,-0.4290250837802887,0.3486451208591461,1,0,"{""A"": ""position"", ""B"": ""color"", ""C"": ""size"", ""D"": ""orientation""}",/mnt/tidalfs-hssh01/dataset/xiang/models/Qwen2.5-VL-7B-Instruct,42,not_empty,next_token
B_0043,B,STEP,EMPTY,1,-0.9740769863128662,-0.4740769863128662,0.3775406777858734,0.622459352016449,-0.9828988313674927,-0.4828988313674927,0.622459352016449,1,1,"{""A"": ""color"", ""B"": ""size"", ""C"": ""orientation"", ""D"": ""position""}",/mnt/tidalfs-hssh01/dataset/xiang/models/Qwen2.5-VL-7B-Instruct,42,text_only,next_token
B_0043,B,STEP,A,1,-0.825939416885376,-0.575939416885376,0.43782350420951843,0.562176525592804,-0.8269744515419006,-0.5769744515419006,0.562176525592804,1,1,"{""A"": ""color"", ""B"": ""size"", ""C"": ""orientation"", ""D"": ""position""}",/mnt/tidalfs-hssh01/dataset/xiang/models/Qwen2.5-VL-7B-Instruct,42,not_empty,next_token
B_0043,B,STEP,B,1,-0.9740769863128662,-0.4740769863128662,0.3775406777858734,0.622459352016449,-0.9750934839248657,-0.4750934839248657,0.622459352016449,1,1,"{""A"": ""color"", ""B"": ""size"", ""C"": ""orientation"", ""D"": ""position""}",/mnt/tidalfs-hssh01/dataset/xiang/models/Qwen2.5-VL-7B-Instruct,42,not_empty,next_token
B_0043,B,STEP,C,1,-0.8981232643127441,-0.5231232643127441,0.4073334038257599,0.5926665663719177,-0.8999212384223938,-0.5249212384223938,0.5926665663719177,1,1,"{""A"": ""color"", ""B"": ""size"", ""C"": ""orientation"", ""D"": ""position""}",/mnt/tidalfs-hssh01/dataset/xiang/models/Qwen2.5-VL-7B-Instruct,42,not_empty,next_token
B_0043,B,STEP,D,1,-0.9740769863128662,-0.4740769863128662,0.3775406777858734,0.622459352016449,-0.9757544994354248,-0.4757544994354248,0.622459352016449,1,1,"{""A"": ""color"", ""B"": ""size"", ""C"": ""orientation"", ""D"": ""position""}",/mnt/tidalfs-hssh01/dataset/xiang/models/Qwen2.5-VL-7B-Instruct,42,not_empty,next_token
B_0043,B,STEP,AB,1,-0.8981232643127441,-0.5231232643127441,0.4073334038257599,0.5926665663719177,-0.8985550403594971,-0.5235550403594971,0.5926665663719177,1,1,"{""A"": ""color"", ""B"": ""size"", ""C"": ""orientation"", ""D"": ""position""}",/mnt/tidalfs-hssh01/dataset/xiang/models/Qwen2.5-VL-7B-Instruct,42,not_empty,next_token
B_0043,B,STEP,AC,1,-0.8981232643127441,-0.5231232643127441,0.4073334038257599,0.5926665663719177,-0.8986351490020752,-0.5236351490020752,0.5926665663719177,1,1,"{""A"": ""color"", ""B"": ""size"", ""C"": ""orientation"", ""D"": ""position""}",/mnt/tidalfs-hssh01/dataset/xiang/models/Qwen2.5-VL-7B-Instruct,42,not_empty,next_token
B_0043,B,STEP,AD,1,-0.7575989961624146,-0.6325989961624146,0.4687906503677368,0.531209409236908,-0.7581004500389099,-0.6331004500389099,0.531209409236908,1,1,"{""A"": ""color"", ""B"": ""size"", ""C"": ""orientation"", ""D"": ""position""}",/mnt/tidalfs-hssh01/dataset/xiang/models/Qwen2.5-VL-7B-Instruct,42,not_empty,next_token
B_0043,B,STEP,BC,1,-0.8981232643127441,-0.5231232643127441,0.4073334038257599,0.5926665663719177,-0.8988579511642456,-0.5238579511642456,0.5926665663719177,1,1,"{""A"": ""color"", ""B"": ""size"", ""C"": ""orientation"", ""D"": ""position""}",/mnt/tidalfs-hssh01/dataset/xiang/models/Qwen2.5-VL-7B-Instruct,42,not_empty,next_token
B_0043,B,STEP,BD,1,-0.8981232643127441,-0.5231232643127441,0.4073334038257599,0.5926665663719177,-0.8987648487091064,-0.5237648487091064,0.5926665663719177,1,1,"{""A"": ""color"", ""B"": ""size"", ""C"": ""orientation"", ""D"": ""position""}",/mnt/tidalfs-hssh01/dataset/xiang/models/Qwen2.5-VL-7B-Instruct,42,not_empty,next_token
B_0043,B,STEP,CD,1,-0.6931471824645996,-0.6931471824645996,0.5,0.5,-0.693934977054596,-0.693934977054596,0.5,0,0,"{""A"": ""color"", ""B"": ""size"", ""C"": ""orientation"", ""D"": ""position""}",/mnt/tidalfs-hssh01/dataset/xiang/models/Qwen2.5-VL-7B-Instruct,42,not_empty,next_token
B_0043,B,STEP,ABC,1,-0.825939416885376,-0.575939416885376,0.43782350420951843,0.562176525592804,-0.8263506293296814,-0.5763506293296814,0.562176525592804,1,1,"{""A"": ""color"", ""B"": ""size"", ""C"": ""orientation"", ""D"": ""position""}",/mnt/tidalfs-hssh01/dataset/xiang/models/Qwen2.5-VL-7B-Instruct,42,not_empty,next_token
B_0043,B,STEP,ABD,1,-0.825939416885376,-0.575939416885376,0.43782350420951843,0.562176525592804,-0.8262720704078674,-0.5762720704078674,0.562176525592804,1,1,"{""A"": ""color"", ""B"": ""size"", ""C"": ""orientation"", ""D"": ""position""}",/mnt/tidalfs-hssh01/dataset/xiang/models/Qwen2.5-VL-7B-Instruct,42,not_empty,next_token
B_0043,B,STEP,ACD,1,-0.825939416885376,-0.575939416885376,0.43782350420951843,0.562176525592804,-0.8262763023376465,-0.5762763023376465,0.562176525592804,1,1,"{""A"": ""color"", ""B"": ""size"", ""C"": ""orientation"", ""D"": ""position""}",/mnt/tidalfs-hssh01/dataset/xiang/models/Qwen2.5-VL-7B-Instruct,42,not_empty,next_token
B_0043,B,STEP,BCD,1,-0.8981232643127441,-0.5231232643127441,0.4073334038257599,0.5926665663719177,-0.8987075090408325,-0.5237075090408325,0.5926665663719177,1,1,"{""A"": ""color"", ""B"": ""size"", ""C"": ""orientation"", ""D"": ""position""}",/mnt/tidalfs-hssh01/dataset/xiang/models/Qwen2.5-VL-7B-Instruct,42,not_empty,next_token
B_0043,B,STEP,ABCD,1,-0.825939416885376,-0.575939416885376,0.43782350420951843,0.562176525592804,-0.8262386322021484,-0.5762386322021484,0.562176525592804,1,1,"{""A"": ""color"", ""B"": ""size"", ""C"": ""orientation"", ""D"": ""position""}",/mnt/tidalfs-hssh01/dataset/xiang/models/Qwen2.5-VL-7B-Instruct,42,not_empty,next_token
B_0051,B,STEP,EMPTY,1,-0.825939416885376,-0.575939416885376,0.43782350420951843,0.562176525592804,-0.8349793553352356,-0.5849793553352356,0.562176525592804,1,1,"{""A"": ""size"", ""B"": ""orientation"", ""C"": ""position"", ""D"": ""color""}",/mnt/tidalfs-hssh01/dataset/xiang/models/Qwen2.5-VL-7B-Instruct,42,text_only,next_token
B_0051,B,STEP,A,1,-0.8981232643127441,-0.5231232643127441,0.4073334038257599,0.5926665663719177,-0.8990103006362915,-0.5240103006362915,0.5926665663719177,1,1,"{""A"": ""size"", ""B"": ""orientation"", ""C"": ""position"", ""D"": ""color""}",/mnt/tidalfs-hssh01/dataset/xiang/models/Qwen2.5-VL-7B-Instruct,42,not_empty,next_token
B_0051,B,STEP,B,1,-0.7575989961624146,-0.6325989961624146,0.4687906503677368,0.531209409236908,-0.7592000961303711,-0.6342000961303711,0.531209409236908,1,1,"{""A"": ""size"", ""B"": ""orientation"", ""C"": ""position"", ""D"": ""color""}",/mnt/tidalfs-hssh01/dataset/xiang/models/Qwen2.5-VL-7B-Instruct,42,not_empty,next_token
B_0051,B,STEP,C,1,-0.825939416885376,-0.575939416885376,0.43782350420951843,0.562176525592804,-0.8274153470993042,-0.5774153470993042,0.562176525592804,1,1,"{""A"": ""size"", ""B"": ""orientation"", ""C"": ""position"", ""D"": ""color""}",/mnt/tidalfs-hssh01/dataset/xiang/models/Qwen2.5-VL-7B-Instruct,42,not_empty,next_token
B_0051,B,STEP,D,1,-0.7575989961624146,-0.6325989961624146,0.4687906503677368,0.531209409236908,-0.7591000199317932,-0.6341000199317932,0.531209409236908,1,1,"{""A"": ""size"", ""B"": ""orientation"", ""C"": ""position"", ""D"": ""color""}",/mnt/tidalfs-hssh01/dataset/xiang/models/Qwen2.5-VL-7B-Instruct,42,not_empty,next_token
B_0051,B,STEP,AB,1,-0.6931471824645996,-0.6931471824645996,0.5,0.5,-0.6936583518981934,-0.6936583518981934,0.5,0,0,"{""A"": ""size"", ""B"": ""orientation"", ""C"": ""position"", ""D"": ""color""}",/mnt/tidalfs-hssh01/dataset/xiang/models/Qwen2.5-VL-7B-Instruct,42,not_empty,next_token
B_0051,B,STEP,AC,1,-0.8981232643127441,-0.5231232643127441,0.4073334038257599,0.5926665663719177,-0.8984248042106628,-0.5234248042106628,0.5926665663719177,1,1,"{""A"": ""size"", ""B"": ""orientation"", ""C"": ""position"", ""D"": ""color""}",/mnt/tidalfs-hssh01/dataset/xiang/models/Qwen2.5-VL-7B-Instruct,42,not_empty,next_token
B_0051,B,STEP,AD,1,-0.825939416885376,-0.575939416885376,0.43782350420951843,0.562176525592804,-0.826379120349884,-0.576379120349884,0.562176525592804,1,1,"{""A"": ""size"", ""B"": ""orientation"", ""C"": ""position"", ""D"": ""color""}",/mnt/tidalfs-hssh01/dataset/xiang/models/Qwen2.5-VL-7B-Instruct,42,not_empty,next_token
B_0051,B,STEP,BC,1,-0.7575989961624146,-0.6325989961624146,0.4687906503677368,0.531209409236908,-0.758453369140625,-0.633453369140625,0.531209409236908,1,1,"{""A"": ""size"", ""B"": ""orientation"", ""C"": ""position"", ""D"": ""color""}",/mnt/tidalfs-hssh01/dataset/xiang/models/Qwen2.5-VL-7B-Instruct,42,not_empty,next_token
B_0051,B,STEP,BD,1,-0.825939416885376,-0.575939416885376,0.43782350420951843,0.562176525592804,-0.8266938924789429,-0.5766938924789429,0.562176525592804,1,1,"{""A"": ""size"", ""B"": ""orientation"", ""C"": ""position"", ""D"": ""color""}",/mnt/tidalfs-hssh01/dataset/xiang/models/Qwen2.5-VL-7B-Instruct,42,not_empty,next_token
B_0051,B,STEP,CD,1,-0.825939416885376,-0.575939416885376,0.43782350420951843,0.562176525592804,-0.8266270160675049,-0.5766270160675049,0.562176525592804,1,1,"{""A"": ""size"", ""B"": ""orientation"", ""C"": ""position"", ""D"": ""color""}",/mnt/tidalfs-hssh01/dataset/xiang/models/Qwen2.5-VL-7B-Instruct,42,not_empty,next_token
B_0051,B,STEP,ABC,1,-0.825939416885376,-0.575939416885376,0.43782350420951843,0.562176525592804,-0.826226532459259,-0.576226532459259,0.562176525592804,1,1,"{""A"": ""size"", ""B"": ""orientation"", ""C"": ""position"", ""D"": ""color""}",/mnt/tidalfs-hssh01/dataset/xiang/models/Qwen2.5-VL-7B-Instruct,42,not_empty,next_token
B_0051,B,STEP,ABD,1,-0.6931471824645996,-0.6931471824645996,0.5,0.5,-0.6934718489646912,-0.6934718489646912,0.5,0,0,"{""A"": ""size"", ""B"": ""orientation"", ""C"": ""position"", ""D"": ""color""}",/mnt/tidalfs-hssh01/dataset/xiang/models/Qwen2.5-VL-7B-Instruct,42,not_empty,next_token
B_0051,B,STEP,ACD,1,-0.825939416885376,-0.575939416885376,0.43782350420951843,0.562176525592804,-0.826187014579773,-0.576187014579773,0.562176525592804,1,1,"{""A"": ""size"", ""B"": ""orientation"", ""C"": ""position"", ""D"": ""color""}",/mnt/tidalfs-hssh01/dataset/xiang/models/Qwen2.5-VL-7B-Instruct,42,not_empty,next_token
B_0051,B,STEP,BCD,1,-0.7575989961624146,-0.6325989961624146,0.4687906503677368,0.531209409236908,-0.7583614587783813,-0.6333614587783813,0.531209409236908,1,1,"{""A"": ""size"", ""B"": ""orientation"", ""C"": ""position"", ""D"": ""color""}",/mnt/tidalfs-hssh01/dataset/xiang/models/Qwen2.5-VL-7B-Instruct,42,not_empty,next_token
B_0051,B,STEP,ABCD,1,-0.825939416885376,-0.575939416885376,0.43782350420951843,0.562176525592804,-0.826227605342865,-0.576227605342865,0.562176525592804,1,1,"{""A"": ""size"", ""B"": ""orientation"", ""C"": ""position"", ""D"": ""color""}",/mnt/tidalfs-hssh01/dataset/xiang/models/Qwen2.5-VL-7B-Instruct,42,not_empty,next_token
B_0059,B,STEP,EMPTY,0,-0.8981232643127441,-0.5231232643127441,0.4073334038257599,0.5926665663719177,-0.9087707996368408,-0.5337707996368408,0.4073334038257599,1,0,"{""A"": ""orientation"", ""B"": ""position"", ""C"": ""color"", ""D"": ""size""}",/mnt/tidalfs-hssh01/dataset/xiang/models/Qwen2.5-VL-7B-Instruct,42,text_only,next_token
B_0059,B,STEP,A,0,-0.825939416885376,-0.575939416885376,0.43782350420951843,0.562176525592804,-0.8267313241958618,-0.5767313241958618,0.43782350420951843,1,0,"{""A"": ""orientation"", ""B"": ""position"", ""C"": ""color"", ""D"": ""size""}",/mnt/tidalfs-hssh01/dataset/xiang/models/Qwen2.5-VL-7B-Instruct,42,not_empty,next_token
B_0059,B,STEP,B,0,-0.825939416885376,-0.575939416885376,0.43782350420951843,0.562176525592804,-0.8270713090896606,-0.5770713090896606,0.43782350420951843,1,0,"{""A"": ""orientation"", ""B"": ""position"", ""C"": ""color"", ""D"": ""size""}",/mnt/tidalfs-hssh01/dataset/xiang/models/Qwen2.5-VL-7B-Instruct,42,not_empty,next_token
B_0059,B,STEP,C,0,-0.825939416885376,-0.575939416885376,0.43782350420951843,0.562176525592804,-0.8267386555671692,-0.5767386555671692,0.43782350420951843,1,0,"{""A"": ""orientation"", ""B"": ""position"", ""C"": ""color"", ""D"": ""size""}",/mnt/tidalfs-hssh01/dataset/xiang/models/Qwen2.5-VL-7B-Instruct,42,not_empty,next_token
B_0059,B,STEP,D,0,-0.8981232643127441,-0.5231232643127441,0.4073334038257599,0.5926665663719177,-0.8993092775344849,-0.5243092775344849,0.4073334038257599,1,0,"{""A"": ""orientation"", ""B"": ""position"", ""C"": ""color"", ""D"": ""size""}",/mnt/tidalfs-hssh01/dataset/xiang/models/Qwen2.5-VL-7B-Instruct,42,not_empty,next_token
B_0059,B,STEP,AB,0,-0.8981232643127441,-0.5231232643127441,0.4073334038257599,0.5926665663719177,-0.898700475692749,-0.523700475692749,0.4073334038257599,1,0,"{""A"": ""orientation"", ""B"": ""position"", ""C"": ""color"", ""D"": ""size""}",/mnt/tidalfs-hssh01/dataset/xiang/models/Qwen2.5-VL-7B-Instruct,42,not_empty,next_token
B_0059,B,STEP,AC,0,-0.9740769863128662,-0.4740769863128662,0.3775406777858734,0.622459352016449,-0.974475622177124,-0.474475622177124,0.3775406777858734,1,0,"{""A"": ""orientation"", ""B"": ""position"", ""C"": ""color"", ""D"": ""size""}",/mnt/tidalfs-hssh01/dataset/xiang/models/Qwen2.5-VL-7B-Instruct,42,not_empty,next_token
B_0059,B,STEP,AD,0,-0.8981232643127441,-0.5231232643127441,0.4073334038257599,0.5926665663719177,-0.8986918330192566,-0.5236918330192566,0.4073334038257599,1,0,"{""A"": ""orientation"", ""B"": ""position"", ""C"": ""color"", ""D"": ""size""}",/mnt/tidalfs-hssh01/dataset/xiang/models/Qwen2.5-VL-7B-Instruct,42,not_empty,next_token
B_0059,B,STEP,BC,0,-0.8981232643127441,-0.5231232643127441,0.4073334038257599,0.5926665663719177,-0.8987576365470886,-0.5237576365470886,0.4073334038257599,1,0,"{""A"": ""orientation"", ""B"": ""position"", ""C"": ""color"", ""D"": ""size""}",/mnt/tidalfs-hssh01/dataset/xiang/models/Qwen2.5-VL-7B-Instruct,42,not_empty,next_token
B_0059,B,STEP,BD,0,-0.7575989961624146,-0.6325989961624146,0.4687906503677368,0.531209409236908,-0.7579213976860046,-0.6329213976860046,0.4687906503677368,1,0,"{""A"": ""orientation"", ""B"": ""position"", ""C"": ""color"", ""D"": ""size""}",/mnt/tidalfs-hssh01/dataset/xiang/models/Qwen2.5-VL-7B-Instruct,42,not_empty,next_token
B_0059,B,STEP,CD,0,-0.825939416885376,-0.575939416885376,0.43782350420951843,0.562176525592804,-0.82627272605896,-0.57627272605896,0.43782350420951843,1,0,"{""A"": ""orientation"", ""B"": ""position"", ""C"": ""color"", ""D"": ""size""}",/mnt/tidalfs-hssh01/dataset/xiang/models/Qwen2.5-VL-7B-Instruct,42,not_empty,next_token
B_0059,B,STEP,ABC,0,-0.9740769863128662,-0.4740769863128662,0.3775406777858734,0.622459352016449,-0.9745186567306519,-0.47451862692832947,0.3775406777858734,1,0,"{""A"": ""orientation"", ""B"": ""position"", ""C"": ""color"", ""D"": ""size""}",/mnt/tidalfs-hssh01/dataset/xiang/models/Qwen2.5-VL-7B-Instruct,42,not_empty,next_token
B_0059,B,STEP,ABD,0,-0.8981232643127441,-0.5231232643127441,0.4073334038257599,0.5926665663719177,-0.8984944820404053,-0.5234944820404053,0.4073334038257599,1,0,"{""A"": ""orientation"", ""B"": ""position"", ""C"": ""color"", ""D"": ""size""}",/mnt/tidalfs-hssh01/dataset/xiang/models/Qwen2.5-VL-7B-Instruct,42,not_empty,next_token
B_0059,B,STEP,ACD,0,-0.9740769863128662,-0.4740769863128662,0.3775406777858734,0.622459352016449,-0.9743804931640625,-0.4743804931640625,0.3775406777858734,1,0,"{""A"": ""orientation"", ""B"": ""position"", ""C"": ""color"", ""D"": ""size""}",/mnt/tidalfs-hssh01/dataset/xiang/models/Qwen2.5-VL-7B-Instruct,42,not_empty,next_token
B_0059,B,STEP,BCD,0,-0.825939416885376,-0.575939416885376,0.43782350420951843,0.562176525592804,-0.8262289762496948,-0.5762289762496948,0.43782350420951843,1,0,"{""A"": ""orientation"", ""B"": ""position"", ""C"": ""color"", ""D"": ""size""}",/mnt/tidalfs-hssh01/dataset/xiang/models/Qwen2.5-VL-7B-Instruct,42,not_empty,next_token
B_0059,B,STEP,ABCD,0,-1.0537006855010986,-0.42870065569877625,0.3486451208591461,0.6513548493385315,-1.0540271997451782,-0.4290271997451782,0.3486451208591461,1,0,"{""A"": ""orientation"", ""B"": ""position"", ""C"": ""color"", ""D"": ""size""}",/mnt/tidalfs-hssh01/dataset/xiang/models/Qwen2.5-VL-7B-Instruct,42,not_empty,next_token
B_0067,B,STEP,EMPTY,0,-0.8981232643127441,-0.5231232643127441,0.4073334038257599,0.5926665663719177,-0.9199725389480591,-0.5449725389480591,0.4073334038257599,1,0,"{""A"": ""position"", ""B"": ""color"", ""C"": ""size"", ""D"": ""orientation""}",/mnt/tidalfs-hssh01/dataset/xiang/models/Qwen2.5-VL-7B-Instruct,42,text_only,next_token
B_0067,B,STEP,A,0,-0.7575989961624146,-0.6325989961624146,0.4687906503677368,0.531209409236908,-0.7590900659561157,-0.6340900659561157,0.4687906503677368,1,0,"{""A"": ""position"", ""B"": ""color"", ""C"": ""size"", ""D"": ""orientation""}",/mnt/tidalfs-hssh01/dataset/xiang/models/Qwen2.5-VL-7B-Instruct,42,not_empty,next_token
B_0067,B,STEP,B,0,-0.9740769863128662,-0.4740769863128662,0.3775406777858734,0.622459352016449,-0.975214958190918,-0.47521498799324036,0.3775406777858734,1,0,"{""A"": ""position"", ""B"": ""color"", ""C"": ""size"", ""D"": ""orientation""}",/mnt/tidalfs-hssh01/dataset/xiang/models/Qwen2.5-VL-7B-Instruct,42,not_empty,next_token
B_0067,B,STEP,C,0,-0.9740769863128662,-0.4740769863128662,0.3775406777858734,0.622459352016449,-0.975752592086792,-0.475752592086792,0.3775406777858734,1,0,"{""A"": ""position"", ""B"": ""color"", ""C"": ""size"", ""D"": ""orientation""}",/mnt/tidalfs-hssh01/dataset/xiang/models/Qwen2.5-VL-7B-Instruct,42,not_empty,next_token
B_0067,B,STEP,D,0,-0.9740769863128662,-0.4740769863128662,0.3775406777858734,0.622459352016449,-0.976794958114624,-0.4767949879169464,0.3775406777858734,1,0,"{""A"": ""position"", ""B"": ""color"", ""C"": ""size"", ""D"": ""orientation""}",/mnt/tidalfs-hssh01/dataset/xiang/models/Qwen2.5-VL-7B-Instruct,42,not_empty,next_token
B_0067,B,STEP,AB,0,-0.8981232643127441,-0.5231232643127441,0.4073334038257599,0.5926665663719177,-0.898739218711853,-0.523739218711853,0.4073334038257599,1,0,"{""A"": ""position"", ""B"": ""color"", ""C"": ""size"", ""D"": ""orientation""}",/mnt/tidalfs-hssh01/dataset/xiang/models/Qwen2.5-VL-7B-Instruct,42,not_empty,next_token
B_0067,B,STEP,AC,0,-0.8981232643127441,-0.5231232643127441,0.4073334038257599,0.5926665663719177,-0.8985034227371216,-0.5235034227371216,0.4073334038257599,1,0,"{""A"": ""position"", ""B"": ""color"", ""C"": ""size"", ""D"": ""orientation""}",/mnt/tidalfs-hssh01/dataset/xiang/models/Qwen2.5-VL-7B-Instruct,42,not_empty,next_token
B_0067,B,STEP,AD,0,-0.825939416885376,-0.575939416885376,0.43782350420951843,0.562176525592804,-0.8266280293464661,-0.5766280293464661,0.43782350420951843,1,0,"{""A"": ""position"", ""B"": ""color"", ""C"": ""size"", ""D"": ""orientation""}",/mnt/tidalfs-hssh01/dataset/xiang/models/Qwen2.5-VL-7B-Instruct,42,not_empty,next_token
B_0067,B,STEP,BC,0,-0.8981232643127441,-0.5231232643127441,0.4073334038257599,0.5926665663719177,-0.8988395929336548,-0.5238395929336548,0.4073334038257599,1,0,"{""A"": ""position"", ""B"": ""color"", ""C"": ""size"", ""D"": ""orientation""}",/mnt/tidalfs-hssh01/dataset/xiang/models/Qwen2.5-VL-7B-Instruct,42,not_empty,next_token
B_0067,B,STEP,BD,0,-0.8981232643127441,-0.5231232643127441,0.4073334038257599,0.5926665663719177,-0.8989238739013672,-0.5239238739013672,0.4073334038257599,1,0,"{""A"": ""position"", ""B"": ""color"", ""C"": ""size"", ""D"": ""orientation""}",/mnt/tidalfs-hssh01/dataset/xiang/models/Qwen2.5-VL-7B-Instruct,42,not_empty,next_token
B_0067,B,STEP,CD,0,-0.9740769863128662,-0.4740769863128662,0.3775406777858734,0.622459352016449,-0.974639356136322,-0.474639356136322,0.3775406777858734,1,0,"{""A"": ""position"", ""B"": ""color"", ""C"": ""size"", ""D"": ""orientation""}",/mnt/tidalfs-hssh01/dataset/xiang/models/Qwen2.5-VL-7B-Instruct,42,not_empty,next_token
B_0067,B,STEP,ABC,0,-0.8981232643127441,-0.5231232643127441,0.4073334038257599,0.5926665663719177,-0.8985084295272827,-0.5235084295272827,0.4073334038257599,1,0,"{""A"": ""position"", ""B"": ""color"", ""C"": ""size"", ""D"": ""orientation""}",/mnt/tidalfs-hssh01/dataset/xiang/models/Qwen2.5-VL-7B-Instruct,42,not_empty,next_token
B_0067,B,STEP,ABD,0,-0.8981232643127441,-0.5231232643127441,0.4073334038257599,0.5926665663719177,-0.8985413908958435,-0.5235413908958435,0.4073334038257599,1,0,"{""A"": ""position"", ""B"": ""color"", ""C"": ""size"", ""D"": ""orientation""}",/mnt/tidalfs-hssh01/dataset/xiang/models/Qwen2.5-VL-7B-Instruct,42,not_empty,next_token
B_0067,B,STEP,ACD,0,-0.9740769863128662,-0.4740769863128662,0.3775406777858734,0.622459352016449,-0.9743849635124207,-0.47438496351242065,0.3775406777858734,1,0,"{""A"": ""position"", ""B"": ""color"", ""C"": ""size"", ""D"": ""orientation""}",/mnt/tidalfs-hssh01/dataset/xiang/models/Qwen2.5-VL-7B-Instruct,42,not_empty,next_token
B_0067,B,STEP,BCD,0,-1.0537006855010986,-0.42870065569877625,0.3486451208591461,0.6513548493385315,-1.0540897846221924,-0.42908975481987,0.3486451208591461,1,0,"{""A"": ""position"", ""B"": ""color"", ""C"": ""size"", ""D"": ""orientation""}",/mnt/tidalfs-hssh01/dataset/xiang/models/Qwen2.5-VL-7B-Instruct,42,not_empty,next_token
B_0067,B,STEP,ABCD,0,-1.0537006855010986,-0.42870065569877625,0.3486451208591461,0.6513548493385315,-1.0539872646331787,-0.4289872944355011,0.3486451208591461,1,0,"{""A"": ""position"", ""B"": ""color"", ""C"": ""size"", ""D"": ""orientation""}",/mnt/tidalfs-hssh01/dataset/xiang/models/Qwen2.5-VL-7B-Instruct,42,not_empty,next_token
B_0075,B,STEP,EMPTY,0,-0.9740769863128662,-0.4740769863128662,0.3775406777858734,0.622459352016449,-0.9828988313674927,-0.4828988313674927,0.3775406777858734,1,0,"{""A"": ""color"", ""B"": ""size"", ""C"": ""orientation"", ""D"": ""position""}",/mnt/tidalfs-hssh01/dataset/xiang/models/Qwen2.5-VL-7B-Instruct,42,text_only,next_token
B_0075,B,STEP,A,0,-0.8981232643127441,-0.5231232643127441,0.4073334038257599,0.5926665663719177,-0.8992325067520142,-0.5242325067520142,0.4073334038257599,1,0,"{""A"": ""color"", ""B"": ""size"", ""C"": ""orientation"", ""D"": ""position""}",/mnt/tidalfs-hssh01/dataset/xiang/models/Qwen2.5-VL-7B-Instruct,42,not_empty,next_token
B_0075,B,STEP,B,0,-0.9740769863128662,-0.4740769863128662,0.3775406777858734,0.622459352016449,-0.9750934839248657,-0.4750934839248657,0.3775406777858734,1,0,"{""A"": ""color"", ""B"": ""size"", ""C"": ""orientation"", ""D"": ""position""}",/mnt/tidalfs-hssh01/dataset/xiang/models/Qwen2.5-VL-7B-Instruct,42,not_empty,next_token
B_0075,B,STEP,C,0,-0.8981232643127441,-0.5231232643127441,0.4073334038257599,0.5926665663719177,-0.8999212384223938,-0.5249212384223938,0.4073334038257599,1,0,"{""A"": ""color"", ""B"": ""size"", ""C"": ""orientation"", ""D"": ""position""}",/mnt/tidalfs-hssh01/dataset/xiang/models/Qwen2.5-VL-7B-Instruct,42,not_empty,next_token
B_0075,B,STEP,D,0,-0.8981232643127441,-0.5231232643127441,0.4073334038257599,0.5926665663719177,-0.8994076251983643,-0.5244076251983643,0.4073334038257599,1,0,"{""A"": ""color"", ""B"": ""size"", ""C"": ""orientation"", ""D"": ""position""}",/mnt/tidalfs-hssh01/dataset/xiang/models/Qwen2.5-VL-7B-Instruct,42,not_empty,next_token
B_0075,B,STEP,AB,0,-0.9740769863128662,-0.4740769863128662,0.3775406777858734,0.622459352016449,-0.9745907783508301,-0.4745907783508301,0.3775406777858734,1,0,"{""A"": ""color"", ""B"": ""size"", ""C"": ""orientation"", ""D"": ""position""}",/mnt/tidalfs-hssh01/dataset/xiang/models/Qwen2.5-VL-7B-Instruct,42,not_empty,next_token
B_0075,B,STEP,AC,0,-0.825939416885376,-0.575939416885376,0.43782350420951843,0.562176525592804,-0.8264452219009399,-0.5764452219009399,0.43782350420951843,1,0,"{""A"": ""color"", ""B"": ""size"", ""C"": ""orientation"", ""D"": ""position""}",/mnt/tidalfs-hssh01/dataset/xiang/models/Qwen2.5-VL-7B-Instruct,42,not_empty,next_token
B_0075,B,STEP,AD,0,-0.825939416885376,-0.575939416885376,0.43782350420951843,0.562176525592804,-0.8264378309249878,-0.5764378309249878,0.43782350420951843,1,0,"{""A"": ""color"", ""B"": ""size"", ""C"": ""orientation"", ""D"": ""position""}",/mnt/tidalfs-hssh01/dataset/xiang/models/Qwen2.5-VL-7B-Instruct,42,not_empty,next_token
B_0075,B,STEP,BC,0,-0.8981232643127441,-0.5231232643127441,0.4073334038257599,0.5926665663719177,-0.8988579511642456,-0.5238579511642456,0.4073334038257599,1,0,"{""A"": ""color"", ""B"": ""size"", ""C"": ""orientation"", ""D"": ""position""}",/mnt/tidalfs-hssh01/dataset/xiang/models/Qwen2.5-VL-7B-Instruct,42,not_empty,next_token
B_0075,B,STEP,BD,0,-0.8981232643127441,-0.5231232643127441,0.4073334038257599,0.5926665663719177,-0.8987621068954468,-0.5237621068954468,0.4073334038257599,1,0,"{""A"": ""color"", ""B"": ""size"", ""C"": ""orientation"", ""D"": ""position""}",/mnt/tidalfs-hssh01/dataset/xiang/models/Qwen2.5-VL-7B-Instruct,42,not_empty,next_token
B_0075,B,STEP,CD,0,-0.7575989961624146,-0.6325989961624146,0.4687906503677368,0.531209409236908,-0.7585164308547974,-0.6335164308547974,0.4687906503677368,1,0,"{""A"": ""color"", ""B"": ""size"", ""C"": ""orientation"", ""D"": ""position""}",/mnt/tidalfs-hssh01/dataset/xiang/models/Qwen2.5-VL-7B-Instruct,42,not_empty,next_token
B_0075,B,STEP,ABC,0,-0.825939416885376,-0.575939416885376,0.43782350420951843,0.562176525592804,-0.8262889385223389,-0.5762889385223389,0.43782350420951843,1,0,"{""A"": ""color"", ""B"": ""size"", ""C"": ""orientation"", ""D"": ""position""}",/mnt/tidalfs-hssh01/dataset/xiang/models/Qwen2.5-VL-7B-Instruct,42,not_empty,next_token
B_0075,B,STEP,ABD,0,-0.8981232643127441,-0.5231232643127441,0.4073334038257599,0.5926665663719177,-0.8984159231185913,-0.5234159231185913,0.4073334038257599,1,0,"{""A"": ""color"", ""B"": ""size"", ""C"": ""orientation"", ""D"": ""position""}",/mnt/tidalfs-hssh01/dataset/xiang/models/Qwen2.5-VL-7B-Instruct,42,not_empty,next_token
B_0075,B,STEP,ACD,0,-0.825939416885376,-0.575939416885376,0.43782350420951843,0.562176525592804,-0.8263087868690491,-0.5763087868690491,0.43782350420951843,1,0,"{""A"": ""color"", ""B"": ""size"", ""C"": ""orientation"", ""D"": ""position""}",/mnt/tidalfs-hssh01/dataset/xiang/models/Qwen2.5-VL-7B-Instruct,42,not_empty,next_token
B_0075,B,STEP,BCD,0,-0.8981232643127441,-0.5231232643127441,0.4073334038257599,0.5926665663719177,-0.8986583948135376,-0.5236583948135376,0.4073334038257599,1,0,"{""A"": ""color"", ""B"": ""size"", ""C"": ""orientation"", ""D"": ""position""}",/mnt/tidalfs-hssh01/dataset/xiang/models/Qwen2.5-VL-7B-Instruct,42,not_empty,next_token
B_0075,B,STEP,ABCD,0,-0.8981232643127441,-0.5231232643127441,0.4073334038257599,0.5926665663719177,-0.8983310461044312,-0.5233310461044312,0.4073334038257599,1,0,"{""A"": ""color"", ""B"": ""size"", ""C"": ""orientation"", ""D"": ""position""}",/mnt/tidalfs-hssh01/dataset/xiang/models/Qwen2.5-VL-7B-Instruct,42,not_empty,next_token
B_0083,B,STEP,EMPTY,1,-0.825939416885376,-0.575939416885376,0.43782350420951843,0.562176525592804,-0.8349793553352356,-0.5849793553352356,0.562176525592804,1,1,"{""A"": ""size"", ""B"": ""orientation"", ""C"": ""position"", ""D"": ""color""}",/mnt/tidalfs-hssh01/dataset/xiang/models/Qwen2.5-VL-7B-Instruct,42,text_only,next_token
B_0083,B,STEP,A,1,-0.6931471824645996,-0.6931471824645996,0.5,0.5,-0.6942474842071533,-0.6942474842071533,0.5,0,0,"{""A"": ""size"", ""B"": ""orientation"", ""C"": ""position"", ""D"": ""color""}",/mnt/tidalfs-hssh01/dataset/xiang/models/Qwen2.5-VL-7B-Instruct,42,not_empty,next_token
B_0083,B,STEP,B,1,-1.0537006855010986,-0.42870065569877625,0.3486451208591461,0.6513548493385315,-1.0545393228530884,-0.429539293050766,0.6513548493385315,1,1,"{""A"": ""size"", ""B"": ""orientation"", ""C"": ""position"", ""D"": ""color""}",/mnt/tidalfs-hssh01/dataset/xiang/models/Qwen2.5-VL-7B-Instruct,42,not_empty,next_token
B_0083,B,STEP,C,1,-0.825939416885376,-0.575939416885376,0.43782350420951843,0.562176525592804,-0.8274153470993042,-0.5774153470993042,0.562176525592804,1,1,"{""A"": ""size"", ""B"": ""orientation"", ""C"": ""position"", ""D"": ""color""}",/mnt/tidalfs-hssh01/dataset/xiang/models/Qwen2.5-VL-7B-Instruct,42,not_empty,next_token
B_0083,B,STEP,D,1,-0.7575989961624146,-0.6325989961624146,0.4687906503677368,0.531209409236908,-0.7591000199317932,-0.6341000199317932,0.531209409236908,1,1,"{""A"": ""size"", ""B"": ""orientation"", ""C"": ""position"", ""D"": ""color""}",/mnt/tidalfs-hssh01/dataset/xiang/models/Qwen2.5-VL-7B-Instruct,42,not_empty,next_token
B_0083,B,STEP,AB,1,-0.825939416885376,-0.575939416885376,0.43782350420951843,0.562176525592804,-0.8265458345413208,-0.5765458345413208,0.562176525592804,1,1,"{""A"": ""size"", ""B"": ""orientation"", ""C"": ""position"", ""D"": ""color""}",/mnt/tidalfs-hssh01/dataset/xiang/models/Qwen2.5-VL-7B-Instruct,42,not_empty,next_token
B_0083,B,STEP,AC,1,-0.825939416885376,-0.575939416885376,0.43782350420951843,0.562176525592804,-0.8263320326805115,-0.5763320326805115,0.562176525592804,1,1,"{""A"": ""size"", ""B"": ""orientation"", ""C"": ""position"", ""D"": ""color""}",/mnt/tidalfs-hssh01/dataset/xiang/models/Qwen2.5-VL-7B-Instruct,42,not_empty,next_token
B_0083,B,STEP,AD,1,-0.7575989961624146,-0.6325989961624146,0.4687906503677368,0.531209409236908,-0.7582787275314331,-0.6332787275314331,0.531209409236908,1,1,"{""A"": ""size"", ""B"": ""orientation"", ""C"": ""position"", ""D"": ""color""}",/mnt/tidalfs-hssh01/dataset/xiang/models/Qwen2.5-VL-7B-Instruct,42,not_empty,next_token
B_0083,B,STEP,BC,1,-1.053700566291809,-0.42870065569877625,0.3486451506614685,0.6513548493385315,-1.0542738437652588,-0.42927390336990356,0.6513548493385315,1,1,"{""A"": ""size"", ""B"": ""orientation"", ""C"": ""position"", ""D"": ""color""}",/mnt/tidalfs-hssh01/dataset/xiang/models/Qwen2.5-VL-7B-Instruct,42,not_empty,next_token
B_0083,B,STEP,BD,1,-1.0537006855010986,-0.42870065569877625,0.3486451208591461,0.6513548493385315,-1.0542901754379272,-0.42929014563560486,0.6513548493385315,1,1,"{""A"": ""size"", ""B"": ""orientation"", ""C"": ""position"", ""D"": ""color""}",/mnt/tidalfs-hssh01/dataset/xiang/models/Qwen2.5-VL-7B-Instruct,42,not_empty,next_token
B_0083,B,STEP,CD,1,-0.825939416885376,-0.575939416885376,0.43782350420951843,0.562176525592804,-0.8266270160675049,-0.5766270160675049,0.562176525592804,1,1,"{""A"": ""size"", ""B"": ""orientation"", ""C"": ""position"", ""D"": ""color""}",/mnt/tidalfs-hssh01/dataset/xiang/models/Qwen2.5-VL-7B-Instruct,42,not_empty,next_token
B_0083,B,STEP,ABC,1,-0.7575989961624146,-0.6325989961624146,0.4687906503677368,0.531209409236908,-0.7579347491264343,-0.6329347491264343,0.531209409236908,1,1,"{""A"": ""size"", ""B"": ""orientation"", ""C"": ""position"", ""D"": ""color""}",/mnt/tidalfs-hssh01/dataset/xiang/models/Qwen2.5-VL-7B-Instruct,42,not_empty,next_token
B_0083,B,STEP,ABD,1,-0.7575989961624146,-0.6325989961624146,0.4687906503677368,0.531209409236908,-0.7580088376998901,-0.6330088376998901,0.531209409236908,1,1,"{""A"": ""size"", ""B"": ""orientation"", ""C"": ""position"", ""D"": ""color""}",/mnt/tidalfs-hssh01/dataset/xiang/models/Qwen2.5-VL-7B-Instruct,42,not_empty,next_token
B_0083,B,STEP,ACD,1,-0.8981232643127441,-0.5231232643127441,0.4073334038257599,0.5926665663719177,-0.8984324336051941,-0.5234324336051941,0.5926665663719177,1,1,"{""A"": ""size"", ""B"": ""orientation"", ""C"": ""position"", ""D"": ""color""}",/mnt/tidalfs-hssh01/dataset/xiang/models/Qwen2.5-VL-7B-Instruct,42,not_empty,next_token
B_0083,B,STEP,BCD,1,-1.0537006855010986,-0.42870065569877625,0.3486451208591461,0.6513548493385315,-1.054269552230835,-0.4292694926261902,0.6513548493385315,1,1,"{""A"": ""size"", ""B"": ""orientation"", ""C"": ""position"", ""D"": ""color""}",/mnt/tidalfs-hssh01/dataset/xiang/models/Qwen2.5-VL-7B-Instruct,42,not_empty,next_token
B_0083,B,STEP,ABCD,1,-0.825939416885376,-0.575939416885376,0.43782350420951843,0.562176525592804,-0.8263184428215027,-0.5763184428215027,0.562176525592804,1,1,"{""A"": ""size"", ""B"": ""orientation"", ""C"": ""position"", ""D"": ""color""}",/mnt/tidalfs-hssh01/dataset/xiang/models/Qwen2.5-VL-7B-Instruct,42,not_empty,next_token
B_0091,B,STEP,EMPTY,1,-0.8981232643127441,-0.5231232643127441,0.4073334038257599,0.5926665663719177,-0.9087707996368408,-0.5337707996368408,0.5926665663719177,1,1,"{""A"": ""orientation"", ""B"": ""position"", ""C"": ""color"", ""D"": ""size""}",/mnt/tidalfs-hssh01/dataset/xiang/models/Qwen2.5-VL-7B-Instruct,42,text_only,next_token
B_0091,B,STEP,A,1,-0.825939416885376,-0.575939416885376,0.43782350420951843,0.562176525592804,-0.8267313241958618,-0.5767313241958618,0.562176525592804,1,1,"{""A"": ""orientation"", ""B"": ""position"", ""C"": ""color"", ""D"": ""size""}",/mnt/tidalfs-hssh01/dataset/xiang/models/Qwen2.5-VL-7B-Instruct,42,not_empty,next_token
B_0091,B,STEP,B,1,-0.8981232643127441,-0.5231232643127441,0.4073334038257599,0.5926665663719177,-0.8991214632987976,-0.5241214632987976,0.5926665663719177,1,1,"{""A"": ""orientation"", ""B"": ""position"", ""C"": ""color"", ""D"": ""size""}",/mnt/tidalfs-hssh01/dataset/xiang/models/Qwen2.5-VL-7B-Instruct,42,not_empty,next_token
B_0091,B,STEP,C,1,-0.825939416885376,-0.575939416885376,0.43782350420951843,0.562176525592804,-0.8267386555671692,-0.5767386555671692,0.562176525592804,1,1,"{""A"": ""orientation"", ""B"": ""position"", ""C"": ""color"", ""D"": ""size""}",/mnt/tidalfs-hssh01/dataset/xiang/models/Qwen2.5-VL-7B-Instruct,42,not_empty,next_token
B_0091,B,STEP,D,1,-0.8981232643127441,-0.5231232643127441,0.4073334038257599,0.5926665663719177,-0.8992534875869751,-0.5242534875869751,0.5926665663719177,1,1,"{""A"": ""orientation"", ""B"": ""position"", ""C"": ""color"", ""D"": ""size""}",/mnt/tidalfs-hssh01/dataset/xiang/models/Qwen2.5-VL-7B-Instruct,42,not_empty,next_token
B_0091,B,STEP,AB,1,-0.8981232643127441,-0.5231232643127441,0.4073334038257599,0.5926665663719177,-0.8985897302627563,-0.5235897302627563,0.5926665663719177,1,1,"{""A"": ""orientation"", ""B"": ""position"", ""C"": ""color"", ""D"": ""size""}",/mnt/tidalfs-hssh01/dataset/xiang/models/Qwen2.5-VL-7B-Instruct,42,not_empty,next_token
B_0091,B,STEP,AC,1,-0.9740769863128662,-0.4740769863128662,0.3775406777858734,0.622459352016449,-0.974475622177124,-0.474475622177124,0.622459352016449,1,1,"{""A"": ""orientation"", ""B"": ""position"", ""C"": ""color"", ""D"": ""size""}",/mnt/tidalfs-hssh01/dataset/xiang/models/Qwen2.5-VL-7B-Instruct,42,not_empty,next_token
B_0091,B,STEP,AD,1,-0.8981232643127441,-0.5231232643127441,0.4073334038257599,0.5926665663719177,-0.8986555337905884,-0.5236555337905884,0.5926665663719177,1,1,"{""A"": ""orientation"", ""B"": ""position"", ""C"": ""color"", ""D"": ""size""}",/mnt/tidalfs-hssh01/dataset/xiang/models/Qwen2.5-VL-7B-Instruct,42,not_empty,next_token
B_0091,B,STEP,BC,1,-0.825939416885376,-0.575939416885376,0.43782350420951843,0.562176525592804,-0.8263018131256104,-0.5763018131256104,0.562176525592804,1,1,"{""A"": ""orientation"", ""B"": ""position"", ""C"": ""color"", ""D"": ""size""}",/mnt/tidalfs-hssh01/dataset/xiang/models/Qwen2.5-VL-7B-Instruct,42,not_empty,next_token
B_0091,B,STEP,BD,1,-0.7575989961624146,-0.6325989961624146,0.4687906503677368,0.531209409236908,-0.7579252123832703,-0.6329252123832703,0.531209409236908,1,1,"{""A"": ""orientation"", ""B"": ""position"", ""C"": ""color"", ""D"": ""size""}",/mnt/tidalfs-hssh01/dataset/xiang/models/Qwen2.5-VL-7B-Instruct,42,not_empty,next_token
B_0091,B,STEP,CD,1,-0.8981232643127441,-0.5231232643127441,0.4073334038257599,0.5926665663719177,-0.898444652557373,-0.523444652557373,0.5926665663719177,1,1,"{""A"": ""orientation"", ""B"": ""position"", ""C"": ""color"", ""D"": ""size""}",/mnt/tidalfs-hssh01/dataset/xiang/models/Qwen2.5-VL-7B-Instruct,42,not_empty,next_token
B_0091,B,STEP,ABC,1,-0.9740769863128662,-0.4740769863128662,0.3775406777858734,0.622459352016449,-0.9745099544525146,-0.47450995445251465,0.622459352016449,1,1,"{""A"": ""orientation"", ""B"": ""position"", ""C"": ""color"", ""D"": ""size""}",/mnt/tidalfs-hssh01/dataset/xiang/models/Qwen2.5-VL-7B-Instruct,42,not_empty,next_token
B_0091,B,STEP,ABD,1,-0.9740769863128662,-0.4740769863128662,0.3775406777858734,0.622459352016449,-0.9744595885276794,-0.47445958852767944,0.622459352016449,1,1,"{""A"": ""orientation"", ""B"": ""position"", ""C"": ""color"", ""D"": ""size""}",/mnt/tidalfs-hssh01/dataset/xiang/models/Qwen2.5-VL-7B-Instruct,42,not_empty,next_token
B_0091,B,STEP,ACD,1,-0.9740769863128662,-0.4740769863128662,0.3775406777858734,0.622459352016449,-0.9743276238441467,-0.47432762384414673,0.622459352016449,1,1,"{""A"": ""orientation"", ""B"": ""position"", ""C"": ""color"", ""D"": ""size""}",/mnt/tidalfs-hssh01/dataset/xiang/models/Qwen2.5-VL-7B-Instruct,42,not_empty,next_token
B_0091,B,STEP,BCD,1,-0.8981232643127441,-0.5231232643127441,0.4073334038257599,0.5926665663719177,-0.8984114527702332,-0.5234114527702332,0.5926665663719177,1,1,"{""A"": ""orientation"", ""B"": ""position"", ""C"": ""color"", ""D"": ""size""}",/mnt/tidalfs-hssh01/dataset/xiang/models/Qwen2.5-VL-7B-Instruct,42,not_empty,next_token
B_0091,B,STEP,ABCD,1,-0.9740769863128662,-0.4740769863128662,0.3775406777858734,0.622459352016449,-0.9743539094924927,-0.4743538796901703,0.622459352016449,1,1,"{""A"": ""orientation"", ""B"": ""position"", ""C"": ""color"", ""D"": ""size""}",/mnt/tidalfs-hssh01/dataset/xiang/models/Qwen2.5-VL-7B-Instruct,42,not_empty,next_token
B_0099,B,STEP,EMPTY,0,-0.8981232643127441,-0.5231232643127441,0.4073334038257599,0.5926665663719177,-0.9199725389480591,-0.5449725389480591,0.4073334038257599,1,0,"{""A"": ""position"", ""B"": ""color"", ""C"": ""size"", ""D"": ""orientation""}",/mnt/tidalfs-hssh01/dataset/xiang/models/Qwen2.5-VL-7B-Instruct,42,text_only,next_token
B_0099,B,STEP,A,0,-0.7575989961624146,-0.6325989961624146,0.4687906503677368,0.531209409236908,-0.7590900659561157,-0.6340900659561157,0.4687906503677368,1,0,"{""A"": ""position"", ""B"": ""color"", ""C"": ""size"", ""D"": ""orientation""}",/mnt/tidalfs-hssh01/dataset/xiang/models/Qwen2.5-VL-7B-Instruct,42,not_empty,next_token
B_0099,B,STEP,B,0,-0.9740769863128662,-0.4740769863128662,0.3775406777858734,0.622459352016449,-0.975214958190918,-0.47521498799324036,0.3775406777858734,1,0,"{""A"": ""position"", ""B"": ""color"", ""C"": ""size"", ""D"": ""orientation""}",/mnt/tidalfs-hssh01/dataset/xiang/models/Qwen2.5-VL-7B-Instruct,42,not_empty,next_token
B_0099,B,STEP,C,0,-0.9740769863128662,-0.4740769863128662,0.3775406777858734,0.622459352016449,-0.975752592086792,-0.475752592086792,0.3775406777858734,1,0,"{""A"": ""position"", ""B"": ""color"", ""C"": ""size"", ""D"": ""orientation""}",/mnt/tidalfs-hssh01/dataset/xiang/models/Qwen2.5-VL-7B-Instruct,42,not_empty,next_token
B_0099,B,STEP,D,0,-0.9740769863128662,-0.4740769863128662,0.3775406777858734,0.622459352016449,-0.976794958114624,-0.4767949879169464,0.3775406777858734,1,0,"{""A"": ""position"", ""B"": ""color"", ""C"": ""size"", ""D"": ""orientation""}",/mnt/tidalfs-hssh01/dataset/xiang/models/Qwen2.5-VL-7B-Instruct,42,not_empty,next_token
B_0099,B,STEP,AB,0,-0.8981232643127441,-0.5231232643127441,0.4073334038257599,0.5926665663719177,-0.898739218711853,-0.523739218711853,0.4073334038257599,1,0,"{""A"": ""position"", ""B"": ""color"", ""C"": ""size"", ""D"": ""orientation""}",/mnt/tidalfs-hssh01/dataset/xiang/models/Qwen2.5-VL-7B-Instruct,42,not_empty,next_token
B_0099,B,STEP,AC,0,-0.8981232643127441,-0.5231232643127441,0.4073334038257599,0.5926665663719177,-0.8985034227371216,-0.5235034227371216,0.4073334038257599,1,0,"{""A"": ""position"", ""B"": ""color"", ""C"": ""size"", ""D"": ""orientation""}",/mnt/tidalfs-hssh01/dataset/xiang/models/Qwen2.5-VL-7B-Instruct,42,not_empty,next_token
B_0099,B,STEP,AD,0,-0.825939416885376,-0.575939416885376,0.43782350420951843,0.562176525592804,-0.8266280293464661,-0.5766280293464661,0.43782350420951843,1,0,"{""A"": ""position"", ""B"": ""color"", ""C"": ""size"", ""D"": ""orientation""}",/mnt/tidalfs-hssh01/dataset/xiang/models/Qwen2.5-VL-7B-Instruct,42,not_empty,next_token
B_0099,B,STEP,BC,0,-0.8981232643127441,-0.5231232643127441,0.4073334038257599,0.5926665663719177,-0.8988395929336548,-0.5238395929336548,0.4073334038257599,1,0,"{""A"": ""position"", ""B"": ""color"", ""C"": ""size"", ""D"": ""orientation""}",/mnt/tidalfs-hssh01/dataset/xiang/models/Qwen2.5-VL-7B-Instruct,42,not_empty,next_token
B_0099,B,STEP,BD,0,-0.8981232643127441,-0.5231232643127441,0.4073334038257599,0.5926665663719177,-0.8989238739013672,-0.5239238739013672,0.4073334038257599,1,0,"{""A"": ""position"", ""B"": ""color"", ""C"": ""size"", ""D"": ""orientation""}",/mnt/tidalfs-hssh01/dataset/xiang/models/Qwen2.5-VL-7B-Instruct,42,not_empty,next_token
B_0099,B,STEP,CD,0,-0.9740769863128662,-0.4740769863128662,0.3775406777858734,0.622459352016449,-0.974639356136322,-0.474639356136322,0.3775406777858734,1,0,"{""A"": ""position"", ""B"": ""color"", ""C"": ""size"", ""D"": ""orientation""}",/mnt/tidalfs-hssh01/dataset/xiang/models/Qwen2.5-VL-7B-Instruct,42,not_empty,next_token
B_0099,B,STEP,ABC,0,-0.8981232643127441,-0.5231232643127441,0.4073334038257599,0.5926665663719177,-0.8985084295272827,-0.5235084295272827,0.4073334038257599,1,0,"{""A"": ""position"", ""B"": ""color"", ""C"": ""size"", ""D"": ""orientation""}",/mnt/tidalfs-hssh01/dataset/xiang/models/Qwen2.5-VL-7B-Instruct,42,not_empty,next_token
B_0099,B,STEP,ABD,0,-0.8981232643127441,-0.5231232643127441,0.4073334038257599,0.5926665663719177,-0.8985413908958435,-0.5235413908958435,0.4073334038257599,1,0,"{""A"": ""position"", ""B"": ""color"", ""C"": ""size"", ""D"": ""orientation""}",/mnt/tidalfs-hssh01/dataset/xiang/models/Qwen2.5-VL-7B-Instruct,42,not_empty,next_token
B_0099,B,STEP,ACD,0,-0.9740769863128662,-0.4740769863128662,0.3775406777858734,0.622459352016449,-0.9743849635124207,-0.47438496351242065,0.3775406777858734,1,0,"{""A"": ""position"", ""B"": ""color"", ""C"": ""size"", ""D"": ""orientation""}",/mnt/tidalfs-hssh01/dataset/xiang/models/Qwen2.5-VL-7B-Instruct,42,not_empty,next_token
B_0099,B,STEP,BCD,0,-1.0537006855010986,-0.42870065569877625,0.3486451208591461,0.6513548493385315,-1.0540897846221924,-0.42908975481987,0.3486451208591461,1,0,"{""A"": ""position"", ""B"": ""color"", ""C"": ""size"", ""D"": ""orientation""}",/mnt/tidalfs-hssh01/dataset/xiang/models/Qwen2.5-VL-7B-Instruct,42,not_empty,next_token
B_0099,B,STEP,ABCD,0,-1.0537006855010986,-0.42870065569877625,0.3486451208591461,0.6513548493385315,-1.0539872646331787,-0.4289872944355011,0.3486451208591461,1,0,"{""A"": ""position"", ""B"": ""color"", ""C"": ""size"", ""D"": ""orientation""}",/mnt/tidalfs-hssh01/dataset/xiang/models/Qwen2.5-VL-7B-Instruct,42,not_empty,next_token
B_0107,B,STEP,EMPTY,0,-0.9740769863128662,-0.4740769863128662,0.3775406777858734,0.622459352016449,-0.9828988313674927,-0.4828988313674927,0.3775406777858734,1,0,"{""A"": ""color"", ""B"": ""size"", ""C"": ""orientation"", ""D"": ""position""}",/mnt/tidalfs-hssh01/dataset/xiang/models/Qwen2.5-VL-7B-Instruct,42,text_only,next_token
B_0107,B,STEP,A,0,-0.8981232643127441,-0.5231232643127441,0.4073334038257599,0.5926665663719177,-0.8992325067520142,-0.5242325067520142,0.4073334038257599,1,0,"{""A"": ""color"", ""B"": ""size"", ""C"": ""orientation"", ""D"": ""position""}",/mnt/tidalfs-hssh01/dataset/xiang/models/Qwen2.5-VL-7B-Instruct,42,not_empty,next_token
B_0107,B,STEP,B,0,-0.9740769863128662,-0.4740769863128662,0.3775406777858734,0.622459352016449,-0.9750934839248657,-0.4750934839248657,0.3775406777858734,1,0,"{""A"": ""color"", ""B"": ""size"", ""C"": ""orientation"", ""D"": ""position""}",/mnt/tidalfs-hssh01/dataset/xiang/models/Qwen2.5-VL-7B-Instruct,42,not_empty,next_token
B_0107,B,STEP,C,0,-1.1368709802627563,-0.38687101006507874,0.3208213150501251,0.6791786551475525,-1.1379870176315308,-0.3879869878292084,0.3208213150501251,1,0,"{""A"": ""color"", ""B"": ""size"", ""C"": ""orientation"", ""D"": ""position""}",/mnt/tidalfs-hssh01/dataset/xiang/models/Qwen2.5-VL-7B-Instruct,42,not_empty,next_token
B_0107,B,STEP,D,0,-0.9740769863128662,-0.4740769863128662,0.3775406777858734,0.622459352016449,-0.9757544994354248,-0.4757544994354248,0.3775406777858734,1,0,"{""A"": ""color"", ""B"": ""size"", ""C"": ""orientation"", ""D"": ""position""}",/mnt/tidalfs-hssh01/dataset/xiang/models/Qwen2.5-VL-7B-Instruct,42,not_empty,next_token
B_0107,B,STEP,AB,0,-0.9740769863128662,-0.4740769863128662,0.3775406777858734,0.622459352016449,-0.9745907783508301,-0.4745907783508301,0.3775406777858734,1,0,"{""A"": ""color"", ""B"": ""size"", ""C"": ""orientation"", ""D"": ""position""}",/mnt/tidalfs-hssh01/dataset/xiang/models/Qwen2.5-VL-7B-Instruct,42,not_empty,next_token
B_0107,B,STEP,AC,0,-0.9740769863128662,-0.4740769863128662,0.3775406777858734,0.622459352016449,-0.9745014905929565,-0.47450149059295654,0.3775406777858734,1,0,"{""A"": ""color"", ""B"": ""size"", ""C"": ""orientation"", ""D"": ""position""}",/mnt/tidalfs-hssh01/dataset/xiang/models/Qwen2.5-VL-7B-Instruct,42,not_empty,next_token
B_0107,B,STEP,AD,0,-0.825939416885376,-0.575939416885376,0.43782350420951843,0.562176525592804,-0.8263810873031616,-0.5763810873031616,0.43782350420951843,1,0,"{""A"": ""color"", ""B"": ""size"", ""C"": ""orientation"", ""D"": ""position""}",/mnt/tidalfs-hssh01/dataset/xiang/models/Qwen2.5-VL-7B-Instruct,42,not_empty,next_token
B_0107,B,STEP,BC,0,-1.0537006855010986,-0.42870065569877625,0.3486451208591461,0.6513548493385315,-1.0542337894439697,-0.4292337894439697,0.3486451208591461,1,0,"{""A"": ""color"", ""B"": ""size"", ""C"": ""orientation"", ""D"": ""position""}",/mnt/tidalfs-hssh01/dataset/xiang/models/Qwen2.5-VL-7B-Instruct,42,not_empty,next_token
B_0107,B,STEP,BD,0,-0.8981232643127441,-0.5231232643127441,0.4073334038257599,0.5926665663719177,-0.8987648487091064,-0.5237648487091064,0.4073334038257599,1,0,"{""A"": ""color"", ""B"": ""size"", ""C"": ""orientation"", ""D"": ""position""}",/mnt/tidalfs-hssh01/dataset/xiang/models/Qwen2.5-VL-7B-Instruct,42,not_empty,next_token
B_0107,B,STEP,CD,0,-1.053700566291809,-0.42870065569877625,0.3486451506614685,0.6513548493385315,-1.0543367862701416,-0.4293368458747864,0.3486451506614685,1,0,"{""A"": ""color"", ""B"": ""size"", ""C"": ""orientation"", ""D"": ""position""}",/mnt/tidalfs-hssh01/dataset/xiang/models/Qwen2.5-VL-7B-Instruct,42,not_empty,next_token
B_0107,B,STEP,ABC,0,-0.8981232643127441,-0.5231232643127441,0.4073334038257599,0.5926665663719177,-0.8984525799751282,-0.5234525799751282,0.4073334038257599,1,0,"{""A"": ""color"", ""B"": ""size"", ""C"": ""orientation"", ""D"": ""position""}",/mnt/tidalfs-hssh01/dataset/xiang/models/Qwen2.5-VL-7B-Instruct,42,not_empty,next_token
B_0107,B,STEP,ABD,0,-0.8981232643127441,-0.5231232643127441,0.4073334038257599,0.5926665663719177,-0.8984254598617554,-0.5234254598617554,0.4073334038257599,1,0,"{""A"": ""color"", ""B"": ""size"", ""C"": ""orientation"", ""D"": ""position""}",/mnt/tidalfs-hssh01/dataset/xiang/models/Qwen2.5-VL-7B-Instruct,42,not_empty,next_token
B_0107,B,STEP,ACD,0,-1.0537006855010986,-0.42870065569877625,0.3486451208591461,0.6513548493385315,-1.0540244579315186,-0.42902445793151855,0.3486451208591461,1,0,"{""A"": ""color"", ""B"": ""size"", ""C"": ""orientation"", ""D"": ""position""}",/mnt/tidalfs-hssh01/dataset/xiang/models/Qwen2.5-VL-7B-Instruct,42,not_empty,next_token
B_0107,B,STEP,BCD,0,-0.9740769863128662,-0.4740769863128662,0.3775406777858734,0.622459352016449,-0.974594235420227,-0.47459420561790466,0.3775406777858734,1,0,"{""A"": ""color"", ""B"": ""size"", ""C"": ""orientation"", ""D"": ""position""}",/mnt/tidalfs-hssh01/dataset/xiang/models/Qwen2.5-VL-7B-Instruct,42,not_empty,next_token
B_0107,B,STEP,ABCD,0,-1.1368709802627563,-0.38687101006507874,0.3208213150501251,0.6791786551475525,-1.1371241807937622,-0.3871241509914398,0.3208213150501251,1,0,"{""A"": ""color"", ""B"": ""size"", ""C"": ""orientation"", ""D"": ""position""}",/mnt/tidalfs-hssh01/dataset/xiang/models/Qwen2.5-VL-7B-Instruct,42,not_empty,next_token
B_0115,B,STEP,EMPTY,0,-0.825939416885376,-0.575939416885376,0.43782350420951843,0.562176525592804,-0.8349793553352356,-0.5849793553352356,0.43782350420951843,1,0,"{""A"": ""size"", ""B"": ""orientation"", ""C"": ""position"", ""D"": ""color""}",/mnt/tidalfs-hssh01/dataset/xiang/models/Qwen2.5-VL-7B-Instruct,42,text_only,next_token
B_0115,B,STEP,A,0,-0.6931471824645996,-0.6931471824645996,0.5,0.5,-0.6942474842071533,-0.6942474842071533,0.5,0,1,"{""A"": ""size"", ""B"": ""orientation"", ""C"": ""position"", ""D"": ""color""}",/mnt/tidalfs-hssh01/dataset/xiang/models/Qwen2.5-VL-7B-Instruct,42,not_empty,next_token
B_0115,B,STEP,B,0,-0.7575989961624146,-0.6325989961624146,0.4687906503677368,0.531209409236908,-0.7592000961303711,-0.6342000961303711,0.4687906503677368,1,0,"{""A"": ""size"", ""B"": ""orientation"", ""C"": ""position"", ""D"": ""color""}",/mnt/tidalfs-hssh01/dataset/xiang/models/Qwen2.5-VL-7B-Instruct,42,not_empty,next_token
B_0115,B,STEP,C,0,-0.825939416885376,-0.575939416885376,0.43782350420951843,0.562176525592804,-0.8274153470993042,-0.5774153470993042,0.43782350420951843,1,0,"{""A"": ""size"", ""B"": ""orientation"", ""C"": ""position"", ""D"": ""color""}",/mnt/tidalfs-hssh01/dataset/xiang/models/Qwen2.5-VL-7B-Instruct,42,not_empty,next_token
B_0115,B,STEP,D,0,-0.825939416885376,-0.575939416885376,0.43782350420951843,0.562176525592804,-0.8275613784790039,-0.5775613784790039,0.43782350420951843,1,0,"{""A"": ""size"", ""B"": ""orientation"", ""C"": ""position"", ""D"": ""color""}",/mnt/tidalfs-hssh01/dataset/xiang/models/Qwen2.5-VL-7B-Instruct,42,not_empty,next_token
B_0115,B,STEP,AB,0,-0.6931471824645996,-0.6931471824645996,0.5,0.5,-0.6938742399215698,-0.6938742399215698,0.5,0,1,"{""A"": ""size"", ""B"": ""orientation"", ""C"": ""position"", ""D"": ""color""}",/mnt/tidalfs-hssh01/dataset/xiang/models/Qwen2.5-VL-7B-Instruct,42,not_empty,next_token
B_0115,B,STEP,AC,0,-0.825939416885376,-0.575939416885376,0.43782350420951843,0.562176525592804,-0.8263320326805115,-0.5763320326805115,0.43782350420951843,1,0,"{""A"": ""size"", ""B"": ""orientation"", ""C"": ""position"", ""D"": ""color""}",/mnt/tidalfs-hssh01/dataset/xiang/models/Qwen2.5-VL-7B-Instruct,42,not_empty,next_token
B_0115,B,STEP,AD,0,-0.825939416885376,-0.575939416885376,0.43782350420951843,0.562176525592804,-0.8266156315803528,-0.5766156315803528,0.43782350420951843,1,0,"{""A"": ""size"", ""B"": ""orientation"", ""C"": ""position"", ""D"": ""color""}",/mnt/tidalfs-hssh01/dataset/xiang/models/Qwen2.5-VL-7B-Instruct,42,not_empty,next_token
B_0115,B,STEP,BC,0,-0.7575989961624146,-0.6325989961624146,0.4687906503677368,0.531209409236908,-0.758453369140625,-0.633453369140625,0.4687906503677368,1,0,"{""A"": ""size"", ""B"": ""orientation"", ""C"": ""position"", ""D"": ""color""}",/mnt/tidalfs-hssh01/dataset/xiang/models/Qwen2.5-VL-7B-Instruct,42,not_empty,next_token
B_0115,B,STEP,BD,0,-0.825939416885376,-0.575939416885376,0.43782350420951843,0.562176525592804,-0.8267309665679932,-0.5767309665679932,0.43782350420951843,1,0,"{""A"": ""size"", ""B"": ""orientation"", ""C"": ""position"", ""D"": ""color""}",/mnt/tidalfs-hssh01/dataset/xiang/models/Qwen2.5-VL-7B-Instruct,42,not_empty,next_token
B_0115,B,STEP,CD,0,-0.825939416885376,-0.575939416885376,0.43782350420951843,0.562176525592804,-0.8265458345413208,-0.5765458345413208,0.43782350420951843,1,0,"{""A"": ""size"", ""B"": ""orientation"", ""C"": ""position"", ""D"": ""color""}",/mnt/tidalfs-hssh01/dataset/xiang/models/Qwen2.5-VL-7B-Instruct,42,not_empty,next_token
B_0115,B,STEP,ABC,0,-0.7575989961624146,-0.6325989961624146,0.4687906503677368,0.531209409236908,-0.7579643130302429,-0.6329643130302429,0.4687906503677368,1,0,"{""A"": ""size"", ""B"": ""orientation"", ""C"": ""position"", ""D"": ""color""}",/mnt/tidalfs-hssh01/dataset/xiang/models/Qwen2.5-VL-7B-Instruct,42,not_empty,next_token
B_0115,B,STEP,ABD,0,-0.6931471824645996,-0.6931471824645996,0.5,0.5,-0.6935997009277344,-0.6935997009277344,0.5,0,1,"{""A"": ""size"", ""B"": ""orientation"", ""C"": ""position"", ""D"": ""color""}",/mnt/tidalfs-hssh01/dataset/xiang/models/Qwen2.5-VL-7B-Instruct,42,not_empty,next_token
B_0115,B,STEP,ACD,0,-0.825939416885376,-0.575939416885376,0.43782350420951843,0.562176525592804,-0.826229453086853,-0.576229453086853,0.43782350420951843,1,0,"{""A"": ""size"", ""B"": ""orientation"", ""C"": ""position"", ""D"": ""color""}",/mnt/tidalfs-hssh01/dataset/xiang/models/Qwen2.5-VL-7B-Instruct,42,not_empty,next_token
B_0115,B,STEP,BCD,0,-0.7575989961624146,-0.6325989961624146,0.4687906503677368,0.531209409236908,-0.7583093643188477,-0.6333093643188477,0.4687906503677368,1,0,"{""A"": ""size"", ""B"": ""orientation"", ""C"": ""position"", ""D"": ""color""}",/mnt/tidalfs-hssh01/dataset/xiang/models/Qwen2.5-VL-7B-Instruct,42,not_empty,next_token
B_0115,B,STEP,ABCD,0,-0.7575989961624146,-0.6325989961624146,0.4687906503677368,0.531209409236908,-0.7579913139343262,-0.6329913139343262,0.4687906503677368,1,0,"{""A"": ""size"", ""B"": ""orientation"", ""C"": ""position"", ""D"": ""color""}",/mnt/tidalfs-hssh01/dataset/xiang/models/Qwen2.5-VL-7B-Instruct,42,not_empty,next_token
B_0123,B,STEP,EMPTY,0,-0.8981232643127441,-0.5231232643127441,0.4073334038257599,0.5926665663719177,-0.9087707996368408,-0.5337707996368408,0.4073334038257599,1,0,"{""A"": ""orientation"", ""B"": ""position"", ""C"": ""color"", ""D"": ""size""}",/mnt/tidalfs-hssh01/dataset/xiang/models/Qwen2.5-VL-7B-Instruct,42,text_only,next_token
B_0123,B,STEP,A,0,-0.825939416885376,-0.575939416885376,0.43782350420951843,0.562176525592804,-0.8267313241958618,-0.5767313241958618,0.43782350420951843,1,0,"{""A"": ""orientation"", ""B"": ""position"", ""C"": ""color"", ""D"": ""size""}",/mnt/tidalfs-hssh01/dataset/xiang/models/Qwen2.5-VL-7B-Instruct,42,not_empty,next_token
B_0123,B,STEP,B,0,-0.825939416885376,-0.575939416885376,0.43782350420951843,0.562176525592804,-0.8270713090896606,-0.5770713090896606,0.43782350420951843,1,0,"{""A"": ""orientation"", ""B"": ""position"", ""C"": ""color"", ""D"": ""size""}",/mnt/tidalfs-hssh01/dataset/xiang/models/Qwen2.5-VL-7B-Instruct,42,not_empty,next_token
B_0123,B,STEP,C,0,-0.825939416885376,-0.575939416885376,0.43782350420951843,0.562176525592804,-0.8267386555671692,-0.5767386555671692,0.43782350420951843,1,0,"{""A"": ""orientation"", ""B"": ""position"", ""C"": ""color"", ""D"": ""size""}",/mnt/tidalfs-hssh01/dataset/xiang/models/Qwen2.5-VL-7B-Instruct,42,not_empty,next_token
B_0123,B,STEP,D,0,-0.8981232643127441,-0.5231232643127441,0.4073334038257599,0.5926665663719177,-0.8993092775344849,-0.5243092775344849,0.4073334038257599,1,0,"{""A"": ""orientation"", ""B"": ""position"", ""C"": ""color"", ""D"": ""size""}",/mnt/tidalfs-hssh01/dataset/xiang/models/Qwen2.5-VL-7B-Instruct,42,not_empty,next_token
B_0123,B,STEP,AB,0,-0.8981232643127441,-0.5231232643127441,0.4073334038257599,0.5926665663719177,-0.898700475692749,-0.523700475692749,0.4073334038257599,1,0,"{""A"": ""orientation"", ""B"": ""position"", ""C"": ""color"", ""D"": ""size""}",/mnt/tidalfs-hssh01/dataset/xiang/models/Qwen2.5-VL-7B-Instruct,42,not_empty,next_token
B_0123,B,STEP,AC,0,-0.9740769863128662,-0.4740769863128662,0.3775406777858734,0.622459352016449,-0.974475622177124,-0.474475622177124,0.3775406777858734,1,0,"{""A"": ""orientation"", ""B"": ""position"", ""C"": ""color"", ""D"": ""size""}",/mnt/tidalfs-hssh01/dataset/xiang/models/Qwen2.5-VL-7B-Instruct,42,not_empty,next_token
B_0123,B,STEP,AD,0,-0.8981232643127441,-0.5231232643127441,0.4073334038257599,0.5926665663719177,-0.8986918330192566,-0.5236918330192566,0.4073334038257599,1,0,"{""A"": ""orientation"", ""B"": ""position"", ""C"": ""color"", ""D"": ""size""}",/mnt/tidalfs-hssh01/dataset/xiang/models/Qwen2.5-VL-7B-Instruct,42,not_empty,next_token
B_0123,B,STEP,BC,0,-0.8981232643127441,-0.5231232643127441,0.4073334038257599,0.5926665663719177,-0.8987576365470886,-0.5237576365470886,0.4073334038257599,1,0,"{""A"": ""orientation"", ""B"": ""position"", ""C"": ""color"", ""D"": ""size""}",/mnt/tidalfs-hssh01/dataset/xiang/models/Qwen2.5-VL-7B-Instruct,42,not_empty,next_token
B_0123,B,STEP,BD,0,-0.7575989961624146,-0.6325989961624146,0.4687906503677368,0.531209409236908,-0.7579213976860046,-0.6329213976860046,0.4687906503677368,1,0,"{""A"": ""orientation"", ""B"": ""position"", ""C"": ""color"", ""D"": ""size""}",/mnt/tidalfs-hssh01/dataset/xiang/models/Qwen2.5-VL-7B-Instruct,42,not_empty,next_token
B_0123,B,STEP,CD,0,-0.825939416885376,-0.575939416885376,0.43782350420951843,0.562176525592804,-0.82627272605896,-0.57627272605896,0.43782350420951843,1,0,"{""A"": ""orientation"", ""B"": ""position"", ""C"": ""color"", ""D"": ""size""}",/mnt/tidalfs-hssh01/dataset/xiang/models/Qwen2.5-VL-7B-Instruct,42,not_empty,next_token
B_0123,B,STEP,ABC,0,-0.9740769863128662,-0.4740769863128662,0.3775406777858734,0.622459352016449,-0.9745186567306519,-0.47451862692832947,0.3775406777858734,1,0,"{""A"": ""orientation"", ""B"": ""position"", ""C"": ""color"", ""D"": ""size""}",/mnt/tidalfs-hssh01/dataset/xiang/models/Qwen2.5-VL-7B-Instruct,42,not_empty,next_token
B_0123,B,STEP,ABD,0,-0.8981232643127441,-0.5231232643127441,0.4073334038257599,0.5926665663719177,-0.8984944820404053,-0.5234944820404053,0.4073334038257599,1,0,"{""A"": ""orientation"", ""B"": ""position"", ""C"": ""color"", ""D"": ""size""}",/mnt/tidalfs-hssh01/dataset/xiang/models/Qwen2.5-VL-7B-Instruct,42,not_empty,next_token
B_0123,B,STEP,ACD,0,-0.9740769863128662,-0.4740769863128662,0.3775406777858734,0.622459352016449,-0.9743804931640625,-0.4743804931640625,0.3775406777858734,1,0,"{""A"": ""orientation"", ""B"": ""position"", ""C"": ""color"", ""D"": ""size""}",/mnt/tidalfs-hssh01/dataset/xiang/models/Qwen2.5-VL-7B-Instruct,42,not_empty,next_token
B_0123,B,STEP,BCD,0,-0.825939416885376,-0.575939416885376,0.43782350420951843,0.562176525592804,-0.8262289762496948,-0.5762289762496948,0.43782350420951843,1,0,"{""A"": ""orientation"", ""B"": ""position"", ""C"": ""color"", ""D"": ""size""}",/mnt/tidalfs-hssh01/dataset/xiang/models/Qwen2.5-VL-7B-Instruct,42,not_empty,next_token
B_0123,B,STEP,ABCD,0,-1.0537006855010986,-0.42870065569877625,0.3486451208591461,0.6513548493385315,-1.0540271997451782,-0.4290271997451782,0.3486451208591461,1,0,"{""A"": ""orientation"", ""B"": ""position"", ""C"": ""color"", ""D"": ""size""}",/mnt/tidalfs-hssh01/dataset/xiang/models/Qwen2.5-VL-7B-Instruct,42,not_empty,next_token
