probe,sample_id,target_field,metric,coalition,value
A,A_0000,STEP1,harsanyi,A,0.0
A,A_0000,STEP1,harsanyi,B,0.06054818630218506
A,A_0000,STEP1,harsanyi,C,0.0
A,A_0000,STEP1,harsanyi,D,0.2190701961517334
A,A_0000,STEP1,harsanyi,AB,-0.125
A,A_0000,STEP1,harsanyi,AC,0.11720776557922363
A,A_0000,STEP1,harsanyi,AD,-0.10186243057250977
A,A_0000,STEP1,harsanyi,BC,0.10947573184967041
A,A_0000,STEP1,harsanyi,BD,-0.16241061687469482
A,A_0000,STEP1,harsanyi,CD,-0.10186243057250977
A,A_0000,STEP1,harsanyi,ABC,-0.04502391815185547
A,A_0000,STEP1,harsanyi,ABD,0.22686243057250977
A,A_0000,STEP1,harsanyi,ACD,0.03747081756591797
A,A_0000,STEP1,harsanyi,BCD,0.1396254599094391
A,A_0000,STEP1,harsanyi,ABCD,-0.1550309956073761
A,A_0000,STEP1,LOO,A,-0.045376330614089966
A,A_0000,STEP1,LOO,B,0.04904627799987793
A,A_0000,STEP1,LOO,C,0.10186243057250977
A,A_0000,STEP1,LOO,D,0.10186243057250977
A,A_0000,STEP2,harsanyi,A,0.16279399394989014
A,A_0000,STEP2,harsanyi,B,0.31093156337738037
A,A_0000,STEP2,harsanyi,C,-0.08657360076904297
A,A_0000,STEP2,harsanyi,D,-0.3650580644607544
A,A_0000,STEP2,harsanyi,AB,-0.03000175952911377
A,A_0000,STEP2,harsanyi,AC,-0.34549951553344727
A,A_0000,STEP2,harsanyi,AD,0.3650580644607544
A,A_0000,STEP2,harsanyi,BC,-0.22435808181762695
A,A_0000,STEP2,harsanyi,BD,0.29287421703338623
A,A_0000,STEP2,harsanyi,CD,0.18235254287719727
A,A_0000,STEP2,harsanyi,ABC,0.2958778142929077
A,A_0000,STEP2,harsanyi,ABD,-0.23232603073120117
A,A_0000,STEP2,harsanyi,ACD,-0.27813148498535156
A,A_0000,STEP2,harsanyi,BCD,-0.11016857624053955
A,A_0000,STEP2,harsanyi,ABCD,0.06222891807556152
A,A_0000,STEP2,LOO,A,0.0
A,A_0000,STEP2,LOO,B,0.3650580644607544
A,A_0000,STEP2,LOO,C,-0.5042719841003418
A,A_0000,STEP2,LOO,D,-0.08317041397094727
A,A_0000,FINAL,harsanyi,A,0.0
A,A_0000,FINAL,harsanyi,B,-0.056659579277038574
A,A_0000,FINAL,harsanyi,C,0.052816152572631836
A,A_0000,FINAL,harsanyi,D,0.14723876118659973
A,A_0000,FINAL,harsanyi,AB,-0.125
A,A_0000,FINAL,harsanyi,AC,-0.052816152572631836
A,A_0000,FINAL,harsanyi,AD,-0.045376330614089966
A,A_0000,FINAL,harsanyi,BC,-0.052816152572631836
A,A_0000,FINAL,harsanyi,BD,-0.09057918190956116
A,A_0000,FINAL,harsanyi,CD,-0.14723876118659973
A,A_0000,FINAL,harsanyi,ABC,0.11726796627044678
A,A_0000,FINAL,harsanyi,ABD,0.17037633061408997
A,A_0000,FINAL,harsanyi,ACD,0.14723876118659973
A,A_0000,FINAL,harsanyi,BCD,0.14723876118659973
A,A_0000,FINAL,harsanyi,ABCD,-0.15887442231178284
A,A_0000,FINAL,LOO,A,0.052816152572631836
A,A_0000,FINAL,LOO,B,-0.04904627799987793
A,A_0000,FINAL,LOO,C,0.052816152572631836
A,A_0000,FINAL,LOO,D,0.17002391815185547
A,A_0001,STEP1,harsanyi,A,0.06054818630218506
A,A_0001,STEP1,harsanyi,B,0.0
A,A_0001,STEP1,harsanyi,C,0.0
A,A_0001,STEP1,harsanyi,D,0.2190701961517334
A,A_0001,STEP1,harsanyi,AB,0.0
A,A_0001,STEP1,harsanyi,AC,0.10947573184967041
A,A_0001,STEP1,harsanyi,AD,-0.2190701961517334
A,A_0001,STEP1,harsanyi,BC,0.11720776557922363
A,A_0001,STEP1,harsanyi,BD,-0.10186243057250977
A,A_0001,STEP1,harsanyi,CD,-0.15852200984954834
A,A_0001,STEP1,harsanyi,ABC,-0.0681614875793457
A,A_0001,STEP1,harsanyi,ABD,0.15852200984954834
A,A_0001,STEP1,harsanyi,ACD,0.20756828784942627
A,A_0001,STEP1,harsanyi,BCD,0.09413039684295654
A,A_0001,STEP1,harsanyi,ABCD,-0.19983625411987305
A,A_0001,STEP1,LOO,A,0.04904627799987793
A,A_0001,STEP1,LOO,B,0.0
A,A_0001,STEP1,LOO,C,0.10186243057250977
A,A_0001,STEP1,LOO,D,0.0
A,A_0001,STEP2,harsanyi,A,-0.04182964563369751
A,A_0001,STEP2,harsanyi,B,-0.1362522542476654
A,A_0001,STEP2,harsanyi,C,-0.1362522542476654
A,A_0001,STEP2,harsanyi,D,0.134941965341568
A,A_0001,STEP2,harsanyi,AB,-0.12819427251815796
A,A_0001,STEP2,harsanyi,AC,-0.010986506938934326
A,A_0001,STEP2,harsanyi,AD,-0.2821807265281677
A,A_0001,STEP2,harsanyi,BC,0.08343610167503357
A,A_0001,STEP2,harsanyi,BD,-0.134941965341568
A,A_0001,STEP2,harsanyi,CD,-0.18775811791419983
A,A_0001,STEP2,harsanyi,ABC,-0.0689895749092102
A,A_0001,STEP2,harsanyi,ABD,0.21772891283035278
A,A_0001,STEP2,harsanyi,ACD,0.278337299823761
A,A_0001,STEP2,harsanyi,BCD,0.18775811791419983
A,A_0001,STEP2,harsanyi,ABCD,-0.14554506540298462
A,A_0001,STEP2,LOO,A,-0.18165957927703857
A,A_0001,STEP2,LOO,B,-0.125
A,A_0001,STEP2,LOO,C,0.0
A,A_0001,STEP2,LOO,D,0.06834042072296143
A,A_0001,FINAL,harsanyi,A,0.0
A,A_0001,FINAL,harsanyi,B,0.06834042072296143
A,A_0001,FINAL,harsanyi,C,0.0
A,A_0001,FINAL,harsanyi,D,-0.2277611494064331
A,A_0001,FINAL,harsanyi,AB,0.06445181369781494
A,A_0001,FINAL,harsanyi,AC,0.0
A,A_0001,FINAL,harsanyi,AD,0.07962357997894287
A,A_0001,FINAL,harsanyi,BC,0.0
A,A_0001,FINAL,harsanyi,BD,0.15942072868347168
A,A_0001,FINAL,harsanyi,CD,0.15557730197906494
A,A_0001,FINAL,harsanyi,ABC,0.0
A,A_0001,FINAL,harsanyi,ABD,-0.21625924110412598
A,A_0001,FINAL,harsanyi,ACD,-0.07962357997894287
A,A_0001,FINAL,harsanyi,BCD,-0.2277611494064331
A,A_0001,FINAL,harsanyi,ABCD,0.15180742740631104
A,A_0001,FINAL,LOO,A,0.0
A,A_0001,FINAL,LOO,B,0.0
A,A_0001,FINAL,LOO,C,0.0
A,A_0001,FINAL,LOO,D,-0.20497608184814453
A,A_0002,STEP1,harsanyi,A,0.0
A,A_0002,STEP1,harsanyi,B,0.06054818630218506
A,A_0002,STEP1,harsanyi,C,0.0
A,A_0002,STEP1,harsanyi,D,0.2190701961517334
A,A_0002,STEP1,harsanyi,AB,-0.125
A,A_0002,STEP1,harsanyi,AC,0.11720776557922363
A,A_0002,STEP1,harsanyi,AD,-0.10186243057250977
A,A_0002,STEP1,harsanyi,BC,0.10947573184967041
A,A_0002,STEP1,harsanyi,BD,-0.16241061687469482
A,A_0002,STEP1,harsanyi,CD,-0.15852200984954834
A,A_0002,STEP1,harsanyi,ABC,0.007792234420776367
A,A_0002,STEP1,harsanyi,ABD,0.22686243057250977
A,A_0002,STEP1,harsanyi,ACD,0.09413039684295654
A,A_0002,STEP1,harsanyi,BCD,0.1509087085723877
A,A_0002,STEP1,harsanyi,ABCD,-0.21913039684295654
A,A_0002,STEP1,LOO,A,0.0
A,A_0002,STEP1,LOO,B,0.04904627799987793
A,A_0002,STEP1,LOO,C,0.10186243057250977
A,A_0002,STEP1,LOO,D,0.04904627799987793
A,A_0002,STEP2,harsanyi,A,-0.08720597624778748
A,A_0002,STEP2,harsanyi,B,-0.18906840682029724
A,A_0002,STEP2,harsanyi,C,-0.1362522542476654
A,A_0002,STEP2,harsanyi,D,0.134941965341568
A,A_0002,STEP2,harsanyi,AB,-0.030001789331436157
A,A_0002,STEP2,harsanyi,AC,0.08720597624778748
A,A_0002,STEP2,harsanyi,AD,-0.134941965341568
A,A_0002,STEP2,harsanyi,BC,0.07959267497062683
A,A_0002,STEP2,harsanyi,BD,-0.08212581276893616
A,A_0002,STEP2,harsanyi,CD,-0.18775811791419983
A,A_0002,STEP2,harsanyi,ABC,-0.16333863139152527
A,A_0002,STEP2,harsanyi,ABD,0.017673999071121216
A,A_0002,STEP2,harsanyi,ACD,0.07828238606452942
A,A_0002,STEP2,harsanyi,BCD,0.19160154461860657
A,A_0002,STEP2,harsanyi,ABCD,0.11511823534965515
A,A_0002,STEP2,LOO,A,-0.11720776557922363
A,A_0002,STEP2,LOO,B,-0.06054818630218506
A,A_0002,STEP2,LOO,C,0.06445181369781494
A,A_0002,STEP2,LOO,D,0.13279223442077637
A,A_0002,FINAL,harsanyi,A,0.0
A,A_0002,FINAL,harsanyi,B,0.06834042072296143
A,A_0002,FINAL,harsanyi,C,0.0
A,A_0002,FINAL,harsanyi,D,-0.2277611494064331
A,A_0002,FINAL,harsanyi,AB,0.125
A,A_0002,FINAL,harsanyi,AC,0.06834042072296143
A,A_0002,FINAL,harsanyi,AD,0.07962357997894287
A,A_0002,FINAL,harsanyi,BC,0.0
A,A_0002,FINAL,harsanyi,BD,0.15942072868347168
A,A_0002,FINAL,harsanyi,CD,0.15557730197906494
A,A_0002,FINAL,harsanyi,ABC,-0.12888860702514648
A,A_0002,FINAL,harsanyi,ABD,-0.20462357997894287
A,A_0002,FINAL,harsanyi,ACD,-0.1479640007019043
A,A_0002,FINAL,harsanyi,BCD,-0.2277611494064331
A,A_0002,FINAL,harsanyi,ABCD,0.20851218700408936
A,A_0002,FINAL,LOO,A,0.0
A,A_0002,FINAL,LOO,B,0.0
A,A_0002,FINAL,LOO,C,-0.07218384742736816
A,A_0002,FINAL,LOO,D,-0.20497608184814453
A,A_0003,STEP1,harsanyi,A,0.0
A,A_0003,STEP1,harsanyi,B,0.06054818630218506
A,A_0003,STEP1,harsanyi,C,0.0
A,A_0003,STEP1,harsanyi,D,0.11720776557922363
A,A_0003,STEP1,harsanyi,AB,-0.125
A,A_0003,STEP1,harsanyi,AC,0.11720776557922363
A,A_0003,STEP1,harsanyi,AD,0.0
A,A_0003,STEP1,harsanyi,BC,0.10947573184967041
A,A_0003,STEP1,harsanyi,BD,-0.06054818630218506
A,A_0003,STEP1,harsanyi,CD,0.0
A,A_0003,STEP1,harsanyi,ABC,-0.04502391815185547
A,A_0003,STEP1,harsanyi,ABD,0.17781615257263184
A,A_0003,STEP1,harsanyi,ACD,-0.0643916130065918
A,A_0003,STEP1,harsanyi,BCD,0.03776302933692932
A,A_0003,STEP1,harsanyi,ABCD,-0.1550309956073761
A,A_0003,STEP1,LOO,A,-0.0944226086139679
A,A_0003,STEP1,LOO,B,0.0
A,A_0003,STEP1,LOO,C,0.0
A,A_0003,STEP1,LOO,D,0.052816152572631836
A,A_0003,STEP2,harsanyi,A,-0.08720597624778748
A,A_0003,STEP2,harsanyi,B,-0.18906840682029724
A,A_0003,STEP2,harsanyi,C,0.03842642903327942
A,A_0003,STEP2,harsanyi,D,0.03842642903327942
A,A_0003,STEP2,harsanyi,AB,-0.030001789331436157
A,A_0003,STEP2,harsanyi,AC,0.15450045466423035
A,A_0003,STEP2,harsanyi,AD,-0.03842642903327942
A,A_0003,STEP2,harsanyi,BC,0.15064197778701782
A,A_0003,STEP2,harsanyi,BD,0.06343600153923035
A,A_0003,STEP2,harsanyi,CD,-0.0032435953617095947
A,A_0003,STEP2,harsanyi,ABC,-0.07912233471870422
A,A_0003,STEP2,harsanyi,ABD,-0.1278878152370453
A,A_0003,STEP2,harsanyi,ACD,0.05898107588291168
A,A_0003,STEP2,harsanyi,BCD,-0.09861883521080017
A,A_0003,STEP2,harsanyi,ABCD,0.18758924305438995
A,A_0003,STEP2,LOO,A,0.03842642903327942
A,A_0003,STEP2,LOO,B,-0.12303195893764496
A,A_0003,STEP2,LOO,C,0.40915441513061523
A,A_0003,STEP2,LOO,D,0.08025607466697693
A,A_0003,FINAL,harsanyi,A,0.0
A,A_0003,FINAL,harsanyi,B,0.06834042072296143
A,A_0003,FINAL,harsanyi,C,-0.07218384742736816
A,A_0003,FINAL,harsanyi,D,-0.07218384742736816
A,A_0003,FINAL,harsanyi,AB,0.125
A,A_0003,FINAL,harsanyi,AC,0.07218384742736816
A,A_0003,FINAL,harsanyi,AD,0.0
A,A_0003,FINAL,harsanyi,BC,0.07218384742736816
A,A_0003,FINAL,harsanyi,BD,0.0038434267044067383
A,A_0003,FINAL,harsanyi,CD,0.07218384742736816
A,A_0003,FINAL,harsanyi,ABC,-0.13273203372955322
A,A_0003,FINAL,harsanyi,ABD,-0.19718384742736816
A,A_0003,FINAL,harsanyi,ACD,-0.14813756942749023
A,A_0003,FINAL,harsanyi,BCD,-0.2203214168548584
A,A_0003,FINAL,harsanyi,ABCD,0.3568233251571655
A,A_0003,FINAL,LOO,A,0.07595372200012207
A,A_0003,FINAL,LOO,B,0.07595372200012207
A,A_0003,FINAL,LOO,C,0.0
A,A_0003,FINAL,LOO,D,-0.20497608184814453
A,A_0004,STEP1,harsanyi,A,-0.06445181369781494
A,A_0004,STEP1,harsanyi,B,-0.06445181369781494
A,A_0004,STEP1,harsanyi,C,0.0
A,A_0004,STEP1,harsanyi,D,-0.13279223442077637
A,A_0004,STEP1,harsanyi,AB,0.12890362739562988
A,A_0004,STEP1,harsanyi,AC,0.0
A,A_0004,STEP1,harsanyi,AD,0.06445181369781494
A,A_0004,STEP1,harsanyi,BC,-0.1405242681503296
A,A_0004,STEP1,harsanyi,BD,0.06445181369781494
A,A_0004,STEP1,harsanyi,CD,0.0
A,A_0004,STEP1,harsanyi,ABC,0.007732033729553223
A,A_0004,STEP1,harsanyi,ABD,-0.2770411968231201
A,A_0004,STEP1,harsanyi,ACD,-0.14813756942749023
A,A_0004,STEP1,harsanyi,BCD,-0.08723700046539307
A,A_0004,STEP1,harsanyi,ABCD,0.36816680431365967
A,A_0004,STEP1,LOO,A,0.07962369918823242
A,A_0004,STEP1,LOO,B,0.0
A,A_0004,STEP1,LOO,C,0.0
A,A_0004,STEP1,LOO,D,-0.14813756942749023
A,A_0004,STEP2,harsanyi,A,-0.04182964563369751
A,A_0004,STEP2,harsanyi,B,-0.18906840682029724
A,A_0004,STEP2,harsanyi,C,0.03842642903327942
A,A_0004,STEP2,harsanyi,D,0.03842642903327942
A,A_0004,STEP2,harsanyi,AB,-0.014829933643341064
A,A_0004,STEP2,harsanyi,AC,0.07701247930526733
A,A_0004,STEP2,harsanyi,AD,-0.08380275964736938
A,A_0004,STEP2,harsanyi,BC,0.15064197778701782
A,A_0004,STEP2,harsanyi,BD,0.06343600153923035
A,A_0004,STEP2,harsanyi,CD,-0.0032435953617095947
A,A_0004,STEP2,harsanyi,ABC,-0.10755887627601624
A,A_0004,STEP2,harsanyi,ABD,-0.14305967092514038
A,A_0004,STEP2,harsanyi,ACD,0.04861992597579956
A,A_0004,STEP2,harsanyi,BCD,-0.09861883521080017
A,A_0004,STEP2,harsanyi,ABCD,0.22361883521080017
A,A_0004,STEP2,LOO,A,-0.04182964563369751
A,A_0004,STEP2,LOO,B,-0.11543890833854675
A,A_0004,STEP2,LOO,C,0.3288983404636383
A,A_0004,STEP2,LOO,D,0.045376330614089966
A,A_0004,FINAL,harsanyi,A,0.0
A,A_0004,FINAL,harsanyi,B,-0.056659579277038574
A,A_0004,FINAL,harsanyi,C,0.052816152572631836
A,A_0004,FINAL,harsanyi,D,0.052816152572631836
A,A_0004,FINAL,harsanyi,AB,-0.06054818630218506
A,A_0004,FINAL,harsanyi,AC,-0.10947573184967041
A,A_0004,FINAL,harsanyi,AD,0.0
A,A_0004,FINAL,harsanyi,BC,-0.052816152572631836
A,A_0004,FINAL,harsanyi,BD,0.0038434267044067383
A,A_0004,FINAL,harsanyi,CD,-0.052816152572631836
A,A_0004,FINAL,harsanyi,ABC,0.17002391815185547
A,A_0004,FINAL,harsanyi,ABD,0.06054818630218506
A,A_0004,FINAL,harsanyi,ACD,0.15852200984954834
A,A_0004,FINAL,harsanyi,BCD,0.1546785831451416
A,A_0004,FINAL,harsanyi,ABCD,-0.26811647415161133
A,A_0004,FINAL,LOO,A,-0.04904627799987793
A,A_0004,FINAL,LOO,B,-0.04904627799987793
A,A_0004,FINAL,LOO,C,0.052816152572631836
A,A_0004,FINAL,LOO,D,0.10947573184967041
A,A_0005,STEP1,harsanyi,A,0.06054818630218506
A,A_0005,STEP1,harsanyi,B,0.0
A,A_0005,STEP1,harsanyi,C,0.0
A,A_0005,STEP1,harsanyi,D,0.11720776557922363
A,A_0005,STEP1,harsanyi,AB,0.0
A,A_0005,STEP1,harsanyi,AC,0.0
A,A_0005,STEP1,harsanyi,AD,-0.06054818630218506
A,A_0005,STEP1,harsanyi,BC,0.06054818630218506
A,A_0005,STEP1,harsanyi,BD,0.052816152572631836
A,A_0005,STEP1,harsanyi,CD,0.0
A,A_0005,STEP1,harsanyi,ABC,0.04892754554748535
A,A_0005,STEP1,harsanyi,ABD,0.04904627799987793
A,A_0005,STEP1,harsanyi,ACD,0.10186243057250977
A,A_0005,STEP1,harsanyi,BCD,-0.011501908302307129
A,A_0005,STEP1,harsanyi,ABCD,-0.19983625411987305
A,A_0005,STEP1,LOO,A,0.0
A,A_0005,STEP1,LOO,B,0.0
A,A_0005,STEP1,LOO,C,0.0
A,A_0005,STEP1,LOO,D,0.04904627799987793
A,A_0005,STEP2,harsanyi,A,-0.04182964563369751
A,A_0005,STEP2,harsanyi,B,-0.1362522542476654
A,A_0005,STEP2,harsanyi,C,0.03842642903327942
A,A_0005,STEP2,harsanyi,D,0.03842642903327942
A,A_0005,STEP2,harsanyi,AB,-0.12819427251815796
A,A_0005,STEP2,harsanyi,AC,0.07701247930526733
A,A_0005,STEP2,harsanyi,AD,-0.08380275964736938
A,A_0005,STEP2,harsanyi,BC,0.09782582521438599
A,A_0005,STEP2,harsanyi,BD,-0.03842642903327942
A,A_0005,STEP2,harsanyi,CD,-0.0032435953617095947
A,A_0005,STEP2,harsanyi,ABC,0.051181793212890625
A,A_0005,STEP2,harsanyi,ABD,0.019350945949554443
A,A_0005,STEP2,harsanyi,ACD,0.04861992597579956
A,A_0005,STEP2,harsanyi,BCD,0.041670024394989014
A,A_0005,STEP2,harsanyi,ABCD,0.01923510432243347
A,A_0005,STEP2,LOO,A,-0.03842642903327942
A,A_0005,STEP2,LOO,B,-0.07360926270484924
A,A_0005,STEP2,LOO,C,0.3707279860973358
A,A_0005,STEP2,LOO,D,0.04182964563369751
A,A_0005,FINAL,harsanyi,A,0.0
A,A_0005,FINAL,harsanyi,B,0.06834042072296143
A,A_0005,FINAL,harsanyi,C,-0.07218384742736816
A,A_0005,FINAL,harsanyi,D,-0.07218384742736816
A,A_0005,FINAL,harsanyi,AB,0.06445181369781494
A,A_0005,FINAL,harsanyi,AC,0.1405242681503296
A,A_0005,FINAL,harsanyi,AD,0.0
A,A_0005,FINAL,harsanyi,BC,0.07218384742736816
A,A_0005,FINAL,harsanyi,BD,-0.06834042072296143
A,A_0005,FINAL,harsanyi,CD,0.07218384742736816
A,A_0005,FINAL,harsanyi,ABC,-0.20497608184814453
A,A_0005,FINAL,harsanyi,ABD,-0.06445181369781494
A,A_0005,FINAL,harsanyi,ACD,-0.21647799015045166
A,A_0005,FINAL,harsanyi,BCD,-0.07218384742736816
A,A_0005,FINAL,harsanyi,ABCD,0.2809298038482666
A,A_0005,FINAL,LOO,A,0.0
A,A_0005,FINAL,LOO,B,0.07595372200012207
A,A_0005,FINAL,LOO,C,0.0
A,A_0005,FINAL,LOO,D,-0.1405242681503296
A,A_0006,STEP1,harsanyi,A,-0.06445181369781494
A,A_0006,STEP1,harsanyi,B,-0.06445181369781494
A,A_0006,STEP1,harsanyi,C,0.0
A,A_0006,STEP1,harsanyi,D,-0.13279223442077637
A,A_0006,STEP1,harsanyi,AB,0.12890362739562988
A,A_0006,STEP1,harsanyi,AC,-0.1405242681503296
A,A_0006,STEP1,harsanyi,AD,0.06445181369781494
A,A_0006,STEP1,harsanyi,BC,-0.1405242681503296
A,A_0006,STEP1,harsanyi,BD,0.06445181369781494
A,A_0006,STEP1,harsanyi,CD,0.0
A,A_0006,STEP1,harsanyi,ABC,0.07607245445251465
A,A_0006,STEP1,harsanyi,ABD,-0.2770411968231201
A,A_0006,STEP1,harsanyi,ACD,-0.08723700046539307
A,A_0006,STEP1,harsanyi,BCD,-0.0076133012771606445
A,A_0006,STEP1,harsanyi,ABCD,0.29982638359069824
A,A_0006,STEP1,LOO,A,0.0
A,A_0006,STEP1,LOO,B,0.07962369918823242
A,A_0006,STEP1,LOO,C,0.0
A,A_0006,STEP1,LOO,D,-0.07595372200012207
A,A_0006,STEP2,harsanyi,A,0.08317029476165771
A,A_0006,STEP2,harsanyi,B,0.31093156337738037
A,A_0006,STEP2,harsanyi,C,0.2387477159500122
A,A_0006,STEP2,harsanyi,D,-0.08657360076904297
A,A_0006,STEP2,harsanyi,AB,-0.014829874038696289
A,A_0006,STEP2,harsanyi,AC,-0.01098644733428955
A,A_0006,STEP2,harsanyi,AD,0.1661972999572754
A,A_0006,STEP2,harsanyi,BC,-0.17040729522705078
A,A_0006,STEP2,harsanyi,BD,-0.061563968658447266
A,A_0006,STEP2,harsanyi,CD,0.15875744819641113
A,A_0006,STEP2,harsanyi,ABC,0.17712175846099854
A,A_0006,STEP2,harsanyi,ABD,0.10694026947021484
A,A_0006,STEP2,harsanyi,ACD,-0.23838114738464355
A,A_0006,STEP2,harsanyi,BCD,-0.07896029949188232
A,A_0006,STEP2,harsanyi,ABCD,-0.07589173316955566
A,A_0006,STEP2,LOO,A,0.19334042072296143
A,A_0006,STEP2,LOO,B,0.19334042072296143
A,A_0006,STEP2,LOO,C,0.0
A,A_0006,STEP2,LOO,D,-0.10947573184967041
A,A_0006,FINAL,harsanyi,A,0.0
A,A_0006,FINAL,harsanyi,B,0.06834042072296143
A,A_0006,FINAL,harsanyi,C,0.0
A,A_0006,FINAL,harsanyi,D,-0.07218384742736816
A,A_0006,FINAL,harsanyi,AB,0.06445181369781494
A,A_0006,FINAL,harsanyi,AC,0.0
A,A_0006,FINAL,harsanyi,AD,0.0
A,A_0006,FINAL,harsanyi,BC,0.0
A,A_0006,FINAL,harsanyi,BD,0.0038434267044067383
A,A_0006,FINAL,harsanyi,CD,0.07218384742736816
A,A_0006,FINAL,harsanyi,ABC,0.0
A,A_0006,FINAL,harsanyi,ABD,-0.06445181369781494
A,A_0006,FINAL,harsanyi,ACD,-0.07218384742736816
A,A_0006,FINAL,harsanyi,BCD,-0.14436769485473633
A,A_0006,FINAL,harsanyi,ABCD,0.07218384742736816
A,A_0006,FINAL,LOO,A,0.0
A,A_0006,FINAL,LOO,B,0.0
A,A_0006,FINAL,LOO,C,-0.07218384742736816
A,A_0006,FINAL,LOO,D,-0.20497608184814453
A,A_0007,STEP1,harsanyi,A,0.06054818630218506
A,A_0007,STEP1,harsanyi,B,0.0
A,A_0007,STEP1,harsanyi,C,0.0
A,A_0007,STEP1,harsanyi,D,0.11720776557922363
A,A_0007,STEP1,harsanyi,AB,0.0
A,A_0007,STEP1,harsanyi,AC,0.10947573184967041
A,A_0007,STEP1,harsanyi,AD,-0.06054818630218506
A,A_0007,STEP1,harsanyi,BC,0.11720776557922363
A,A_0007,STEP1,harsanyi,BD,0.052816152572631836
A,A_0007,STEP1,harsanyi,CD,0.0
A,A_0007,STEP1,harsanyi,ABC,-0.0681614875793457
A,A_0007,STEP1,harsanyi,ABD,0.04904627799987793
A,A_0007,STEP1,harsanyi,ACD,0.03776302933692932
A,A_0007,STEP1,harsanyi,BCD,-0.11720776557922363
A,A_0007,STEP1,harsanyi,ABCD,-0.07907727360725403
A,A_0007,STEP1,LOO,A,0.04904627799987793
A,A_0007,STEP1,LOO,B,-0.045376330614089966
A,A_0007,STEP1,LOO,C,0.0
A,A_0007,STEP1,LOO,D,0.0
A,A_0007,STEP2,harsanyi,A,0.08317029476165771
A,A_0007,STEP2,harsanyi,B,0.2387477159500122
A,A_0007,STEP2,harsanyi,C,0.2387477159500122
A,A_0007,STEP2,harsanyi,D,-0.08657360076904297
A,A_0007,STEP2,harsanyi,AB,0.12180578708648682
A,A_0007,STEP2,harsanyi,AC,-0.01098644733428955
A,A_0007,STEP2,harsanyi,AD,0.1661972999572754
A,A_0007,STEP2,harsanyi,BC,-0.16656386852264404
A,A_0007,STEP2,harsanyi,BD,0.08657360076904297
A,A_0007,STEP2,harsanyi,CD,0.15875744819641113
A,A_0007,STEP2,harsanyi,ABC,0.05601036548614502
A,A_0007,STEP2,harsanyi,ABD,-0.10564911365509033
A,A_0007,STEP2,harsanyi,ACD,-0.23838114738464355
A,A_0007,STEP2,harsanyi,BCD,-0.15875744819641113
A,A_0007,STEP2,harsanyi,ABCD,0.1778329610824585
A,A_0007,STEP2,LOO,A,0.25
A,A_0007,STEP2,LOO,B,0.25
A,A_0007,STEP2,LOO,C,0.056659579277038574
A,A_0007,STEP2,LOO,D,0.0
A,A_0007,FINAL,harsanyi,A,0.0
A,A_0007,FINAL,harsanyi,B,-0.056659579277038574
A,A_0007,FINAL,harsanyi,C,0.0
A,A_0007,FINAL,harsanyi,D,0.052816152572631836
A,A_0007,FINAL,harsanyi,AB,-0.06054818630218506
A,A_0007,FINAL,harsanyi,AC,0.0
A,A_0007,FINAL,harsanyi,AD,0.0
A,A_0007,FINAL,harsanyi,BC,0.0
A,A_0007,FINAL,harsanyi,BD,0.056659579277038574
A,A_0007,FINAL,harsanyi,CD,-0.052816152572631836
A,A_0007,FINAL,harsanyi,ABC,0.0
A,A_0007,FINAL,harsanyi,ABD,0.06054818630218506
A,A_0007,FINAL,harsanyi,ACD,0.052816152572631836
A,A_0007,FINAL,harsanyi,BCD,0.052816152572631836
A,A_0007,FINAL,harsanyi,ABCD,-0.052816152572631836
A,A_0007,FINAL,LOO,A,0.0
A,A_0007,FINAL,LOO,B,0.0
A,A_0007,FINAL,LOO,C,0.0
A,A_0007,FINAL,LOO,D,0.17002391815185547
A,A_0008,STEP1,harsanyi,A,0.0
A,A_0008,STEP1,harsanyi,B,0.0
A,A_0008,STEP1,harsanyi,C,0.0
A,A_0008,STEP1,harsanyi,D,-0.2809298038482666
A,A_0008,STEP1,harsanyi,AB,0.0
A,A_0008,STEP1,harsanyi,AC,-0.13279223442077637
A,A_0008,STEP1,harsanyi,AD,0.14813756942749023
A,A_0008,STEP1,harsanyi,BC,-0.13279223442077637
A,A_0008,STEP1,harsanyi,BD,0.14813756942749023
A,A_0008,STEP1,harsanyi,CD,0.21647799015045166
A,A_0008,STEP1,harsanyi,ABC,0.0606083869934082
A,A_0008,STEP1,harsanyi,ABD,-0.14813756942749023
A,A_0008,STEP1,harsanyi,ACD,-0.15586960315704346
A,A_0008,STEP1,harsanyi,BCD,-0.15586960315704346
A,A_0008,STEP1,harsanyi,ABCD,0.15209972858428955
A,A_0008,STEP1,LOO,A,-0.07595372200012207
A,A_0008,STEP1,LOO,B,-0.07595372200012207
A,A_0008,STEP1,LOO,C,-0.14813756942749023
A,A_0008,STEP1,LOO,D,-0.07595372200012207
A,A_0008,STEP2,harsanyi,A,-0.08720597624778748
A,A_0008,STEP2,harsanyi,B,-0.1362522542476654
A,A_0008,STEP2,harsanyi,C,-0.1362522542476654
A,A_0008,STEP2,harsanyi,D,0.134941965341568
A,A_0008,STEP2,harsanyi,AB,-0.022269755601882935
A,A_0008,STEP2,harsanyi,AC,0.08720597624778748
A,A_0008,STEP2,harsanyi,AD,-0.134941965341568
A,A_0008,STEP2,harsanyi,BC,0.08343610167503357
A,A_0008,STEP2,harsanyi,BD,-0.134941965341568
A,A_0008,STEP2,harsanyi,CD,-0.18775811791419983
A,A_0008,STEP2,harsanyi,ABC,-0.15938982367515564
A,A_0008,STEP2,harsanyi,ABD,0.009941965341567993
A,A_0008,STEP2,harsanyi,ACD,0.07828238606452942
A,A_0008,STEP2,harsanyi,BCD,0.18775811791419983
A,A_0008,STEP2,harsanyi,ABCD,0.11116942763328552
A,A_0008,STEP2,LOO,A,-0.11720776557922363
A,A_0008,STEP2,LOO,B,-0.06054818630218506
A,A_0008,STEP2,LOO,C,0.06445181369781494
A,A_0008,STEP2,LOO,D,0.06445181369781494
A,A_0008,FINAL,harsanyi,A,0.0
A,A_0008,FINAL,harsanyi,B,-0.056659579277038574
A,A_0008,FINAL,harsanyi,C,0.0
A,A_0008,FINAL,harsanyi,D,0.14723876118659973
A,A_0008,FINAL,harsanyi,AB,-0.06054818630218506
A,A_0008,FINAL,harsanyi,AC,-0.056659579277038574
A,A_0008,FINAL,harsanyi,AD,-0.045376330614089966
A,A_0008,FINAL,harsanyi,BC,0.0
A,A_0008,FINAL,harsanyi,BD,-0.09057918190956116
A,A_0008,FINAL,harsanyi,CD,-0.0944226086139679
A,A_0008,FINAL,harsanyi,ABC,0.056659579277038574
A,A_0008,FINAL,harsanyi,ABD,0.15874066948890686
A,A_0008,FINAL,harsanyi,ACD,0.10203590989112854
A,A_0008,FINAL,harsanyi,BCD,0.14723876118659973
A,A_0008,FINAL,harsanyi,ABCD,-0.15485206246376038
A,A_0008,FINAL,LOO,A,0.0
A,A_0008,FINAL,LOO,B,0.0
A,A_0008,FINAL,LOO,C,0.0
A,A_0008,FINAL,LOO,D,0.17002391815185547
A,A_0009,STEP1,harsanyi,A,0.0
A,A_0009,STEP1,harsanyi,B,0.0
A,A_0009,STEP1,harsanyi,C,0.0
A,A_0009,STEP1,harsanyi,D,-0.13279223442077637
A,A_0009,STEP1,harsanyi,AB,0.0
A,A_0009,STEP1,harsanyi,AC,-0.13279223442077637
A,A_0009,STEP1,harsanyi,AD,0.0
A,A_0009,STEP1,harsanyi,BC,-0.06445181369781494
A,A_0009,STEP1,harsanyi,BD,-0.07218384742736816
A,A_0009,STEP1,harsanyi,CD,0.0
A,A_0009,STEP1,harsanyi,ABC,0.06445181369781494
A,A_0009,STEP1,harsanyi,ABD,0.07218384742736816
A,A_0009,STEP1,harsanyi,ACD,0.0606083869934082
A,A_0009,STEP1,harsanyi,BCD,-0.011501908302307129
A,A_0009,STEP1,harsanyi,ABCD,-0.06445181369781494
A,A_0009,STEP1,LOO,A,0.0
A,A_0009,STEP1,LOO,B,-0.07595372200012207
A,A_0009,STEP1,LOO,C,-0.14813756942749023
A,A_0009,STEP1,LOO,D,-0.14813756942749023
A,A_0009,STEP2,harsanyi,A,-0.08720597624778748
A,A_0009,STEP2,harsanyi,B,-0.1362522542476654
A,A_0009,STEP2,harsanyi,C,0.03842642903327942
A,A_0009,STEP2,harsanyi,D,0.03842642903327942
A,A_0009,STEP2,harsanyi,AB,-0.022269755601882935
A,A_0009,STEP2,harsanyi,AC,0.15450045466423035
A,A_0009,STEP2,harsanyi,AD,-0.03842642903327942
A,A_0009,STEP2,harsanyi,BC,0.09782582521438599
A,A_0009,STEP2,harsanyi,BD,-0.03842642903327942
A,A_0009,STEP2,harsanyi,CD,-0.0032435953617095947
A,A_0009,STEP2,harsanyi,ABC,-0.045024722814559937
A,A_0009,STEP2,harsanyi,ABD,-0.08657357096672058
A,A_0009,STEP2,harsanyi,ACD,0.05898107588291168
A,A_0009,STEP2,harsanyi,BCD,0.041670024394989014
A,A_0009,STEP2,harsanyi,ABCD,0.06601892411708832
A,A_0009,STEP2,LOO,A,0.0
A,A_0009,STEP2,LOO,B,-0.12303195893764496
A,A_0009,STEP2,LOO,C,0.40915441513061523
A,A_0009,STEP2,LOO,D,0.03842642903327942
A,A_0009,FINAL,harsanyi,A,0.0
A,A_0009,FINAL,harsanyi,B,-0.056659579277038574
A,A_0009,FINAL,harsanyi,C,0.052816152572631836
A,A_0009,FINAL,harsanyi,D,0.052816152572631836
A,A_0009,FINAL,harsanyi,AB,-0.06054818630218506
A,A_0009,FINAL,harsanyi,AC,-0.052816152572631836
A,A_0009,FINAL,harsanyi,AD,0.0
A,A_0009,FINAL,harsanyi,BC,-0.052816152572631836
A,A_0009,FINAL,harsanyi,BD,0.056659579277038574
A,A_0009,FINAL,harsanyi,CD,-0.052816152572631836
A,A_0009,FINAL,harsanyi,ABC,0.1133643388748169
A,A_0009,FINAL,harsanyi,ABD,0.06054818630218506
A,A_0009,FINAL,harsanyi,ACD,0.10186243057250977
A,A_0009,FINAL,harsanyi,BCD,0.052816152572631836
A,A_0009,FINAL,harsanyi,ABCD,-0.1133643388748169
A,A_0009,FINAL,LOO,A,0.04904627799987793
A,A_0009,FINAL,LOO,B,0.0
A,A_0009,FINAL,LOO,C,0.04904627799987793
A,A_0009,FINAL,LOO,D,0.15852200984954834
A,A_0010,STEP1,harsanyi,A,-0.06445181369781494
A,A_0010,STEP1,harsanyi,B,-0.06445181369781494
A,A_0010,STEP1,harsanyi,C,0.0
A,A_0010,STEP1,harsanyi,D,-0.2809298038482666
A,A_0010,STEP1,harsanyi,AB,0.12890362739562988
A,A_0010,STEP1,harsanyi,AC,-0.1405242681503296
A,A_0010,STEP1,harsanyi,AD,0.2809298038482666
A,A_0010,STEP1,harsanyi,BC,-0.1405242681503296
A,A_0010,STEP1,harsanyi,BD,0.21258938312530518
A,A_0010,STEP1,harsanyi,CD,0.21647799015045166
A,A_0010,STEP1,harsanyi,ABC,0.07607245445251465
A,A_0010,STEP1,harsanyi,ABD,-0.34538161754608154
A,A_0010,STEP1,harsanyi,ACD,-0.29243171215057373
A,A_0010,STEP1,harsanyi,BCD,-0.2240912914276123
A,A_0010,STEP1,harsanyi,ABCD,0.35688352584838867
A,A_0010,STEP1,LOO,A,0.0
A,A_0010,STEP1,LOO,B,0.0
A,A_0010,STEP1,LOO,C,-0.14813756942749023
A,A_0010,STEP1,LOO,D,-0.07595372200012207
A,A_0010,STEP2,harsanyi,A,-0.04182964563369751
A,A_0010,STEP2,harsanyi,B,-0.18906840682029724
A,A_0010,STEP2,harsanyi,C,-0.1362522542476654
A,A_0010,STEP2,harsanyi,D,0.134941965341568
A,A_0010,STEP2,harsanyi,AB,-0.014829933643341064
A,A_0010,STEP2,harsanyi,AC,-0.010986506938934326
A,A_0010,STEP2,harsanyi,AD,-0.2821807265281677
A,A_0010,STEP2,harsanyi,BC,0.07959267497062683
A,A_0010,STEP2,harsanyi,BD,-0.08212581276893616
A,A_0010,STEP2,harsanyi,CD,-0.18775811791419983
A,A_0010,STEP2,harsanyi,ABC,-0.1978781819343567
A,A_0010,STEP2,harsanyi,ABD,0.10436457395553589
A,A_0010,STEP2,harsanyi,ACD,0.278337299823761
A,A_0010,STEP2,harsanyi,BCD,0.19160154461860657
A,A_0010,STEP2,harsanyi,ABCD,-0.08499687910079956
A,A_0010,STEP2,LOO,A,-0.25
A,A_0010,STEP2,LOO,B,-0.19334042072296143
A,A_0010,STEP2,LOO,C,-0.06834042072296143
A,A_0010,STEP2,LOO,D,0.07218384742736816
A,A_0010,FINAL,harsanyi,A,0.0
A,A_0010,FINAL,harsanyi,B,-0.056659579277038574
A,A_0010,FINAL,harsanyi,C,0.0
A,A_0010,FINAL,harsanyi,D,0.14723876118659973
A,A_0010,FINAL,harsanyi,AB,-0.06054818630218506
A,A_0010,FINAL,harsanyi,AC,0.0
A,A_0010,FINAL,harsanyi,AD,-0.045376330614089966
A,A_0010,FINAL,harsanyi,BC,0.0
A,A_0010,FINAL,harsanyi,BD,-0.09057918190956116
A,A_0010,FINAL,harsanyi,CD,-0.0944226086139679
A,A_0010,FINAL,harsanyi,ABC,0.0
A,A_0010,FINAL,harsanyi,ABD,0.15874066948890686
A,A_0010,FINAL,harsanyi,ACD,0.045376330614089966
A,A_0010,FINAL,harsanyi,BCD,0.14723876118659973
A,A_0010,FINAL,harsanyi,ABCD,-0.15100863575935364
A,A_0010,FINAL,LOO,A,-0.052816152572631836
A,A_0010,FINAL,LOO,B,-0.052816152572631836
A,A_0010,FINAL,LOO,C,-0.052816152572631836
A,A_0010,FINAL,LOO,D,0.11720776557922363
A,A_0011,STEP1,harsanyi,A,-0.06445181369781494
A,A_0011,STEP1,harsanyi,B,-0.06445181369781494
A,A_0011,STEP1,harsanyi,C,0.0
A,A_0011,STEP1,harsanyi,D,-0.2809298038482666
A,A_0011,STEP1,harsanyi,AB,0.12890362739562988
A,A_0011,STEP1,harsanyi,AC,0.0
A,A_0011,STEP1,harsanyi,AD,0.2809298038482666
A,A_0011,STEP1,harsanyi,BC,-0.1405242681503296
A,A_0011,STEP1,harsanyi,BD,0.21258938312530518
A,A_0011,STEP1,harsanyi,CD,0.14813756942749023
A,A_0011,STEP1,harsanyi,ABC,0.007732033729553223
A,A_0011,STEP1,harsanyi,ABD,-0.34538161754608154
A,A_0011,STEP1,harsanyi,ACD,-0.21647799015045166
A,A_0011,STEP1,harsanyi,BCD,-0.2353745698928833
A,A_0011,STEP1,harsanyi,ABCD,0.28836965560913086
A,A_0011,STEP1,LOO,A,0.07962369918823242
A,A_0011,STEP1,LOO,B,-0.14813756942749023
A,A_0011,STEP1,LOO,C,-0.14813756942749023
A,A_0011,STEP1,LOO,D,-0.14813756942749023
A,A_0011,STEP2,harsanyi,A,0.08317029476165771
A,A_0011,STEP2,harsanyi,B,0.31093156337738037
A,A_0011,STEP2,harsanyi,C,-0.08657360076904297
A,A_0011,STEP2,harsanyi,D,-0.3650580644607544
A,A_0011,STEP2,harsanyi,AB,-0.014829874038696289
A,A_0011,STEP2,harsanyi,AC,-0.1729874610900879
A,A_0011,STEP2,harsanyi,AD,0.592819333076477
A,A_0011,STEP2,harsanyi,BC,-0.22435808181762695
A,A_0011,STEP2,harsanyi,BD,0.29287421703338623
A,A_0011,STEP2,harsanyi,CD,0.18235254287719727
A,A_0011,STEP2,harsanyi,ABC,0.26744115352630615
A,A_0011,STEP2,harsanyi,ABD,-0.3956354856491089
A,A_0011,STEP2,harsanyi,ACD,-0.5987811088562012
A,A_0011,STEP2,harsanyi,BCD,-0.11016857624053955
A,A_0011,STEP2,harsanyi,ABCD,0.23880314826965332
A,A_0011,STEP2,LOO,A,0.0
A,A_0011,STEP2,LOO,B,0.3650580644607544
A,A_0011,STEP2,LOO,C,-0.5042719841003418
A,A_0011,STEP2,LOO,D,-0.16279399394989014
A,A_0011,FINAL,harsanyi,A,0.0
A,A_0011,FINAL,harsanyi,B,0.06834042072296143
A,A_0011,FINAL,harsanyi,C,-0.07218384742736816
A,A_0011,FINAL,harsanyi,D,-0.2277611494064331
A,A_0011,FINAL,harsanyi,AB,0.06445181369781494
A,A_0011,FINAL,harsanyi,AC,0.1405242681503296
A,A_0011,FINAL,harsanyi,AD,0.07962357997894287
A,A_0011,FINAL,harsanyi,BC,0.07218384742736816
A,A_0011,FINAL,harsanyi,BD,0.15942072868347168
A,A_0011,FINAL,harsanyi,CD,0.2277611494064331
A,A_0011,FINAL,harsanyi,ABC,-0.20497608184814453
A,A_0011,FINAL,harsanyi,ABD,-0.21625924110412598
A,A_0011,FINAL,harsanyi,ACD,-0.22014784812927246
A,A_0011,FINAL,harsanyi,BCD,-0.2277611494064331
A,A_0011,FINAL,harsanyi,ABCD,0.20864593982696533
A,A_0011,FINAL,LOO,A,-0.14813756942749023
A,A_0011,FINAL,LOO,B,-0.07595372200012207
A,A_0011,FINAL,LOO,C,-0.07595372200012207
A,A_0011,FINAL,LOO,D,-0.21647799015045166
A,A_0012,STEP1,harsanyi,A,0.0
A,A_0012,STEP1,harsanyi,B,0.06054818630218506
A,A_0012,STEP1,harsanyi,C,0.0
A,A_0012,STEP1,harsanyi,D,0.11720776557922363
A,A_0012,STEP1,harsanyi,AB,-0.125
A,A_0012,STEP1,harsanyi,AC,0.11720776557922363
A,A_0012,STEP1,harsanyi,AD,0.0
A,A_0012,STEP1,harsanyi,BC,0.10947573184967041
A,A_0012,STEP1,harsanyi,BD,-0.06054818630218506
A,A_0012,STEP1,harsanyi,CD,0.0
A,A_0012,STEP1,harsanyi,ABC,0.007792234420776367
A,A_0012,STEP1,harsanyi,ABD,0.17781615257263184
A,A_0012,STEP1,harsanyi,ACD,-0.015345335006713867
A,A_0012,STEP1,harsanyi,BCD,-0.0076133012771606445
A,A_0012,STEP1,harsanyi,ABCD,-0.2115170955657959
A,A_0012,STEP1,LOO,A,-0.04904627799987793
A,A_0012,STEP1,LOO,B,-0.04904627799987793
A,A_0012,STEP1,LOO,C,0.0
A,A_0012,STEP1,LOO,D,0.0
A,A_0012,STEP2,harsanyi,A,0.16279399394989014
A,A_0012,STEP2,harsanyi,B,0.31093156337738037
A,A_0012,STEP2,harsanyi,C,0.2387477159500122
A,A_0012,STEP2,harsanyi,D,-0.08657360076904297
A,A_0012,STEP2,harsanyi,AB,-0.03000175952911377
A,A_0012,STEP2,harsanyi,AC,-0.16279399394989014
A,A_0012,STEP2,harsanyi,AD,0.08657360076904297
A,A_0012,STEP2,harsanyi,BC,-0.17040729522705078
A,A_0012,STEP2,harsanyi,BD,-0.061563968658447266
A,A_0012,STEP2,harsanyi,CD,0.15875744819641113
A,A_0012,STEP2,harsanyi,ABC,0.21166133880615234
A,A_0012,STEP2,harsanyi,ABD,0.12211215496063232
A,A_0012,STEP2,harsanyi,ACD,-0.08657360076904297
A,A_0012,STEP2,harsanyi,BCD,-0.07896029949188232
A,A_0012,STEP2,harsanyi,ABCD,-0.11043131351470947
A,A_0012,STEP2,LOO,A,0.19334042072296143
A,A_0012,STEP2,LOO,B,0.19334042072296143
A,A_0012,STEP2,LOO,C,0.0
A,A_0012,STEP2,LOO,D,-0.056659579277038574
A,A_0012,FINAL,harsanyi,A,0.0
A,A_0012,FINAL,harsanyi,B,-0.056659579277038574
A,A_0012,FINAL,harsanyi,C,0.0
A,A_0012,FINAL,harsanyi,D,0.052816152572631836
A,A_0012,FINAL,harsanyi,AB,-0.125
A,A_0012,FINAL,harsanyi,AC,-0.056659579277038574
A,A_0012,FINAL,harsanyi,AD,0.0
A,A_0012,FINAL,harsanyi,BC,0.0
A,A_0012,FINAL,harsanyi,BD,0.0038434267044067383
A,A_0012,FINAL,harsanyi,CD,-0.052816152572631836
A,A_0012,FINAL,harsanyi,ABC,0.12111139297485352
A,A_0012,FINAL,harsanyi,ABD,0.17781615257263184
A,A_0012,FINAL,harsanyi,ACD,0.15852200984954834
A,A_0012,FINAL,harsanyi,BCD,0.10563230514526367
A,A_0012,FINAL,harsanyi,ABCD,-0.2757899761199951
A,A_0012,FINAL,LOO,A,0.0
A,A_0012,FINAL,LOO,B,-0.04904627799987793
A,A_0012,FINAL,LOO,C,0.0
A,A_0012,FINAL,LOO,D,0.17002391815185547
A,A_0013,STEP1,harsanyi,A,0.06054818630218506
A,A_0013,STEP1,harsanyi,B,0.0
A,A_0013,STEP1,harsanyi,C,0.0
A,A_0013,STEP1,harsanyi,D,0.2190701961517334
A,A_0013,STEP1,harsanyi,AB,0.0
A,A_0013,STEP1,harsanyi,AC,0.0
A,A_0013,STEP1,harsanyi,AD,-0.2190701961517334
A,A_0013,STEP1,harsanyi,BC,0.06054818630218506
A,A_0013,STEP1,harsanyi,BD,-0.10186243057250977
A,A_0013,STEP1,harsanyi,CD,-0.10186243057250977
A,A_0013,STEP1,harsanyi,ABC,0.04892754554748535
A,A_0013,STEP1,harsanyi,ABD,0.15852200984954834
A,A_0013,STEP1,harsanyi,ACD,0.15852200984954834
A,A_0013,STEP1,harsanyi,BCD,0.09413039684295654
A,A_0013,STEP1,harsanyi,ABCD,-0.15840327739715576
A,A_0013,STEP1,LOO,A,0.04904627799987793
A,A_0013,STEP1,LOO,B,0.10186243057250977
A,A_0013,STEP1,LOO,C,0.10186243057250977
A,A_0013,STEP1,LOO,D,0.04904627799987793
A,A_0013,STEP2,harsanyi,A,0.08317029476165771
A,A_0013,STEP2,harsanyi,B,0.2387477159500122
A,A_0013,STEP2,harsanyi,C,-0.08657360076904297
A,A_0013,STEP2,harsanyi,D,-0.3650580644607544
A,A_0013,STEP2,harsanyi,AB,0.12180578708648682
A,A_0013,STEP2,harsanyi,AC,-0.1729874610900879
A,A_0013,STEP2,harsanyi,AD,0.592819333076477
A,A_0013,STEP2,harsanyi,BC,-0.15217411518096924
A,A_0013,STEP2,harsanyi,BD,0.3650580644607544
A,A_0013,STEP2,harsanyi,CD,0.18235254287719727
A,A_0013,STEP2,harsanyi,ABC,0.051181674003601074
A,A_0013,STEP2,harsanyi,ABD,-0.532271146774292
A,A_0013,STEP2,harsanyi,ACD,-0.5987811088562012
A,A_0013,STEP2,harsanyi,BCD,-0.26892614364624023
A,A_0013,STEP2,harsanyi,ABCD,0.5416362285614014
A,A_0013,STEP2,LOO,A,0.08657360076904297
A,A_0013,STEP2,LOO,B,0.3650580644607544
A,A_0013,STEP2,LOO,C,-0.5042719841003418
A,A_0013,STEP2,LOO,D,-0.08317029476165771
A,A_0013,FINAL,harsanyi,A,0.0
A,A_0013,FINAL,harsanyi,B,-0.056659579277038574
A,A_0013,FINAL,harsanyi,C,0.052816152572631836
A,A_0013,FINAL,harsanyi,D,0.14723876118659973
A,A_0013,FINAL,harsanyi,AB,-0.06054818630218506
A,A_0013,FINAL,harsanyi,AC,-0.10947573184967041
A,A_0013,FINAL,harsanyi,AD,-0.045376330614089966
A,A_0013,FINAL,harsanyi,BC,-0.052816152572631836
A,A_0013,FINAL,harsanyi,BD,-0.09057918190956116
A,A_0013,FINAL,harsanyi,CD,-0.14723876118659973
A,A_0013,FINAL,harsanyi,ABC,0.17002391815185547
A,A_0013,FINAL,harsanyi,ABD,0.15874066948890686
A,A_0013,FINAL,harsanyi,ACD,0.15485206246376038
A,A_0013,FINAL,harsanyi,BCD,0.20005491375923157
A,A_0013,FINAL,harsanyi,ABCD,-0.17379379272460938
A,A_0013,FINAL,LOO,A,0.0944226086139679
A,A_0013,FINAL,LOO,B,0.0944226086139679
A,A_0013,FINAL,LOO,C,0.0944226086139679
A,A_0013,FINAL,LOO,D,0.2038983404636383
A,A_0014,STEP1,harsanyi,A,0.0
A,A_0014,STEP1,harsanyi,B,0.0
A,A_0014,STEP1,harsanyi,C,0.0
A,A_0014,STEP1,harsanyi,D,-0.13279223442077637
A,A_0014,STEP1,harsanyi,AB,0.0
A,A_0014,STEP1,harsanyi,AC,-0.13279223442077637
A,A_0014,STEP1,harsanyi,AD,0.0
A,A_0014,STEP1,harsanyi,BC,-0.13279223442077637
A,A_0014,STEP1,harsanyi,BD,-0.07218384742736816
A,A_0014,STEP1,harsanyi,CD,0.0
A,A_0014,STEP1,harsanyi,ABC,0.0606083869934082
A,A_0014,STEP1,harsanyi,ABD,0.07218384742736816
A,A_0014,STEP1,harsanyi,ACD,-0.015345335006713867
A,A_0014,STEP1,harsanyi,BCD,0.13279223442077637
A,A_0014,STEP1,harsanyi,ABCD,-0.0606083869934082
A,A_0014,STEP1,LOO,A,-0.07595372200012207
A,A_0014,STEP1,LOO,B,0.0
A,A_0014,STEP1,LOO,C,-0.14813756942749023
A,A_0014,STEP1,LOO,D,-0.07595372200012207
A,A_0014,STEP2,harsanyi,A,0.16279399394989014
A,A_0014,STEP2,harsanyi,B,0.2387477159500122
A,A_0014,STEP2,harsanyi,C,0.2387477159500122
A,A_0014,STEP2,harsanyi,D,-0.08657360076904297
A,A_0014,STEP2,harsanyi,AB,-0.022269725799560547
A,A_0014,STEP2,harsanyi,AC,-0.16279399394989014
A,A_0014,STEP2,harsanyi,AD,0.08657360076904297
A,A_0014,STEP2,harsanyi,BC,-0.16656386852264404
A,A_0014,STEP2,harsanyi,BD,0.08657360076904297
A,A_0014,STEP2,harsanyi,CD,0.15875744819641113
A,A_0014,STEP2,harsanyi,ABC,0.21561014652252197
A,A_0014,STEP2,harsanyi,ABD,0.03842639923095703
A,A_0014,STEP2,harsanyi,ACD,-0.08657360076904297
A,A_0014,STEP2,harsanyi,BCD,-0.15875744819641113
A,A_0014,STEP2,harsanyi,ABCD,-0.03842639923095703
A,A_0014,STEP2,LOO,A,0.19334042072296143
A,A_0014,STEP2,LOO,B,0.19334042072296143
A,A_0014,STEP2,LOO,C,0.0
A,A_0014,STEP2,LOO,D,0.0
A,A_0014,FINAL,harsanyi,A,0.0
A,A_0014,FINAL,harsanyi,B,0.06834042072296143
A,A_0014,FINAL,harsanyi,C,0.0
A,A_0014,FINAL,harsanyi,D,-0.07218384742736816
A,A_0014,FINAL,harsanyi,AB,0.06445181369781494
A,A_0014,FINAL,harsanyi,AC,0.06834042072296143
A,A_0014,FINAL,harsanyi,AD,0.0
A,A_0014,FINAL,harsanyi,BC,0.0
A,A_0014,FINAL,harsanyi,BD,-0.06834042072296143
A,A_0014,FINAL,harsanyi,CD,0.07218384742736816
A,A_0014,FINAL,harsanyi,ABC,-0.06834042072296143
A,A_0014,FINAL,harsanyi,ABD,-0.06445181369781494
A,A_0014,FINAL,harsanyi,ACD,-0.21647799015045166
A,A_0014,FINAL,harsanyi,BCD,-0.07218384742736816
A,A_0014,FINAL,harsanyi,ABCD,0.21647799015045166
A,A_0014,FINAL,LOO,A,0.0
A,A_0014,FINAL,LOO,B,0.07595372200012207
A,A_0014,FINAL,LOO,C,0.0
A,A_0014,FINAL,LOO,D,-0.20497608184814453
A,A_0015,STEP1,harsanyi,A,0.0
A,A_0015,STEP1,harsanyi,B,0.0
A,A_0015,STEP1,harsanyi,C,0.0
A,A_0015,STEP1,harsanyi,D,-0.2809298038482666
A,A_0015,STEP1,harsanyi,AB,0.0
A,A_0015,STEP1,harsanyi,AC,-0.13279223442077637
A,A_0015,STEP1,harsanyi,AD,0.14813756942749023
A,A_0015,STEP1,harsanyi,BC,-0.06445181369781494
A,A_0015,STEP1,harsanyi,BD,0.14813756942749023
A,A_0015,STEP1,harsanyi,CD,0.14813756942749023
A,A_0015,STEP1,harsanyi,ABC,0.06445181369781494
A,A_0015,STEP1,harsanyi,ABD,-0.14813756942749023
A,A_0015,STEP1,harsanyi,ACD,-0.08752918243408203
A,A_0015,STEP1,harsanyi,BCD,-0.15586960315704346
A,A_0015,STEP1,harsanyi,ABCD,0.07991588115692139
A,A_0015,STEP1,LOO,A,-0.07595372200012207
A,A_0015,STEP1,LOO,B,-0.07595372200012207
A,A_0015,STEP1,LOO,C,-0.14813756942749023
A,A_0015,STEP1,LOO,D,-0.14813756942749023
A,A_0015,STEP2,harsanyi,A,0.16279399394989014
A,A_0015,STEP2,harsanyi,B,0.2387477159500122
A,A_0015,STEP2,harsanyi,C,-0.08657360076904297
A,A_0015,STEP2,harsanyi,D,-0.3650580644607544
A,A_0015,STEP2,harsanyi,AB,-0.022269725799560547
A,A_0015,STEP2,harsanyi,AC,-0.34549951553344727
A,A_0015,STEP2,harsanyi,AD,0.3650580644607544
A,A_0015,STEP2,harsanyi,BC,-0.15217411518096924
A,A_0015,STEP2,harsanyi,BD,0.3650580644607544
A,A_0015,STEP2,harsanyi,CD,0.18235254287719727
A,A_0015,STEP2,harsanyi,ABC,0.20497524738311768
A,A_0015,STEP2,harsanyi,ABD,-0.2400580644607544
A,A_0015,STEP2,harsanyi,ACD,-0.27813148498535156
A,A_0015,STEP2,harsanyi,BCD,-0.26892614364624023
A,A_0015,STEP2,harsanyi,ABCD,0.153131365776062
A,A_0015,STEP2,LOO,A,-1.1920928955078125e-07
A,A_0015,STEP2,LOO,B,0.2784843444824219
A,A_0015,STEP2,LOO,C,-0.5908457040786743
A,A_0015,STEP2,LOO,D,-0.08657371997833252
A,A_0015,FINAL,harsanyi,A,0.0
A,A_0015,FINAL,harsanyi,B,0.06834042072296143
A,A_0015,FINAL,harsanyi,C,-0.07218384742736816
A,A_0015,FINAL,harsanyi,D,-0.2277611494064331
A,A_0015,FINAL,harsanyi,AB,0.06445181369781494
A,A_0015,FINAL,harsanyi,AC,0.07218384742736816
A,A_0015,FINAL,harsanyi,AD,0.07962357997894287
A,A_0015,FINAL,harsanyi,BC,0.07218384742736816
A,A_0015,FINAL,harsanyi,BD,0.15942072868347168
A,A_0015,FINAL,harsanyi,CD,0.2277611494064331
A,A_0015,FINAL,harsanyi,ABC,-0.1366356611251831
A,A_0015,FINAL,harsanyi,ABD,-0.21625924110412598
A,A_0015,FINAL,harsanyi,ACD,-0.2277611494064331
A,A_0015,FINAL,harsanyi,BCD,-0.29994499683380127
A,A_0015,FINAL,harsanyi,ABCD,0.28844308853149414
A,A_0015,FINAL,LOO,A,-0.07595372200012207
A,A_0015,FINAL,LOO,B,0.0
A,A_0015,FINAL,LOO,C,-0.07595372200012207
A,A_0015,FINAL,LOO,D,-0.21647799015045166
A,A_0016,STEP1,harsanyi,A,-0.18165957927703857
A,A_0016,STEP1,harsanyi,B,0.052816152572631836
A,A_0016,STEP1,harsanyi,C,0.10186243057250977
A,A_0016,STEP1,harsanyi,D,0.10186243057250977
A,A_0016,STEP1,harsanyi,AB,0.12884342670440674
A,A_0016,STEP1,harsanyi,AC,0.023137569427490234
A,A_0016,STEP1,harsanyi,AD,0.07979714870452881
A,A_0016,STEP1,harsanyi,BC,0.03438982367515564
A,A_0016,STEP1,harsanyi,BD,0.03438982367515564
A,A_0016,STEP1,harsanyi,CD,-0.20372486114501953
A,A_0016,STEP1,harsanyi,ABC,-0.057527393102645874
A,A_0016,STEP1,harsanyi,ABD,-0.026980996131896973
A,A_0016,STEP1,harsanyi,ACD,0.13154101371765137
A,A_0016,STEP1,harsanyi,BCD,0.14108186960220337
A,A_0016,STEP1,harsanyi,ABCD,-0.17076045274734497
A,A_0016,STEP1,LOO,A,-0.07360926270484924
A,A_0016,STEP1,LOO,B,0.1362522542476654
A,A_0016,STEP1,LOO,C,0.0
A,A_0016,STEP1,LOO,D,0.08720597624778748
A,A_0016,STEP2,harsanyi,A,0.0
A,A_0016,STEP2,harsanyi,B,0.0
A,A_0016,STEP2,harsanyi,C,0.0
A,A_0016,STEP2,harsanyi,D,0.0
A,A_0016,STEP2,harsanyi,AB,-0.1362522542476654
A,A_0016,STEP2,harsanyi,AC,-0.18906840682029724
A,A_0016,STEP2,harsanyi,AD,-0.04182964563369751
A,A_0016,STEP2,harsanyi,BC,-0.18906840682029724
A,A_0016,STEP2,harsanyi,BD,-0.1362522542476654
A,A_0016,STEP2,harsanyi,CD,-0.08720597624778748
A,A_0016,STEP2,harsanyi,ABC,0.208112895488739
A,A_0016,STEP2,harsanyi,ABD,0.17808189988136292
A,A_0016,STEP2,harsanyi,ACD,0.12903562188148499
A,A_0016,STEP2,harsanyi,BCD,0.1667986512184143
A,A_0016,STEP2,harsanyi,ABCD,-0.27308011054992676
A,A_0016,STEP2,LOO,A,-0.125
A,A_0016,STEP2,LOO,B,-0.18165957927703857
A,A_0016,STEP2,LOO,C,-0.2344757318496704
A,A_0016,STEP2,LOO,D,-0.06445181369781494
A,A_0016,FINAL,harsanyi,A,-0.06834042072296143
A,A_0016,FINAL,harsanyi,B,-0.1405242681503296
A,A_0016,FINAL,harsanyi,C,-0.1405242681503296
A,A_0016,FINAL,harsanyi,D,-0.1405242681503296
A,A_0016,FINAL,harsanyi,AB,0.1405242681503296
A,A_0016,FINAL,harsanyi,AC,0.06834042072296143
A,A_0016,FINAL,harsanyi,AD,0.06834042072296143
A,A_0016,FINAL,harsanyi,BC,0.1405242681503296
A,A_0016,FINAL,harsanyi,BD,0.21270811557769775
A,A_0016,FINAL,harsanyi,CD,0.21270811557769775
A,A_0016,FINAL,harsanyi,ABC,-0.1405242681503296
A,A_0016,FINAL,harsanyi,ABD,-0.2886618375778198
A,A_0016,FINAL,harsanyi,ACD,-0.1405242681503296
A,A_0016,FINAL,harsanyi,BCD,-0.360845685005188
A,A_0016,FINAL,harsanyi,ABCD,0.360845685005188
A,A_0016,FINAL,LOO,A,0.0
A,A_0016,FINAL,LOO,B,-0.07595372200012207
A,A_0016,FINAL,LOO,C,0.0
A,A_0016,FINAL,LOO,D,-0.07595372200012207
A,A_0017,STEP1,harsanyi,A,0.19334042072296143
A,A_0017,STEP1,harsanyi,B,-0.07218384742736816
A,A_0017,STEP1,harsanyi,C,-0.14813756942749023
A,A_0017,STEP1,harsanyi,D,-0.14813756942749023
A,A_0017,STEP1,harsanyi,AB,-0.12115657329559326
A,A_0017,STEP1,harsanyi,AC,0.023137569427490234
A,A_0017,STEP1,harsanyi,AD,-0.04520285129547119
A,A_0017,STEP1,harsanyi,BC,-0.007439851760864258
A,A_0017,STEP1,harsanyi,BD,0.07218384742736816
A,A_0017,STEP1,harsanyi,CD,0.29627513885498047
A,A_0017,STEP1,harsanyi,ABC,-0.015697717666625977
A,A_0017,STEP1,harsanyi,ABD,0.0489727258682251
A,A_0017,STEP1,harsanyi,ACD,-0.24345898628234863
A,A_0017,STEP1,harsanyi,BCD,-0.14069771766662598
A,A_0017,STEP1,harsanyi,ABCD,0.1600654125213623
A,A_0017,STEP1,LOO,A,0.0
A,A_0017,STEP1,LOO,B,-0.07595372200012207
A,A_0017,STEP1,LOO,C,-0.07595372200012207
A,A_0017,STEP1,LOO,D,0.0
A,A_0017,STEP2,harsanyi,A,0.0
A,A_0017,STEP2,harsanyi,B,-0.04182964563369751
A,A_0017,STEP2,harsanyi,C,0.0
A,A_0017,STEP2,harsanyi,D,0.0
A,A_0017,STEP2,harsanyi,AB,-0.14723876118659973
A,A_0017,STEP2,harsanyi,AC,-0.18906840682029724
A,A_0017,STEP2,harsanyi,AD,-0.04182964563369751
A,A_0017,STEP2,harsanyi,BC,-0.14723876118659973
A,A_0017,STEP2,harsanyi,BD,0.04182964563369751
A,A_0017,STEP2,harsanyi,CD,-0.08720597624778748
A,A_0017,STEP2,harsanyi,ABC,0.21909940242767334
A,A_0017,STEP2,harsanyi,ABD,0.052816152572631836
A,A_0017,STEP2,harsanyi,ACD,0.12903562188148499
A,A_0017,STEP2,harsanyi,BCD,0.045376330614089966
A,A_0017,STEP2,harsanyi,ABCD,-0.1400221288204193
A,A_0017,STEP2,LOO,A,-0.11720776557922363
A,A_0017,STEP2,LOO,B,-0.11720776557922363
A,A_0017,STEP2,LOO,C,-0.17002391815185547
A,A_0017,STEP2,LOO,D,0.0
A,A_0017,FINAL,harsanyi,A,0.056659579277038574
A,A_0017,FINAL,harsanyi,B,0.15852200984954834
A,A_0017,FINAL,harsanyi,C,0.10947573184967041
A,A_0017,FINAL,harsanyi,D,0.10947573184967041
A,A_0017,FINAL,harsanyi,AB,-0.21518158912658691
A,A_0017,FINAL,harsanyi,AC,-0.056659579277038574
A,A_0017,FINAL,harsanyi,AD,-0.056659579277038574
A,A_0017,FINAL,harsanyi,BC,-0.15852200984954834
A,A_0017,FINAL,harsanyi,BD,-0.15852200984954834
A,A_0017,FINAL,harsanyi,CD,-0.16229188442230225
A,A_0017,FINAL,harsanyi,ABC,0.16236543655395508
A,A_0017,FINAL,harsanyi,ABD,0.21518158912658691
A,A_0017,FINAL,harsanyi,ACD,0.10947573184967041
A,A_0017,FINAL,harsanyi,BCD,0.2603844404220581
A,A_0017,FINAL,harsanyi,ABCD,-0.26422786712646484
A,A_0017,FINAL,LOO,A,-0.04904627799987793
A,A_0017,FINAL,LOO,B,0.0
A,A_0017,FINAL,LOO,C,0.0
A,A_0017,FINAL,LOO,D,0.052816152572631836
A,A_0018,STEP1,harsanyi,A,-0.14813756942749023
A,A_0018,STEP1,harsanyi,B,-0.07218384742736816
A,A_0018,STEP1,harsanyi,C,-0.14813756942749023
A,A_0018,STEP1,harsanyi,D,-0.14813756942749023
A,A_0018,STEP1,harsanyi,AB,0.07218384742736816
A,A_0018,STEP1,harsanyi,AC,-0.014656424522399902
A,A_0018,STEP1,harsanyi,AD,-0.014656424522399902
A,A_0018,STEP1,harsanyi,BC,-0.09061014652252197
A,A_0018,STEP1,harsanyi,BD,-0.09061014652252197
A,A_0018,STEP1,harsanyi,CD,0.29627513885498047
A,A_0018,STEP1,harsanyi,ABC,0.09061014652252197
A,A_0018,STEP1,harsanyi,ABD,-0.08578062057495117
A,A_0018,STEP1,harsanyi,ACD,-0.2200547456741333
A,A_0018,STEP1,harsanyi,BCD,-0.2339181900024414
A,A_0018,STEP1,harsanyi,ABCD,0.22760343551635742
A,A_0018,STEP1,LOO,A,-0.09288835525512695
A,A_0018,STEP1,LOO,B,-0.18270552158355713
A,A_0018,STEP1,LOO,C,-0.09288835525512695
A,A_0018,STEP1,LOO,D,-0.2692791223526001
A,A_0018,STEP2,harsanyi,A,0.0
A,A_0018,STEP2,harsanyi,B,0.0
A,A_0018,STEP2,harsanyi,C,0.0
A,A_0018,STEP2,harsanyi,D,0.0
A,A_0018,STEP2,harsanyi,AB,-0.18906840682029724
A,A_0018,STEP2,harsanyi,AC,-0.18906840682029724
A,A_0018,STEP2,harsanyi,AD,0.0
A,A_0018,STEP2,harsanyi,BC,-0.18906840682029724
A,A_0018,STEP2,harsanyi,BD,-0.1362522542476654
A,A_0018,STEP2,harsanyi,CD,-0.08720597624778748
A,A_0018,STEP2,harsanyi,ABC,0.1964772343635559
A,A_0018,STEP2,harsanyi,ABD,0.18906840682029724
A,A_0018,STEP2,harsanyi,ACD,0.08720597624778748
A,A_0018,STEP2,harsanyi,BCD,0.1667986512184143
A,A_0018,STEP2,harsanyi,ABCD,-0.1551629900932312
A,A_0018,STEP2,LOO,A,-0.06054818630218506
A,A_0018,STEP2,LOO,B,-0.11720776557922363
A,A_0018,STEP2,LOO,C,-0.17002391815185547
A,A_0018,STEP2,LOO,D,0.06445181369781494
A,A_0018,FINAL,harsanyi,A,0.10947573184967041
A,A_0018,FINAL,harsanyi,B,0.10947573184967041
A,A_0018,FINAL,harsanyi,C,0.10947573184967041
A,A_0018,FINAL,harsanyi,D,0.10947573184967041
A,A_0018,FINAL,harsanyi,AB,-0.16229188442230225
A,A_0018,FINAL,harsanyi,AC,-0.10947573184967041
A,A_0018,FINAL,harsanyi,AD,-0.10947573184967041
A,A_0018,FINAL,harsanyi,BC,-0.10947573184967041
A,A_0018,FINAL,harsanyi,BD,-0.16229188442230225
A,A_0018,FINAL,harsanyi,CD,-0.16229188442230225
A,A_0018,FINAL,harsanyi,ABC,0.10947573184967041
A,A_0018,FINAL,harsanyi,ABD,0.21510803699493408
A,A_0018,FINAL,harsanyi,ACD,0.21133816242218018
A,A_0018,FINAL,harsanyi,BCD,0.264154314994812
A,A_0018,FINAL,harsanyi,ABCD,-0.264154314994812
A,A_0018,FINAL,LOO,A,0.0
A,A_0018,FINAL,LOO,B,0.0
A,A_0018,FINAL,LOO,C,0.04904627799987793
A,A_0018,FINAL,LOO,D,0.10186243057250977
A,A_0019,STEP1,harsanyi,A,-0.14813756942749023
A,A_0019,STEP1,harsanyi,B,-0.07218384742736816
A,A_0019,STEP1,harsanyi,C,-0.14813756942749023
A,A_0019,STEP1,harsanyi,D,-0.14813756942749023
A,A_0019,STEP1,harsanyi,AB,0.07218384742736816
A,A_0019,STEP1,harsanyi,AC,-0.014656424522399902
A,A_0019,STEP1,harsanyi,AD,0.06851387023925781
A,A_0019,STEP1,harsanyi,BC,-0.09061014652252197
A,A_0019,STEP1,harsanyi,BD,-0.09061026573181152
A,A_0019,STEP1,harsanyi,CD,0.3646155595779419
A,A_0019,STEP1,harsanyi,ABC,0.09061014652252197
A,A_0019,STEP1,harsanyi,ABD,-0.07913362979888916
A,A_0019,STEP1,harsanyi,ACD,-0.37156546115875244
A,A_0019,STEP1,harsanyi,BCD,-0.2124413251876831
A,A_0019,STEP1,harsanyi,ABCD,0.19947969913482666
A,A_0019,STEP1,LOO,A,-0.18270552158355713
A,A_0019,STEP1,LOO,B,-0.18270552158355713
A,A_0019,STEP1,LOO,C,-0.18270552158355713
A,A_0019,STEP1,LOO,D,-0.2692791223526001
A,A_0019,STEP2,harsanyi,A,0.0
A,A_0019,STEP2,harsanyi,B,0.0
A,A_0019,STEP2,harsanyi,C,0.0
A,A_0019,STEP2,harsanyi,D,-0.08657348155975342
A,A_0019,STEP2,harsanyi,AB,0.31093156337738037
A,A_0019,STEP2,harsanyi,AC,0.31093156337738037
A,A_0019,STEP2,harsanyi,AD,0.08657348155975342
A,A_0019,STEP2,harsanyi,BC,0.31093156337738037
A,A_0019,STEP2,harsanyi,BD,0.24936747550964355
A,A_0019,STEP2,harsanyi,CD,0.24936747550964355
A,A_0019,STEP2,harsanyi,ABC,-0.4285227060317993
A,A_0019,STEP2,harsanyi,ABD,-0.24936747550964355
A,A_0019,STEP2,harsanyi,ACD,-0.24936747550964355
A,A_0019,STEP2,harsanyi,BCD,-0.34382104873657227
A,A_0019,STEP2,harsanyi,ABCD,0.2832728624343872
A,A_0019,STEP2,LOO,A,0.06445181369781494
A,A_0019,STEP2,LOO,B,0.13279223442077637
A,A_0019,STEP2,LOO,C,0.13279223442077637
A,A_0019,STEP2,LOO,D,-0.06054818630218506
A,A_0019,FINAL,harsanyi,A,-0.1405242681503296
A,A_0019,FINAL,harsanyi,B,-0.1405242681503296
A,A_0019,FINAL,harsanyi,C,-0.1405242681503296
A,A_0019,FINAL,harsanyi,D,-0.1405242681503296
A,A_0019,FINAL,harsanyi,AB,0.21270811557769775
A,A_0019,FINAL,harsanyi,AC,0.1405242681503296
A,A_0019,FINAL,harsanyi,AD,0.1405242681503296
A,A_0019,FINAL,harsanyi,BC,0.1405242681503296
A,A_0019,FINAL,harsanyi,BD,0.1405242681503296
A,A_0019,FINAL,harsanyi,CD,0.21270811557769775
A,A_0019,FINAL,harsanyi,ABC,-0.1405242681503296
A,A_0019,FINAL,harsanyi,ABD,-0.21270811557769775
A,A_0019,FINAL,harsanyi,ACD,-0.2886618375778198
A,A_0019,FINAL,harsanyi,BCD,-0.2886618375778198
A,A_0019,FINAL,harsanyi,ABCD,0.2886618375778198
A,A_0019,FINAL,LOO,A,0.0
A,A_0019,FINAL,LOO,B,0.0
A,A_0019,FINAL,LOO,C,-0.07595372200012207
A,A_0019,FINAL,LOO,D,-0.14813756942749023
A,A_0020,STEP1,harsanyi,A,0.19334042072296143
A,A_0020,STEP1,harsanyi,B,-0.07218384742736816
A,A_0020,STEP1,harsanyi,C,-0.4873223304748535
A,A_0020,STEP1,harsanyi,D,-0.14813756942749023
A,A_0020,STEP1,harsanyi,AB,-0.12115657329559326
A,A_0020,STEP1,harsanyi,AC,0.3623223304748535
A,A_0020,STEP1,harsanyi,AD,-0.04520285129547119
A,A_0020,STEP1,harsanyi,BC,0.41136860847473145
A,A_0020,STEP1,harsanyi,BD,0.07218384742736816
A,A_0020,STEP1,harsanyi,CD,0.14813756942749023
A,A_0020,STEP1,harsanyi,ABC,-0.3585524559020996
A,A_0020,STEP1,harsanyi,ABD,0.0489727258682251
A,A_0020,STEP1,harsanyi,ACD,-0.17127513885498047
A,A_0020,STEP1,harsanyi,BCD,0.0037698745727539062
A,A_0020,STEP1,harsanyi,ABCD,0.09155154228210449
A,A_0020,STEP1,LOO,A,0.0
A,A_0020,STEP1,LOO,B,0.07595372200012207
A,A_0020,STEP1,LOO,C,0.0
A,A_0020,STEP1,LOO,D,0.0
A,A_0020,STEP2,harsanyi,A,0.0
A,A_0020,STEP2,harsanyi,B,-0.04182964563369751
A,A_0020,STEP2,harsanyi,C,0.18545767664909363
A,A_0020,STEP2,harsanyi,D,0.03842642903327942
A,A_0020,STEP2,harsanyi,AB,-0.14723876118659973
A,A_0020,STEP2,harsanyi,AC,-0.18545767664909363
A,A_0020,STEP2,harsanyi,AD,-0.08025607466697693
A,A_0020,STEP2,harsanyi,BC,-0.14362803101539612
A,A_0020,STEP2,harsanyi,BD,-0.03842642903327942
A,A_0020,STEP2,harsanyi,CD,-0.08894214034080505
A,A_0020,STEP2,harsanyi,ABC,0.24549046158790588
A,A_0020,STEP2,harsanyi,ABD,0.13307222723960876
A,A_0020,STEP2,harsanyi,ACD,0.13077178597450256
A,A_0020,STEP2,harsanyi,BCD,0.0017361640930175781
A,A_0020,STEP2,harsanyi,ABCD,-0.05100563168525696
A,A_0020,STEP2,LOO,A,0.045376330614089966
A,A_0020,STEP2,LOO,B,-0.04182964563369751
A,A_0020,STEP2,LOO,C,0.0944226086139679
A,A_0020,STEP2,LOO,D,0.045376330614089966
A,A_0020,FINAL,harsanyi,A,0.056659579277038574
A,A_0020,FINAL,harsanyi,B,0.15852200984954834
A,A_0020,FINAL,harsanyi,C,0.2038983404636383
A,A_0020,FINAL,harsanyi,D,0.10947573184967041
A,A_0020,FINAL,harsanyi,AB,-0.21518158912658691
A,A_0020,FINAL,harsanyi,AC,-0.15108218789100647
A,A_0020,FINAL,harsanyi,AD,-0.056659579277038574
A,A_0020,FINAL,harsanyi,BC,-0.30576077103614807
A,A_0020,FINAL,harsanyi,BD,-0.15852200984954834
A,A_0020,FINAL,harsanyi,CD,-0.15485206246376038
A,A_0020,FINAL,harsanyi,ABC,0.3096041977405548
A,A_0020,FINAL,harsanyi,ABD,0.21518158912658691
A,A_0020,FINAL,harsanyi,ACD,0.15108218789100647
A,A_0020,FINAL,harsanyi,BCD,0.25671449303627014
A,A_0020,FINAL,harsanyi,ABCD,-0.3096041977405548
A,A_0020,FINAL,LOO,A,0.0
A,A_0020,FINAL,LOO,B,-0.04904627799987793
A,A_0020,FINAL,LOO,C,0.0
A,A_0020,FINAL,LOO,D,0.052816152572631836
A,A_0021,STEP1,harsanyi,A,-0.18165957927703857
A,A_0021,STEP1,harsanyi,B,0.052816152572631836
A,A_0021,STEP1,harsanyi,C,0.10186243057250977
A,A_0021,STEP1,harsanyi,D,0.10186243057250977
A,A_0021,STEP1,harsanyi,AB,0.12884342670440674
A,A_0021,STEP1,harsanyi,AC,0.023137569427490234
A,A_0021,STEP1,harsanyi,AD,0.07979714870452881
A,A_0021,STEP1,harsanyi,BC,0.03438982367515564
A,A_0021,STEP1,harsanyi,BD,0.03438982367515564
A,A_0021,STEP1,harsanyi,CD,-0.2603844404220581
A,A_0021,STEP1,harsanyi,ABC,-0.057527393102645874
A,A_0021,STEP1,harsanyi,ABD,-0.026980996131896973
A,A_0021,STEP1,harsanyi,ACD,0.18820059299468994
A,A_0021,STEP1,harsanyi,BCD,0.16255861520767212
A,A_0021,STEP1,harsanyi,ABCD,-0.19223719835281372
A,A_0021,STEP1,LOO,A,-0.03842642903327942
A,A_0021,STEP1,LOO,B,0.1362522542476654
A,A_0021,STEP1,LOO,C,0.0
A,A_0021,STEP1,LOO,D,0.08720597624778748
A,A_0021,STEP2,harsanyi,A,0.0
A,A_0021,STEP2,harsanyi,B,0.0
A,A_0021,STEP2,harsanyi,C,0.0
A,A_0021,STEP2,harsanyi,D,-0.08657348155975342
A,A_0021,STEP2,harsanyi,AB,0.2387477159500122
A,A_0021,STEP2,harsanyi,AC,0.31093156337738037
A,A_0021,STEP2,harsanyi,AD,0.16974377632141113
A,A_0021,STEP2,harsanyi,BC,0.31093156337738037
A,A_0021,STEP2,harsanyi,BD,0.24936747550964355
A,A_0021,STEP2,harsanyi,CD,0.24936747550964355
A,A_0021,STEP2,harsanyi,ABC,-0.4168870449066162
A,A_0021,STEP2,harsanyi,ABD,-0.2603539228439331
A,A_0021,STEP2,harsanyi,ACD,-0.33253777027130127
A,A_0021,STEP2,harsanyi,BCD,-0.34382104873657227
A,A_0021,STEP2,harsanyi,ABCD,0.4153556823730469
A,A_0021,STEP2,LOO,A,0.125
A,A_0021,STEP2,LOO,B,0.19334042072296143
A,A_0021,STEP2,LOO,C,0.19334042072296143
A,A_0021,STEP2,LOO,D,0.06054818630218506
A,A_0021,FINAL,harsanyi,A,0.056659579277038574
A,A_0021,FINAL,harsanyi,B,0.10947573184967041
A,A_0021,FINAL,harsanyi,C,0.10947573184967041
A,A_0021,FINAL,harsanyi,D,0.10947573184967041
A,A_0021,FINAL,harsanyi,AB,-0.10947573184967041
A,A_0021,FINAL,harsanyi,AC,-0.056659579277038574
A,A_0021,FINAL,harsanyi,AD,-0.056659579277038574
A,A_0021,FINAL,harsanyi,BC,-0.10947573184967041
A,A_0021,FINAL,harsanyi,BD,-0.10947573184967041
A,A_0021,FINAL,harsanyi,CD,-0.16229188442230225
A,A_0021,FINAL,harsanyi,ABC,0.10947573184967041
A,A_0021,FINAL,harsanyi,ABD,0.056659579277038574
A,A_0021,FINAL,harsanyi,ACD,0.10947573184967041
A,A_0021,FINAL,harsanyi,BCD,0.21133816242218018
A,A_0021,FINAL,harsanyi,ABCD,-0.10947573184967041
A,A_0021,FINAL,LOO,A,0.0
A,A_0021,FINAL,LOO,B,0.04904627799987793
A,A_0021,FINAL,LOO,C,0.10186243057250977
A,A_0021,FINAL,LOO,D,0.04904627799987793
A,A_0022,STEP1,harsanyi,A,-0.14813756942749023
A,A_0022,STEP1,harsanyi,B,-0.07218384742736816
A,A_0022,STEP1,harsanyi,C,-0.4873223304748535
A,A_0022,STEP1,harsanyi,D,-0.14813756942749023
A,A_0022,STEP1,harsanyi,AB,0.07218384742736816
A,A_0022,STEP1,harsanyi,AC,0.4873223304748535
A,A_0022,STEP1,harsanyi,AD,-0.014656424522399902
A,A_0022,STEP1,harsanyi,BC,0.41136860847473145
A,A_0022,STEP1,harsanyi,BD,-0.09061014652252197
A,A_0022,STEP1,harsanyi,CD,0.05524921417236328
A,A_0022,STEP1,harsanyi,ABC,-0.5741626024246216
A,A_0022,STEP1,harsanyi,ABD,-0.08578062057495117
A,A_0022,STEP1,harsanyi,ACD,-0.05524921417236328
A,A_0022,STEP1,harsanyi,BCD,0.02070450782775879
A,A_0022,STEP1,harsanyi,ABCD,0.23190677165985107
A,A_0022,STEP1,LOO,A,-0.08657348155975342
A,A_0022,STEP1,LOO,B,-0.08657348155975342
A,A_0022,STEP1,LOO,C,0.08981728553771973
A,A_0022,STEP1,LOO,D,-0.08657348155975342
A,A_0022,STEP2,harsanyi,A,0.0
A,A_0022,STEP2,harsanyi,B,0.0
A,A_0022,STEP2,harsanyi,C,-0.5645424127578735
A,A_0022,STEP2,harsanyi,D,0.0
A,A_0022,STEP2,harsanyi,AB,0.31093156337738037
A,A_0022,STEP2,harsanyi,AC,0.5645424127578735
A,A_0022,STEP2,harsanyi,AD,0.0
A,A_0022,STEP2,harsanyi,BC,0.5645424127578735
A,A_0022,STEP2,harsanyi,BD,0.2387477159500122
A,A_0022,STEP2,harsanyi,CD,0.19948434829711914
A,A_0022,STEP2,harsanyi,ABC,-0.7126799821853638
A,A_0022,STEP2,harsanyi,ABD,-0.31093156337738037
A,A_0022,STEP2,harsanyi,ACD,-0.19948434829711914
A,A_0022,STEP2,harsanyi,BCD,-0.2754380702972412
A,A_0022,STEP2,harsanyi,ABCD,0.1848278045654297
A,A_0022,STEP2,LOO,A,-0.1627941131591797
A,A_0022,STEP2,LOO,B,-1.1920928955078125e-07
A,A_0022,STEP2,LOO,C,-0.23874783515930176
A,A_0022,STEP2,LOO,D,-0.1627941131591797
A,A_0022,FINAL,harsanyi,A,-0.1405242681503296
A,A_0022,FINAL,harsanyi,B,-0.1405242681503296
A,A_0022,FINAL,harsanyi,C,-0.2961016893386841
A,A_0022,FINAL,harsanyi,D,-0.1405242681503296
A,A_0022,FINAL,harsanyi,AB,0.21270811557769775
A,A_0022,FINAL,harsanyi,AC,0.36828553676605225
A,A_0022,FINAL,harsanyi,AD,0.1405242681503296
A,A_0022,FINAL,harsanyi,BC,0.36828553676605225
A,A_0022,FINAL,harsanyi,BD,0.21270811557769775
A,A_0022,FINAL,harsanyi,CD,0.2961016893386841
A,A_0022,FINAL,harsanyi,ABC,-0.5126532316207886
A,A_0022,FINAL,harsanyi,ABD,-0.2848919630050659
A,A_0022,FINAL,harsanyi,ACD,-0.4442392587661743
A,A_0022,FINAL,harsanyi,BCD,-0.4404693841934204
A,A_0022,FINAL,harsanyi,ABCD,0.5052134990692139
A,A_0022,FINAL,LOO,A,-0.15557730197906494
A,A_0022,FINAL,LOO,B,-0.07962357997894287
A,A_0022,FINAL,LOO,C,-0.15557730197906494
A,A_0022,FINAL,LOO,D,-0.15557730197906494
A,A_0023,STEP1,harsanyi,A,0.10186243057250977
A,A_0023,STEP1,harsanyi,B,0.052816152572631836
A,A_0023,STEP1,harsanyi,C,0.2626776695251465
A,A_0023,STEP1,harsanyi,D,0.10186243057250977
A,A_0023,STEP1,harsanyi,AB,-0.00743982195854187
A,A_0023,STEP1,harsanyi,AC,-0.2626776695251465
A,A_0023,STEP1,harsanyi,AD,-0.0564860999584198
A,A_0023,STEP1,harsanyi,BC,-0.21363139152526855
A,A_0023,STEP1,harsanyi,BD,-0.052816152572631836
A,A_0023,STEP1,harsanyi,CD,-0.10186243057250977
A,A_0023,STEP1,harsanyi,ABC,0.25546103715896606
A,A_0023,STEP1,harsanyi,ABD,0.00743982195854187
A,A_0023,STEP1,harsanyi,ACD,0.10186243057250977
A,A_0023,STEP1,harsanyi,BCD,0.0037698745727539062
A,A_0023,STEP1,harsanyi,ABCD,-0.0037698745727539062
A,A_0023,STEP1,LOO,A,0.1362522542476654
A,A_0023,STEP1,LOO,B,0.04182964563369751
A,A_0023,STEP1,LOO,C,0.04182964563369751
A,A_0023,STEP1,LOO,D,0.0
A,A_0023,STEP2,harsanyi,A,0.0
A,A_0023,STEP2,harsanyi,B,-0.04182964563369751
A,A_0023,STEP2,harsanyi,C,0.18545767664909363
A,A_0023,STEP2,harsanyi,D,0.03842642903327942
A,A_0023,STEP2,harsanyi,AB,-0.14723876118659973
A,A_0023,STEP2,harsanyi,AC,-0.18545767664909363
A,A_0023,STEP2,harsanyi,AD,-0.03842642903327942
A,A_0023,STEP2,harsanyi,BC,-0.14362803101539612
A,A_0023,STEP2,harsanyi,BD,-0.03842642903327942
A,A_0023,STEP2,harsanyi,CD,-0.08894214034080505
A,A_0023,STEP2,harsanyi,ABC,0.24549046158790588
A,A_0023,STEP2,harsanyi,ABD,0.09124258160591125
A,A_0023,STEP2,harsanyi,ACD,0.08894214034080505
A,A_0023,STEP2,harsanyi,BCD,0.0017361640930175781
A,A_0023,STEP2,harsanyi,ABCD,0.07108008861541748
A,A_0023,STEP2,LOO,A,0.1256324052810669
A,A_0023,STEP2,LOO,B,0.03842642903327942
A,A_0023,STEP2,LOO,C,0.17467868328094482
A,A_0023,STEP2,LOO,D,0.1256324052810669
A,A_0023,FINAL,harsanyi,A,-0.1405242681503296
A,A_0023,FINAL,harsanyi,B,-0.21647799015045166
A,A_0023,FINAL,harsanyi,C,-0.2961016893386841
A,A_0023,FINAL,harsanyi,D,-0.1405242681503296
A,A_0023,FINAL,harsanyi,AB,0.2886618375778198
A,A_0023,FINAL,harsanyi,AC,0.36828553676605225
A,A_0023,FINAL,harsanyi,AD,0.1405242681503296
A,A_0023,FINAL,harsanyi,BC,0.4442392587661743
A,A_0023,FINAL,harsanyi,BD,0.21647799015045166
A,A_0023,FINAL,harsanyi,CD,0.220147967338562
A,A_0023,FINAL,harsanyi,ABC,-0.5164231061935425
A,A_0023,FINAL,harsanyi,ABD,-0.2886618375778198
A,A_0023,FINAL,harsanyi,ACD,-0.36828553676605225
A,A_0023,FINAL,harsanyi,BCD,-0.36828553676605225
A,A_0023,FINAL,harsanyi,ABCD,0.4404693841934204
A,A_0023,FINAL,LOO,A,-0.07595372200012207
A,A_0023,FINAL,LOO,B,0.0
A,A_0023,FINAL,LOO,C,-0.07595372200012207
A,A_0023,FINAL,LOO,D,-0.14813756942749023
A,A_0024,STEP1,harsanyi,A,-0.18165957927703857
A,A_0024,STEP1,harsanyi,B,0.052816152572631836
A,A_0024,STEP1,harsanyi,C,0.2626776695251465
A,A_0024,STEP1,harsanyi,D,0.10186243057250977
A,A_0024,STEP1,harsanyi,AB,0.12884342670440674
A,A_0024,STEP1,harsanyi,AC,-0.13767766952514648
A,A_0024,STEP1,harsanyi,AD,0.07979714870452881
A,A_0024,STEP1,harsanyi,BC,-0.21363139152526855
A,A_0024,STEP1,harsanyi,BD,0.03438982367515564
A,A_0024,STEP1,harsanyi,CD,-0.10186243057250977
A,A_0024,STEP1,harsanyi,ABC,0.19049382209777832
A,A_0024,STEP1,harsanyi,ABD,-0.026980996131896973
A,A_0024,STEP1,harsanyi,ACD,0.07872486114501953
A,A_0024,STEP1,harsanyi,BCD,0.052816152572631836
A,A_0024,STEP1,harsanyi,ABCD,-0.17337065935134888
A,A_0024,STEP1,LOO,A,-0.04182964563369751
A,A_0024,STEP1,LOO,B,0.045376330614089966
A,A_0024,STEP1,LOO,C,-0.04182964563369751
A,A_0024,STEP1,LOO,D,0.045376330614089966
A,A_0024,STEP2,harsanyi,A,0.0
A,A_0024,STEP2,harsanyi,B,0.0
A,A_0024,STEP2,harsanyi,C,0.18545767664909363
A,A_0024,STEP2,harsanyi,D,0.03842642903327942
A,A_0024,STEP2,harsanyi,AB,-0.1362522542476654
A,A_0024,STEP2,harsanyi,AC,-0.18545767664909363
A,A_0024,STEP2,harsanyi,AD,-0.08025607466697693
A,A_0024,STEP2,harsanyi,BC,-0.18545767664909363
A,A_0024,STEP2,harsanyi,BD,-0.1256324052810669
A,A_0024,STEP2,harsanyi,CD,-0.08894214034080505
A,A_0024,STEP2,harsanyi,ABC,0.23450395464897156
A,A_0024,STEP2,harsanyi,ABD,0.11464589834213257
A,A_0024,STEP2,harsanyi,ACD,0.13077178597450256
A,A_0024,STEP2,harsanyi,BCD,0.08894214034080505
A,A_0024,STEP2,harsanyi,ABCD,0.009250342845916748
A,A_0024,STEP2,LOO,A,0.08720597624778748
A,A_0024,STEP2,LOO,B,0.0
A,A_0024,STEP2,LOO,C,0.18906840682029724
A,A_0024,STEP2,LOO,D,0.08720597624778748
A,A_0024,FINAL,harsanyi,A,-0.06834042072296143
A,A_0024,FINAL,harsanyi,B,-0.1405242681503296
A,A_0024,FINAL,harsanyi,C,-0.2961016893386841
A,A_0024,FINAL,harsanyi,D,-0.1405242681503296
A,A_0024,FINAL,harsanyi,AB,0.1405242681503296
A,A_0024,FINAL,harsanyi,AC,0.22391784191131592
A,A_0024,FINAL,harsanyi,AD,0.06834042072296143
A,A_0024,FINAL,harsanyi,BC,0.36828553676605225
A,A_0024,FINAL,harsanyi,BD,0.1405242681503296
A,A_0024,FINAL,harsanyi,CD,0.220147967338562
A,A_0024,FINAL,harsanyi,ABC,-0.36828553676605225
A,A_0024,FINAL,harsanyi,ABD,-0.06834042072296143
A,A_0024,FINAL,harsanyi,ACD,-0.22391784191131592
A,A_0024,FINAL,harsanyi,BCD,-0.36828553676605225
A,A_0024,FINAL,harsanyi,ABCD,0.2961016893386841
A,A_0024,FINAL,LOO,A,0.0
A,A_0024,FINAL,LOO,B,0.0
A,A_0024,FINAL,LOO,C,-0.14813756942749023
A,A_0024,FINAL,LOO,D,-0.07595372200012207
A,A_0025,STEP1,harsanyi,A,0.10186243057250977
A,A_0025,STEP1,harsanyi,B,0.052816152572631836
A,A_0025,STEP1,harsanyi,C,0.2626776695251465
A,A_0025,STEP1,harsanyi,D,0.10186243057250977
A,A_0025,STEP1,harsanyi,AB,-0.00743982195854187
A,A_0025,STEP1,harsanyi,AC,-0.2626776695251465
A,A_0025,STEP1,harsanyi,AD,-0.01465645432472229
A,A_0025,STEP1,harsanyi,BC,-0.21363139152526855
A,A_0025,STEP1,harsanyi,BD,-0.052816152572631836
A,A_0025,STEP1,harsanyi,CD,-0.06975078582763672
A,A_0025,STEP1,harsanyi,ABC,0.25546103715896606
A,A_0025,STEP1,harsanyi,ABD,0.00743982195854187
A,A_0025,STEP1,harsanyi,ACD,0.06975078582763672
A,A_0025,STEP1,harsanyi,BCD,-0.02834177017211914
A,A_0025,STEP1,harsanyi,ABCD,-0.05531752109527588
A,A_0025,STEP1,LOO,A,0.0944226086139679
A,A_0025,STEP1,LOO,B,-0.04182964563369751
A,A_0025,STEP1,LOO,C,-0.04182964563369751
A,A_0025,STEP1,LOO,D,-0.04182964563369751
A,A_0025,STEP2,harsanyi,A,0.0
A,A_0025,STEP2,harsanyi,B,0.08317029476165771
A,A_0025,STEP2,harsanyi,C,-0.5645424127578735
A,A_0025,STEP2,harsanyi,D,0.0
A,A_0025,STEP2,harsanyi,AB,0.22776126861572266
A,A_0025,STEP2,harsanyi,AC,0.5645424127578735
A,A_0025,STEP2,harsanyi,AD,0.0
A,A_0025,STEP2,harsanyi,BC,0.4813721179962158
A,A_0025,STEP2,harsanyi,BD,-0.08317029476165771
A,A_0025,STEP2,harsanyi,CD,0.19948434829711914
A,A_0025,STEP2,harsanyi,ABC,-0.629509687423706
A,A_0025,STEP2,harsanyi,ABD,0.01098644733428955
A,A_0025,STEP2,harsanyi,ACD,-0.19948434829711914
A,A_0025,STEP2,harsanyi,BCD,-0.03314375877380371
A,A_0025,STEP2,harsanyi,ABCD,0.025703907012939453
A,A_0025,STEP2,LOO,A,0.0
A,A_0025,STEP2,LOO,B,0.08317029476165771
A,A_0025,STEP2,LOO,C,-0.1555774211883545
A,A_0025,STEP2,LOO,D,-0.07962369918823242
A,A_0025,FINAL,harsanyi,A,0.10947573184967041
A,A_0025,FINAL,harsanyi,B,0.15852200984954834
A,A_0025,FINAL,harsanyi,C,0.2038983404636383
A,A_0025,FINAL,harsanyi,D,0.10947573184967041
A,A_0025,FINAL,harsanyi,AB,-0.21133816242218018
A,A_0025,FINAL,harsanyi,AC,-0.25671449303627014
A,A_0025,FINAL,harsanyi,AD,-0.10947573184967041
A,A_0025,FINAL,harsanyi,BC,-0.30576077103614807
A,A_0025,FINAL,harsanyi,BD,-0.15852200984954834
A,A_0025,FINAL,harsanyi,CD,-0.2038983404636383
A,A_0025,FINAL,harsanyi,ABC,0.3585769236087799
A,A_0025,FINAL,harsanyi,ABD,0.21133816242218018
A,A_0025,FINAL,harsanyi,ACD,0.30576077103614807
A,A_0025,FINAL,harsanyi,BCD,0.30576077103614807
A,A_0025,FINAL,harsanyi,ABCD,-0.3585769236087799
A,A_0025,FINAL,LOO,A,0.04904627799987793
A,A_0025,FINAL,LOO,B,0.0
A,A_0025,FINAL,LOO,C,0.04904627799987793
A,A_0025,FINAL,LOO,D,0.10186243057250977
A,A_0026,STEP1,harsanyi,A,0.19334042072296143
A,A_0026,STEP1,harsanyi,B,-0.07218384742736816
A,A_0026,STEP1,harsanyi,C,-0.4873223304748535
A,A_0026,STEP1,harsanyi,D,-0.14813756942749023
A,A_0026,STEP1,harsanyi,AB,-0.12115657329559326
A,A_0026,STEP1,harsanyi,AC,0.3623223304748535
A,A_0026,STEP1,harsanyi,AD,-0.04520285129547119
A,A_0026,STEP1,harsanyi,BC,0.41136860847473145
A,A_0026,STEP1,harsanyi,BD,0.07218384742736816
A,A_0026,STEP1,harsanyi,CD,0.05524921417236328
A,A_0026,STEP1,harsanyi,ABC,-0.3585524559020996
A,A_0026,STEP1,harsanyi,ABD,0.0489727258682251
A,A_0026,STEP1,harsanyi,ACD,-0.0024330615997314453
A,A_0026,STEP1,harsanyi,BCD,0.09665822982788086
A,A_0026,STEP1,harsanyi,ABCD,-0.07729053497314453
A,A_0026,STEP1,LOO,A,0.0
A,A_0026,STEP1,LOO,B,0.0
A,A_0026,STEP1,LOO,C,0.0
A,A_0026,STEP1,LOO,D,0.0
A,A_0026,STEP2,harsanyi,A,0.0
A,A_0026,STEP2,harsanyi,B,0.08317029476165771
A,A_0026,STEP2,harsanyi,C,-0.5645424127578735
A,A_0026,STEP2,harsanyi,D,0.0
A,A_0026,STEP2,harsanyi,AB,0.22776126861572266
A,A_0026,STEP2,harsanyi,AC,0.5645424127578735
A,A_0026,STEP2,harsanyi,AD,0.08317029476165771
A,A_0026,STEP2,harsanyi,BC,0.4813721179962158
A,A_0026,STEP2,harsanyi,BD,-0.08317029476165771
A,A_0026,STEP2,harsanyi,CD,0.19948434829711914
A,A_0026,STEP2,harsanyi,ABC,-0.629509687423706
A,A_0026,STEP2,harsanyi,ABD,-0.07218384742736816
A,A_0026,STEP2,harsanyi,ACD,-0.28265464305877686
A,A_0026,STEP2,harsanyi,BCD,-0.03314375877380371
A,A_0026,STEP2,harsanyi,ABCD,0.10887420177459717
A,A_0026,STEP2,LOO,A,0.0
A,A_0026,STEP2,LOO,B,0.08317029476165771
A,A_0026,STEP2,LOO,C,-0.1555774211883545
A,A_0026,STEP2,LOO,D,-0.07962369918823242
A,A_0026,FINAL,harsanyi,A,-0.06834042072296143
A,A_0026,FINAL,harsanyi,B,-0.21647799015045166
A,A_0026,FINAL,harsanyi,C,-0.2961016893386841
A,A_0026,FINAL,harsanyi,D,-0.1405242681503296
A,A_0026,FINAL,harsanyi,AB,0.2848184108734131
A,A_0026,FINAL,harsanyi,AC,0.22391784191131592
A,A_0026,FINAL,harsanyi,AD,0.06834042072296143
A,A_0026,FINAL,harsanyi,BC,0.4442392587661743
A,A_0026,FINAL,harsanyi,BD,0.21647799015045166
A,A_0026,FINAL,harsanyi,CD,0.2961016893386841
A,A_0026,FINAL,harsanyi,ABC,-0.4403958320617676
A,A_0026,FINAL,harsanyi,ABD,-0.2848184108734131
A,A_0026,FINAL,harsanyi,ACD,-0.299871563911438
A,A_0026,FINAL,harsanyi,BCD,-0.4442392587661743
A,A_0026,FINAL,harsanyi,ABCD,0.4403958320617676
A,A_0026,FINAL,LOO,A,-0.07595372200012207
A,A_0026,FINAL,LOO,B,0.0
A,A_0026,FINAL,LOO,C,-0.07595372200012207
A,A_0026,FINAL,LOO,D,-0.14813756942749023
A,A_0027,STEP1,harsanyi,A,-0.14813756942749023
A,A_0027,STEP1,harsanyi,B,-0.07218384742736816
A,A_0027,STEP1,harsanyi,C,-0.4873223304748535
A,A_0027,STEP1,harsanyi,D,-0.14813756942749023
A,A_0027,STEP1,harsanyi,AB,0.07218384742736816
A,A_0027,STEP1,harsanyi,AC,0.4873223304748535
A,A_0027,STEP1,harsanyi,AD,0.06851387023925781
A,A_0027,STEP1,harsanyi,BC,0.41136860847473145
A,A_0027,STEP1,harsanyi,BD,-0.09061026573181152
A,A_0027,STEP1,harsanyi,CD,0.14813756942749023
A,A_0027,STEP1,harsanyi,ABC,-0.5741626024246216
A,A_0027,STEP1,harsanyi,ABD,-0.07913362979888916
A,A_0027,STEP1,harsanyi,ACD,-0.14813756942749023
A,A_0027,STEP1,harsanyi,BCD,-0.07218384742736816
A,A_0027,STEP1,harsanyi,ABCD,0.14516067504882812
A,A_0027,STEP1,LOO,A,-0.1763906478881836
A,A_0027,STEP1,LOO,B,-0.25956106185913086
A,A_0027,STEP1,LOO,C,-0.08981716632843018
A,A_0027,STEP1,LOO,D,-0.17639076709747314
A,A_0027,STEP2,harsanyi,A,0.0
A,A_0027,STEP2,harsanyi,B,0.0
A,A_0027,STEP2,harsanyi,C,0.18545767664909363
A,A_0027,STEP2,harsanyi,D,0.03842642903327942
A,A_0027,STEP2,harsanyi,AB,-0.18906840682029724
A,A_0027,STEP2,harsanyi,AC,-0.18545767664909363
A,A_0027,STEP2,harsanyi,AD,-0.03842642903327942
A,A_0027,STEP2,harsanyi,BC,-0.18545767664909363
A,A_0027,STEP2,harsanyi,BD,-0.1256324052810669
A,A_0027,STEP2,harsanyi,CD,-0.08894214034080505
A,A_0027,STEP2,harsanyi,ABC,0.2873201072216034
A,A_0027,STEP2,harsanyi,ABD,0.1256324052810669
A,A_0027,STEP2,harsanyi,ACD,0.08894214034080505
A,A_0027,STEP2,harsanyi,BCD,0.08894214034080505
A,A_0027,STEP2,harsanyi,ABCD,-0.0017361640930175781
A,A_0027,STEP2,LOO,A,0.08720597624778748
A,A_0027,STEP2,LOO,B,0.0
A,A_0027,STEP2,LOO,C,0.18906840682029724
A,A_0027,STEP2,LOO,D,0.08720597624778748
A,A_0027,FINAL,harsanyi,A,0.10947573184967041
A,A_0027,FINAL,harsanyi,B,0.10947573184967041
A,A_0027,FINAL,harsanyi,C,0.2038983404636383
A,A_0027,FINAL,harsanyi,D,0.10947573184967041
A,A_0027,FINAL,harsanyi,AB,-0.16229188442230225
A,A_0027,FINAL,harsanyi,AC,-0.25671449303627014
A,A_0027,FINAL,harsanyi,AD,-0.10947573184967041
A,A_0027,FINAL,harsanyi,BC,-0.25671449303627014
A,A_0027,FINAL,harsanyi,BD,-0.10947573184967041
A,A_0027,FINAL,harsanyi,CD,-0.15485206246376038
A,A_0027,FINAL,harsanyi,ABC,0.3623467981815338
A,A_0027,FINAL,harsanyi,ABD,0.16229188442230225
A,A_0027,FINAL,harsanyi,ACD,0.25671449303627014
A,A_0027,FINAL,harsanyi,BCD,0.25671449303627014
A,A_0027,FINAL,harsanyi,ABCD,-0.31697046756744385
A,A_0027,FINAL,LOO,A,0.045376330614089966
A,A_0027,FINAL,LOO,B,0.045376330614089966
A,A_0027,FINAL,LOO,C,0.0944226086139679
A,A_0027,FINAL,LOO,D,0.0944226086139679
A,A_0028,STEP1,harsanyi,A,0.19334042072296143
A,A_0028,STEP1,harsanyi,B,-0.07218384742736816
A,A_0028,STEP1,harsanyi,C,-0.14813756942749023
A,A_0028,STEP1,harsanyi,D,-0.14813756942749023
A,A_0028,STEP1,harsanyi,AB,-0.12115657329559326
A,A_0028,STEP1,harsanyi,AC,0.023137569427490234
A,A_0028,STEP1,harsanyi,AD,-0.04520285129547119
A,A_0028,STEP1,harsanyi,BC,-0.007439851760864258
A,A_0028,STEP1,harsanyi,BD,0.07218384742736816
A,A_0028,STEP1,harsanyi,CD,0.3646155595779419
A,A_0028,STEP1,harsanyi,ABC,-0.015697717666625977
A,A_0028,STEP1,harsanyi,ABD,0.0489727258682251
A,A_0028,STEP1,harsanyi,ACD,-0.31179940700531006
A,A_0028,STEP1,harsanyi,BCD,-0.2090381383895874
A,A_0028,STEP1,harsanyi,ABCD,0.3043595552444458
A,A_0028,STEP1,LOO,A,0.07595372200012207
A,A_0028,STEP1,LOO,B,0.0
A,A_0028,STEP1,LOO,C,0.0
A,A_0028,STEP1,LOO,D,0.07595372200012207
A,A_0028,STEP2,harsanyi,A,0.0
A,A_0028,STEP2,harsanyi,B,0.08317029476165771
A,A_0028,STEP2,harsanyi,C,0.0
A,A_0028,STEP2,harsanyi,D,-0.08657348155975342
A,A_0028,STEP2,harsanyi,AB,0.22776126861572266
A,A_0028,STEP2,harsanyi,AC,0.31093156337738037
A,A_0028,STEP2,harsanyi,AD,0.16974377632141113
A,A_0028,STEP2,harsanyi,BC,0.22776126861572266
A,A_0028,STEP2,harsanyi,BD,0.08657348155975342
A,A_0028,STEP2,harsanyi,CD,0.24936747550964355
A,A_0028,STEP2,harsanyi,ABC,-0.40590059757232666
A,A_0028,STEP2,harsanyi,ABD,-0.2419276237487793
A,A_0028,STEP2,harsanyi,ACD,-0.33253777027130127
A,A_0028,STEP2,harsanyi,BCD,-0.24936747550964355
A,A_0028,STEP2,harsanyi,ABCD,0.40472161769866943
A,A_0028,STEP2,LOO,A,0.13279223442077637
A,A_0028,STEP2,LOO,B,0.13279223442077637
A,A_0028,STEP2,LOO,C,0.20497608184814453
A,A_0028,STEP2,LOO,D,0.0
A,A_0028,FINAL,harsanyi,A,-0.06834042072296143
A,A_0028,FINAL,harsanyi,B,-0.21647799015045166
A,A_0028,FINAL,harsanyi,C,-0.1405242681503296
A,A_0028,FINAL,harsanyi,D,-0.1405242681503296
A,A_0028,FINAL,harsanyi,AB,0.2848184108734131
A,A_0028,FINAL,harsanyi,AC,0.06834042072296143
A,A_0028,FINAL,harsanyi,AD,0.06834042072296143
A,A_0028,FINAL,harsanyi,BC,0.21647799015045166
A,A_0028,FINAL,harsanyi,BD,0.21647799015045166
A,A_0028,FINAL,harsanyi,CD,0.21270811557769775
A,A_0028,FINAL,harsanyi,ABC,-0.21263456344604492
A,A_0028,FINAL,harsanyi,ABD,-0.2848184108734131
A,A_0028,FINAL,harsanyi,ACD,-0.1405242681503296
A,A_0028,FINAL,harsanyi,BCD,-0.2886618375778198
A,A_0028,FINAL,harsanyi,ABCD,0.20886468887329102
A,A_0028,FINAL,LOO,A,-0.07595372200012207
A,A_0028,FINAL,LOO,B,-0.07595372200012207
A,A_0028,FINAL,LOO,C,-0.07595372200012207
A,A_0028,FINAL,LOO,D,-0.14813756942749023
A,A_0029,STEP1,harsanyi,A,0.10186243057250977
A,A_0029,STEP1,harsanyi,B,0.052816152572631836
A,A_0029,STEP1,harsanyi,C,0.10186243057250977
A,A_0029,STEP1,harsanyi,D,0.10186243057250977
A,A_0029,STEP1,harsanyi,AB,-0.00743982195854187
A,A_0029,STEP1,harsanyi,AC,-0.01465645432472229
A,A_0029,STEP1,harsanyi,AD,-0.01465645432472229
A,A_0029,STEP1,harsanyi,BC,-0.00743982195854187
A,A_0029,STEP1,harsanyi,BD,-0.052816152572631836
A,A_0029,STEP1,harsanyi,CD,-0.20372486114501953
A,A_0029,STEP1,harsanyi,ABC,-0.037936508655548096
A,A_0029,STEP1,harsanyi,ABD,0.00743982195854187
A,A_0029,STEP1,harsanyi,ACD,0.15494531393051147
A,A_0029,STEP1,harsanyi,BCD,0.10930225253105164
A,A_0029,STEP1,harsanyi,ABCD,-0.1441819965839386
A,A_0029,STEP1,LOO,A,0.045376330614089966
A,A_0029,STEP1,LOO,B,-0.08025607466697693
A,A_0029,STEP1,LOO,C,-0.04182964563369751
A,A_0029,STEP1,LOO,D,-0.04182964563369751
A,A_0029,STEP2,harsanyi,A,0.0
A,A_0029,STEP2,harsanyi,B,-0.04182964563369751
A,A_0029,STEP2,harsanyi,C,0.0
A,A_0029,STEP2,harsanyi,D,0.0
A,A_0029,STEP2,harsanyi,AB,-0.14723876118659973
A,A_0029,STEP2,harsanyi,AC,-0.18906840682029724
A,A_0029,STEP2,harsanyi,AD,0.0
A,A_0029,STEP2,harsanyi,BC,-0.14723876118659973
A,A_0029,STEP2,harsanyi,BD,0.04182964563369751
A,A_0029,STEP2,harsanyi,CD,-0.08720597624778748
A,A_0029,STEP2,harsanyi,ABC,0.21909940242767334
A,A_0029,STEP2,harsanyi,ABD,0.010986506938934326
A,A_0029,STEP2,harsanyi,ACD,0.08720597624778748
A,A_0029,STEP2,harsanyi,BCD,0.045376330614089966
A,A_0029,STEP2,harsanyi,ABCD,-0.03764429688453674
A,A_0029,STEP2,LOO,A,-0.056659579277038574
A,A_0029,STEP2,LOO,B,-0.056659579277038574
A,A_0029,STEP2,LOO,C,-0.10947573184967041
A,A_0029,STEP2,LOO,D,0.06054818630218506
A,A_0029,FINAL,harsanyi,A,-0.1405242681503296
A,A_0029,FINAL,harsanyi,B,-0.21647799015045166
A,A_0029,FINAL,harsanyi,C,-0.1405242681503296
A,A_0029,FINAL,harsanyi,D,-0.1405242681503296
A,A_0029,FINAL,harsanyi,AB,0.2886618375778198
A,A_0029,FINAL,harsanyi,AC,0.1405242681503296
A,A_0029,FINAL,harsanyi,AD,0.1405242681503296
A,A_0029,FINAL,harsanyi,BC,0.21647799015045166
A,A_0029,FINAL,harsanyi,BD,0.21647799015045166
A,A_0029,FINAL,harsanyi,CD,0.21270811557769775
A,A_0029,FINAL,harsanyi,ABC,-0.2886618375778198
A,A_0029,FINAL,harsanyi,ABD,-0.2886618375778198
A,A_0029,FINAL,harsanyi,ACD,-0.2886618375778198
A,A_0029,FINAL,harsanyi,BCD,-0.3646155595779419
A,A_0029,FINAL,harsanyi,ABCD,0.43679940700531006
A,A_0029,FINAL,LOO,A,0.0
A,A_0029,FINAL,LOO,B,0.0
A,A_0029,FINAL,LOO,C,-0.07595372200012207
A,A_0029,FINAL,LOO,D,-0.07595372200012207
A,A_0030,STEP1,harsanyi,A,0.10186243057250977
A,A_0030,STEP1,harsanyi,B,0.052816152572631836
A,A_0030,STEP1,harsanyi,C,0.10186243057250977
A,A_0030,STEP1,harsanyi,D,0.10186243057250977
A,A_0030,STEP1,harsanyi,AB,-0.00743982195854187
A,A_0030,STEP1,harsanyi,AC,-0.01465645432472229
A,A_0030,STEP1,harsanyi,AD,-0.0564860999584198
A,A_0030,STEP1,harsanyi,BC,-0.00743982195854187
A,A_0030,STEP1,harsanyi,BD,-0.052816152572631836
A,A_0030,STEP1,harsanyi,CD,-0.2603844404220581
A,A_0030,STEP1,harsanyi,ABC,-0.037936508655548096
A,A_0030,STEP1,harsanyi,ABD,0.00743982195854187
A,A_0030,STEP1,harsanyi,ACD,0.25343453884124756
A,A_0030,STEP1,harsanyi,BCD,0.1659618318080902
A,A_0030,STEP1,harsanyi,ABCD,-0.15901193022727966
A,A_0030,STEP1,LOO,A,0.08720597624778748
A,A_0030,STEP1,LOO,B,-0.03842642903327942
A,A_0030,STEP1,LOO,C,0.04182964563369751
A,A_0030,STEP1,LOO,D,0.0
A,A_0030,STEP2,harsanyi,A,0.0
A,A_0030,STEP2,harsanyi,B,0.08317029476165771
A,A_0030,STEP2,harsanyi,C,0.0
A,A_0030,STEP2,harsanyi,D,-0.08657348155975342
A,A_0030,STEP2,harsanyi,AB,0.22776126861572266
A,A_0030,STEP2,harsanyi,AC,0.31093156337738037
A,A_0030,STEP2,harsanyi,AD,0.08657348155975342
A,A_0030,STEP2,harsanyi,BC,0.22776126861572266
A,A_0030,STEP2,harsanyi,BD,0.08657348155975342
A,A_0030,STEP2,harsanyi,CD,0.24936747550964355
A,A_0030,STEP2,harsanyi,ABC,-0.40590059757232666
A,A_0030,STEP2,harsanyi,ABD,-0.15875732898712158
A,A_0030,STEP2,harsanyi,ACD,-0.24936747550964355
A,A_0030,STEP2,harsanyi,BCD,-0.24936747550964355
A,A_0030,STEP2,harsanyi,ABCD,0.3215513229370117
A,A_0030,STEP2,LOO,A,0.13279223442077637
A,A_0030,STEP2,LOO,B,0.13279223442077637
A,A_0030,STEP2,LOO,C,0.20497608184814453
A,A_0030,STEP2,LOO,D,0.0
A,A_0030,FINAL,harsanyi,A,0.10947573184967041
A,A_0030,FINAL,harsanyi,B,0.15852200984954834
A,A_0030,FINAL,harsanyi,C,0.10947573184967041
A,A_0030,FINAL,harsanyi,D,0.10947573184967041
A,A_0030,FINAL,harsanyi,AB,-0.21133816242218018
A,A_0030,FINAL,harsanyi,AC,-0.10947573184967041
A,A_0030,FINAL,harsanyi,AD,-0.10947573184967041
A,A_0030,FINAL,harsanyi,BC,-0.15852200984954834
A,A_0030,FINAL,harsanyi,BD,-0.15852200984954834
A,A_0030,FINAL,harsanyi,CD,-0.16229188442230225
A,A_0030,FINAL,harsanyi,ABC,0.21133816242218018
A,A_0030,FINAL,harsanyi,ABD,0.21133816242218018
A,A_0030,FINAL,harsanyi,ACD,0.21133816242218018
A,A_0030,FINAL,harsanyi,BCD,0.21133816242218018
A,A_0030,FINAL,harsanyi,ABCD,-0.264154314994812
A,A_0030,FINAL,LOO,A,0.04904627799987793
A,A_0030,FINAL,LOO,B,0.0
A,A_0030,FINAL,LOO,C,0.04904627799987793
A,A_0030,FINAL,LOO,D,0.04904627799987793
A,A_0031,STEP1,harsanyi,A,-0.18165957927703857
A,A_0031,STEP1,harsanyi,B,0.052816152572631836
A,A_0031,STEP1,harsanyi,C,0.2626776695251465
A,A_0031,STEP1,harsanyi,D,0.10186243057250977
A,A_0031,STEP1,harsanyi,AB,0.12884342670440674
A,A_0031,STEP1,harsanyi,AC,-0.13767766952514648
A,A_0031,STEP1,harsanyi,AD,0.07979714870452881
A,A_0031,STEP1,harsanyi,BC,-0.21363139152526855
A,A_0031,STEP1,harsanyi,BD,0.03438982367515564
A,A_0031,STEP1,harsanyi,CD,-0.06975078582763672
A,A_0031,STEP1,harsanyi,ABC,0.19049382209777832
A,A_0031,STEP1,harsanyi,ABD,-0.026980996131896973
A,A_0031,STEP1,harsanyi,ACD,-0.0024330615997314453
A,A_0031,STEP1,harsanyi,BCD,0.02070450782775879
A,A_0031,STEP1,harsanyi,ABCD,-0.0922127366065979
A,A_0031,STEP1,LOO,A,-0.04182964563369751
A,A_0031,STEP1,LOO,B,0.0944226086139679
A,A_0031,STEP1,LOO,C,-0.04182964563369751
A,A_0031,STEP1,LOO,D,0.045376330614089966
A,A_0031,STEP2,harsanyi,A,0.0
A,A_0031,STEP2,harsanyi,B,0.0
A,A_0031,STEP2,harsanyi,C,-0.5645424127578735
A,A_0031,STEP2,harsanyi,D,0.0
A,A_0031,STEP2,harsanyi,AB,0.2387477159500122
A,A_0031,STEP2,harsanyi,AC,0.5645424127578735
A,A_0031,STEP2,harsanyi,AD,0.08317029476165771
A,A_0031,STEP2,harsanyi,BC,0.5645424127578735
A,A_0031,STEP2,harsanyi,BD,0.2387477159500122
A,A_0031,STEP2,harsanyi,CD,0.19948434829711914
A,A_0031,STEP2,harsanyi,ABC,-0.6404961347579956
A,A_0031,STEP2,harsanyi,ABD,-0.3219180107116699
A,A_0031,STEP2,harsanyi,ACD,-0.28265464305877686
A,A_0031,STEP2,harsanyi,BCD,-0.2754380702972412
A,A_0031,STEP2,harsanyi,ABCD,0.27898478507995605
A,A_0031,STEP2,LOO,A,-0.07962357997894287
A,A_0031,STEP2,LOO,B,0.08317041397094727
A,A_0031,STEP2,LOO,C,-0.15557730197906494
A,A_0031,STEP2,LOO,D,-0.07962357997894287
A,A_0031,FINAL,harsanyi,A,0.056659579277038574
A,A_0031,FINAL,harsanyi,B,0.10947573184967041
A,A_0031,FINAL,harsanyi,C,0.2038983404636383
A,A_0031,FINAL,harsanyi,D,0.10947573184967041
A,A_0031,FINAL,harsanyi,AB,-0.10947573184967041
A,A_0031,FINAL,harsanyi,AC,-0.15108218789100647
A,A_0031,FINAL,harsanyi,AD,-0.056659579277038574
A,A_0031,FINAL,harsanyi,BC,-0.25671449303627014
A,A_0031,FINAL,harsanyi,BD,-0.16229188442230225
A,A_0031,FINAL,harsanyi,CD,-0.2038983404636383
A,A_0031,FINAL,harsanyi,ABC,0.25671449303627014
A,A_0031,FINAL,harsanyi,ABD,0.21133816242218018
A,A_0031,FINAL,harsanyi,ACD,0.2001284658908844
A,A_0031,FINAL,harsanyi,BCD,0.309530645608902
A,A_0031,FINAL,harsanyi,ABCD,-0.3585769236087799
A,A_0031,FINAL,LOO,A,0.04904627799987793
A,A_0031,FINAL,LOO,B,0.0
A,A_0031,FINAL,LOO,C,0.0
A,A_0031,FINAL,LOO,D,0.04904627799987793
A,A_0032,STEP1,harsanyi,A,-0.2809298038482666
A,A_0032,STEP1,harsanyi,B,-0.7130029201507568
A,A_0032,STEP1,harsanyi,C,0.06054818630218506
A,A_0032,STEP1,harsanyi,D,-0.13279223442077637
A,A_0032,STEP1,harsanyi,AB,0.7889566421508789
A,A_0032,STEP1,harsanyi,AC,-0.2233421802520752
A,A_0032,STEP1,harsanyi,AD,0.20874595642089844
A,A_0032,STEP1,harsanyi,BC,-0.3558114767074585
A,A_0032,STEP1,harsanyi,BD,0.03701329231262207
A,A_0032,STEP1,harsanyi,CD,0.07224404811859131
A,A_0032,STEP1,harsanyi,ABC,0.19328415393829346
A,A_0032,STEP1,harsanyi,ABD,-0.26854443550109863
A,A_0032,STEP1,harsanyi,ACD,-0.14819777011871338
A,A_0032,STEP1,harsanyi,BCD,0.12453567981719971
A,A_0032,STEP1,harsanyi,ABCD,0.10699546337127686
A,A_0032,STEP1,LOO,A,0.37696802616119385
A,A_0032,STEP1,LOO,B,-0.08657360076904297
A,A_0032,STEP1,LOO,C,-0.16974389553070068
A,A_0032,STEP1,LOO,D,0.0
A,A_0032,STEP2,harsanyi,A,0.08657360076904297
A,A_0032,STEP2,harsanyi,B,0.2493675947189331
A,A_0032,STEP2,harsanyi,C,0.39750516414642334
A,A_0032,STEP2,harsanyi,D,0.2493675947189331
A,A_0032,STEP2,harsanyi,AB,0.19435620307922363
A,A_0032,STEP2,harsanyi,AC,-0.08657360076904297
A,A_0032,STEP2,harsanyi,AD,-0.3359411954879761
A,A_0032,STEP2,harsanyi,BC,-0.32155144214630127
A,A_0032,STEP2,harsanyi,BD,-0.2493675947189331
A,A_0032,STEP2,harsanyi,CD,-0.2493675947189331
A,A_0032,STEP2,harsanyi,ABC,-0.12217235565185547
A,A_0032,STEP2,harsanyi,ABD,-0.0246121883392334
A,A_0032,STEP2,harsanyi,ACD,0.3359411954879761
A,A_0032,STEP2,harsanyi,BCD,0.2493675947189331
A,A_0032,STEP2,harsanyi,ABCD,0.09295260906219482
A,A_0032,STEP2,LOO,A,0.1405242681503296
A,A_0032,STEP2,LOO,B,0.06834042072296143
A,A_0032,STEP2,LOO,C,0.29610157012939453
A,A_0032,STEP2,LOO,D,0.06834042072296143
A,A_0032,FINAL,harsanyi,A,-0.1405242681503296
A,A_0032,FINAL,harsanyi,B,-0.21647799015045166
A,A_0032,FINAL,harsanyi,C,0.0
A,A_0032,FINAL,harsanyi,D,-0.06834042072296143
A,A_0032,FINAL,harsanyi,AB,0.4214540719985962
A,A_0032,FINAL,harsanyi,AC,0.07218384742736816
A,A_0032,FINAL,harsanyi,AD,0.1405242681503296
A,A_0032,FINAL,harsanyi,BC,0.21647799015045166
A,A_0032,FINAL,harsanyi,BD,0.1442941427230835
A,A_0032,FINAL,harsanyi,CD,0.0
A,A_0032,FINAL,harsanyi,ABC,-0.4214540719985962
A,A_0032,FINAL,harsanyi,ABD,-0.2809298038482666
A,A_0032,FINAL,harsanyi,ACD,-0.14436769485473633
A,A_0032,FINAL,harsanyi,BCD,-0.21647799015045166
A,A_0032,FINAL,harsanyi,ABCD,0.42529749870300293
A,A_0032,FINAL,LOO,A,0.07218384742736816
A,A_0032,FINAL,LOO,B,0.07218384742736816
A,A_0032,FINAL,LOO,C,-0.06834042072296143
A,A_0032,FINAL,LOO,D,0.0
A,A_0033,STEP1,harsanyi,A,0.17002391815185547
A,A_0033,STEP1,harsanyi,B,0.41199707984924316
A,A_0033,STEP1,harsanyi,C,-0.06445181369781494
A,A_0033,STEP1,harsanyi,D,0.17002391815185547
A,A_0033,STEP1,harsanyi,AB,-0.41199707984924316
A,A_0033,STEP1,harsanyi,AC,-0.04502391815185547
A,A_0033,STEP1,harsanyi,AD,-0.2794996500015259
A,A_0033,STEP1,harsanyi,BC,0.14418858289718628
A,A_0033,STEP1,harsanyi,BD,-0.17002391815185547
A,A_0033,STEP1,harsanyi,CD,-0.17002391815185547
A,A_0033,STEP1,harsanyi,ABC,0.01433342695236206
A,A_0033,STEP1,harsanyi,ABD,0.2794996500015259
A,A_0033,STEP1,harsanyi,ACD,0.2794996500015259
A,A_0033,STEP1,harsanyi,BCD,0.17002391815185547
A,A_0033,STEP1,harsanyi,ABCD,-0.3285459280014038
A,A_0033,STEP1,LOO,A,-0.32170993089675903
A,A_0033,STEP1,LOO,B,0.10947573184967041
A,A_0033,STEP1,LOO,C,0.0
A,A_0033,STEP1,LOO,D,-0.04904627799987793
A,A_0033,STEP2,harsanyi,A,0.08657360076904297
A,A_0033,STEP2,harsanyi,B,0.2493675947189331
A,A_0033,STEP2,harsanyi,C,0.3253213167190552
A,A_0033,STEP2,harsanyi,D,0.16974389553070068
A,A_0033,STEP2,harsanyi,AB,0.061563968658447266
A,A_0033,STEP2,harsanyi,AC,-0.5946004390716553
A,A_0033,STEP2,harsanyi,AD,-0.08657360076904297
A,A_0033,STEP2,harsanyi,BC,-0.2493675947189331
A,A_0033,STEP2,harsanyi,BD,-0.16974389553070068
A,A_0033,STEP2,harsanyi,CD,-0.16974389553070068
A,A_0033,STEP2,harsanyi,ABC,0.20771515369415283
A,A_0033,STEP2,harsanyi,ABD,-0.061563968658447266
A,A_0033,STEP2,harsanyi,ACD,0.35585272312164307
A,A_0033,STEP2,harsanyi,BCD,0.24192774295806885
A,A_0033,STEP2,harsanyi,ABCD,-0.19672870635986328
A,A_0033,STEP2,LOO,A,-0.22776126861572266
A,A_0033,STEP2,LOO,B,0.08317029476165771
A,A_0033,STEP2,LOO,C,-0.07962369918823242
A,A_0033,STEP2,LOO,D,0.08317029476165771
A,A_0033,FINAL,harsanyi,A,0.10947573184967041
A,A_0033,FINAL,harsanyi,B,0.15852200984954834
A,A_0033,FINAL,harsanyi,C,0.0
A,A_0033,FINAL,harsanyi,D,0.056659579277038574
A,A_0033,FINAL,harsanyi,AB,-0.26799774169921875
A,A_0033,FINAL,harsanyi,AC,-0.052816152572631836
A,A_0033,FINAL,harsanyi,AD,-0.16613531112670898
A,A_0033,FINAL,harsanyi,BC,-0.15852200984954834
A,A_0033,FINAL,harsanyi,BD,-0.15852200984954834
A,A_0033,FINAL,harsanyi,CD,-0.056659579277038574
A,A_0033,FINAL,harsanyi,ABC,0.15078997611999512
A,A_0033,FINAL,harsanyi,ABD,0.2074495553970337
A,A_0033,FINAL,harsanyi,ACD,0.10947573184967041
A,A_0033,FINAL,harsanyi,BCD,0.21518158912658691
A,A_0033,FINAL,harsanyi,ABCD,-0.14690136909484863
A,A_0033,FINAL,LOO,A,-0.056659579277038574
A,A_0033,FINAL,LOO,B,0.0
A,A_0033,FINAL,LOO,C,0.06054818630218506
A,A_0033,FINAL,LOO,D,0.06054818630218506
A,A_0034,STEP1,harsanyi,A,-0.20497608184814453
A,A_0034,STEP1,harsanyi,B,-0.13279223442077637
A,A_0034,STEP1,harsanyi,C,0.06054818630218506
A,A_0034,STEP1,harsanyi,D,-0.13279223442077637
A,A_0034,STEP1,harsanyi,AB,0.20497608184814453
A,A_0034,STEP1,harsanyi,AC,0.07997608184814453
A,A_0034,STEP1,harsanyi,AD,0.20497608184814453
A,A_0034,STEP1,harsanyi,BC,0.007792234420776367
A,A_0034,STEP1,harsanyi,BD,0.0606083869934082
A,A_0034,STEP1,harsanyi,CD,0.07224404811859131
A,A_0034,STEP1,harsanyi,ABC,-0.07997608184814453
A,A_0034,STEP1,harsanyi,ABD,-0.13279223442077637
A,A_0034,STEP1,harsanyi,ACD,-0.2127683162689209
A,A_0034,STEP1,harsanyi,BCD,0.0643916130065918
A,A_0034,STEP1,harsanyi,ABCD,0.07613265514373779
A,A_0034,STEP1,LOO,A,-0.06445181369781494
A,A_0034,STEP1,LOO,B,0.06834042072296143
A,A_0034,STEP1,LOO,C,0.06834042072296143
A,A_0034,STEP1,LOO,D,0.0
A,A_0034,STEP2,harsanyi,A,0.08657360076904297
A,A_0034,STEP2,harsanyi,B,0.2493675947189331
A,A_0034,STEP2,harsanyi,C,0.39750516414642334
A,A_0034,STEP2,harsanyi,D,0.2493675947189331
A,A_0034,STEP2,harsanyi,AB,-0.010619878768920898
A,A_0034,STEP2,harsanyi,AC,-0.6667842864990234
A,A_0034,STEP2,harsanyi,AD,-0.1661972999572754
A,A_0034,STEP2,harsanyi,BC,-0.32155144214630127
A,A_0034,STEP2,harsanyi,BD,-0.17341387271881104
A,A_0034,STEP2,harsanyi,CD,-0.2493675947189331
A,A_0034,STEP2,harsanyi,ABC,0.35208284854888916
A,A_0034,STEP2,harsanyi,ABD,0.01428985595703125
A,A_0034,STEP2,harsanyi,ACD,0.3489028215408325
A,A_0034,STEP2,harsanyi,BCD,0.17341387271881104
A,A_0034,STEP2,harsanyi,ABCD,-0.19699537754058838
A,A_0034,STEP2,LOO,A,-0.2387477159500122
A,A_0034,STEP2,LOO,B,0.08657360076904297
A,A_0034,STEP2,LOO,C,-0.16279399394989014
A,A_0034,STEP2,LOO,D,0.0
A,A_0034,FINAL,harsanyi,A,-0.1405242681503296
A,A_0034,FINAL,harsanyi,B,-0.06834042072296143
A,A_0034,FINAL,harsanyi,C,0.0
A,A_0034,FINAL,harsanyi,D,-0.06834042072296143
A,A_0034,FINAL,harsanyi,AB,0.20886468887329102
A,A_0034,FINAL,harsanyi,AC,0.1405242681503296
A,A_0034,FINAL,harsanyi,AD,0.1405242681503296
A,A_0034,FINAL,harsanyi,BC,0.06834042072296143
A,A_0034,FINAL,harsanyi,BD,0.06834042072296143
A,A_0034,FINAL,harsanyi,CD,0.0
A,A_0034,FINAL,harsanyi,ABC,-0.20886468887329102
A,A_0034,FINAL,harsanyi,ABD,-0.1405242681503296
A,A_0034,FINAL,harsanyi,ACD,-0.1405242681503296
A,A_0034,FINAL,harsanyi,BCD,-0.06834042072296143
A,A_0034,FINAL,harsanyi,ABCD,0.1405242681503296
A,A_0034,FINAL,LOO,A,0.0
A,A_0034,FINAL,LOO,B,0.0
A,A_0034,FINAL,LOO,C,-0.06834042072296143
A,A_0034,FINAL,LOO,D,-0.06834042072296143
A,A_0035,STEP1,harsanyi,A,0.2190701961517334
A,A_0035,STEP1,harsanyi,B,0.11720776557922363
A,A_0035,STEP1,harsanyi,C,-0.06445181369781494
A,A_0035,STEP1,harsanyi,D,0.17002391815185547
A,A_0035,STEP1,harsanyi,AB,-0.2190701961517334
A,A_0035,STEP1,harsanyi,AC,0.15165778994560242
A,A_0035,STEP1,harsanyi,AD,-0.27188634872436523
A,A_0035,STEP1,harsanyi,BC,-0.05275595188140869
A,A_0035,STEP1,harsanyi,BD,-0.2872316837310791
A,A_0035,STEP1,harsanyi,CD,-0.17002391815185547
A,A_0035,STEP1,harsanyi,ABC,0.15461838245391846
A,A_0035,STEP1,harsanyi,ABD,0.4419102668762207
A,A_0035,STEP1,harsanyi,ACD,0.31031277775764465
A,A_0035,STEP1,harsanyi,BCD,0.2872316837310791
A,A_0035,STEP1,harsanyi,ABCD,-0.5675426721572876
A,A_0035,STEP1,LOO,A,0.2190701961517334
A,A_0035,STEP1,LOO,B,-0.1256324052810669
A,A_0035,STEP1,LOO,C,0.04904627799987793
A,A_0035,STEP1,LOO,D,-0.08720597624778748
A,A_0035,STEP2,harsanyi,A,0.08657360076904297
A,A_0035,STEP2,harsanyi,B,0.2493675947189331
A,A_0035,STEP2,harsanyi,C,0.3253213167190552
A,A_0035,STEP2,harsanyi,D,0.16974389553070068
A,A_0035,STEP2,harsanyi,AB,0.061563968658447266
A,A_0035,STEP2,harsanyi,AC,-0.16252732276916504
A,A_0035,STEP2,harsanyi,AD,-0.25631749629974365
A,A_0035,STEP2,harsanyi,BC,-0.17718374729156494
A,A_0035,STEP2,harsanyi,BD,-0.09379017353057861
A,A_0035,STEP2,harsanyi,CD,-0.16974389553070068
A,A_0035,STEP2,harsanyi,ABC,0.014389753341674805
A,A_0035,STEP2,harsanyi,ABD,-0.1305677890777588
A,A_0035,STEP2,harsanyi,ACD,0.4044550657272339
A,A_0035,STEP2,harsanyi,BCD,0.16213059425354004
A,A_0035,STEP2,harsanyi,ABCD,0.046882033348083496
A,A_0035,STEP2,LOO,A,0.06445181369781494
A,A_0035,STEP2,LOO,B,0.13279223442077637
A,A_0035,STEP2,LOO,C,0.44372379779815674
A,A_0035,STEP2,LOO,D,0.13279223442077637
A,A_0035,FINAL,harsanyi,A,0.10947573184967041
A,A_0035,FINAL,harsanyi,B,0.056659579277038574
A,A_0035,FINAL,harsanyi,C,0.0
A,A_0035,FINAL,harsanyi,D,0.056659579277038574
A,A_0035,FINAL,harsanyi,AB,-0.22668349742889404
A,A_0035,FINAL,harsanyi,AC,-0.052816152572631836
A,A_0035,FINAL,harsanyi,AD,-0.16613531112670898
A,A_0035,FINAL,harsanyi,BC,-0.056659579277038574
A,A_0035,FINAL,harsanyi,BD,-0.056659579277038574
A,A_0035,FINAL,harsanyi,CD,-0.056659579277038574
A,A_0035,FINAL,harsanyi,ABC,0.22668349742889404
A,A_0035,FINAL,harsanyi,ABD,0.22668349742889404
A,A_0035,FINAL,harsanyi,ACD,0.16613531112670898
A,A_0035,FINAL,harsanyi,BCD,0.056659579277038574
A,A_0035,FINAL,harsanyi,ABCD,-0.22668349742889404
A,A_0035,FINAL,LOO,A,0.056659579277038574
A,A_0035,FINAL,LOO,B,0.0
A,A_0035,FINAL,LOO,C,0.056659579277038574
A,A_0035,FINAL,LOO,D,0.0
A,A_0036,STEP1,harsanyi,A,-0.2809298038482666
A,A_0036,STEP1,harsanyi,B,-0.7130029201507568
A,A_0036,STEP1,harsanyi,C,0.06054818630218506
A,A_0036,STEP1,harsanyi,D,-0.13279223442077637
A,A_0036,STEP1,harsanyi,AB,0.7889566421508789
A,A_0036,STEP1,harsanyi,AC,-0.22334229946136475
A,A_0036,STEP1,harsanyi,AD,0.20874595642089844
A,A_0036,STEP1,harsanyi,BC,-0.3558114767074585
A,A_0036,STEP1,harsanyi,BD,0.03701329231262207
A,A_0036,STEP1,harsanyi,CD,0.07224404811859131
A,A_0036,STEP1,harsanyi,ABC,0.193284273147583
A,A_0036,STEP1,harsanyi,ABD,-0.26854443550109863
A,A_0036,STEP1,harsanyi,ACD,-0.14819765090942383
A,A_0036,STEP1,harsanyi,BCD,0.02353489398956299
A,A_0036,STEP1,harsanyi,ABCD,0.20799612998962402
A,A_0036,STEP1,LOO,A,0.47796881198883057
A,A_0036,STEP1,LOO,B,-0.08657360076904297
A,A_0036,STEP1,LOO,C,-0.16974389553070068
A,A_0036,STEP1,LOO,D,0.0
A,A_0036,STEP2,harsanyi,A,-0.03842642903327942
A,A_0036,STEP2,harsanyi,B,-0.1256324052810669
A,A_0036,STEP2,harsanyi,C,-0.17467868328094482
A,A_0036,STEP2,harsanyi,D,-0.1256324052810669
A,A_0036,STEP2,harsanyi,AB,-0.18064376711845398
A,A_0036,STEP2,harsanyi,AC,0.08747270703315735
A,A_0036,STEP2,harsanyi,AD,0.1640588343143463
A,A_0036,STEP2,harsanyi,BC,0.1256324052810669
A,A_0036,STEP2,harsanyi,BD,0.1256324052810669
A,A_0036,STEP2,harsanyi,CD,0.016156673431396484
A,A_0036,STEP2,harsanyi,ABC,0.07878133654594421
A,A_0036,STEP2,harsanyi,ABD,0.10038769245147705
A,A_0036,STEP2,harsanyi,ACD,-0.10362938046455383
A,A_0036,STEP2,harsanyi,BCD,-0.06897282600402832
A,A_0036,STEP2,harsanyi,ABCD,-0.1080009937286377
A,A_0036,STEP2,LOO,A,0.0
A,A_0036,STEP2,LOO,B,-0.052816152572631836
A,A_0036,STEP2,LOO,C,-0.14723876118659973
A,A_0036,STEP2,LOO,D,0.0
A,A_0036,FINAL,harsanyi,A,0.10947573184967041
A,A_0036,FINAL,harsanyi,B,0.15852200984954834
A,A_0036,FINAL,harsanyi,C,0.0
A,A_0036,FINAL,harsanyi,D,0.056659579277038574
A,A_0036,FINAL,harsanyi,AB,-0.3285459280014038
A,A_0036,FINAL,harsanyi,AC,-0.052816152572631836
A,A_0036,FINAL,harsanyi,AD,-0.10947573184967041
A,A_0036,FINAL,harsanyi,BC,-0.15852200984954834
A,A_0036,FINAL,harsanyi,BD,-0.1057058572769165
A,A_0036,FINAL,harsanyi,CD,0.0
A,A_0036,FINAL,harsanyi,ABC,0.27188634872436523
A,A_0036,FINAL,harsanyi,ABD,0.2190701961517334
A,A_0036,FINAL,harsanyi,ACD,0.10563230514526367
A,A_0036,FINAL,harsanyi,BCD,0.15852200984954834
A,A_0036,FINAL,harsanyi,ABCD,-0.21522676944732666
A,A_0036,FINAL,LOO,A,0.0
A,A_0036,FINAL,LOO,B,0.0
A,A_0036,FINAL,LOO,C,0.10947573184967041
A,A_0036,FINAL,LOO,D,0.10947573184967041
A,A_0037,STEP1,harsanyi,A,0.2190701961517334
A,A_0037,STEP1,harsanyi,B,0.11720776557922363
A,A_0037,STEP1,harsanyi,C,-0.06445181369781494
A,A_0037,STEP1,harsanyi,D,0.11720776557922363
A,A_0037,STEP1,harsanyi,AB,-0.2190701961517334
A,A_0037,STEP1,harsanyi,AC,0.15165778994560242
A,A_0037,STEP1,harsanyi,AD,-0.16625404357910156
A,A_0037,STEP1,harsanyi,BC,0.007792234420776367
A,A_0037,STEP1,harsanyi,BD,-0.0643916130065918
A,A_0037,STEP1,harsanyi,CD,-0.05275595188140869
A,A_0037,STEP1,harsanyi,ABC,0.05224055051803589
A,A_0037,STEP1,harsanyi,ABD,0.16625404357910156
A,A_0037,STEP1,harsanyi,ACD,0.10180222988128662
A,A_0037,STEP1,harsanyi,BCD,-0.0606083869934082
A,A_0037,STEP1,harsanyi,ABCD,-0.04125404357910156
A,A_0037,STEP1,LOO,A,0.26444652676582336
A,A_0037,STEP1,LOO,B,-0.04182964563369751
A,A_0037,STEP1,LOO,C,0.0944226086139679
A,A_0037,STEP1,LOO,D,0.0
A,A_0037,STEP2,harsanyi,A,0.08657360076904297
A,A_0037,STEP2,harsanyi,B,0.2493675947189331
A,A_0037,STEP2,harsanyi,C,0.39750516414642334
A,A_0037,STEP2,harsanyi,D,0.2493675947189331
A,A_0037,STEP2,harsanyi,AB,0.061563968658447266
A,A_0037,STEP2,harsanyi,AC,-0.08657360076904297
A,A_0037,STEP2,harsanyi,AD,-0.3359411954879761
A,A_0037,STEP2,harsanyi,BC,-0.32155144214630127
A,A_0037,STEP2,harsanyi,BD,-0.17341387271881104
A,A_0037,STEP2,harsanyi,CD,-0.2493675947189331
A,A_0037,STEP2,harsanyi,ABC,0.07896029949188232
A,A_0037,STEP2,harsanyi,ABD,0.11184990406036377
A,A_0037,STEP2,harsanyi,ACD,0.3359411954879761
A,A_0037,STEP2,harsanyi,BCD,0.17341387271881104
A,A_0037,STEP2,harsanyi,ABCD,-0.11184990406036377
A,A_0037,STEP2,LOO,A,0.1405242681503296
A,A_0037,STEP2,LOO,B,0.06834042072296143
A,A_0037,STEP2,LOO,C,0.21647799015045166
A,A_0037,STEP2,LOO,D,0.0
A,A_0037,FINAL,harsanyi,A,0.10947573184967041
A,A_0037,FINAL,harsanyi,B,0.056659579277038574
A,A_0037,FINAL,harsanyi,C,0.0
A,A_0037,FINAL,harsanyi,D,0.056659579277038574
A,A_0037,FINAL,harsanyi,AB,-0.22668349742889404
A,A_0037,FINAL,harsanyi,AC,-0.052816152572631836
A,A_0037,FINAL,harsanyi,AD,-0.10947573184967041
A,A_0037,FINAL,harsanyi,BC,-0.056659579277038574
A,A_0037,FINAL,harsanyi,BD,-0.056659579277038574
A,A_0037,FINAL,harsanyi,CD,0.0
A,A_0037,FINAL,harsanyi,ABC,0.22668349742889404
A,A_0037,FINAL,harsanyi,ABD,0.17002391815185547
A,A_0037,FINAL,harsanyi,ACD,0.10563230514526367
A,A_0037,FINAL,harsanyi,BCD,0.056659579277038574
A,A_0037,FINAL,harsanyi,ABCD,-0.2228400707244873
A,A_0037,FINAL,LOO,A,0.0
A,A_0037,FINAL,LOO,B,-0.052816152572631836
A,A_0037,FINAL,LOO,C,0.056659579277038574
A,A_0037,FINAL,LOO,D,0.0
A,A_0038,STEP1,harsanyi,A,-0.2809298038482666
A,A_0038,STEP1,harsanyi,B,-0.7130029201507568
A,A_0038,STEP1,harsanyi,C,0.06054818630218506
A,A_0038,STEP1,harsanyi,D,-0.20497608184814453
A,A_0038,STEP1,harsanyi,AB,0.7889566421508789
A,A_0038,STEP1,harsanyi,AC,-0.2233421802520752
A,A_0038,STEP1,harsanyi,AD,0.35311365127563477
A,A_0038,STEP1,harsanyi,BC,-0.3558114767074585
A,A_0038,STEP1,harsanyi,BD,0.20497608184814453
A,A_0038,STEP1,harsanyi,CD,0.14442789554595947
A,A_0038,STEP1,harsanyi,ABC,0.19328415393829346
A,A_0038,STEP1,harsanyi,ABD,-0.42906737327575684
A,A_0038,STEP1,harsanyi,ACD,-0.20939505100250244
A,A_0038,STEP1,harsanyi,BCD,0.05505645275115967
A,A_0038,STEP1,harsanyi,ABCD,0.08586454391479492
A,A_0038,STEP1,LOO,A,0.278484582901001
A,A_0038,STEP1,LOO,B,-0.16974389553070068
A,A_0038,STEP1,LOO,C,-0.24936747550964355
A,A_0038,STEP1,LOO,D,1.1920928955078125e-07
A,A_0038,STEP2,harsanyi,A,-0.03842642903327942
A,A_0038,STEP2,harsanyi,B,-0.1256324052810669
A,A_0038,STEP2,harsanyi,C,-0.22749483585357666
A,A_0038,STEP2,harsanyi,D,-0.08025607466697693
A,A_0038,STEP2,harsanyi,AB,-0.18064376711845398
A,A_0038,STEP2,harsanyi,AC,0.03842642903327942
A,A_0038,STEP2,harsanyi,AD,0.11868250370025635
A,A_0038,STEP2,harsanyi,BC,0.17844855785369873
A,A_0038,STEP2,harsanyi,BD,0.08025607466697693
A,A_0038,STEP2,harsanyi,CD,0.08025607466697693
A,A_0038,STEP2,harsanyi,ABC,0.12782761454582214
A,A_0038,STEP2,harsanyi,ABD,0.10038769245147705
A,A_0038,STEP2,harsanyi,ACD,-0.17534208297729492
A,A_0038,STEP2,harsanyi,BCD,-0.08025607466697693
A,A_0038,STEP2,harsanyi,ABCD,-0.10038769245147705
A,A_0038,STEP2,LOO,A,-0.10947573184967041
A,A_0038,STEP2,LOO,B,0.0
A,A_0038,STEP2,LOO,C,-0.15852200984954834
A,A_0038,STEP2,LOO,D,-0.056659579277038574
A,A_0038,FINAL,harsanyi,A,0.10947573184967041
A,A_0038,FINAL,harsanyi,B,0.15852200984954834
A,A_0038,FINAL,harsanyi,C,0.0
A,A_0038,FINAL,harsanyi,D,0.056659579277038574
A,A_0038,FINAL,harsanyi,AB,-0.3285459280014038
A,A_0038,FINAL,harsanyi,AC,-0.052816152572631836
A,A_0038,FINAL,harsanyi,AD,-0.16613531112670898
A,A_0038,FINAL,harsanyi,BC,-0.15852200984954834
A,A_0038,FINAL,harsanyi,BD,-0.15852200984954834
A,A_0038,FINAL,harsanyi,CD,-0.056659579277038574
A,A_0038,FINAL,harsanyi,ABC,0.3285459280014038
A,A_0038,FINAL,harsanyi,ABD,0.3285459280014038
A,A_0038,FINAL,harsanyi,ACD,0.16613531112670898
A,A_0038,FINAL,harsanyi,BCD,0.21518158912658691
A,A_0038,FINAL,harsanyi,ABCD,-0.3852055072784424
A,A_0038,FINAL,LOO,A,0.0
A,A_0038,FINAL,LOO,B,0.0
A,A_0038,FINAL,LOO,C,0.056659579277038574
A,A_0038,FINAL,LOO,D,0.0
A,A_0039,STEP1,harsanyi,A,0.2190701961517334
A,A_0039,STEP1,harsanyi,B,0.11720776557922363
A,A_0039,STEP1,harsanyi,C,-0.06445181369781494
A,A_0039,STEP1,harsanyi,D,0.17002391815185547
A,A_0039,STEP1,harsanyi,AB,-0.2190701961517334
A,A_0039,STEP1,harsanyi,AC,0.15165778994560242
A,A_0039,STEP1,harsanyi,AD,-0.27188634872436523
A,A_0039,STEP1,harsanyi,BC,0.007792234420776367
A,A_0039,STEP1,harsanyi,BD,-0.2872316837310791
A,A_0039,STEP1,harsanyi,CD,-0.10557210445404053
A,A_0039,STEP1,harsanyi,ABC,0.05224055051803589
A,A_0039,STEP1,harsanyi,ABD,0.4419102668762207
A,A_0039,STEP1,harsanyi,ACD,0.16560488939285278
A,A_0039,STEP1,harsanyi,BCD,0.09777987003326416
A,A_0039,STEP1,harsanyi,ABCD,-0.2560051381587982
A,A_0039,STEP1,LOO,A,0.28352200984954834
A,A_0039,STEP1,LOO,B,-0.045376330614089966
A,A_0039,STEP1,LOO,C,0.04904627799987793
A,A_0039,STEP1,LOO,D,-0.045376330614089966
A,A_0039,STEP2,harsanyi,A,-0.03842642903327942
A,A_0039,STEP2,harsanyi,B,-0.1256324052810669
A,A_0039,STEP2,harsanyi,C,-0.22749483585357666
A,A_0039,STEP2,harsanyi,D,-0.08025607466697693
A,A_0039,STEP2,harsanyi,AB,-0.06343600153923035
A,A_0039,STEP2,harsanyi,AC,0.03842642903327942
A,A_0039,STEP2,harsanyi,AD,0.11868250370025635
A,A_0039,STEP2,harsanyi,BC,0.17844855785369873
A,A_0039,STEP2,harsanyi,BD,0.031209796667099
A,A_0039,STEP2,harsanyi,CD,0.08025607466697693
A,A_0039,STEP2,harsanyi,ABC,-0.046039730310440063
A,A_0039,STEP2,harsanyi,ABD,0.11943218111991882
A,A_0039,STEP2,harsanyi,ACD,-0.17534208297729492
A,A_0039,STEP2,harsanyi,BCD,-0.08402594923973083
A,A_0039,STEP2,harsanyi,ABCD,-0.009956449270248413
A,A_0039,STEP2,LOO,A,-0.056659579277038574
A,A_0039,STEP2,LOO,B,0.0
A,A_0039,STEP2,LOO,C,-0.24572798609733582
A,A_0039,STEP2,LOO,D,0.0
A,A_0039,FINAL,harsanyi,A,-0.1405242681503296
A,A_0039,FINAL,harsanyi,B,-0.06834042072296143
A,A_0039,FINAL,harsanyi,C,0.0
A,A_0039,FINAL,harsanyi,D,-0.06834042072296143
A,A_0039,FINAL,harsanyi,AB,0.27331650257110596
A,A_0039,FINAL,harsanyi,AC,0.07218384742736816
A,A_0039,FINAL,harsanyi,AD,0.20886468887329102
A,A_0039,FINAL,harsanyi,BC,0.06834042072296143
A,A_0039,FINAL,harsanyi,BD,0.06834042072296143
A,A_0039,FINAL,harsanyi,CD,0.06834042072296143
A,A_0039,FINAL,harsanyi,ABC,-0.27331650257110596
A,A_0039,FINAL,harsanyi,ABD,-0.27331650257110596
A,A_0039,FINAL,harsanyi,ACD,-0.20886468887329102
A,A_0039,FINAL,harsanyi,BCD,-0.13668084144592285
A,A_0039,FINAL,harsanyi,ABCD,0.3416569232940674
A,A_0039,FINAL,LOO,A,0.0
A,A_0039,FINAL,LOO,B,0.0
A,A_0039,FINAL,LOO,C,-0.06834042072296143
A,A_0039,FINAL,LOO,D,0.0
A,A_0040,STEP1,harsanyi,A,0.17002391815185547
A,A_0040,STEP1,harsanyi,B,0.41199707984924316
A,A_0040,STEP1,harsanyi,C,-0.06445181369781494
A,A_0040,STEP1,harsanyi,D,0.11720776557922363
A,A_0040,STEP1,harsanyi,AB,-0.41199707984924316
A,A_0040,STEP1,harsanyi,AC,-0.04502391815185547
A,A_0040,STEP1,harsanyi,AD,-0.17002391815185547
A,A_0040,STEP1,harsanyi,BC,0.14418858289718628
A,A_0040,STEP1,harsanyi,BD,-0.08798670768737793
A,A_0040,STEP1,harsanyi,CD,-0.05275595188140869
A,A_0040,STEP1,harsanyi,ABC,0.01433342695236206
A,A_0040,STEP1,harsanyi,ABD,0.08798670768737793
A,A_0040,STEP1,harsanyi,ACD,0.1622316837310791
A,A_0040,STEP1,harsanyi,BCD,0.02353489398956299
A,A_0040,STEP1,harsanyi,ABCD,-0.08019447326660156
A,A_0040,STEP1,LOO,A,-0.2726636528968811
A,A_0040,STEP1,LOO,B,0.10186243057250977
A,A_0040,STEP1,LOO,C,0.10186243057250977
A,A_0040,STEP1,LOO,D,0.0
A,A_0040,STEP2,harsanyi,A,-0.03842642903327942
A,A_0040,STEP2,harsanyi,B,-0.1256324052810669
A,A_0040,STEP2,harsanyi,C,-0.17467868328094482
A,A_0040,STEP2,harsanyi,D,-0.1256324052810669
A,A_0040,STEP2,harsanyi,AB,-0.06343600153923035
A,A_0040,STEP2,harsanyi,AC,0.2803995907306671
A,A_0040,STEP2,harsanyi,AD,0.08380275964736938
A,A_0040,STEP2,harsanyi,BC,0.1256324052810669
A,A_0040,STEP2,harsanyi,BD,0.1256324052810669
A,A_0040,STEP2,harsanyi,CD,0.016156673431396484
A,A_0040,STEP2,harsanyi,ABC,-0.04228490591049194
A,A_0040,STEP2,harsanyi,ABD,0.01805967092514038
A,A_0040,STEP2,harsanyi,ACD,-0.041621506214141846
A,A_0040,STEP2,harsanyi,BCD,-0.06897282600402832
A,A_0040,STEP2,harsanyi,ABCD,-0.049254417419433594
A,A_0040,STEP2,LOO,A,0.14723876118659973
A,A_0040,STEP2,LOO,B,-0.08025607466697693
A,A_0040,STEP2,LOO,C,0.045376330614089966
A,A_0040,STEP2,LOO,D,-0.04182964563369751
A,A_0040,FINAL,harsanyi,A,-0.1405242681503296
A,A_0040,FINAL,harsanyi,B,-0.21647799015045166
A,A_0040,FINAL,harsanyi,C,0.0
A,A_0040,FINAL,harsanyi,D,-0.06834042072296143
A,A_0040,FINAL,harsanyi,AB,0.35700225830078125
A,A_0040,FINAL,harsanyi,AC,0.07218384742736816
A,A_0040,FINAL,harsanyi,AD,0.1405242681503296
A,A_0040,FINAL,harsanyi,BC,0.21647799015045166
A,A_0040,FINAL,harsanyi,BD,0.1442941427230835
A,A_0040,FINAL,harsanyi,CD,0.0
A,A_0040,FINAL,harsanyi,ABC,-0.22421002388000488
A,A_0040,FINAL,harsanyi,ABD,-0.21647799015045166
A,A_0040,FINAL,harsanyi,ACD,-0.14436769485473633
A,A_0040,FINAL,harsanyi,BCD,-0.21647799015045166
A,A_0040,FINAL,harsanyi,ABCD,0.22805345058441162
A,A_0040,FINAL,LOO,A,0.07218384742736816
A,A_0040,FINAL,LOO,B,0.07218384742736816
A,A_0040,FINAL,LOO,C,-0.06834042072296143
A,A_0040,FINAL,LOO,D,-0.13279223442077637
A,A_0041,STEP1,harsanyi,A,-0.2809298038482666
A,A_0041,STEP1,harsanyi,B,-0.7130029201507568
A,A_0041,STEP1,harsanyi,C,0.06054818630218506
A,A_0041,STEP1,harsanyi,D,-0.20497608184814453
A,A_0041,STEP1,harsanyi,AB,0.7889566421508789
A,A_0041,STEP1,harsanyi,AC,-0.22334229946136475
A,A_0041,STEP1,harsanyi,AD,0.35311365127563477
A,A_0041,STEP1,harsanyi,BC,-0.3558114767074585
A,A_0041,STEP1,harsanyi,BD,0.20497608184814453
A,A_0041,STEP1,harsanyi,CD,0.20497608184814453
A,A_0041,STEP1,harsanyi,ABC,0.193284273147583
A,A_0041,STEP1,harsanyi,ABD,-0.42906737327575684
A,A_0041,STEP1,harsanyi,ACD,-0.43968701362609863
A,A_0041,STEP1,harsanyi,BCD,-0.20497608184814453
A,A_0041,STEP1,harsanyi,ABCD,0.6022143363952637
A,A_0041,STEP1,LOO,A,0.5645424127578735
A,A_0041,STEP1,LOO,B,0.08657348155975342
A,A_0041,STEP1,LOO,C,-0.16279399394989014
A,A_0041,STEP1,LOO,D,0.08657360076904297
A,A_0041,STEP2,harsanyi,A,0.08657360076904297
A,A_0041,STEP2,harsanyi,B,0.2493675947189331
A,A_0041,STEP2,harsanyi,C,0.3253213167190552
A,A_0041,STEP2,harsanyi,D,0.16974389553070068
A,A_0041,STEP2,harsanyi,AB,0.19435620307922363
A,A_0041,STEP2,harsanyi,AC,-0.16252732276916504
A,A_0041,STEP2,harsanyi,AD,-0.25631749629974365
A,A_0041,STEP2,harsanyi,BC,-0.2493675947189331
A,A_0041,STEP2,harsanyi,BD,-0.16974389553070068
A,A_0041,STEP2,harsanyi,CD,-0.16974389553070068
A,A_0041,STEP2,harsanyi,ABC,-0.0462186336517334
A,A_0041,STEP2,harsanyi,ABD,-0.02461230754852295
A,A_0041,STEP2,harsanyi,ACD,0.4044550657272339
A,A_0041,STEP2,harsanyi,BCD,0.24192774295806885
A,A_0041,STEP2,harsanyi,ABCD,-0.12736868858337402
A,A_0041,STEP2,LOO,A,0.06834042072296143
A,A_0041,STEP2,LOO,B,0.06834042072296143
A,A_0041,STEP2,LOO,C,0.21647799015045166
A,A_0041,STEP2,LOO,D,0.06834042072296143
A,A_0041,FINAL,harsanyi,A,-0.1405242681503296
A,A_0041,FINAL,harsanyi,B,-0.21647799015045166
A,A_0041,FINAL,harsanyi,C,0.0
A,A_0041,FINAL,harsanyi,D,-0.06834042072296143
A,A_0041,FINAL,harsanyi,AB,0.4214540719985962
A,A_0041,FINAL,harsanyi,AC,0.07218384742736816
A,A_0041,FINAL,harsanyi,AD,0.20886468887329102
A,A_0041,FINAL,harsanyi,BC,0.21647799015045166
A,A_0041,FINAL,harsanyi,BD,0.21647799015045166
A,A_0041,FINAL,harsanyi,CD,0.06834042072296143
A,A_0041,FINAL,harsanyi,ABC,-0.35311365127563477
A,A_0041,FINAL,harsanyi,ABD,-0.4214540719985962
A,A_0041,FINAL,harsanyi,ACD,-0.20886468887329102
A,A_0041,FINAL,harsanyi,BCD,-0.2848184108734131
A,A_0041,FINAL,harsanyi,ABCD,0.4214540719985962
A,A_0041,FINAL,LOO,A,0.0
A,A_0041,FINAL,LOO,B,0.0
A,A_0041,FINAL,LOO,C,-0.06834042072296143
A,A_0041,FINAL,LOO,D,-0.06834042072296143
A,A_0042,STEP1,harsanyi,A,-0.20497608184814453
A,A_0042,STEP1,harsanyi,B,-0.13279223442077637
A,A_0042,STEP1,harsanyi,C,0.06054818630218506
A,A_0042,STEP1,harsanyi,D,-0.20497608184814453
A,A_0042,STEP1,harsanyi,AB,0.20497608184814453
A,A_0042,STEP1,harsanyi,AC,0.07997608184814453
A,A_0042,STEP1,harsanyi,AD,0.3455003499984741
A,A_0042,STEP1,harsanyi,BC,0.007792234420776367
A,A_0042,STEP1,harsanyi,BD,0.3377683162689209
A,A_0042,STEP1,harsanyi,CD,0.14442789554595947
A,A_0042,STEP1,harsanyi,ABC,-0.07997608184814453
A,A_0042,STEP1,harsanyi,ABD,-0.40995216369628906
A,A_0042,STEP1,harsanyi,ACD,-0.28495216369628906
A,A_0042,STEP1,harsanyi,BCD,-0.15222012996673584
A,A_0042,STEP1,harsanyi,ABCD,0.224403977394104
A,A_0042,STEP1,LOO,A,-0.125
A,A_0042,STEP1,LOO,B,0.0
A,A_0042,STEP1,LOO,C,0.0
A,A_0042,STEP1,LOO,D,0.0
A,A_0042,STEP2,harsanyi,A,-0.03842642903327942
A,A_0042,STEP2,harsanyi,B,-0.1256324052810669
A,A_0042,STEP2,harsanyi,C,-0.22749483585357666
A,A_0042,STEP2,harsanyi,D,-0.08025607466697693
A,A_0042,STEP2,harsanyi,AB,-0.01061984896659851
A,A_0042,STEP2,harsanyi,AC,0.33321574330329895
A,A_0042,STEP2,harsanyi,AD,0.03842642903327942
A,A_0042,STEP2,harsanyi,BC,0.17844855785369873
A,A_0042,STEP2,harsanyi,BD,0.031209796667099
A,A_0042,STEP2,harsanyi,CD,0.08025607466697693
A,A_0042,STEP2,harsanyi,ABC,-0.14791721105575562
A,A_0042,STEP2,harsanyi,ABD,0.05966612696647644
A,A_0042,STEP2,harsanyi,ACD,-0.1441473364830017
A,A_0042,STEP2,harsanyi,BCD,-0.08402594923973083
A,A_0042,STEP2,harsanyi,ABCD,0.057041287422180176
A,A_0042,STEP2,LOO,A,0.14723876118659973
A,A_0042,STEP2,LOO,B,-0.04182964563369751
A,A_0042,STEP2,LOO,C,0.045376330614089966
A,A_0042,STEP2,LOO,D,-0.04182964563369751
A,A_0042,FINAL,harsanyi,A,0.10947573184967041
A,A_0042,FINAL,harsanyi,B,0.056659579277038574
A,A_0042,FINAL,harsanyi,C,0.0
A,A_0042,FINAL,harsanyi,D,0.056659579277038574
A,A_0042,FINAL,harsanyi,AB,-0.16613531112670898
A,A_0042,FINAL,harsanyi,AC,-0.10947573184967041
A,A_0042,FINAL,harsanyi,AD,-0.16613531112670898
A,A_0042,FINAL,harsanyi,BC,-0.056659579277038574
A,A_0042,FINAL,harsanyi,BD,-0.056659579277038574
A,A_0042,FINAL,harsanyi,CD,-0.056659579277038574
A,A_0042,FINAL,harsanyi,ABC,0.16613531112670898
A,A_0042,FINAL,harsanyi,ABD,0.10558712482452393
A,A_0042,FINAL,harsanyi,ACD,0.22279489040374756
A,A_0042,FINAL,harsanyi,BCD,0.11331915855407715
A,A_0042,FINAL,harsanyi,ABCD,-0.21890628337860107
A,A_0042,FINAL,LOO,A,-0.056659579277038574
A,A_0042,FINAL,LOO,B,-0.056659579277038574
A,A_0042,FINAL,LOO,C,0.06054818630218506
A,A_0042,FINAL,LOO,D,0.0
A,A_0043,STEP1,harsanyi,A,0.17002391815185547
A,A_0043,STEP1,harsanyi,B,0.41199707984924316
A,A_0043,STEP1,harsanyi,C,-0.06445181369781494
A,A_0043,STEP1,harsanyi,D,0.17002391815185547
A,A_0043,STEP1,harsanyi,AB,-0.41199707984924316
A,A_0043,STEP1,harsanyi,AC,-0.04502391815185547
A,A_0043,STEP1,harsanyi,AD,-0.2794996500015259
A,A_0043,STEP1,harsanyi,BC,0.14418858289718628
A,A_0043,STEP1,harsanyi,BD,-0.17002391815185547
A,A_0043,STEP1,harsanyi,CD,-0.10557210445404053
A,A_0043,STEP1,harsanyi,ABC,0.01433342695236206
A,A_0043,STEP1,harsanyi,ABD,0.2794996500015259
A,A_0043,STEP1,harsanyi,ACD,0.21504783630371094
A,A_0043,STEP1,harsanyi,BCD,0.05505639314651489
A,A_0043,STEP1,harsanyi,ABCD,-0.21357840299606323
A,A_0043,STEP1,LOO,A,-0.2711942195892334
A,A_0043,STEP1,LOO,B,0.10947573184967041
A,A_0043,STEP1,LOO,C,0.0
A,A_0043,STEP1,LOO,D,-0.04904627799987793
A,A_0043,STEP2,harsanyi,A,-0.03842642903327942
A,A_0043,STEP2,harsanyi,B,-0.1256324052810669
A,A_0043,STEP2,harsanyi,C,-0.22749483585357666
A,A_0043,STEP2,harsanyi,D,-0.08025607466697693
A,A_0043,STEP2,harsanyi,AB,-0.06343600153923035
A,A_0043,STEP2,harsanyi,AC,0.33321574330329895
A,A_0043,STEP2,harsanyi,AD,0.03842642903327942
A,A_0043,STEP2,harsanyi,BC,0.17844855785369873
A,A_0043,STEP2,harsanyi,BD,0.08025607466697693
A,A_0043,STEP2,harsanyi,CD,0.08025607466697693
A,A_0043,STEP2,harsanyi,ABC,-0.1369307041168213
A,A_0043,STEP2,harsanyi,ABD,0.06343600153923035
A,A_0043,STEP2,harsanyi,ACD,-0.1441473364830017
A,A_0043,STEP2,harsanyi,BCD,-0.08025607466697693
A,A_0043,STEP2,harsanyi,ABCD,0.04228490591049194
A,A_0043,STEP2,LOO,A,0.0944226086139679
A,A_0043,STEP2,LOO,B,-0.04182964563369751
A,A_0043,STEP2,LOO,C,0.045376330614089966
A,A_0043,STEP2,LOO,D,0.0
A,A_0043,FINAL,harsanyi,A,-0.1405242681503296
A,A_0043,FINAL,harsanyi,B,-0.21647799015045166
A,A_0043,FINAL,harsanyi,C,0.0
A,A_0043,FINAL,harsanyi,D,-0.06834042072296143
A,A_0043,FINAL,harsanyi,AB,0.35700225830078125
A,A_0043,FINAL,harsanyi,AC,0.1405242681503296
A,A_0043,FINAL,harsanyi,AD,0.20886468887329102
A,A_0043,FINAL,harsanyi,BC,0.21647799015045166
A,A_0043,FINAL,harsanyi,BD,0.21647799015045166
A,A_0043,FINAL,harsanyi,CD,0.06834042072296143
A,A_0043,FINAL,harsanyi,ABC,-0.35700225830078125
A,A_0043,FINAL,harsanyi,ABD,-0.2925504446029663
A,A_0043,FINAL,harsanyi,ACD,-0.27720510959625244
A,A_0043,FINAL,harsanyi,BCD,-0.2848184108734131
A,A_0043,FINAL,harsanyi,ABCD,0.36089086532592773
A,A_0043,FINAL,LOO,A,0.0
A,A_0043,FINAL,LOO,B,0.0
A,A_0043,FINAL,LOO,C,-0.13279223442077637
A,A_0043,FINAL,LOO,D,-0.06834042072296143
A,A_0044,STEP1,harsanyi,A,-0.20497608184814453
A,A_0044,STEP1,harsanyi,B,-0.13279223442077637
A,A_0044,STEP1,harsanyi,C,0.06054818630218506
A,A_0044,STEP1,harsanyi,D,-0.20497608184814453
A,A_0044,STEP1,harsanyi,AB,0.20497608184814453
A,A_0044,STEP1,harsanyi,AC,0.07997608184814453
A,A_0044,STEP1,harsanyi,AD,0.3455003499984741
A,A_0044,STEP1,harsanyi,BC,0.07224404811859131
A,A_0044,STEP1,harsanyi,BD,0.3377683162689209
A,A_0044,STEP1,harsanyi,CD,0.20497608184814453
A,A_0044,STEP1,harsanyi,ABC,-0.14442789554595947
A,A_0044,STEP1,harsanyi,ABD,-0.40995216369628906
A,A_0044,STEP1,harsanyi,ACD,-0.3455003499984741
A,A_0044,STEP1,harsanyi,BCD,-0.3377683162689209
A,A_0044,STEP1,harsanyi,ABCD,0.474403977394104
A,A_0044,STEP1,LOO,A,0.0
A,A_0044,STEP1,LOO,B,0.06445181369781494
A,A_0044,STEP1,LOO,C,0.06445181369781494
A,A_0044,STEP1,LOO,D,0.06445181369781494
A,A_0044,STEP2,harsanyi,A,0.08657360076904297
A,A_0044,STEP2,harsanyi,B,0.2493675947189331
A,A_0044,STEP2,harsanyi,C,0.3253213167190552
A,A_0044,STEP2,harsanyi,D,0.16974389553070068
A,A_0044,STEP2,harsanyi,AB,-0.010619878768920898
A,A_0044,STEP2,harsanyi,AC,-0.5946004390716553
A,A_0044,STEP2,harsanyi,AD,-0.08657360076904297
A,A_0044,STEP2,harsanyi,BC,-0.17718374729156494
A,A_0044,STEP2,harsanyi,BD,-0.09379017353057861
A,A_0044,STEP2,harsanyi,CD,-0.16974389553070068
A,A_0044,STEP2,harsanyi,ABC,0.12114155292510986
A,A_0044,STEP2,harsanyi,ABD,-0.06533384323120117
A,A_0044,STEP2,harsanyi,ACD,0.35585272312164307
A,A_0044,STEP2,harsanyi,BCD,0.16213059425354004
A,A_0044,STEP2,harsanyi,ABCD,-0.10254180431365967
A,A_0044,STEP2,LOO,A,-0.2961016893386841
A,A_0044,STEP2,LOO,B,0.08317029476165771
A,A_0044,STEP2,LOO,C,-0.07962369918823242
A,A_0044,STEP2,LOO,D,0.16974389553070068
A,A_0044,FINAL,harsanyi,A,-0.1405242681503296
A,A_0044,FINAL,harsanyi,B,-0.06834042072296143
A,A_0044,FINAL,harsanyi,C,0.0
A,A_0044,FINAL,harsanyi,D,-0.06834042072296143
A,A_0044,FINAL,harsanyi,AB,0.20886468887329102
A,A_0044,FINAL,harsanyi,AC,0.07218384742736816
A,A_0044,FINAL,harsanyi,AD,0.20886468887329102
A,A_0044,FINAL,harsanyi,BC,0.06834042072296143
A,A_0044,FINAL,harsanyi,BD,0.06834042072296143
A,A_0044,FINAL,harsanyi,CD,0.06834042072296143
A,A_0044,FINAL,harsanyi,ABC,-0.07607245445251465
A,A_0044,FINAL,harsanyi,ABD,-0.14441287517547607
A,A_0044,FINAL,harsanyi,ACD,-0.1405242681503296
A,A_0044,FINAL,harsanyi,BCD,-0.06834042072296143
A,A_0044,FINAL,harsanyi,ABCD,-0.05671977996826172
A,A_0044,FINAL,LOO,A,-0.06834042072296143
A,A_0044,FINAL,LOO,B,-0.06834042072296143
A,A_0044,FINAL,LOO,C,-0.13279223442077637
A,A_0044,FINAL,LOO,D,-0.13279223442077637
A,A_0045,STEP1,harsanyi,A,-0.20497608184814453
A,A_0045,STEP1,harsanyi,B,-0.13279223442077637
A,A_0045,STEP1,harsanyi,C,0.06054818630218506
A,A_0045,STEP1,harsanyi,D,-0.13279223442077637
A,A_0045,STEP1,harsanyi,AB,0.20497608184814453
A,A_0045,STEP1,harsanyi,AC,0.07997608184814453
A,A_0045,STEP1,harsanyi,AD,0.20497608184814453
A,A_0045,STEP1,harsanyi,BC,0.07224404811859131
A,A_0045,STEP1,harsanyi,BD,0.0606083869934082
A,A_0045,STEP1,harsanyi,CD,0.07224404811859131
A,A_0045,STEP1,harsanyi,ABC,-0.14442789554595947
A,A_0045,STEP1,harsanyi,ABD,-0.13279223442077637
A,A_0045,STEP1,harsanyi,ACD,-0.2127683162689209
A,A_0045,STEP1,harsanyi,BCD,-6.020069122314453e-05
A,A_0045,STEP1,harsanyi,ABCD,0.14058446884155273
A,A_0045,STEP1,LOO,A,-0.06445181369781494
A,A_0045,STEP1,LOO,B,0.06834042072296143
A,A_0045,STEP1,LOO,C,0.06834042072296143
A,A_0045,STEP1,LOO,D,0.0
A,A_0045,STEP2,harsanyi,A,-0.03842642903327942
A,A_0045,STEP2,harsanyi,B,-0.1256324052810669
A,A_0045,STEP2,harsanyi,C,-0.17467868328094482
A,A_0045,STEP2,harsanyi,D,-0.1256324052810669
A,A_0045,STEP2,harsanyi,AB,-0.01061984896659851
A,A_0045,STEP2,harsanyi,AC,0.2803995907306671
A,A_0045,STEP2,harsanyi,AD,0.08380275964736938
A,A_0045,STEP2,harsanyi,BC,0.07281625270843506
A,A_0045,STEP2,harsanyi,BD,0.07658612728118896
A,A_0045,STEP2,harsanyi,CD,0.016156673431396484
A,A_0045,STEP2,harsanyi,ABC,-0.0038584768772125244
A,A_0045,STEP2,harsanyi,ABD,0.014289796352386475
A,A_0045,STEP2,harsanyi,ACD,-0.041621506214141846
A,A_0045,STEP2,harsanyi,BCD,0.032889604568481445
A,A_0045,STEP2,harsanyi,ABCD,-0.09489747881889343
A,A_0045,STEP2,LOO,A,0.18906840682029724
A,A_0045,STEP2,LOO,B,-0.03842642903327942
A,A_0045,STEP2,LOO,C,0.08720597624778748
A,A_0045,STEP2,LOO,D,-0.03842642903327942
A,A_0045,FINAL,harsanyi,A,0.10947573184967041
A,A_0045,FINAL,harsanyi,B,0.056659579277038574
A,A_0045,FINAL,harsanyi,C,0.0
A,A_0045,FINAL,harsanyi,D,0.056659579277038574
A,A_0045,FINAL,harsanyi,AB,-0.16613531112670898
A,A_0045,FINAL,harsanyi,AC,-0.052816152572631836
A,A_0045,FINAL,harsanyi,AD,-0.10947573184967041
A,A_0045,FINAL,harsanyi,BC,-0.056659579277038574
A,A_0045,FINAL,harsanyi,BD,-0.056659579277038574
A,A_0045,FINAL,harsanyi,CD,0.0
A,A_0045,FINAL,harsanyi,ABC,0.04892754554748535
A,A_0045,FINAL,harsanyi,ABD,0.10947573184967041
A,A_0045,FINAL,harsanyi,ACD,0.10563230514526367
A,A_0045,FINAL,harsanyi,BCD,0.056659579277038574
A,A_0045,FINAL,harsanyi,ABCD,-0.04508411884307861
A,A_0045,FINAL,LOO,A,0.0
A,A_0045,FINAL,LOO,B,-0.052816152572631836
A,A_0045,FINAL,LOO,C,0.056659579277038574
A,A_0045,FINAL,LOO,D,0.11720776557922363
A,A_0046,STEP1,harsanyi,A,0.17002391815185547
A,A_0046,STEP1,harsanyi,B,0.41199707984924316
A,A_0046,STEP1,harsanyi,C,-0.06445181369781494
A,A_0046,STEP1,harsanyi,D,0.11720776557922363
A,A_0046,STEP1,harsanyi,AB,-0.41199707984924316
A,A_0046,STEP1,harsanyi,AC,-0.04502391815185547
A,A_0046,STEP1,harsanyi,AD,-0.17002391815185547
A,A_0046,STEP1,harsanyi,BC,0.14418858289718628
A,A_0046,STEP1,harsanyi,BD,-0.08798670768737793
A,A_0046,STEP1,harsanyi,CD,-0.05275595188140869
A,A_0046,STEP1,harsanyi,ABC,0.01433342695236206
A,A_0046,STEP1,harsanyi,ABD,0.08798670768737793
A,A_0046,STEP1,harsanyi,ACD,0.1622316837310791
A,A_0046,STEP1,harsanyi,BCD,-0.0004643946886062622
A,A_0046,STEP1,harsanyi,ABCD,-0.05619518458843231
A,A_0046,STEP1,LOO,A,-0.24866436421871185
A,A_0046,STEP1,LOO,B,0.10186243057250977
A,A_0046,STEP1,LOO,C,0.10186243057250977
A,A_0046,STEP1,LOO,D,0.0
A,A_0046,STEP2,harsanyi,A,0.08657360076904297
A,A_0046,STEP2,harsanyi,B,0.2493675947189331
A,A_0046,STEP2,harsanyi,C,0.39750516414642334
A,A_0046,STEP2,harsanyi,D,0.2493675947189331
A,A_0046,STEP2,harsanyi,AB,0.061563968658447266
A,A_0046,STEP2,harsanyi,AC,-0.6667842864990234
A,A_0046,STEP2,harsanyi,AD,-0.1661972999572754
A,A_0046,STEP2,harsanyi,BC,-0.32155144214630127
A,A_0046,STEP2,harsanyi,BD,-0.2493675947189331
A,A_0046,STEP2,harsanyi,CD,-0.2493675947189331
A,A_0046,STEP2,harsanyi,ABC,0.3630692958831787
A,A_0046,STEP2,harsanyi,ABD,0.018059730529785156
A,A_0046,STEP2,harsanyi,ACD,0.3489028215408325
A,A_0046,STEP2,harsanyi,BCD,0.2493675947189331
A,A_0046,STEP2,harsanyi,ABCD,-0.20076525211334229
A,A_0046,STEP2,LOO,A,-0.1555774211883545
A,A_0046,STEP2,LOO,B,0.16974389553070068
A,A_0046,STEP2,LOO,C,-0.07962369918823242
A,A_0046,STEP2,LOO,D,0.0
A,A_0046,FINAL,harsanyi,A,0.10947573184967041
A,A_0046,FINAL,harsanyi,B,0.15852200984954834
A,A_0046,FINAL,harsanyi,C,0.0
A,A_0046,FINAL,harsanyi,D,0.056659579277038574
A,A_0046,FINAL,harsanyi,AB,-0.26799774169921875
A,A_0046,FINAL,harsanyi,AC,-0.10947573184967041
A,A_0046,FINAL,harsanyi,AD,-0.10947573184967041
A,A_0046,FINAL,harsanyi,BC,-0.15852200984954834
A,A_0046,FINAL,harsanyi,BD,-0.1057058572769165
A,A_0046,FINAL,harsanyi,CD,0.0
A,A_0046,FINAL,harsanyi,ABC,0.26799774169921875
A,A_0046,FINAL,harsanyi,ABD,0.15852200984954834
A,A_0046,FINAL,harsanyi,ACD,0.10947573184967041
A,A_0046,FINAL,harsanyi,BCD,0.15852200984954834
A,A_0046,FINAL,harsanyi,ABCD,-0.21133816242218018
A,A_0046,FINAL,LOO,A,-0.052816152572631836
A,A_0046,FINAL,LOO,B,0.0
A,A_0046,FINAL,LOO,C,0.056659579277038574
A,A_0046,FINAL,LOO,D,0.056659579277038574
A,A_0047,STEP1,harsanyi,A,0.2190701961517334
A,A_0047,STEP1,harsanyi,B,0.11720776557922363
A,A_0047,STEP1,harsanyi,C,-0.06445181369781494
A,A_0047,STEP1,harsanyi,D,0.11720776557922363
A,A_0047,STEP1,harsanyi,AB,-0.2190701961517334
A,A_0047,STEP1,harsanyi,AC,0.15165778994560242
A,A_0047,STEP1,harsanyi,AD,-0.16625404357910156
A,A_0047,STEP1,harsanyi,BC,-0.05275595188140869
A,A_0047,STEP1,harsanyi,BD,-0.0643916130065918
A,A_0047,STEP1,harsanyi,CD,-0.05275595188140869
A,A_0047,STEP1,harsanyi,ABC,0.15461838245391846
A,A_0047,STEP1,harsanyi,ABD,0.16625404357910156
A,A_0047,STEP1,harsanyi,ACD,0.10180222988128662
A,A_0047,STEP1,harsanyi,BCD,-6.020069122314453e-05
A,A_0047,STEP1,harsanyi,ABCD,-0.14363187551498413
A,A_0047,STEP1,LOO,A,0.26444652676582336
A,A_0047,STEP1,LOO,B,-0.04182964563369751
A,A_0047,STEP1,LOO,C,0.0944226086139679
A,A_0047,STEP1,LOO,D,-0.04182964563369751
A,A_0047,STEP2,harsanyi,A,-0.03842642903327942
A,A_0047,STEP2,harsanyi,B,-0.1256324052810669
A,A_0047,STEP2,harsanyi,C,-0.17467868328094482
A,A_0047,STEP2,harsanyi,D,-0.1256324052810669
A,A_0047,STEP2,harsanyi,AB,-0.06343600153923035
A,A_0047,STEP2,harsanyi,AC,0.08747270703315735
A,A_0047,STEP2,harsanyi,AD,0.1640588343143463
A,A_0047,STEP2,harsanyi,BC,0.07281625270843506
A,A_0047,STEP2,harsanyi,BD,0.07658612728118896
A,A_0047,STEP2,harsanyi,CD,0.016156673431396484
A,A_0047,STEP2,harsanyi,ABC,0.014389723539352417
A,A_0047,STEP2,harsanyi,ABD,-0.013150125741958618
A,A_0047,STEP2,harsanyi,ACD,-0.10362938046455383
A,A_0047,STEP2,harsanyi,BCD,0.032889604568481445
A,A_0047,STEP2,harsanyi,ABCD,-0.04727932810783386
A,A_0047,STEP2,LOO,A,0.0
A,A_0047,STEP2,LOO,B,-0.052816152572631836
A,A_0047,STEP2,LOO,C,-0.10186243057250977
A,A_0047,STEP2,LOO,D,0.0
A,A_0047,FINAL,harsanyi,A,-0.1405242681503296
A,A_0047,FINAL,harsanyi,B,-0.06834042072296143
A,A_0047,FINAL,harsanyi,C,0.0
A,A_0047,FINAL,harsanyi,D,-0.06834042072296143
A,A_0047,FINAL,harsanyi,AB,0.27331650257110596
A,A_0047,FINAL,harsanyi,AC,0.07218384742736816
A,A_0047,FINAL,harsanyi,AD,0.1405242681503296
A,A_0047,FINAL,harsanyi,BC,0.06834042072296143
A,A_0047,FINAL,harsanyi,BD,0.06834042072296143
A,A_0047,FINAL,harsanyi,CD,0.0
A,A_0047,FINAL,harsanyi,ABC,-0.27331650257110596
A,A_0047,FINAL,harsanyi,ABD,-0.20497608184814453
A,A_0047,FINAL,harsanyi,ACD,-0.14436769485473633
A,A_0047,FINAL,harsanyi,BCD,-0.06834042072296143
A,A_0047,FINAL,harsanyi,ABCD,0.20497608184814453
A,A_0047,FINAL,LOO,A,-0.07218384742736816
A,A_0047,FINAL,LOO,B,0.0
A,A_0047,FINAL,LOO,C,-0.1405242681503296
A,A_0047,FINAL,LOO,D,-0.07218384742736816
A,A_0048,STEP1,harsanyi,A,0.0
A,A_0048,STEP1,harsanyi,B,-0.06834042072296143
A,A_0048,STEP1,harsanyi,C,-0.06834042072296143
A,A_0048,STEP1,harsanyi,D,-0.1405242681503296
A,A_0048,STEP1,harsanyi,AB,0.06834042072296143
A,A_0048,STEP1,harsanyi,AC,0.06834042072296143
A,A_0048,STEP1,harsanyi,AD,0.07218384742736816
A,A_0048,STEP1,harsanyi,BC,0.06834042072296143
A,A_0048,STEP1,harsanyi,BD,-0.0076133012771606445
A,A_0048,STEP1,harsanyi,CD,-0.0076133012771606445
A,A_0048,STEP1,harsanyi,ABC,-0.13668084144592285
A,A_0048,STEP1,harsanyi,ABD,0.0076133012771606445
A,A_0048,STEP1,harsanyi,ACD,0.0076133012771606445
A,A_0048,STEP1,harsanyi,BCD,0.08356702327728271
A,A_0048,STEP1,harsanyi,ABCD,-0.08741044998168945
A,A_0048,STEP1,LOO,A,0.0
A,A_0048,STEP1,LOO,B,-0.07218384742736816
A,A_0048,STEP1,LOO,C,-0.07218384742736816
A,A_0048,STEP1,LOO,D,-0.07218384742736816
A,A_0048,STEP2,harsanyi,A,0.0
A,A_0048,STEP2,harsanyi,B,-0.07360926270484924
A,A_0048,STEP2,harsanyi,C,-0.07360926270484924
A,A_0048,STEP2,harsanyi,D,-0.035182833671569824
A,A_0048,STEP2,harsanyi,AB,0.0
A,A_0048,STEP2,harsanyi,AC,0.07360926270484924
A,A_0048,STEP2,harsanyi,AD,-0.03842642903327942
A,A_0048,STEP2,harsanyi,BC,0.17933017015457153
A,A_0048,STEP2,harsanyi,BD,0.035182833671569824
A,A_0048,STEP2,harsanyi,CD,-0.0066468119621276855
A,A_0048,STEP2,harsanyi,ABC,-0.14090374112129211
A,A_0048,STEP2,harsanyi,ABD,-0.003403216600418091
A,A_0048,STEP2,harsanyi,ACD,0.08025607466697693
A,A_0048,STEP2,harsanyi,BCD,-0.02546483278274536
A,A_0048,STEP2,harsanyi,ABCD,0.028868049383163452
A,A_0048,STEP2,LOO,A,0.0
A,A_0048,STEP2,LOO,B,0.0
A,A_0048,STEP2,LOO,C,0.11543890833854675
A,A_0048,STEP2,LOO,D,0.035182833671569824
A,A_0048,FINAL,harsanyi,A,0.052816152572631836
A,A_0048,FINAL,harsanyi,B,0.052816152572631836
A,A_0048,FINAL,harsanyi,C,0.052816152572631836
A,A_0048,FINAL,harsanyi,D,0.052816152572631836
A,A_0048,FINAL,harsanyi,AB,-0.10563230514526367
A,A_0048,FINAL,harsanyi,AC,-0.10563230514526367
A,A_0048,FINAL,harsanyi,AD,-0.10563230514526367
A,A_0048,FINAL,harsanyi,BC,-0.10563230514526367
A,A_0048,FINAL,harsanyi,BD,-0.052816152572631836
A,A_0048,FINAL,harsanyi,CD,-0.052816152572631836
A,A_0048,FINAL,harsanyi,ABC,0.10178887844085693
A,A_0048,FINAL,harsanyi,ABD,0.1584484577178955
A,A_0048,FINAL,harsanyi,ACD,0.1584484577178955
A,A_0048,FINAL,harsanyi,BCD,0.10563230514526367
A,A_0048,FINAL,harsanyi,ABCD,-0.15460503101348877
A,A_0048,FINAL,LOO,A,0.0
A,A_0048,FINAL,LOO,B,0.0
A,A_0048,FINAL,LOO,C,0.0
A,A_0048,FINAL,LOO,D,0.10947573184967041
A,A_0049,STEP1,harsanyi,A,0.28415441513061523
A,A_0049,STEP1,harsanyi,B,0.056659579277038574
A,A_0049,STEP1,harsanyi,C,0.056659579277038574
A,A_0049,STEP1,harsanyi,D,0.10947573184967041
A,A_0049,STEP1,harsanyi,AB,-0.056659579277038574
A,A_0049,STEP1,harsanyi,AC,-0.056659579277038574
A,A_0049,STEP1,harsanyi,AD,-0.07429289817810059
A,A_0049,STEP1,harsanyi,BC,-0.056659579277038574
A,A_0049,STEP1,harsanyi,BD,-0.0076133012771606445
A,A_0049,STEP1,harsanyi,CD,-0.0076133012771606445
A,A_0049,STEP1,harsanyi,ABC,0.056659579277038574
A,A_0049,STEP1,harsanyi,ABD,0.0076133012771606445
A,A_0049,STEP1,harsanyi,ACD,0.03972494602203369
A,A_0049,STEP1,harsanyi,BCD,-0.041432976722717285
A,A_0049,STEP1,harsanyi,ABCD,0.07065403461456299
A,A_0049,STEP1,LOO,A,0.2711942195892334
A,A_0049,STEP1,LOO,B,0.029221057891845703
A,A_0049,STEP1,LOO,C,0.06133270263671875
A,A_0049,STEP1,LOO,D,0.09651553630828857
A,A_0049,STEP2,harsanyi,A,-0.035182833671569824
A,A_0049,STEP2,harsanyi,B,-0.07360926270484924
A,A_0049,STEP2,harsanyi,C,-0.07360926270484924
A,A_0049,STEP2,harsanyi,D,-0.035182833671569824
A,A_0049,STEP2,harsanyi,AB,0.035182833671569824
A,A_0049,STEP2,harsanyi,AC,0.14090374112129211
A,A_0049,STEP2,harsanyi,AD,-0.0032435953617095947
A,A_0049,STEP2,harsanyi,BC,0.17933017015457153
A,A_0049,STEP2,harsanyi,BD,0.035182833671569824
A,A_0049,STEP2,harsanyi,CD,-0.0066468119621276855
A,A_0049,STEP2,harsanyi,ABC,-0.17301538586616516
A,A_0049,STEP2,harsanyi,ABD,-0.1330086588859558
A,A_0049,STEP2,harsanyi,ACD,0.045073240995407104
A,A_0049,STEP2,harsanyi,BCD,-0.02546483278274536
A,A_0049,STEP2,harsanyi,ABCD,0.12329065799713135
A,A_0049,STEP2,LOO,A,0.0
A,A_0049,STEP2,LOO,B,-0.03211164474487305
A,A_0049,STEP2,LOO,C,0.20986151695251465
A,A_0049,STEP2,LOO,D,0.0
A,A_0049,FINAL,harsanyi,A,-0.14813750982284546
A,A_0049,FINAL,harsanyi,B,-0.07218378782272339
A,A_0049,FINAL,harsanyi,C,-0.07218378782272339
A,A_0049,FINAL,harsanyi,D,-0.07218378782272339
A,A_0049,FINAL,harsanyi,AB,0.14813750982284546
A,A_0049,FINAL,harsanyi,AC,0.14813750982284546
A,A_0049,FINAL,harsanyi,AD,0.07218378782272339
A,A_0049,FINAL,harsanyi,BC,0.14436763525009155
A,A_0049,FINAL,harsanyi,BD,0.07218378782272339
A,A_0049,FINAL,harsanyi,CD,0.07218378782272339
A,A_0049,FINAL,harsanyi,ABC,-0.22032135725021362
A,A_0049,FINAL,harsanyi,ABD,-0.14813750982284546
A,A_0049,FINAL,harsanyi,ACD,-0.14813750982284546
A,A_0049,FINAL,harsanyi,BCD,-0.14436763525009155
A,A_0049,FINAL,harsanyi,ABCD,0.1406976580619812
A,A_0049,FINAL,LOO,A,-0.1555774211883545
A,A_0049,FINAL,LOO,B,-0.07962369918823242
A,A_0049,FINAL,LOO,C,-0.07962369918823242
A,A_0049,FINAL,LOO,D,-0.1555774211883545
A,A_0050,STEP1,harsanyi,A,0.0
A,A_0050,STEP1,harsanyi,B,0.056659579277038574
A,A_0050,STEP1,harsanyi,C,0.056659579277038574
A,A_0050,STEP1,harsanyi,D,0.10947573184967041
A,A_0050,STEP1,harsanyi,AB,-0.056659579277038574
A,A_0050,STEP1,harsanyi,AC,-0.056659579277038574
A,A_0050,STEP1,harsanyi,AD,-0.10947573184967041
A,A_0050,STEP1,harsanyi,BC,-0.0038434267044067383
A,A_0050,STEP1,harsanyi,BD,-0.10947573184967041
A,A_0050,STEP1,harsanyi,CD,-0.056659579277038574
A,A_0050,STEP1,harsanyi,ABC,0.06050300598144531
A,A_0050,STEP1,harsanyi,ABD,0.16613531112670898
A,A_0050,STEP1,harsanyi,ACD,0.056659579277038574
A,A_0050,STEP1,harsanyi,BCD,0.056659579277038574
A,A_0050,STEP1,harsanyi,ABCD,-0.06050300598144531
A,A_0050,STEP1,LOO,A,0.0
A,A_0050,STEP1,LOO,B,0.10947573184967041
A,A_0050,STEP1,LOO,C,0.052816152572631836
A,A_0050,STEP1,LOO,D,0.052816152572631836
A,A_0050,STEP2,harsanyi,A,0.0
A,A_0050,STEP2,harsanyi,B,0.17639076709747314
A,A_0050,STEP2,harsanyi,C,0.17639076709747314
A,A_0050,STEP2,harsanyi,D,0.0
A,A_0050,STEP2,harsanyi,AB,-1.1920928955078125e-07
A,A_0050,STEP2,harsanyi,AC,-0.17639076709747314
A,A_0050,STEP2,harsanyi,AD,0.08981728553771973
A,A_0050,STEP2,harsanyi,BC,-0.44566988945007324
A,A_0050,STEP2,harsanyi,BD,0.0
A,A_0050,STEP2,harsanyi,CD,0.08317029476165771
A,A_0050,STEP2,harsanyi,ABC,0.3590964078903198
A,A_0050,STEP2,harsanyi,ABD,-0.1763906478881836
A,A_0050,STEP2,harsanyi,ACD,-0.08317053318023682
A,A_0050,STEP2,harsanyi,BCD,0.09953522682189941
A,A_0050,STEP2,harsanyi,ABCD,0.07361197471618652
A,A_0050,STEP2,LOO,A,0.08657360076904297
A,A_0050,STEP2,LOO,B,0.08657371997833252
A,A_0050,STEP2,LOO,C,0.08657348155975342
A,A_0050,STEP2,LOO,D,0.08657360076904297
A,A_0050,FINAL,harsanyi,A,0.052816152572631836
A,A_0050,FINAL,harsanyi,B,0.052816152572631836
A,A_0050,FINAL,harsanyi,C,0.052816152572631836
A,A_0050,FINAL,harsanyi,D,0.10186243057250977
A,A_0050,FINAL,harsanyi,AB,-0.10563230514526367
A,A_0050,FINAL,harsanyi,AC,-0.10563230514526367
A,A_0050,FINAL,harsanyi,AD,-0.10186243057250977
A,A_0050,FINAL,harsanyi,BC,-0.10563230514526367
A,A_0050,FINAL,harsanyi,BD,-0.10186243057250977
A,A_0050,FINAL,harsanyi,CD,-0.1546785831451416
A,A_0050,FINAL,harsanyi,ABC,0.10178887844085693
A,A_0050,FINAL,harsanyi,ABD,0.10186243057250977
A,A_0050,FINAL,harsanyi,ACD,0.20749473571777344
A,A_0050,FINAL,harsanyi,BCD,0.1546785831451416
A,A_0050,FINAL,harsanyi,ABCD,-0.15083515644073486
A,A_0050,FINAL,LOO,A,0.0
A,A_0050,FINAL,LOO,B,-0.052816152572631836
A,A_0050,FINAL,LOO,C,0.0
A,A_0050,FINAL,LOO,D,0.056659579277038574
A,A_0051,STEP1,harsanyi,A,-0.4658454656600952
A,A_0051,STEP1,harsanyi,B,-0.06834042072296143
A,A_0051,STEP1,harsanyi,C,-0.06834042072296143
A,A_0051,STEP1,harsanyi,D,-0.1405242681503296
A,A_0051,STEP1,harsanyi,AB,0.06834018230438232
A,A_0051,STEP1,harsanyi,AC,-0.0214768648147583
A,A_0051,STEP1,harsanyi,AD,0.05070698261260986
A,A_0051,STEP1,harsanyi,BC,-0.0038434267044067383
A,A_0051,STEP1,harsanyi,BD,-0.0076133012771606445
A,A_0051,STEP1,harsanyi,CD,-0.0076133012771606445
A,A_0051,STEP1,harsanyi,ABC,0.09366083145141602
A,A_0051,STEP1,harsanyi,ABD,0.007613539695739746
A,A_0051,STEP1,harsanyi,ACD,-0.09123671054840088
A,A_0051,STEP1,harsanyi,BCD,0.15575087070465088
A,A_0051,STEP1,harsanyi,ABCD,-0.14978933334350586
A,A_0051,STEP1,LOO,A,-0.5080268383026123
A,A_0051,STEP1,LOO,B,0.0957789421081543
A,A_0051,STEP1,LOO,C,-0.09288835525512695
A,A_0051,STEP1,LOO,D,-0.18270552158355713
A,A_0051,STEP2,harsanyi,A,0.08981728553771973
A,A_0051,STEP2,harsanyi,B,0.17639076709747314
A,A_0051,STEP2,harsanyi,C,0.17639076709747314
A,A_0051,STEP2,harsanyi,D,0.08981716632843018
A,A_0051,STEP2,harsanyi,AB,-0.006646990776062012
A,A_0051,STEP2,harsanyi,AC,-0.1763908863067627
A,A_0051,STEP2,harsanyi,AD,-0.003243684768676758
A,A_0051,STEP2,harsanyi,BC,-0.2629643678665161
A,A_0051,STEP2,harsanyi,BD,-0.08981716632843018
A,A_0051,STEP2,harsanyi,CD,-0.006646871566772461
A,A_0051,STEP2,harsanyi,ABC,0.26296448707580566
A,A_0051,STEP2,harsanyi,ABD,0.08286738395690918
A,A_0051,STEP2,harsanyi,ACD,0.006646990776062012
A,A_0051,STEP2,harsanyi,BCD,0.006646871566772461
A,A_0051,STEP2,harsanyi,ABCD,-0.16944098472595215
A,A_0051,STEP2,LOO,A,0.08657360076904297
A,A_0051,STEP2,LOO,B,0.0
A,A_0051,STEP2,LOO,C,-0.16279399394989014
A,A_0051,STEP2,LOO,D,-0.08317029476165771
A,A_0051,FINAL,harsanyi,A,-0.14813750982284546
A,A_0051,FINAL,harsanyi,B,-0.07218378782272339
A,A_0051,FINAL,harsanyi,C,-0.07218378782272339
A,A_0051,FINAL,harsanyi,D,-0.07218378782272339
A,A_0051,FINAL,harsanyi,AB,0.22032135725021362
A,A_0051,FINAL,harsanyi,AC,0.07218378782272339
A,A_0051,FINAL,harsanyi,AD,0.07218378782272339
A,A_0051,FINAL,harsanyi,BC,0.07218378782272339
A,A_0051,FINAL,harsanyi,BD,0.14436763525009155
A,A_0051,FINAL,harsanyi,CD,0.07218378782272339
A,A_0051,FINAL,harsanyi,ABC,-0.22032135725021362
A,A_0051,FINAL,harsanyi,ABD,-0.2925052046775818
A,A_0051,FINAL,harsanyi,ACD,-0.1518074870109558
A,A_0051,FINAL,harsanyi,BCD,-0.14436763525009155
A,A_0051,FINAL,harsanyi,ABCD,0.2925052046775818
A,A_0051,FINAL,LOO,A,-0.1555774211883545
A,A_0051,FINAL,LOO,B,0.0
A,A_0051,FINAL,LOO,C,-0.07962369918823242
A,A_0051,FINAL,LOO,D,-0.07962369918823242
A,A_0052,STEP1,harsanyi,A,-0.4658454656600952
A,A_0052,STEP1,harsanyi,B,-0.06834042072296143
A,A_0052,STEP1,harsanyi,C,-0.06834042072296143
A,A_0052,STEP1,harsanyi,D,-0.1405242681503296
A,A_0052,STEP1,harsanyi,AB,0.06834018230438232
A,A_0052,STEP1,harsanyi,AC,-0.0214768648147583
A,A_0052,STEP1,harsanyi,AD,0.05070698261260986
A,A_0052,STEP1,harsanyi,BC,-0.0038434267044067383
A,A_0052,STEP1,harsanyi,BD,0.1405242681503296
A,A_0052,STEP1,harsanyi,CD,0.06834042072296143
A,A_0052,STEP1,harsanyi,ABC,0.09366083145141602
A,A_0052,STEP1,harsanyi,ABD,-0.05070686340332031
A,A_0052,STEP1,harsanyi,ACD,-0.07141149044036865
A,A_0052,STEP1,harsanyi,BCD,-0.06834042072296143
A,A_0052,STEP1,harsanyi,ABCD,-0.018405795097351074
A,A_0052,STEP1,LOO,A,-0.41513848304748535
A,A_0052,STEP1,LOO,B,0.09288835525512695
A,A_0052,STEP1,LOO,C,-0.08981716632843018
A,A_0052,STEP1,LOO,D,-0.08981716632843018
A,A_0052,STEP2,harsanyi,A,-0.035182833671569824
A,A_0052,STEP2,harsanyi,B,-0.07360926270484924
A,A_0052,STEP2,harsanyi,C,-0.07360926270484924
A,A_0052,STEP2,harsanyi,D,0.0
A,A_0052,STEP2,harsanyi,AB,-0.0066468119621276855
A,A_0052,STEP2,harsanyi,AC,0.07360926270484924
A,A_0052,STEP2,harsanyi,AD,0.035182833671569824
A,A_0052,STEP2,harsanyi,BC,0.11203569173812866
A,A_0052,STEP2,harsanyi,BD,0.0
A,A_0052,STEP2,harsanyi,CD,0.0
A,A_0052,STEP2,harsanyi,ABC,-0.11203569173812866
A,A_0052,STEP2,harsanyi,ABD,0.0066468119621276855
A,A_0052,STEP2,harsanyi,ACD,-0.07360926270484924
A,A_0052,STEP2,harsanyi,BCD,-0.03842642903327942
A,A_0052,STEP2,harsanyi,ABCD,0.07020604610443115
A,A_0052,STEP2,LOO,A,-0.04182964563369751
A,A_0052,STEP2,LOO,B,-0.04182964563369751
A,A_0052,STEP2,LOO,C,-0.04182964563369751
A,A_0052,STEP2,LOO,D,0.0
A,A_0052,FINAL,harsanyi,A,0.10186243057250977
A,A_0052,FINAL,harsanyi,B,0.052816152572631836
A,A_0052,FINAL,harsanyi,C,0.052816152572631836
A,A_0052,FINAL,harsanyi,D,0.10186243057250977
A,A_0052,FINAL,harsanyi,AB,-0.1546785831451416
A,A_0052,FINAL,harsanyi,AC,-0.052816152572631836
A,A_0052,FINAL,harsanyi,AD,-0.10186243057250977
A,A_0052,FINAL,harsanyi,BC,-0.052816152572631836
A,A_0052,FINAL,harsanyi,BD,-0.10186243057250977
A,A_0052,FINAL,harsanyi,CD,-0.10186243057250977
A,A_0052,FINAL,harsanyi,ABC,0.1546785831451416
A,A_0052,FINAL,harsanyi,ABD,0.20372486114501953
A,A_0052,FINAL,harsanyi,ACD,0.052816152572631836
A,A_0052,FINAL,harsanyi,BCD,0.1509087085723877
A,A_0052,FINAL,harsanyi,ABCD,-0.20372486114501953
A,A_0052,FINAL,LOO,A,0.0
A,A_0052,FINAL,LOO,B,0.04904627799987793
A,A_0052,FINAL,LOO,C,0.0
A,A_0052,FINAL,LOO,D,0.0
A,A_0053,STEP1,harsanyi,A,0.0
A,A_0053,STEP1,harsanyi,B,-0.06834042072296143
A,A_0053,STEP1,harsanyi,C,-0.06834042072296143
A,A_0053,STEP1,harsanyi,D,-0.1405242681503296
A,A_0053,STEP1,harsanyi,AB,0.06834042072296143
A,A_0053,STEP1,harsanyi,AC,0.0
A,A_0053,STEP1,harsanyi,AD,0.07218384742736816
A,A_0053,STEP1,harsanyi,BC,-0.0038434267044067383
A,A_0053,STEP1,harsanyi,BD,-0.0076133012771606445
A,A_0053,STEP1,harsanyi,CD,-0.0076133012771606445
A,A_0053,STEP1,harsanyi,ABC,0.0038434267044067383
A,A_0053,STEP1,harsanyi,ABD,0.0076133012771606445
A,A_0053,STEP1,harsanyi,ACD,0.0037698745727539062
A,A_0053,STEP1,harsanyi,BCD,0.22793471813201904
A,A_0053,STEP1,harsanyi,ABCD,-0.3038884401321411
A,A_0053,STEP1,LOO,A,-0.14813756942749023
A,A_0053,STEP1,LOO,B,-0.07595372200012207
A,A_0053,STEP1,LOO,C,-0.14813756942749023
A,A_0053,STEP1,LOO,D,-0.14813756942749023
A,A_0053,STEP2,harsanyi,A,0.0
A,A_0053,STEP2,harsanyi,B,0.17639076709747314
A,A_0053,STEP2,harsanyi,C,0.17639076709747314
A,A_0053,STEP2,harsanyi,D,0.08981716632843018
A,A_0053,STEP2,harsanyi,AB,0.0
A,A_0053,STEP2,harsanyi,AC,-0.08657360076904297
A,A_0053,STEP2,harsanyi,AD,0.08657360076904297
A,A_0053,STEP2,harsanyi,BC,-0.3527815341949463
A,A_0053,STEP2,harsanyi,BD,-0.08981716632843018
A,A_0053,STEP2,harsanyi,CD,-0.006646871566772461
A,A_0053,STEP2,harsanyi,ABC,0.1763906478881836
A,A_0053,STEP2,harsanyi,ABD,-0.003403306007385254
A,A_0053,STEP2,harsanyi,ACD,-0.08317029476165771
A,A_0053,STEP2,harsanyi,BCD,0.18303751945495605
A,A_0053,STEP2,harsanyi,ABCD,-0.17639052867889404
A,A_0053,STEP2,LOO,A,-0.08657348155975342
A,A_0053,STEP2,LOO,B,-0.08657360076904297
A,A_0053,STEP2,LOO,C,-0.16974389553070068
A,A_0053,STEP2,LOO,D,1.1920928955078125e-07
A,A_0053,FINAL,harsanyi,A,-0.07218378782272339
A,A_0053,FINAL,harsanyi,B,-0.07218378782272339
A,A_0053,FINAL,harsanyi,C,-0.07218378782272339
A,A_0053,FINAL,harsanyi,D,-0.07218378782272339
A,A_0053,FINAL,harsanyi,AB,0.14436763525009155
A,A_0053,FINAL,harsanyi,AC,0.07218378782272339
A,A_0053,FINAL,harsanyi,AD,0.14436763525009155
A,A_0053,FINAL,harsanyi,BC,0.07218378782272339
A,A_0053,FINAL,harsanyi,BD,0.07218378782272339
A,A_0053,FINAL,harsanyi,CD,0.07218378782272339
A,A_0053,FINAL,harsanyi,ABC,-0.14436763525009155
A,A_0053,FINAL,harsanyi,ABD,-0.21655148267745972
A,A_0053,FINAL,harsanyi,ACD,-0.14436763525009155
A,A_0053,FINAL,harsanyi,BCD,-0.07218378782272339
A,A_0053,FINAL,harsanyi,ABCD,0.14059776067733765
A,A_0053,FINAL,LOO,A,-0.07595372200012207
A,A_0053,FINAL,LOO,B,-0.07595372200012207
A,A_0053,FINAL,LOO,C,-0.07595372200012207
A,A_0053,FINAL,LOO,D,-0.07595372200012207
A,A_0054,STEP1,harsanyi,A,0.28415441513061523
A,A_0054,STEP1,harsanyi,B,0.056659579277038574
A,A_0054,STEP1,harsanyi,C,0.056659579277038574
A,A_0054,STEP1,harsanyi,D,0.10947573184967041
A,A_0054,STEP1,harsanyi,AB,-0.056659579277038574
A,A_0054,STEP1,harsanyi,AC,-0.056659579277038574
A,A_0054,STEP1,harsanyi,AD,-0.07429289817810059
A,A_0054,STEP1,harsanyi,BC,-0.056659579277038574
A,A_0054,STEP1,harsanyi,BD,-0.10947573184967041
A,A_0054,STEP1,harsanyi,CD,-0.056659579277038574
A,A_0054,STEP1,harsanyi,ABC,0.056659579277038574
A,A_0054,STEP1,harsanyi,ABD,0.07429289817810059
A,A_0054,STEP1,harsanyi,ACD,0.08877122402191162
A,A_0054,STEP1,harsanyi,BCD,0.10947573184967041
A,A_0054,STEP1,harsanyi,ABCD,-0.10640454292297363
A,A_0054,STEP1,LOO,A,0.20986151695251465
A,A_0054,STEP1,LOO,B,-0.03211164474487305
A,A_0054,STEP1,LOO,C,0.035182833671569824
A,A_0054,STEP1,LOO,D,0.035182833671569824
A,A_0054,STEP2,harsanyi,A,0.08981728553771973
A,A_0054,STEP2,harsanyi,B,0.17639076709747314
A,A_0054,STEP2,harsanyi,C,0.17639076709747314
A,A_0054,STEP2,harsanyi,D,0.0
A,A_0054,STEP2,harsanyi,AB,-0.08981740474700928
A,A_0054,STEP2,harsanyi,AC,-0.3590964078903198
A,A_0054,STEP2,harsanyi,AD,-0.08981728553771973
A,A_0054,STEP2,harsanyi,BC,-0.44566988945007324
A,A_0054,STEP2,harsanyi,BD,-1.1920928955078125e-07
A,A_0054,STEP2,harsanyi,CD,0.08317029476165771
A,A_0054,STEP2,harsanyi,ABC,0.45198488235473633
A,A_0054,STEP2,harsanyi,ABD,0.08981752395629883
A,A_0054,STEP2,harsanyi,ACD,0.09953534603118896
A,A_0054,STEP2,harsanyi,BCD,0.09953534603118896
A,A_0054,STEP2,harsanyi,ABCD,-0.19242393970489502
A,A_0054,STEP2,LOO,A,0.0
A,A_0054,STEP2,LOO,B,0.08981716632843018
A,A_0054,STEP2,LOO,C,-0.08657360076904297
A,A_0054,STEP2,LOO,D,0.08981716632843018
A,A_0054,FINAL,harsanyi,A,0.10186243057250977
A,A_0054,FINAL,harsanyi,B,0.052816152572631836
A,A_0054,FINAL,harsanyi,C,0.052816152572631836
A,A_0054,FINAL,harsanyi,D,0.10186243057250977
A,A_0054,FINAL,harsanyi,AB,-0.10186243057250977
A,A_0054,FINAL,harsanyi,AC,-0.10186243057250977
A,A_0054,FINAL,harsanyi,AD,-0.10186243057250977
A,A_0054,FINAL,harsanyi,BC,-0.10563230514526367
A,A_0054,FINAL,harsanyi,BD,-0.10186243057250977
A,A_0054,FINAL,harsanyi,CD,-0.1546785831451416
A,A_0054,FINAL,harsanyi,ABC,0.1546785831451416
A,A_0054,FINAL,harsanyi,ABD,0.10186243057250977
A,A_0054,FINAL,harsanyi,ACD,0.20372486114501953
A,A_0054,FINAL,harsanyi,BCD,0.25654101371765137
A,A_0054,FINAL,harsanyi,ABCD,-0.25654101371765137
A,A_0054,FINAL,LOO,A,0.0
A,A_0054,FINAL,LOO,B,0.0
A,A_0054,FINAL,LOO,C,0.04904627799987793
A,A_0054,FINAL,LOO,D,0.04904627799987793
A,A_0055,STEP1,harsanyi,A,-0.4658454656600952
A,A_0055,STEP1,harsanyi,B,-0.06834042072296143
A,A_0055,STEP1,harsanyi,C,-0.06834042072296143
A,A_0055,STEP1,harsanyi,D,-0.1405242681503296
A,A_0055,STEP1,harsanyi,AB,0.06834018230438232
A,A_0055,STEP1,harsanyi,AC,0.06834030151367188
A,A_0055,STEP1,harsanyi,AD,0.05070698261260986
A,A_0055,STEP1,harsanyi,BC,-0.0038434267044067383
A,A_0055,STEP1,harsanyi,BD,0.1405242681503296
A,A_0055,STEP1,harsanyi,CD,0.06834042072296143
A,A_0055,STEP1,harsanyi,ABC,0.00384366512298584
A,A_0055,STEP1,harsanyi,ABD,-0.05070686340332031
A,A_0055,STEP1,harsanyi,ACD,-0.16122865676879883
A,A_0055,STEP1,harsanyi,BCD,-0.06834042072296143
A,A_0055,STEP1,harsanyi,ABCD,0.16122841835021973
A,A_0055,STEP1,LOO,A,-0.3253214359283447
A,A_0055,STEP1,LOO,B,0.18270540237426758
A,A_0055,STEP1,LOO,C,-1.1920928955078125e-07
A,A_0055,STEP1,LOO,D,-1.1920928955078125e-07
A,A_0055,STEP2,harsanyi,A,0.08981728553771973
A,A_0055,STEP2,harsanyi,B,0.17639076709747314
A,A_0055,STEP2,harsanyi,C,0.17639076709747314
A,A_0055,STEP2,harsanyi,D,0.0
A,A_0055,STEP2,harsanyi,AB,-0.006646990776062012
A,A_0055,STEP2,harsanyi,AC,-0.3590964078903198
A,A_0055,STEP2,harsanyi,AD,-0.08981728553771973
A,A_0055,STEP2,harsanyi,BC,-0.44566988945007324
A,A_0055,STEP2,harsanyi,BD,0.0
A,A_0055,STEP2,harsanyi,CD,0.08317029476165771
A,A_0055,STEP2,harsanyi,ABC,0.45863163471221924
A,A_0055,STEP2,harsanyi,ABD,0.006646990776062012
A,A_0055,STEP2,harsanyi,ACD,0.09953534603118896
A,A_0055,STEP2,harsanyi,BCD,0.09953522682189941
A,A_0055,STEP2,harsanyi,ABCD,-0.19907069206237793
A,A_0055,STEP2,LOO,A,-1.1920928955078125e-07
A,A_0055,STEP2,LOO,B,0.08981704711914062
A,A_0055,STEP2,LOO,C,-0.08657371997833252
A,A_0055,STEP2,LOO,D,-1.1920928955078125e-07
A,A_0055,FINAL,harsanyi,A,-0.14813750982284546
A,A_0055,FINAL,harsanyi,B,-0.07218378782272339
A,A_0055,FINAL,harsanyi,C,-0.07218378782272339
A,A_0055,FINAL,harsanyi,D,-0.14813750982284546
A,A_0055,FINAL,harsanyi,AB,0.22032135725021362
A,A_0055,FINAL,harsanyi,AC,0.14813750982284546
A,A_0055,FINAL,harsanyi,AD,0.14813750982284546
A,A_0055,FINAL,harsanyi,BC,0.14436763525009155
A,A_0055,FINAL,harsanyi,BD,0.14813750982284546
A,A_0055,FINAL,harsanyi,CD,0.22032135725021362
A,A_0055,FINAL,harsanyi,ABC,-0.22032135725021362
A,A_0055,FINAL,harsanyi,ABD,-0.2962750792503357
A,A_0055,FINAL,harsanyi,ACD,-0.2962750792503357
A,A_0055,FINAL,harsanyi,BCD,-0.22032135725021362
A,A_0055,FINAL,harsanyi,ABCD,0.2962750792503357
A,A_0055,FINAL,LOO,A,-0.14813756942749023
A,A_0055,FINAL,LOO,B,0.0
A,A_0055,FINAL,LOO,C,0.0
A,A_0055,FINAL,LOO,D,-0.14813756942749023
A,A_0056,STEP1,harsanyi,A,0.0
A,A_0056,STEP1,harsanyi,B,0.056659579277038574
A,A_0056,STEP1,harsanyi,C,0.056659579277038574
A,A_0056,STEP1,harsanyi,D,0.10947573184967041
A,A_0056,STEP1,harsanyi,AB,-0.056659579277038574
A,A_0056,STEP1,harsanyi,AC,0.0
A,A_0056,STEP1,harsanyi,AD,-0.10947573184967041
A,A_0056,STEP1,harsanyi,BC,-0.0038434267044067383
A,A_0056,STEP1,harsanyi,BD,-0.10947573184967041
A,A_0056,STEP1,harsanyi,CD,-0.056659579277038574
A,A_0056,STEP1,harsanyi,ABC,0.0038434267044067383
A,A_0056,STEP1,harsanyi,ABD,0.16613531112670898
A,A_0056,STEP1,harsanyi,ACD,0.056659579277038574
A,A_0056,STEP1,harsanyi,BCD,0.056659579277038574
A,A_0056,STEP1,harsanyi,ABCD,-0.06050300598144531
A,A_0056,STEP1,LOO,A,0.0
A,A_0056,STEP1,LOO,B,0.052816152572631836
A,A_0056,STEP1,LOO,C,0.052816152572631836
A,A_0056,STEP1,LOO,D,0.052816152572631836
A,A_0056,STEP2,harsanyi,A,0.0
A,A_0056,STEP2,harsanyi,B,-0.07360926270484924
A,A_0056,STEP2,harsanyi,C,-0.07360926270484924
A,A_0056,STEP2,harsanyi,D,0.0
A,A_0056,STEP2,harsanyi,AB,0.0
A,A_0056,STEP2,harsanyi,AC,0.03842642903327942
A,A_0056,STEP2,harsanyi,AD,-0.035182833671569824
A,A_0056,STEP2,harsanyi,BC,0.11203569173812866
A,A_0056,STEP2,harsanyi,BD,0.0
A,A_0056,STEP2,harsanyi,CD,0.0
A,A_0056,STEP2,harsanyi,ABC,-0.07685285806655884
A,A_0056,STEP2,harsanyi,ABD,0.07360926270484924
A,A_0056,STEP2,harsanyi,ACD,-0.0032435953617095947
A,A_0056,STEP2,harsanyi,BCD,-0.03842642903327942
A,A_0056,STEP2,harsanyi,ABCD,0.0032435953617095947
A,A_0056,STEP2,LOO,A,0.0
A,A_0056,STEP2,LOO,B,0.0
A,A_0056,STEP2,LOO,C,-0.03842642903327942
A,A_0056,STEP2,LOO,D,0.0
A,A_0056,FINAL,harsanyi,A,-0.07218378782272339
A,A_0056,FINAL,harsanyi,B,-0.07218378782272339
A,A_0056,FINAL,harsanyi,C,-0.07218378782272339
A,A_0056,FINAL,harsanyi,D,-0.14813750982284546
A,A_0056,FINAL,harsanyi,AB,0.14436763525009155
A,A_0056,FINAL,harsanyi,AC,0.07218378782272339
A,A_0056,FINAL,harsanyi,AD,0.14813750982284546
A,A_0056,FINAL,harsanyi,BC,0.07218378782272339
A,A_0056,FINAL,harsanyi,BD,0.14813750982284546
A,A_0056,FINAL,harsanyi,CD,0.14813750982284546
A,A_0056,FINAL,harsanyi,ABC,-0.07218378782272339
A,A_0056,FINAL,harsanyi,ABD,-0.14813750982284546
A,A_0056,FINAL,harsanyi,ACD,-0.14813750982284546
A,A_0056,FINAL,harsanyi,BCD,-0.22409123182296753
A,A_0056,FINAL,harsanyi,ABCD,0.0759536623954773
A,A_0056,FINAL,LOO,A,0.0
A,A_0056,FINAL,LOO,B,-0.07595372200012207
A,A_0056,FINAL,LOO,C,-0.14813756942749023
A,A_0056,FINAL,LOO,D,-0.14813756942749023
A,A_0057,STEP1,harsanyi,A,0.28415441513061523
A,A_0057,STEP1,harsanyi,B,0.056659579277038574
A,A_0057,STEP1,harsanyi,C,0.056659579277038574
A,A_0057,STEP1,harsanyi,D,0.10947573184967041
A,A_0057,STEP1,harsanyi,AB,-0.056659579277038574
A,A_0057,STEP1,harsanyi,AC,-0.02147674560546875
A,A_0057,STEP1,harsanyi,AD,-0.07429289817810059
A,A_0057,STEP1,harsanyi,BC,-0.0038434267044067383
A,A_0057,STEP1,harsanyi,BD,-0.10947573184967041
A,A_0057,STEP1,harsanyi,CD,-0.056659579277038574
A,A_0057,STEP1,harsanyi,ABC,0.0038434267044067383
A,A_0057,STEP1,harsanyi,ABD,0.07429289817810059
A,A_0057,STEP1,harsanyi,ACD,0.0535883903503418
A,A_0057,STEP1,harsanyi,BCD,0.0038434267044067383
A,A_0057,STEP1,harsanyi,ABCD,-0.035955071449279785
A,A_0057,STEP1,LOO,A,0.22749483585357666
A,A_0057,STEP1,LOO,B,-0.06729447841644287
A,A_0057,STEP1,LOO,C,0.0
A,A_0057,STEP1,LOO,D,-0.035182833671569824
A,A_0057,STEP2,harsanyi,A,-0.035182833671569824
A,A_0057,STEP2,harsanyi,B,-0.07360926270484924
A,A_0057,STEP2,harsanyi,C,-0.07360926270484924
A,A_0057,STEP2,harsanyi,D,0.0
A,A_0057,STEP2,harsanyi,AB,0.035182833671569824
A,A_0057,STEP2,harsanyi,AC,0.07360926270484924
A,A_0057,STEP2,harsanyi,AD,0.035182833671569824
A,A_0057,STEP2,harsanyi,BC,0.1472185254096985
A,A_0057,STEP2,harsanyi,BD,0.0
A,A_0057,STEP2,harsanyi,CD,0.0
A,A_0057,STEP2,harsanyi,ABC,-0.1472185254096985
A,A_0057,STEP2,harsanyi,ABD,-0.035182833671569824
A,A_0057,STEP2,harsanyi,ACD,-0.07360926270484924
A,A_0057,STEP2,harsanyi,BCD,-0.07360926270484924
A,A_0057,STEP2,harsanyi,ABCD,0.10538887977600098
A,A_0057,STEP2,LOO,A,-0.04182964563369751
A,A_0057,STEP2,LOO,B,-0.04182964563369751
A,A_0057,STEP2,LOO,C,-0.04182964563369751
A,A_0057,STEP2,LOO,D,-0.04182964563369751
A,A_0057,FINAL,harsanyi,A,-0.14813750982284546
A,A_0057,FINAL,harsanyi,B,-0.07218378782272339
A,A_0057,FINAL,harsanyi,C,-0.07218378782272339
A,A_0057,FINAL,harsanyi,D,-0.14813750982284546
A,A_0057,FINAL,harsanyi,AB,0.14813750982284546
A,A_0057,FINAL,harsanyi,AC,0.07218378782272339
A,A_0057,FINAL,harsanyi,AD,0.14813750982284546
A,A_0057,FINAL,harsanyi,BC,0.07218378782272339
A,A_0057,FINAL,harsanyi,BD,0.14813750982284546
A,A_0057,FINAL,harsanyi,CD,0.14813750982284546
A,A_0057,FINAL,harsanyi,ABC,5.960464477539063e-08
A,A_0057,FINAL,harsanyi,ABD,-0.14813750982284546
A,A_0057,FINAL,harsanyi,ACD,-0.07218378782272339
A,A_0057,FINAL,harsanyi,BCD,-0.22409123182296753
A,A_0057,FINAL,harsanyi,ABCD,-0.0796237587928772
A,A_0057,FINAL,LOO,A,-0.07962369918823242
A,A_0057,FINAL,LOO,B,-0.1555774211883545
A,A_0057,FINAL,LOO,C,-0.1555774211883545
A,A_0057,FINAL,LOO,D,-0.22776126861572266
A,A_0058,STEP1,harsanyi,A,0.0
A,A_0058,STEP1,harsanyi,B,0.056659579277038574
A,A_0058,STEP1,harsanyi,C,0.056659579277038574
A,A_0058,STEP1,harsanyi,D,0.10947573184967041
A,A_0058,STEP1,harsanyi,AB,-0.056659579277038574
A,A_0058,STEP1,harsanyi,AC,0.0
A,A_0058,STEP1,harsanyi,AD,-0.052816152572631836
A,A_0058,STEP1,harsanyi,BC,-0.0038434267044067383
A,A_0058,STEP1,harsanyi,BD,-0.0076133012771606445
A,A_0058,STEP1,harsanyi,CD,-0.0076133012771606445
A,A_0058,STEP1,harsanyi,ABC,0.0038434267044067383
A,A_0058,STEP1,harsanyi,ABD,0.06042945384979248
A,A_0058,STEP1,harsanyi,ACD,0.0037698745727539062
A,A_0058,STEP1,harsanyi,BCD,-0.09424912929534912
A,A_0058,STEP1,harsanyi,ABCD,0.041432976722717285
A,A_0058,STEP1,LOO,A,0.0
A,A_0058,STEP1,LOO,B,0.0
A,A_0058,STEP1,LOO,C,0.0
A,A_0058,STEP1,LOO,D,0.052816152572631836
A,A_0058,STEP2,harsanyi,A,0.0
A,A_0058,STEP2,harsanyi,B,0.17639076709747314
A,A_0058,STEP2,harsanyi,C,0.17639076709747314
A,A_0058,STEP2,harsanyi,D,0.08981716632843018
A,A_0058,STEP2,harsanyi,AB,-1.1920928955078125e-07
A,A_0058,STEP2,harsanyi,AC,-0.08657360076904297
A,A_0058,STEP2,harsanyi,AD,0.08657360076904297
A,A_0058,STEP2,harsanyi,BC,-0.2629643678665161
A,A_0058,STEP2,harsanyi,BD,-0.08981716632843018
A,A_0058,STEP2,harsanyi,CD,-0.006646871566772461
A,A_0058,STEP2,harsanyi,ABC,0.1731473207473755
A,A_0058,STEP2,harsanyi,ABD,-0.003403186798095703
A,A_0058,STEP2,harsanyi,ACD,-0.08317029476165771
A,A_0058,STEP2,harsanyi,BCD,0.006646871566772461
A,A_0058,STEP2,harsanyi,ABCD,-2.384185791015625e-07
A,A_0058,STEP2,LOO,A,0.08657348155975342
A,A_0058,STEP2,LOO,B,-1.1920928955078125e-07
A,A_0058,STEP2,LOO,C,-0.08317041397094727
A,A_0058,STEP2,LOO,D,-1.1920928955078125e-07
A,A_0058,FINAL,harsanyi,A,0.052816152572631836
A,A_0058,FINAL,harsanyi,B,0.052816152572631836
A,A_0058,FINAL,harsanyi,C,0.052816152572631836
A,A_0058,FINAL,harsanyi,D,0.052816152572631836
A,A_0058,FINAL,harsanyi,AB,-0.10563230514526367
A,A_0058,FINAL,harsanyi,AC,-0.052816152572631836
A,A_0058,FINAL,harsanyi,AD,-0.10563230514526367
A,A_0058,FINAL,harsanyi,BC,-0.052816152572631836
A,A_0058,FINAL,harsanyi,BD,-0.10563230514526367
A,A_0058,FINAL,harsanyi,CD,-0.052816152572631836
A,A_0058,FINAL,harsanyi,ABC,0.052816152572631836
A,A_0058,FINAL,harsanyi,ABD,0.21126461029052734
A,A_0058,FINAL,harsanyi,ACD,0.10563230514526367
A,A_0058,FINAL,harsanyi,BCD,0.10563230514526367
A,A_0058,FINAL,harsanyi,ABCD,-0.1584484577178955
A,A_0058,FINAL,LOO,A,0.0
A,A_0058,FINAL,LOO,B,0.0
A,A_0058,FINAL,LOO,C,0.0
A,A_0058,FINAL,LOO,D,0.052816152572631836
A,A_0059,STEP1,harsanyi,A,0.28415441513061523
A,A_0059,STEP1,harsanyi,B,0.056659579277038574
A,A_0059,STEP1,harsanyi,C,0.056659579277038574
A,A_0059,STEP1,harsanyi,D,0.10947573184967041
A,A_0059,STEP1,harsanyi,AB,-0.056659579277038574
A,A_0059,STEP1,harsanyi,AC,-0.02147674560546875
A,A_0059,STEP1,harsanyi,AD,-0.07429289817810059
A,A_0059,STEP1,harsanyi,BC,-0.0038434267044067383
A,A_0059,STEP1,harsanyi,BD,-0.0076133012771606445
A,A_0059,STEP1,harsanyi,CD,-0.0076133012771606445
A,A_0059,STEP1,harsanyi,ABC,0.0038434267044067383
A,A_0059,STEP1,harsanyi,ABD,0.0076133012771606445
A,A_0059,STEP1,harsanyi,ACD,0.03376317024230957
A,A_0059,STEP1,harsanyi,BCD,-0.14706528186798096
A,A_0059,STEP1,harsanyi,ABCD,0.11784422397613525
A,A_0059,STEP1,LOO,A,0.29478931427001953
A,A_0059,STEP1,LOO,B,-0.029221057891845703
A,A_0059,STEP1,LOO,C,0.03211164474487305
A,A_0059,STEP1,LOO,D,0.03211164474487305
A,A_0059,STEP2,harsanyi,A,0.08981728553771973
A,A_0059,STEP2,harsanyi,B,0.17639076709747314
A,A_0059,STEP2,harsanyi,C,0.17639076709747314
A,A_0059,STEP2,harsanyi,D,0.08981716632843018
A,A_0059,STEP2,harsanyi,AB,-0.08981740474700928
A,A_0059,STEP2,harsanyi,AC,-0.1763908863067627
A,A_0059,STEP2,harsanyi,AD,-0.003243684768676758
A,A_0059,STEP2,harsanyi,BC,-0.3527815341949463
A,A_0059,STEP2,harsanyi,BD,-0.08981716632843018
A,A_0059,STEP2,harsanyi,CD,-0.006646871566772461
A,A_0059,STEP2,harsanyi,ABC,0.3527817726135254
A,A_0059,STEP2,harsanyi,ABD,0.24199151992797852
A,A_0059,STEP2,harsanyi,ACD,0.006646990776062012
A,A_0059,STEP2,harsanyi,BCD,0.18303751945495605
A,A_0059,STEP2,harsanyi,ABCD,-0.42178547382354736
A,A_0059,STEP2,LOO,A,1.1920928955078125e-07
A,A_0059,STEP2,LOO,B,0.0
A,A_0059,STEP2,LOO,C,-0.2387477159500122
A,A_0059,STEP2,LOO,D,0.0
A,A_0059,FINAL,harsanyi,A,0.10186243057250977
A,A_0059,FINAL,harsanyi,B,0.052816152572631836
A,A_0059,FINAL,harsanyi,C,0.052816152572631836
A,A_0059,FINAL,harsanyi,D,0.052816152572631836
A,A_0059,FINAL,harsanyi,AB,-0.10186243057250977
A,A_0059,FINAL,harsanyi,AC,-0.052816152572631836
A,A_0059,FINAL,harsanyi,AD,-0.052816152572631836
A,A_0059,FINAL,harsanyi,BC,-0.052816152572631836
A,A_0059,FINAL,harsanyi,BD,-0.052816152572631836
A,A_0059,FINAL,harsanyi,CD,-0.052816152572631836
A,A_0059,FINAL,harsanyi,ABC,0.0
A,A_0059,FINAL,harsanyi,ABD,0.10186243057250977
A,A_0059,FINAL,harsanyi,ACD,0.0981924831867218
A,A_0059,FINAL,harsanyi,BCD,0.052816152572631836
A,A_0059,FINAL,harsanyi,ABCD,0.0
A,A_0059,FINAL,LOO,A,0.0944226086139679
A,A_0059,FINAL,LOO,B,0.0
A,A_0059,FINAL,LOO,C,0.045376330614089966
A,A_0059,FINAL,LOO,D,0.14723876118659973
A,A_0060,STEP1,harsanyi,A,0.0
A,A_0060,STEP1,harsanyi,B,-0.06834042072296143
A,A_0060,STEP1,harsanyi,C,-0.06834042072296143
A,A_0060,STEP1,harsanyi,D,-0.1405242681503296
A,A_0060,STEP1,harsanyi,AB,0.06834042072296143
A,A_0060,STEP1,harsanyi,AC,0.0
A,A_0060,STEP1,harsanyi,AD,0.1405242681503296
A,A_0060,STEP1,harsanyi,BC,-0.0038434267044067383
A,A_0060,STEP1,harsanyi,BD,0.1405242681503296
A,A_0060,STEP1,harsanyi,CD,0.06834042072296143
A,A_0060,STEP1,harsanyi,ABC,0.0038434267044067383
A,A_0060,STEP1,harsanyi,ABD,-0.20886468887329102
A,A_0060,STEP1,harsanyi,ACD,-0.06834042072296143
A,A_0060,STEP1,harsanyi,BCD,0.0038434267044067383
A,A_0060,STEP1,harsanyi,ABCD,-0.08364057540893555
A,A_0060,STEP1,LOO,A,-0.14813756942749023
A,A_0060,STEP1,LOO,B,-0.14813756942749023
A,A_0060,STEP1,LOO,C,-0.14813756942749023
A,A_0060,STEP1,LOO,D,-0.14813756942749023
A,A_0060,STEP2,harsanyi,A,0.0
A,A_0060,STEP2,harsanyi,B,-0.07360926270484924
A,A_0060,STEP2,harsanyi,C,-0.07360926270484924
A,A_0060,STEP2,harsanyi,D,0.0
A,A_0060,STEP2,harsanyi,AB,0.0
A,A_0060,STEP2,harsanyi,AC,0.03842642903327942
A,A_0060,STEP2,harsanyi,AD,-0.035182833671569824
A,A_0060,STEP2,harsanyi,BC,0.1472185254096985
A,A_0060,STEP2,harsanyi,BD,0.0
A,A_0060,STEP2,harsanyi,CD,0.0
A,A_0060,STEP2,harsanyi,ABC,-0.07360926270484924
A,A_0060,STEP2,harsanyi,ABD,0.07360926270484924
A,A_0060,STEP2,harsanyi,ACD,-0.0032435953617095947
A,A_0060,STEP2,harsanyi,BCD,-0.07360926270484924
A,A_0060,STEP2,harsanyi,ABCD,-0.04182964563369751
A,A_0060,STEP2,LOO,A,-0.04182964563369751
A,A_0060,STEP2,LOO,B,-0.04182964563369751
A,A_0060,STEP2,LOO,C,-0.08025607466697693
A,A_0060,STEP2,LOO,D,-0.08025607466697693
A,A_0060,FINAL,harsanyi,A,0.052816152572631836
A,A_0060,FINAL,harsanyi,B,0.052816152572631836
A,A_0060,FINAL,harsanyi,C,0.052816152572631836
A,A_0060,FINAL,harsanyi,D,0.10186243057250977
A,A_0060,FINAL,harsanyi,AB,-0.10563230514526367
A,A_0060,FINAL,harsanyi,AC,-0.052816152572631836
A,A_0060,FINAL,harsanyi,AD,-0.10186243057250977
A,A_0060,FINAL,harsanyi,BC,-0.052816152572631836
A,A_0060,FINAL,harsanyi,BD,-0.10186243057250977
A,A_0060,FINAL,harsanyi,CD,-0.10186243057250977
A,A_0060,FINAL,harsanyi,ABC,0.10563230514526367
A,A_0060,FINAL,harsanyi,ABD,0.1546785831451416
A,A_0060,FINAL,harsanyi,ACD,0.10186243057250977
A,A_0060,FINAL,harsanyi,BCD,0.1509087085723877
A,A_0060,FINAL,harsanyi,ABCD,-0.20372486114501953
A,A_0060,FINAL,LOO,A,-0.04904627799987793
A,A_0060,FINAL,LOO,B,0.0
A,A_0060,FINAL,LOO,C,0.0
A,A_0060,FINAL,LOO,D,0.0
A,A_0061,STEP1,harsanyi,A,0.0
A,A_0061,STEP1,harsanyi,B,0.056659579277038574
A,A_0061,STEP1,harsanyi,C,0.056659579277038574
A,A_0061,STEP1,harsanyi,D,0.10947573184967041
A,A_0061,STEP1,harsanyi,AB,-0.056659579277038574
A,A_0061,STEP1,harsanyi,AC,-0.056659579277038574
A,A_0061,STEP1,harsanyi,AD,-0.052816152572631836
A,A_0061,STEP1,harsanyi,BC,-0.0038434267044067383
A,A_0061,STEP1,harsanyi,BD,-0.0076133012771606445
A,A_0061,STEP1,harsanyi,CD,-0.0076133012771606445
A,A_0061,STEP1,harsanyi,ABC,0.06050300598144531
A,A_0061,STEP1,harsanyi,ABD,0.06042945384979248
A,A_0061,STEP1,harsanyi,ACD,0.0076133012771606445
A,A_0061,STEP1,harsanyi,BCD,-0.04520285129547119
A,A_0061,STEP1,harsanyi,ABCD,0.03758955001831055
A,A_0061,STEP1,LOO,A,0.0
A,A_0061,STEP1,LOO,B,0.10186243057250977
A,A_0061,STEP1,LOO,C,0.04904627799987793
A,A_0061,STEP1,LOO,D,0.10186243057250977
A,A_0061,STEP2,harsanyi,A,0.0
A,A_0061,STEP2,harsanyi,B,-0.07360926270484924
A,A_0061,STEP2,harsanyi,C,-0.07360926270484924
A,A_0061,STEP2,harsanyi,D,-0.035182833671569824
A,A_0061,STEP2,harsanyi,AB,0.0
A,A_0061,STEP2,harsanyi,AC,0.07360926270484924
A,A_0061,STEP2,harsanyi,AD,-0.03842642903327942
A,A_0061,STEP2,harsanyi,BC,0.17933017015457153
A,A_0061,STEP2,harsanyi,BD,0.035182833671569824
A,A_0061,STEP2,harsanyi,CD,-0.0066468119621276855
A,A_0061,STEP2,harsanyi,ABC,-0.14090374112129211
A,A_0061,STEP2,harsanyi,ABD,-0.003403216600418091
A,A_0061,STEP2,harsanyi,ACD,0.08025607466697693
A,A_0061,STEP2,harsanyi,BCD,-0.060647666454315186
A,A_0061,STEP2,harsanyi,ABCD,0.06405088305473328
A,A_0061,STEP2,LOO,A,0.035182833671569824
A,A_0061,STEP2,LOO,B,0.0
A,A_0061,STEP2,LOO,C,0.11543890833854675
A,A_0061,STEP2,LOO,D,0.035182833671569824
A,A_0061,FINAL,harsanyi,A,-0.07218378782272339
A,A_0061,FINAL,harsanyi,B,-0.07218378782272339
A,A_0061,FINAL,harsanyi,C,-0.07218378782272339
A,A_0061,FINAL,harsanyi,D,-0.07218378782272339
A,A_0061,FINAL,harsanyi,AB,0.14436763525009155
A,A_0061,FINAL,harsanyi,AC,0.14436763525009155
A,A_0061,FINAL,harsanyi,AD,0.14436763525009155
A,A_0061,FINAL,harsanyi,BC,0.14436763525009155
A,A_0061,FINAL,harsanyi,BD,0.14436763525009155
A,A_0061,FINAL,harsanyi,CD,0.07218378782272339
A,A_0061,FINAL,harsanyi,ABC,-0.1482110619544983
A,A_0061,FINAL,harsanyi,ABD,-0.2887353301048279
A,A_0061,FINAL,harsanyi,ACD,-0.21655148267745972
A,A_0061,FINAL,harsanyi,BCD,-0.21655148267745972
A,A_0061,FINAL,harsanyi,ABCD,0.21662503480911255
A,A_0061,FINAL,LOO,A,-0.07595372200012207
A,A_0061,FINAL,LOO,B,-0.07595372200012207
A,A_0061,FINAL,LOO,C,-0.07595372200012207
A,A_0061,FINAL,LOO,D,-0.21647799015045166
A,A_0062,STEP1,harsanyi,A,-0.4658454656600952
A,A_0062,STEP1,harsanyi,B,-0.06834042072296143
A,A_0062,STEP1,harsanyi,C,-0.06834042072296143
A,A_0062,STEP1,harsanyi,D,-0.1405242681503296
A,A_0062,STEP1,harsanyi,AB,0.06834018230438232
A,A_0062,STEP1,harsanyi,AC,0.06834030151367188
A,A_0062,STEP1,harsanyi,AD,0.05070698261260986
A,A_0062,STEP1,harsanyi,BC,-0.0038434267044067383
A,A_0062,STEP1,harsanyi,BD,-0.0076133012771606445
A,A_0062,STEP1,harsanyi,CD,-0.0076133012771606445
A,A_0062,STEP1,harsanyi,ABC,0.00384366512298584
A,A_0062,STEP1,harsanyi,ABD,0.007613539695739746
A,A_0062,STEP1,harsanyi,ACD,-0.08527493476867676
A,A_0062,STEP1,harsanyi,BCD,0.07979714870452881
A,A_0062,STEP1,harsanyi,ABCD,-0.1755763292312622
A,A_0062,STEP1,LOO,A,-0.5278520584106445
A,A_0062,STEP1,LOO,B,-0.0957789421081543
A,A_0062,STEP1,LOO,C,-0.18866729736328125
A,A_0062,STEP1,LOO,D,-0.2784844636917114
A,A_0062,STEP2,harsanyi,A,-0.035182833671569824
A,A_0062,STEP2,harsanyi,B,-0.07360926270484924
A,A_0062,STEP2,harsanyi,C,-0.07360926270484924
A,A_0062,STEP2,harsanyi,D,-0.035182833671569824
A,A_0062,STEP2,harsanyi,AB,-0.0066468119621276855
A,A_0062,STEP2,harsanyi,AC,0.14090374112129211
A,A_0062,STEP2,harsanyi,AD,-0.0032435953617095947
A,A_0062,STEP2,harsanyi,BC,0.17933017015457153
A,A_0062,STEP2,harsanyi,BD,0.035182833671569824
A,A_0062,STEP2,harsanyi,CD,-0.0066468119621276855
A,A_0062,STEP2,harsanyi,ABC,-0.16636857390403748
A,A_0062,STEP2,harsanyi,ABD,-0.04213273525238037
A,A_0062,STEP2,harsanyi,ACD,0.045073240995407104
A,A_0062,STEP2,harsanyi,BCD,-0.060647666454315186
A,A_0062,STEP2,harsanyi,ABCD,0.10278040170669556
A,A_0062,STEP2,LOO,A,0.035182833671569824
A,A_0062,STEP2,LOO,B,-0.03211164474487305
A,A_0062,STEP2,LOO,C,0.16081523895263672
A,A_0062,STEP2,LOO,D,0.035182833671569824
A,A_0062,FINAL,harsanyi,A,0.10186243057250977
A,A_0062,FINAL,harsanyi,B,0.052816152572631836
A,A_0062,FINAL,harsanyi,C,0.052816152572631836
A,A_0062,FINAL,harsanyi,D,0.052816152572631836
A,A_0062,FINAL,harsanyi,AB,-0.1546785831451416
A,A_0062,FINAL,harsanyi,AC,-0.10186243057250977
A,A_0062,FINAL,harsanyi,AD,-0.052816152572631836
A,A_0062,FINAL,harsanyi,BC,-0.10563230514526367
A,A_0062,FINAL,harsanyi,BD,-0.10563230514526367
A,A_0062,FINAL,harsanyi,CD,-0.052816152572631836
A,A_0062,FINAL,harsanyi,ABC,0.1546785831451416
A,A_0062,FINAL,harsanyi,ABD,0.20749473571777344
A,A_0062,FINAL,harsanyi,ACD,0.10186243057250977
A,A_0062,FINAL,harsanyi,BCD,0.1584484577178955
A,A_0062,FINAL,harsanyi,ABCD,-0.20749473571777344
A,A_0062,FINAL,LOO,A,0.04904627799987793
A,A_0062,FINAL,LOO,B,0.0
A,A_0062,FINAL,LOO,C,0.0
A,A_0062,FINAL,LOO,D,0.10186243057250977
A,A_0063,STEP1,harsanyi,A,0.0
A,A_0063,STEP1,harsanyi,B,-0.06834042072296143
A,A_0063,STEP1,harsanyi,C,-0.06834042072296143
A,A_0063,STEP1,harsanyi,D,-0.1405242681503296
A,A_0063,STEP1,harsanyi,AB,0.06834042072296143
A,A_0063,STEP1,harsanyi,AC,0.06834042072296143
A,A_0063,STEP1,harsanyi,AD,0.1405242681503296
A,A_0063,STEP1,harsanyi,BC,0.06834042072296143
A,A_0063,STEP1,harsanyi,BD,0.1405242681503296
A,A_0063,STEP1,harsanyi,CD,0.06834042072296143
A,A_0063,STEP1,harsanyi,ABC,-0.13668084144592285
A,A_0063,STEP1,harsanyi,ABD,-0.20886468887329102
A,A_0063,STEP1,harsanyi,ACD,-0.06834042072296143
A,A_0063,STEP1,harsanyi,BCD,-0.1405242681503296
A,A_0063,STEP1,harsanyi,ABCD,0.20886468887329102
A,A_0063,STEP1,LOO,A,0.07218384742736816
A,A_0063,STEP1,LOO,B,-0.06834042072296143
A,A_0063,STEP1,LOO,C,0.0
A,A_0063,STEP1,LOO,D,0.0
A,A_0063,STEP2,harsanyi,A,0.0
A,A_0063,STEP2,harsanyi,B,0.17639076709747314
A,A_0063,STEP2,harsanyi,C,0.17639076709747314
A,A_0063,STEP2,harsanyi,D,0.0
A,A_0063,STEP2,harsanyi,AB,0.0
A,A_0063,STEP2,harsanyi,AC,-0.17639076709747314
A,A_0063,STEP2,harsanyi,AD,0.08981728553771973
A,A_0063,STEP2,harsanyi,BC,-0.44566988945007324
A,A_0063,STEP2,harsanyi,BD,-1.1920928955078125e-07
A,A_0063,STEP2,harsanyi,CD,0.08317029476165771
A,A_0063,STEP2,harsanyi,ABC,0.3590962886810303
A,A_0063,STEP2,harsanyi,ABD,-0.17639076709747314
A,A_0063,STEP2,harsanyi,ACD,-0.08317053318023682
A,A_0063,STEP2,harsanyi,BCD,0.09953534603118896
A,A_0063,STEP2,harsanyi,ABCD,-0.012961506843566895
A,A_0063,STEP2,LOO,A,0.0
A,A_0063,STEP2,LOO,B,1.1920928955078125e-07
A,A_0063,STEP2,LOO,C,0.0
A,A_0063,STEP2,LOO,D,0.0
A,A_0063,FINAL,harsanyi,A,-0.07218378782272339
A,A_0063,FINAL,harsanyi,B,-0.07218378782272339
A,A_0063,FINAL,harsanyi,C,-0.07218378782272339
A,A_0063,FINAL,harsanyi,D,-0.14813750982284546
A,A_0063,FINAL,harsanyi,AB,0.14436763525009155
A,A_0063,FINAL,harsanyi,AC,0.14436763525009155
A,A_0063,FINAL,harsanyi,AD,0.14813750982284546
A,A_0063,FINAL,harsanyi,BC,0.14436763525009155
A,A_0063,FINAL,harsanyi,BD,0.14813750982284546
A,A_0063,FINAL,harsanyi,CD,0.22032135725021362
A,A_0063,FINAL,harsanyi,ABC,-0.1482110619544983
A,A_0063,FINAL,harsanyi,ABD,-0.22032135725021362
A,A_0063,FINAL,harsanyi,ACD,-0.2925052046775818
A,A_0063,FINAL,harsanyi,BCD,-0.36845892667770386
A,A_0063,FINAL,harsanyi,ABCD,0.3723023533821106
A,A_0063,FINAL,LOO,A,0.07595372200012207
A,A_0063,FINAL,LOO,B,0.0
A,A_0063,FINAL,LOO,C,0.0
A,A_0063,FINAL,LOO,D,-0.1405242681503296
A,A_0064,STEP1,harsanyi,A,0.06054818630218506
A,A_0064,STEP1,harsanyi,B,0.0
A,A_0064,STEP1,harsanyi,C,0.0
A,A_0064,STEP1,harsanyi,D,0.11720776557922363
A,A_0064,STEP1,harsanyi,AB,0.0
A,A_0064,STEP1,harsanyi,AC,0.0
A,A_0064,STEP1,harsanyi,AD,-0.06054818630218506
A,A_0064,STEP1,harsanyi,BC,0.06054818630218506
A,A_0064,STEP1,harsanyi,BD,0.052816152572631836
A,A_0064,STEP1,harsanyi,CD,0.0
A,A_0064,STEP1,harsanyi,ABC,0.04892754554748535
A,A_0064,STEP1,harsanyi,ABD,0.04904627799987793
A,A_0064,STEP1,harsanyi,ACD,0.10186243057250977
A,A_0064,STEP1,harsanyi,BCD,-0.011501908302307129
A,A_0064,STEP1,harsanyi,ABCD,-0.19983625411987305
A,A_0064,STEP1,LOO,A,0.0
A,A_0064,STEP1,LOO,B,0.0
A,A_0064,STEP1,LOO,C,0.0
A,A_0064,STEP1,LOO,D,0.04904627799987793
A,A_0064,STEP2,harsanyi,A,-0.04182964563369751
A,A_0064,STEP2,harsanyi,B,-0.1362522542476654
A,A_0064,STEP2,harsanyi,C,0.03842642903327942
A,A_0064,STEP2,harsanyi,D,0.03842642903327942
A,A_0064,STEP2,harsanyi,AB,-0.12819427251815796
A,A_0064,STEP2,harsanyi,AC,0.07701247930526733
A,A_0064,STEP2,harsanyi,AD,-0.08380275964736938
A,A_0064,STEP2,harsanyi,BC,0.09782582521438599
A,A_0064,STEP2,harsanyi,BD,-0.03842642903327942
A,A_0064,STEP2,harsanyi,CD,-0.0032435953617095947
A,A_0064,STEP2,harsanyi,ABC,0.051181793212890625
A,A_0064,STEP2,harsanyi,ABD,0.019350945949554443
A,A_0064,STEP2,harsanyi,ACD,0.04861992597579956
A,A_0064,STEP2,harsanyi,BCD,0.041670024394989014
A,A_0064,STEP2,harsanyi,ABCD,0.01923510432243347
A,A_0064,STEP2,LOO,A,-0.03842642903327942
A,A_0064,STEP2,LOO,B,-0.07360926270484924
A,A_0064,STEP2,LOO,C,0.3707279860973358
A,A_0064,STEP2,LOO,D,0.04182964563369751
A,A_0064,FINAL,harsanyi,A,0.0
A,A_0064,FINAL,harsanyi,B,0.06834042072296143
A,A_0064,FINAL,harsanyi,C,-0.07218384742736816
A,A_0064,FINAL,harsanyi,D,-0.07218384742736816
A,A_0064,FINAL,harsanyi,AB,0.06445181369781494
A,A_0064,FINAL,harsanyi,AC,0.1405242681503296
A,A_0064,FINAL,harsanyi,AD,0.0
A,A_0064,FINAL,harsanyi,BC,0.07218384742736816
A,A_0064,FINAL,harsanyi,BD,-0.06834042072296143
A,A_0064,FINAL,harsanyi,CD,0.07218384742736816
A,A_0064,FINAL,harsanyi,ABC,-0.20497608184814453
A,A_0064,FINAL,harsanyi,ABD,-0.06445181369781494
A,A_0064,FINAL,harsanyi,ACD,-0.21647799015045166
A,A_0064,FINAL,harsanyi,BCD,-0.07218384742736816
A,A_0064,FINAL,harsanyi,ABCD,0.2809298038482666
A,A_0064,FINAL,LOO,A,0.0
A,A_0064,FINAL,LOO,B,0.07595372200012207
A,A_0064,FINAL,LOO,C,0.0
A,A_0064,FINAL,LOO,D,-0.1405242681503296
A,A_0065,STEP1,harsanyi,A,0.0
A,A_0065,STEP1,harsanyi,B,0.0
A,A_0065,STEP1,harsanyi,C,0.0
A,A_0065,STEP1,harsanyi,D,-0.2809298038482666
A,A_0065,STEP1,harsanyi,AB,0.0
A,A_0065,STEP1,harsanyi,AC,-0.13279223442077637
A,A_0065,STEP1,harsanyi,AD,0.14813756942749023
A,A_0065,STEP1,harsanyi,BC,-0.06445181369781494
A,A_0065,STEP1,harsanyi,BD,0.14813756942749023
A,A_0065,STEP1,harsanyi,CD,0.14813756942749023
A,A_0065,STEP1,harsanyi,ABC,0.06445181369781494
A,A_0065,STEP1,harsanyi,ABD,-0.14813756942749023
A,A_0065,STEP1,harsanyi,ACD,-0.08752918243408203
A,A_0065,STEP1,harsanyi,BCD,-0.15586960315704346
A,A_0065,STEP1,harsanyi,ABCD,0.07991588115692139
A,A_0065,STEP1,LOO,A,-0.07595372200012207
A,A_0065,STEP1,LOO,B,-0.07595372200012207
A,A_0065,STEP1,LOO,C,-0.14813756942749023
A,A_0065,STEP1,LOO,D,-0.14813756942749023
A,A_0065,STEP2,harsanyi,A,0.16279399394989014
A,A_0065,STEP2,harsanyi,B,0.2387477159500122
A,A_0065,STEP2,harsanyi,C,-0.08657360076904297
A,A_0065,STEP2,harsanyi,D,-0.3650580644607544
A,A_0065,STEP2,harsanyi,AB,-0.022269725799560547
A,A_0065,STEP2,harsanyi,AC,-0.34549951553344727
A,A_0065,STEP2,harsanyi,AD,0.3650580644607544
A,A_0065,STEP2,harsanyi,BC,-0.15217411518096924
A,A_0065,STEP2,harsanyi,BD,0.3650580644607544
A,A_0065,STEP2,harsanyi,CD,0.18235254287719727
A,A_0065,STEP2,harsanyi,ABC,0.20497524738311768
A,A_0065,STEP2,harsanyi,ABD,-0.2400580644607544
A,A_0065,STEP2,harsanyi,ACD,-0.27813148498535156
A,A_0065,STEP2,harsanyi,BCD,-0.26892614364624023
A,A_0065,STEP2,harsanyi,ABCD,0.153131365776062
A,A_0065,STEP2,LOO,A,-1.1920928955078125e-07
A,A_0065,STEP2,LOO,B,0.2784843444824219
A,A_0065,STEP2,LOO,C,-0.5908457040786743
A,A_0065,STEP2,LOO,D,-0.08657371997833252
A,A_0065,FINAL,harsanyi,A,0.0
A,A_0065,FINAL,harsanyi,B,0.06834042072296143
A,A_0065,FINAL,harsanyi,C,-0.07218384742736816
A,A_0065,FINAL,harsanyi,D,-0.2277611494064331
A,A_0065,FINAL,harsanyi,AB,0.06445181369781494
A,A_0065,FINAL,harsanyi,AC,0.07218384742736816
A,A_0065,FINAL,harsanyi,AD,0.07962357997894287
A,A_0065,FINAL,harsanyi,BC,0.07218384742736816
A,A_0065,FINAL,harsanyi,BD,0.15942072868347168
A,A_0065,FINAL,harsanyi,CD,0.2277611494064331
A,A_0065,FINAL,harsanyi,ABC,-0.1366356611251831
A,A_0065,FINAL,harsanyi,ABD,-0.21625924110412598
A,A_0065,FINAL,harsanyi,ACD,-0.2277611494064331
A,A_0065,FINAL,harsanyi,BCD,-0.29994499683380127
A,A_0065,FINAL,harsanyi,ABCD,0.28844308853149414
A,A_0065,FINAL,LOO,A,-0.07595372200012207
A,A_0065,FINAL,LOO,B,0.0
A,A_0065,FINAL,LOO,C,-0.07595372200012207
A,A_0065,FINAL,LOO,D,-0.21647799015045166
A,A_0066,STEP1,harsanyi,A,0.06054818630218506
A,A_0066,STEP1,harsanyi,B,0.0
A,A_0066,STEP1,harsanyi,C,0.0
A,A_0066,STEP1,harsanyi,D,0.2190701961517334
A,A_0066,STEP1,harsanyi,AB,0.0
A,A_0066,STEP1,harsanyi,AC,0.0
A,A_0066,STEP1,harsanyi,AD,-0.2190701961517334
A,A_0066,STEP1,harsanyi,BC,0.06054818630218506
A,A_0066,STEP1,harsanyi,BD,-0.10186243057250977
A,A_0066,STEP1,harsanyi,CD,-0.10186243057250977
A,A_0066,STEP1,harsanyi,ABC,0.04892754554748535
A,A_0066,STEP1,harsanyi,ABD,0.15852200984954834
A,A_0066,STEP1,harsanyi,ACD,0.15852200984954834
A,A_0066,STEP1,harsanyi,BCD,0.09413039684295654
A,A_0066,STEP1,harsanyi,ABCD,-0.15840327739715576
A,A_0066,STEP1,LOO,A,0.04904627799987793
A,A_0066,STEP1,LOO,B,0.10186243057250977
A,A_0066,STEP1,LOO,C,0.10186243057250977
A,A_0066,STEP1,LOO,D,0.04904627799987793
A,A_0066,STEP2,harsanyi,A,0.08317029476165771
A,A_0066,STEP2,harsanyi,B,0.2387477159500122
A,A_0066,STEP2,harsanyi,C,-0.08657360076904297
A,A_0066,STEP2,harsanyi,D,-0.3650580644607544
A,A_0066,STEP2,harsanyi,AB,0.12180578708648682
A,A_0066,STEP2,harsanyi,AC,-0.1729874610900879
A,A_0066,STEP2,harsanyi,AD,0.592819333076477
A,A_0066,STEP2,harsanyi,BC,-0.15217411518096924
A,A_0066,STEP2,harsanyi,BD,0.3650580644607544
A,A_0066,STEP2,harsanyi,CD,0.18235254287719727
A,A_0066,STEP2,harsanyi,ABC,0.051181674003601074
A,A_0066,STEP2,harsanyi,ABD,-0.532271146774292
A,A_0066,STEP2,harsanyi,ACD,-0.5987811088562012
A,A_0066,STEP2,harsanyi,BCD,-0.26892614364624023
A,A_0066,STEP2,harsanyi,ABCD,0.5416362285614014
A,A_0066,STEP2,LOO,A,0.08657360076904297
A,A_0066,STEP2,LOO,B,0.3650580644607544
A,A_0066,STEP2,LOO,C,-0.5042719841003418
A,A_0066,STEP2,LOO,D,-0.08317029476165771
A,A_0066,FINAL,harsanyi,A,0.0
A,A_0066,FINAL,harsanyi,B,-0.056659579277038574
A,A_0066,FINAL,harsanyi,C,0.052816152572631836
A,A_0066,FINAL,harsanyi,D,0.14723876118659973
A,A_0066,FINAL,harsanyi,AB,-0.06054818630218506
A,A_0066,FINAL,harsanyi,AC,-0.10947573184967041
A,A_0066,FINAL,harsanyi,AD,-0.045376330614089966
A,A_0066,FINAL,harsanyi,BC,-0.052816152572631836
A,A_0066,FINAL,harsanyi,BD,-0.09057918190956116
A,A_0066,FINAL,harsanyi,CD,-0.14723876118659973
A,A_0066,FINAL,harsanyi,ABC,0.17002391815185547
A,A_0066,FINAL,harsanyi,ABD,0.15874066948890686
A,A_0066,FINAL,harsanyi,ACD,0.15485206246376038
A,A_0066,FINAL,harsanyi,BCD,0.20005491375923157
A,A_0066,FINAL,harsanyi,ABCD,-0.17379379272460938
A,A_0066,FINAL,LOO,A,0.0944226086139679
A,A_0066,FINAL,LOO,B,0.0944226086139679
A,A_0066,FINAL,LOO,C,0.0944226086139679
A,A_0066,FINAL,LOO,D,0.2038983404636383
A,A_0067,STEP1,harsanyi,A,0.0
A,A_0067,STEP1,harsanyi,B,0.0
A,A_0067,STEP1,harsanyi,C,0.0
A,A_0067,STEP1,harsanyi,D,-0.13279223442077637
A,A_0067,STEP1,harsanyi,AB,0.0
A,A_0067,STEP1,harsanyi,AC,-0.13279223442077637
A,A_0067,STEP1,harsanyi,AD,0.0
A,A_0067,STEP1,harsanyi,BC,-0.13279223442077637
A,A_0067,STEP1,harsanyi,BD,-0.07218384742736816
A,A_0067,STEP1,harsanyi,CD,0.0
A,A_0067,STEP1,harsanyi,ABC,0.0606083869934082
A,A_0067,STEP1,harsanyi,ABD,0.07218384742736816
A,A_0067,STEP1,harsanyi,ACD,-0.015345335006713867
A,A_0067,STEP1,harsanyi,BCD,0.13279223442077637
A,A_0067,STEP1,harsanyi,ABCD,-0.0606083869934082
A,A_0067,STEP1,LOO,A,-0.07595372200012207
A,A_0067,STEP1,LOO,B,0.0
A,A_0067,STEP1,LOO,C,-0.14813756942749023
A,A_0067,STEP1,LOO,D,-0.07595372200012207
A,A_0067,STEP2,harsanyi,A,0.16279399394989014
A,A_0067,STEP2,harsanyi,B,0.2387477159500122
A,A_0067,STEP2,harsanyi,C,0.2387477159500122
A,A_0067,STEP2,harsanyi,D,-0.08657360076904297
A,A_0067,STEP2,harsanyi,AB,-0.022269725799560547
A,A_0067,STEP2,harsanyi,AC,-0.16279399394989014
A,A_0067,STEP2,harsanyi,AD,0.08657360076904297
A,A_0067,STEP2,harsanyi,BC,-0.16656386852264404
A,A_0067,STEP2,harsanyi,BD,0.08657360076904297
A,A_0067,STEP2,harsanyi,CD,0.15875744819641113
A,A_0067,STEP2,harsanyi,ABC,0.21561014652252197
A,A_0067,STEP2,harsanyi,ABD,0.03842639923095703
A,A_0067,STEP2,harsanyi,ACD,-0.08657360076904297
A,A_0067,STEP2,harsanyi,BCD,-0.15875744819641113
A,A_0067,STEP2,harsanyi,ABCD,-0.03842639923095703
A,A_0067,STEP2,LOO,A,0.19334042072296143
A,A_0067,STEP2,LOO,B,0.19334042072296143
A,A_0067,STEP2,LOO,C,0.0
A,A_0067,STEP2,LOO,D,0.0
A,A_0067,FINAL,harsanyi,A,0.0
A,A_0067,FINAL,harsanyi,B,0.06834042072296143
A,A_0067,FINAL,harsanyi,C,0.0
A,A_0067,FINAL,harsanyi,D,-0.07218384742736816
A,A_0067,FINAL,harsanyi,AB,0.06445181369781494
A,A_0067,FINAL,harsanyi,AC,0.06834042072296143
A,A_0067,FINAL,harsanyi,AD,0.0
A,A_0067,FINAL,harsanyi,BC,0.0
A,A_0067,FINAL,harsanyi,BD,-0.06834042072296143
A,A_0067,FINAL,harsanyi,CD,0.07218384742736816
A,A_0067,FINAL,harsanyi,ABC,-0.06834042072296143
A,A_0067,FINAL,harsanyi,ABD,-0.06445181369781494
A,A_0067,FINAL,harsanyi,ACD,-0.21647799015045166
A,A_0067,FINAL,harsanyi,BCD,-0.07218384742736816
A,A_0067,FINAL,harsanyi,ABCD,0.21647799015045166
A,A_0067,FINAL,LOO,A,0.0
A,A_0067,FINAL,LOO,B,0.07595372200012207
A,A_0067,FINAL,LOO,C,0.0
A,A_0067,FINAL,LOO,D,-0.20497608184814453
A,A_0068,STEP1,harsanyi,A,-0.06445181369781494
A,A_0068,STEP1,harsanyi,B,-0.06445181369781494
A,A_0068,STEP1,harsanyi,C,0.0
A,A_0068,STEP1,harsanyi,D,-0.13279223442077637
A,A_0068,STEP1,harsanyi,AB,0.12890362739562988
A,A_0068,STEP1,harsanyi,AC,-0.1405242681503296
A,A_0068,STEP1,harsanyi,AD,0.06445181369781494
A,A_0068,STEP1,harsanyi,BC,-0.1405242681503296
A,A_0068,STEP1,harsanyi,BD,0.06445181369781494
A,A_0068,STEP1,harsanyi,CD,0.0
A,A_0068,STEP1,harsanyi,ABC,0.07607245445251465
A,A_0068,STEP1,harsanyi,ABD,-0.2770411968231201
A,A_0068,STEP1,harsanyi,ACD,-0.08723700046539307
A,A_0068,STEP1,harsanyi,BCD,-0.0076133012771606445
A,A_0068,STEP1,harsanyi,ABCD,0.29982638359069824
A,A_0068,STEP1,LOO,A,0.0
A,A_0068,STEP1,LOO,B,0.07962369918823242
A,A_0068,STEP1,LOO,C,0.0
A,A_0068,STEP1,LOO,D,-0.07595372200012207
A,A_0068,STEP2,harsanyi,A,0.08317029476165771
A,A_0068,STEP2,harsanyi,B,0.31093156337738037
A,A_0068,STEP2,harsanyi,C,0.2387477159500122
A,A_0068,STEP2,harsanyi,D,-0.08657360076904297
A,A_0068,STEP2,harsanyi,AB,-0.014829874038696289
A,A_0068,STEP2,harsanyi,AC,-0.01098644733428955
A,A_0068,STEP2,harsanyi,AD,0.1661972999572754
A,A_0068,STEP2,harsanyi,BC,-0.17040729522705078
A,A_0068,STEP2,harsanyi,BD,-0.061563968658447266
A,A_0068,STEP2,harsanyi,CD,0.15875744819641113
A,A_0068,STEP2,harsanyi,ABC,0.17712175846099854
A,A_0068,STEP2,harsanyi,ABD,0.10694026947021484
A,A_0068,STEP2,harsanyi,ACD,-0.23838114738464355
A,A_0068,STEP2,harsanyi,BCD,-0.07896029949188232
A,A_0068,STEP2,harsanyi,ABCD,-0.07589173316955566
A,A_0068,STEP2,LOO,A,0.19334042072296143
A,A_0068,STEP2,LOO,B,0.19334042072296143
A,A_0068,STEP2,LOO,C,0.0
A,A_0068,STEP2,LOO,D,-0.10947573184967041
A,A_0068,FINAL,harsanyi,A,0.0
A,A_0068,FINAL,harsanyi,B,0.06834042072296143
A,A_0068,FINAL,harsanyi,C,0.0
A,A_0068,FINAL,harsanyi,D,-0.07218384742736816
A,A_0068,FINAL,harsanyi,AB,0.06445181369781494
A,A_0068,FINAL,harsanyi,AC,0.0
A,A_0068,FINAL,harsanyi,AD,0.0
A,A_0068,FINAL,harsanyi,BC,0.0
A,A_0068,FINAL,harsanyi,BD,0.0038434267044067383
A,A_0068,FINAL,harsanyi,CD,0.07218384742736816
A,A_0068,FINAL,harsanyi,ABC,0.0
A,A_0068,FINAL,harsanyi,ABD,-0.06445181369781494
A,A_0068,FINAL,harsanyi,ACD,-0.07218384742736816
A,A_0068,FINAL,harsanyi,BCD,-0.14436769485473633
A,A_0068,FINAL,harsanyi,ABCD,0.07218384742736816
A,A_0068,FINAL,LOO,A,0.0
A,A_0068,FINAL,LOO,B,0.0
A,A_0068,FINAL,LOO,C,-0.07218384742736816
A,A_0068,FINAL,LOO,D,-0.20497608184814453
A,A_0069,STEP1,harsanyi,A,-0.06445181369781494
A,A_0069,STEP1,harsanyi,B,-0.06445181369781494
A,A_0069,STEP1,harsanyi,C,0.0
A,A_0069,STEP1,harsanyi,D,-0.13279223442077637
A,A_0069,STEP1,harsanyi,AB,0.12890362739562988
A,A_0069,STEP1,harsanyi,AC,0.0
A,A_0069,STEP1,harsanyi,AD,0.06445181369781494
A,A_0069,STEP1,harsanyi,BC,-0.1405242681503296
A,A_0069,STEP1,harsanyi,BD,0.06445181369781494
A,A_0069,STEP1,harsanyi,CD,0.0
A,A_0069,STEP1,harsanyi,ABC,0.007732033729553223
A,A_0069,STEP1,harsanyi,ABD,-0.2770411968231201
A,A_0069,STEP1,harsanyi,ACD,-0.14813756942749023
A,A_0069,STEP1,harsanyi,BCD,-0.08723700046539307
A,A_0069,STEP1,harsanyi,ABCD,0.36816680431365967
A,A_0069,STEP1,LOO,A,0.07962369918823242
A,A_0069,STEP1,LOO,B,0.0
A,A_0069,STEP1,LOO,C,0.0
A,A_0069,STEP1,LOO,D,-0.14813756942749023
A,A_0069,STEP2,harsanyi,A,-0.04182964563369751
A,A_0069,STEP2,harsanyi,B,-0.18906840682029724
A,A_0069,STEP2,harsanyi,C,0.03842642903327942
A,A_0069,STEP2,harsanyi,D,0.03842642903327942
A,A_0069,STEP2,harsanyi,AB,-0.014829933643341064
A,A_0069,STEP2,harsanyi,AC,0.07701247930526733
A,A_0069,STEP2,harsanyi,AD,-0.08380275964736938
A,A_0069,STEP2,harsanyi,BC,0.15064197778701782
A,A_0069,STEP2,harsanyi,BD,0.06343600153923035
A,A_0069,STEP2,harsanyi,CD,-0.0032435953617095947
A,A_0069,STEP2,harsanyi,ABC,-0.10755887627601624
A,A_0069,STEP2,harsanyi,ABD,-0.14305967092514038
A,A_0069,STEP2,harsanyi,ACD,0.04861992597579956
A,A_0069,STEP2,harsanyi,BCD,-0.09861883521080017
A,A_0069,STEP2,harsanyi,ABCD,0.22361883521080017
A,A_0069,STEP2,LOO,A,-0.04182964563369751
A,A_0069,STEP2,LOO,B,-0.11543890833854675
A,A_0069,STEP2,LOO,C,0.3288983404636383
A,A_0069,STEP2,LOO,D,0.045376330614089966
A,A_0069,FINAL,harsanyi,A,0.0
A,A_0069,FINAL,harsanyi,B,-0.056659579277038574
A,A_0069,FINAL,harsanyi,C,0.052816152572631836
A,A_0069,FINAL,harsanyi,D,0.052816152572631836
A,A_0069,FINAL,harsanyi,AB,-0.06054818630218506
A,A_0069,FINAL,harsanyi,AC,-0.10947573184967041
A,A_0069,FINAL,harsanyi,AD,0.0
A,A_0069,FINAL,harsanyi,BC,-0.052816152572631836
A,A_0069,FINAL,harsanyi,BD,0.0038434267044067383
A,A_0069,FINAL,harsanyi,CD,-0.052816152572631836
A,A_0069,FINAL,harsanyi,ABC,0.17002391815185547
A,A_0069,FINAL,harsanyi,ABD,0.06054818630218506
A,A_0069,FINAL,harsanyi,ACD,0.15852200984954834
A,A_0069,FINAL,harsanyi,BCD,0.1546785831451416
A,A_0069,FINAL,harsanyi,ABCD,-0.26811647415161133
A,A_0069,FINAL,LOO,A,-0.04904627799987793
A,A_0069,FINAL,LOO,B,-0.04904627799987793
A,A_0069,FINAL,LOO,C,0.052816152572631836
A,A_0069,FINAL,LOO,D,0.10947573184967041
A,A_0070,STEP1,harsanyi,A,0.06054818630218506
A,A_0070,STEP1,harsanyi,B,0.0
A,A_0070,STEP1,harsanyi,C,0.0
A,A_0070,STEP1,harsanyi,D,0.11720776557922363
A,A_0070,STEP1,harsanyi,AB,0.0
A,A_0070,STEP1,harsanyi,AC,0.10947573184967041
A,A_0070,STEP1,harsanyi,AD,-0.06054818630218506
A,A_0070,STEP1,harsanyi,BC,0.11720776557922363
A,A_0070,STEP1,harsanyi,BD,0.052816152572631836
A,A_0070,STEP1,harsanyi,CD,0.0
A,A_0070,STEP1,harsanyi,ABC,-0.0681614875793457
A,A_0070,STEP1,harsanyi,ABD,0.04904627799987793
A,A_0070,STEP1,harsanyi,ACD,0.03776302933692932
A,A_0070,STEP1,harsanyi,BCD,-0.11720776557922363
A,A_0070,STEP1,harsanyi,ABCD,-0.07907727360725403
A,A_0070,STEP1,LOO,A,0.04904627799987793
A,A_0070,STEP1,LOO,B,-0.045376330614089966
A,A_0070,STEP1,LOO,C,0.0
A,A_0070,STEP1,LOO,D,0.0
A,A_0070,STEP2,harsanyi,A,0.08317029476165771
A,A_0070,STEP2,harsanyi,B,0.2387477159500122
A,A_0070,STEP2,harsanyi,C,0.2387477159500122
A,A_0070,STEP2,harsanyi,D,-0.08657360076904297
A,A_0070,STEP2,harsanyi,AB,0.12180578708648682
A,A_0070,STEP2,harsanyi,AC,-0.01098644733428955
A,A_0070,STEP2,harsanyi,AD,0.1661972999572754
A,A_0070,STEP2,harsanyi,BC,-0.16656386852264404
A,A_0070,STEP2,harsanyi,BD,0.08657360076904297
A,A_0070,STEP2,harsanyi,CD,0.15875744819641113
A,A_0070,STEP2,harsanyi,ABC,0.05601036548614502
A,A_0070,STEP2,harsanyi,ABD,-0.10564911365509033
A,A_0070,STEP2,harsanyi,ACD,-0.23838114738464355
A,A_0070,STEP2,harsanyi,BCD,-0.15875744819641113
A,A_0070,STEP2,harsanyi,ABCD,0.1778329610824585
A,A_0070,STEP2,LOO,A,0.25
A,A_0070,STEP2,LOO,B,0.25
A,A_0070,STEP2,LOO,C,0.056659579277038574
A,A_0070,STEP2,LOO,D,0.0
A,A_0070,FINAL,harsanyi,A,0.0
A,A_0070,FINAL,harsanyi,B,-0.056659579277038574
A,A_0070,FINAL,harsanyi,C,0.0
A,A_0070,FINAL,harsanyi,D,0.052816152572631836
A,A_0070,FINAL,harsanyi,AB,-0.06054818630218506
A,A_0070,FINAL,harsanyi,AC,0.0
A,A_0070,FINAL,harsanyi,AD,0.0
A,A_0070,FINAL,harsanyi,BC,0.0
A,A_0070,FINAL,harsanyi,BD,0.056659579277038574
A,A_0070,FINAL,harsanyi,CD,-0.052816152572631836
A,A_0070,FINAL,harsanyi,ABC,0.0
A,A_0070,FINAL,harsanyi,ABD,0.06054818630218506
A,A_0070,FINAL,harsanyi,ACD,0.052816152572631836
A,A_0070,FINAL,harsanyi,BCD,0.052816152572631836
A,A_0070,FINAL,harsanyi,ABCD,-0.052816152572631836
A,A_0070,FINAL,LOO,A,0.0
A,A_0070,FINAL,LOO,B,0.0
A,A_0070,FINAL,LOO,C,0.0
A,A_0070,FINAL,LOO,D,0.17002391815185547
A,A_0071,STEP1,harsanyi,A,0.06054818630218506
A,A_0071,STEP1,harsanyi,B,0.0
A,A_0071,STEP1,harsanyi,C,0.0
A,A_0071,STEP1,harsanyi,D,0.2190701961517334
A,A_0071,STEP1,harsanyi,AB,0.0
A,A_0071,STEP1,harsanyi,AC,0.10947573184967041
A,A_0071,STEP1,harsanyi,AD,-0.2190701961517334
A,A_0071,STEP1,harsanyi,BC,0.11720776557922363
A,A_0071,STEP1,harsanyi,BD,-0.10186243057250977
A,A_0071,STEP1,harsanyi,CD,-0.15852200984954834
A,A_0071,STEP1,harsanyi,ABC,-0.0681614875793457
A,A_0071,STEP1,harsanyi,ABD,0.15852200984954834
A,A_0071,STEP1,harsanyi,ACD,0.20756828784942627
A,A_0071,STEP1,harsanyi,BCD,0.09413039684295654
A,A_0071,STEP1,harsanyi,ABCD,-0.19983625411987305
A,A_0071,STEP1,LOO,A,0.04904627799987793
A,A_0071,STEP1,LOO,B,0.0
A,A_0071,STEP1,LOO,C,0.10186243057250977
A,A_0071,STEP1,LOO,D,0.0
A,A_0071,STEP2,harsanyi,A,-0.04182964563369751
A,A_0071,STEP2,harsanyi,B,-0.1362522542476654
A,A_0071,STEP2,harsanyi,C,-0.1362522542476654
A,A_0071,STEP2,harsanyi,D,0.134941965341568
A,A_0071,STEP2,harsanyi,AB,-0.12819427251815796
A,A_0071,STEP2,harsanyi,AC,-0.010986506938934326
A,A_0071,STEP2,harsanyi,AD,-0.2821807265281677
A,A_0071,STEP2,harsanyi,BC,0.08343610167503357
A,A_0071,STEP2,harsanyi,BD,-0.134941965341568
A,A_0071,STEP2,harsanyi,CD,-0.18775811791419983
A,A_0071,STEP2,harsanyi,ABC,-0.0689895749092102
A,A_0071,STEP2,harsanyi,ABD,0.21772891283035278
A,A_0071,STEP2,harsanyi,ACD,0.278337299823761
A,A_0071,STEP2,harsanyi,BCD,0.18775811791419983
A,A_0071,STEP2,harsanyi,ABCD,-0.14554506540298462
A,A_0071,STEP2,LOO,A,-0.18165957927703857
A,A_0071,STEP2,LOO,B,-0.125
A,A_0071,STEP2,LOO,C,0.0
A,A_0071,STEP2,LOO,D,0.06834042072296143
A,A_0071,FINAL,harsanyi,A,0.0
A,A_0071,FINAL,harsanyi,B,0.06834042072296143
A,A_0071,FINAL,harsanyi,C,0.0
A,A_0071,FINAL,harsanyi,D,-0.2277611494064331
A,A_0071,FINAL,harsanyi,AB,0.06445181369781494
A,A_0071,FINAL,harsanyi,AC,0.0
A,A_0071,FINAL,harsanyi,AD,0.07962357997894287
A,A_0071,FINAL,harsanyi,BC,0.0
A,A_0071,FINAL,harsanyi,BD,0.15942072868347168
A,A_0071,FINAL,harsanyi,CD,0.15557730197906494
A,A_0071,FINAL,harsanyi,ABC,0.0
A,A_0071,FINAL,harsanyi,ABD,-0.21625924110412598
A,A_0071,FINAL,harsanyi,ACD,-0.07962357997894287
A,A_0071,FINAL,harsanyi,BCD,-0.2277611494064331
A,A_0071,FINAL,harsanyi,ABCD,0.15180742740631104
A,A_0071,FINAL,LOO,A,0.0
A,A_0071,FINAL,LOO,B,0.0
A,A_0071,FINAL,LOO,C,0.0
A,A_0071,FINAL,LOO,D,-0.20497608184814453
A,A_0072,STEP1,harsanyi,A,0.0
A,A_0072,STEP1,harsanyi,B,0.0
A,A_0072,STEP1,harsanyi,C,0.0
A,A_0072,STEP1,harsanyi,D,-0.13279223442077637
A,A_0072,STEP1,harsanyi,AB,0.0
A,A_0072,STEP1,harsanyi,AC,-0.13279223442077637
A,A_0072,STEP1,harsanyi,AD,0.0
A,A_0072,STEP1,harsanyi,BC,-0.06445181369781494
A,A_0072,STEP1,harsanyi,BD,-0.07218384742736816
A,A_0072,STEP1,harsanyi,CD,0.0
A,A_0072,STEP1,harsanyi,ABC,0.06445181369781494
A,A_0072,STEP1,harsanyi,ABD,0.07218384742736816
A,A_0072,STEP1,harsanyi,ACD,0.0606083869934082
A,A_0072,STEP1,harsanyi,BCD,-0.011501908302307129
A,A_0072,STEP1,harsanyi,ABCD,-0.06445181369781494
A,A_0072,STEP1,LOO,A,0.0
A,A_0072,STEP1,LOO,B,-0.07595372200012207
A,A_0072,STEP1,LOO,C,-0.14813756942749023
A,A_0072,STEP1,LOO,D,-0.14813756942749023
A,A_0072,STEP2,harsanyi,A,-0.08720597624778748
A,A_0072,STEP2,harsanyi,B,-0.1362522542476654
A,A_0072,STEP2,harsanyi,C,0.03842642903327942
A,A_0072,STEP2,harsanyi,D,0.03842642903327942
A,A_0072,STEP2,harsanyi,AB,-0.022269755601882935
A,A_0072,STEP2,harsanyi,AC,0.15450045466423035
A,A_0072,STEP2,harsanyi,AD,-0.03842642903327942
A,A_0072,STEP2,harsanyi,BC,0.09782582521438599
A,A_0072,STEP2,harsanyi,BD,-0.03842642903327942
A,A_0072,STEP2,harsanyi,CD,-0.0032435953617095947
A,A_0072,STEP2,harsanyi,ABC,-0.045024722814559937
A,A_0072,STEP2,harsanyi,ABD,-0.08657357096672058
A,A_0072,STEP2,harsanyi,ACD,0.05898107588291168
A,A_0072,STEP2,harsanyi,BCD,0.041670024394989014
A,A_0072,STEP2,harsanyi,ABCD,0.06601892411708832
A,A_0072,STEP2,LOO,A,0.0
A,A_0072,STEP2,LOO,B,-0.12303195893764496
A,A_0072,STEP2,LOO,C,0.40915441513061523
A,A_0072,STEP2,LOO,D,0.03842642903327942
A,A_0072,FINAL,harsanyi,A,0.0
A,A_0072,FINAL,harsanyi,B,-0.056659579277038574
A,A_0072,FINAL,harsanyi,C,0.052816152572631836
A,A_0072,FINAL,harsanyi,D,0.052816152572631836
A,A_0072,FINAL,harsanyi,AB,-0.06054818630218506
A,A_0072,FINAL,harsanyi,AC,-0.052816152572631836
A,A_0072,FINAL,harsanyi,AD,0.0
A,A_0072,FINAL,harsanyi,BC,-0.052816152572631836
A,A_0072,FINAL,harsanyi,BD,0.056659579277038574
A,A_0072,FINAL,harsanyi,CD,-0.052816152572631836
A,A_0072,FINAL,harsanyi,ABC,0.1133643388748169
A,A_0072,FINAL,harsanyi,ABD,0.06054818630218506
A,A_0072,FINAL,harsanyi,ACD,0.10186243057250977
A,A_0072,FINAL,harsanyi,BCD,0.052816152572631836
A,A_0072,FINAL,harsanyi,ABCD,-0.1133643388748169
A,A_0072,FINAL,LOO,A,0.04904627799987793
A,A_0072,FINAL,LOO,B,0.0
A,A_0072,FINAL,LOO,C,0.04904627799987793
A,A_0072,FINAL,LOO,D,0.15852200984954834
A,A_0073,STEP1,harsanyi,A,0.0
A,A_0073,STEP1,harsanyi,B,0.06054818630218506
A,A_0073,STEP1,harsanyi,C,0.0
A,A_0073,STEP1,harsanyi,D,0.2190701961517334
A,A_0073,STEP1,harsanyi,AB,-0.125
A,A_0073,STEP1,harsanyi,AC,0.11720776557922363
A,A_0073,STEP1,harsanyi,AD,-0.10186243057250977
A,A_0073,STEP1,harsanyi,BC,0.10947573184967041
A,A_0073,STEP1,harsanyi,BD,-0.16241061687469482
A,A_0073,STEP1,harsanyi,CD,-0.15852200984954834
A,A_0073,STEP1,harsanyi,ABC,0.007792234420776367
A,A_0073,STEP1,harsanyi,ABD,0.22686243057250977
A,A_0073,STEP1,harsanyi,ACD,0.09413039684295654
A,A_0073,STEP1,harsanyi,BCD,0.1509087085723877
A,A_0073,STEP1,harsanyi,ABCD,-0.21913039684295654
A,A_0073,STEP1,LOO,A,0.0
A,A_0073,STEP1,LOO,B,0.04904627799987793
A,A_0073,STEP1,LOO,C,0.10186243057250977
A,A_0073,STEP1,LOO,D,0.04904627799987793
A,A_0073,STEP2,harsanyi,A,-0.08720597624778748
A,A_0073,STEP2,harsanyi,B,-0.18906840682029724
A,A_0073,STEP2,harsanyi,C,-0.1362522542476654
A,A_0073,STEP2,harsanyi,D,0.134941965341568
A,A_0073,STEP2,harsanyi,AB,-0.030001789331436157
A,A_0073,STEP2,harsanyi,AC,0.08720597624778748
A,A_0073,STEP2,harsanyi,AD,-0.134941965341568
A,A_0073,STEP2,harsanyi,BC,0.07959267497062683
A,A_0073,STEP2,harsanyi,BD,-0.08212581276893616
A,A_0073,STEP2,harsanyi,CD,-0.18775811791419983
A,A_0073,STEP2,harsanyi,ABC,-0.16333863139152527
A,A_0073,STEP2,harsanyi,ABD,0.017673999071121216
A,A_0073,STEP2,harsanyi,ACD,0.07828238606452942
A,A_0073,STEP2,harsanyi,BCD,0.19160154461860657
A,A_0073,STEP2,harsanyi,ABCD,0.11511823534965515
A,A_0073,STEP2,LOO,A,-0.11720776557922363
A,A_0073,STEP2,LOO,B,-0.06054818630218506
A,A_0073,STEP2,LOO,C,0.06445181369781494
A,A_0073,STEP2,LOO,D,0.13279223442077637
A,A_0073,FINAL,harsanyi,A,0.0
A,A_0073,FINAL,harsanyi,B,0.06834042072296143
A,A_0073,FINAL,harsanyi,C,0.0
A,A_0073,FINAL,harsanyi,D,-0.2277611494064331
A,A_0073,FINAL,harsanyi,AB,0.125
A,A_0073,FINAL,harsanyi,AC,0.06834042072296143
A,A_0073,FINAL,harsanyi,AD,0.07962357997894287
A,A_0073,FINAL,harsanyi,BC,0.0
A,A_0073,FINAL,harsanyi,BD,0.15942072868347168
A,A_0073,FINAL,harsanyi,CD,0.15557730197906494
A,A_0073,FINAL,harsanyi,ABC,-0.12888860702514648
A,A_0073,FINAL,harsanyi,ABD,-0.20462357997894287
A,A_0073,FINAL,harsanyi,ACD,-0.1479640007019043
A,A_0073,FINAL,harsanyi,BCD,-0.2277611494064331
A,A_0073,FINAL,harsanyi,ABCD,0.20851218700408936
A,A_0073,FINAL,LOO,A,0.0
A,A_0073,FINAL,LOO,B,0.0
A,A_0073,FINAL,LOO,C,-0.07218384742736816
A,A_0073,FINAL,LOO,D,-0.20497608184814453
A,A_0074,STEP1,harsanyi,A,-0.06445181369781494
A,A_0074,STEP1,harsanyi,B,-0.06445181369781494
A,A_0074,STEP1,harsanyi,C,0.0
A,A_0074,STEP1,harsanyi,D,-0.2809298038482666
A,A_0074,STEP1,harsanyi,AB,0.12890362739562988
A,A_0074,STEP1,harsanyi,AC,0.0
A,A_0074,STEP1,harsanyi,AD,0.2809298038482666
A,A_0074,STEP1,harsanyi,BC,-0.1405242681503296
A,A_0074,STEP1,harsanyi,BD,0.21258938312530518
A,A_0074,STEP1,harsanyi,CD,0.14813756942749023
A,A_0074,STEP1,harsanyi,ABC,0.007732033729553223
A,A_0074,STEP1,harsanyi,ABD,-0.34538161754608154
A,A_0074,STEP1,harsanyi,ACD,-0.21647799015045166
A,A_0074,STEP1,harsanyi,BCD,-0.2353745698928833
A,A_0074,STEP1,harsanyi,ABCD,0.28836965560913086
A,A_0074,STEP1,LOO,A,0.07962369918823242
A,A_0074,STEP1,LOO,B,-0.14813756942749023
A,A_0074,STEP1,LOO,C,-0.14813756942749023
A,A_0074,STEP1,LOO,D,-0.14813756942749023
A,A_0074,STEP2,harsanyi,A,0.08317029476165771
A,A_0074,STEP2,harsanyi,B,0.31093156337738037
A,A_0074,STEP2,harsanyi,C,-0.08657360076904297
A,A_0074,STEP2,harsanyi,D,-0.3650580644607544
A,A_0074,STEP2,harsanyi,AB,-0.014829874038696289
A,A_0074,STEP2,harsanyi,AC,-0.1729874610900879
A,A_0074,STEP2,harsanyi,AD,0.592819333076477
A,A_0074,STEP2,harsanyi,BC,-0.22435808181762695
A,A_0074,STEP2,harsanyi,BD,0.29287421703338623
A,A_0074,STEP2,harsanyi,CD,0.18235254287719727
A,A_0074,STEP2,harsanyi,ABC,0.26744115352630615
A,A_0074,STEP2,harsanyi,ABD,-0.3956354856491089
A,A_0074,STEP2,harsanyi,ACD,-0.5987811088562012
A,A_0074,STEP2,harsanyi,BCD,-0.11016857624053955
A,A_0074,STEP2,harsanyi,ABCD,0.23880314826965332
A,A_0074,STEP2,LOO,A,0.0
A,A_0074,STEP2,LOO,B,0.3650580644607544
A,A_0074,STEP2,LOO,C,-0.5042719841003418
A,A_0074,STEP2,LOO,D,-0.16279399394989014
A,A_0074,FINAL,harsanyi,A,0.0
A,A_0074,FINAL,harsanyi,B,0.06834042072296143
A,A_0074,FINAL,harsanyi,C,-0.07218384742736816
A,A_0074,FINAL,harsanyi,D,-0.2277611494064331
A,A_0074,FINAL,harsanyi,AB,0.06445181369781494
A,A_0074,FINAL,harsanyi,AC,0.1405242681503296
A,A_0074,FINAL,harsanyi,AD,0.07962357997894287
A,A_0074,FINAL,harsanyi,BC,0.07218384742736816
A,A_0074,FINAL,harsanyi,BD,0.15942072868347168
A,A_0074,FINAL,harsanyi,CD,0.2277611494064331
A,A_0074,FINAL,harsanyi,ABC,-0.20497608184814453
A,A_0074,FINAL,harsanyi,ABD,-0.21625924110412598
A,A_0074,FINAL,harsanyi,ACD,-0.22014784812927246
A,A_0074,FINAL,harsanyi,BCD,-0.2277611494064331
A,A_0074,FINAL,harsanyi,ABCD,0.20864593982696533
A,A_0074,FINAL,LOO,A,-0.14813756942749023
A,A_0074,FINAL,LOO,B,-0.07595372200012207
A,A_0074,FINAL,LOO,C,-0.07595372200012207
A,A_0074,FINAL,LOO,D,-0.21647799015045166
A,A_0075,STEP1,harsanyi,A,0.0
A,A_0075,STEP1,harsanyi,B,0.06054818630218506
A,A_0075,STEP1,harsanyi,C,0.0
A,A_0075,STEP1,harsanyi,D,0.11720776557922363
A,A_0075,STEP1,harsanyi,AB,-0.125
A,A_0075,STEP1,harsanyi,AC,0.11720776557922363
A,A_0075,STEP1,harsanyi,AD,0.0
A,A_0075,STEP1,harsanyi,BC,0.10947573184967041
A,A_0075,STEP1,harsanyi,BD,-0.06054818630218506
A,A_0075,STEP1,harsanyi,CD,0.0
A,A_0075,STEP1,harsanyi,ABC,0.007792234420776367
A,A_0075,STEP1,harsanyi,ABD,0.17781615257263184
A,A_0075,STEP1,harsanyi,ACD,-0.015345335006713867
A,A_0075,STEP1,harsanyi,BCD,-0.0076133012771606445
A,A_0075,STEP1,harsanyi,ABCD,-0.2115170955657959
A,A_0075,STEP1,LOO,A,-0.04904627799987793
A,A_0075,STEP1,LOO,B,-0.04904627799987793
A,A_0075,STEP1,LOO,C,0.0
A,A_0075,STEP1,LOO,D,0.0
A,A_0075,STEP2,harsanyi,A,0.16279399394989014
A,A_0075,STEP2,harsanyi,B,0.31093156337738037
A,A_0075,STEP2,harsanyi,C,0.2387477159500122
A,A_0075,STEP2,harsanyi,D,-0.08657360076904297
A,A_0075,STEP2,harsanyi,AB,-0.03000175952911377
A,A_0075,STEP2,harsanyi,AC,-0.16279399394989014
A,A_0075,STEP2,harsanyi,AD,0.08657360076904297
A,A_0075,STEP2,harsanyi,BC,-0.17040729522705078
A,A_0075,STEP2,harsanyi,BD,-0.061563968658447266
A,A_0075,STEP2,harsanyi,CD,0.15875744819641113
A,A_0075,STEP2,harsanyi,ABC,0.21166133880615234
A,A_0075,STEP2,harsanyi,ABD,0.12211215496063232
A,A_0075,STEP2,harsanyi,ACD,-0.08657360076904297
A,A_0075,STEP2,harsanyi,BCD,-0.07896029949188232
A,A_0075,STEP2,harsanyi,ABCD,-0.11043131351470947
A,A_0075,STEP2,LOO,A,0.19334042072296143
A,A_0075,STEP2,LOO,B,0.19334042072296143
A,A_0075,STEP2,LOO,C,0.0
A,A_0075,STEP2,LOO,D,-0.056659579277038574
A,A_0075,FINAL,harsanyi,A,0.0
A,A_0075,FINAL,harsanyi,B,-0.056659579277038574
A,A_0075,FINAL,harsanyi,C,0.0
A,A_0075,FINAL,harsanyi,D,0.052816152572631836
A,A_0075,FINAL,harsanyi,AB,-0.125
A,A_0075,FINAL,harsanyi,AC,-0.056659579277038574
A,A_0075,FINAL,harsanyi,AD,0.0
A,A_0075,FINAL,harsanyi,BC,0.0
A,A_0075,FINAL,harsanyi,BD,0.0038434267044067383
A,A_0075,FINAL,harsanyi,CD,-0.052816152572631836
A,A_0075,FINAL,harsanyi,ABC,0.12111139297485352
A,A_0075,FINAL,harsanyi,ABD,0.17781615257263184
A,A_0075,FINAL,harsanyi,ACD,0.15852200984954834
A,A_0075,FINAL,harsanyi,BCD,0.10563230514526367
A,A_0075,FINAL,harsanyi,ABCD,-0.2757899761199951
A,A_0075,FINAL,LOO,A,0.0
A,A_0075,FINAL,LOO,B,-0.04904627799987793
A,A_0075,FINAL,LOO,C,0.0
A,A_0075,FINAL,LOO,D,0.17002391815185547
A,A_0076,STEP1,harsanyi,A,0.0
A,A_0076,STEP1,harsanyi,B,0.06054818630218506
A,A_0076,STEP1,harsanyi,C,0.0
A,A_0076,STEP1,harsanyi,D,0.11720776557922363
A,A_0076,STEP1,harsanyi,AB,-0.125
A,A_0076,STEP1,harsanyi,AC,0.11720776557922363
A,A_0076,STEP1,harsanyi,AD,0.0
A,A_0076,STEP1,harsanyi,BC,0.10947573184967041
A,A_0076,STEP1,harsanyi,BD,-0.06054818630218506
A,A_0076,STEP1,harsanyi,CD,0.0
A,A_0076,STEP1,harsanyi,ABC,-0.04502391815185547
A,A_0076,STEP1,harsanyi,ABD,0.17781615257263184
A,A_0076,STEP1,harsanyi,ACD,-0.0643916130065918
A,A_0076,STEP1,harsanyi,BCD,0.03776302933692932
A,A_0076,STEP1,harsanyi,ABCD,-0.1550309956073761
A,A_0076,STEP1,LOO,A,-0.0944226086139679
A,A_0076,STEP1,LOO,B,0.0
A,A_0076,STEP1,LOO,C,0.0
A,A_0076,STEP1,LOO,D,0.052816152572631836
A,A_0076,STEP2,harsanyi,A,-0.08720597624778748
A,A_0076,STEP2,harsanyi,B,-0.18906840682029724
A,A_0076,STEP2,harsanyi,C,0.03842642903327942
A,A_0076,STEP2,harsanyi,D,0.03842642903327942
A,A_0076,STEP2,harsanyi,AB,-0.030001789331436157
A,A_0076,STEP2,harsanyi,AC,0.15450045466423035
A,A_0076,STEP2,harsanyi,AD,-0.03842642903327942
A,A_0076,STEP2,harsanyi,BC,0.15064197778701782
A,A_0076,STEP2,harsanyi,BD,0.06343600153923035
A,A_0076,STEP2,harsanyi,CD,-0.0032435953617095947
A,A_0076,STEP2,harsanyi,ABC,-0.07912233471870422
A,A_0076,STEP2,harsanyi,ABD,-0.1278878152370453
A,A_0076,STEP2,harsanyi,ACD,0.05898107588291168
A,A_0076,STEP2,harsanyi,BCD,-0.09861883521080017
A,A_0076,STEP2,harsanyi,ABCD,0.18758924305438995
A,A_0076,STEP2,LOO,A,0.03842642903327942
A,A_0076,STEP2,LOO,B,-0.12303195893764496
A,A_0076,STEP2,LOO,C,0.40915441513061523
A,A_0076,STEP2,LOO,D,0.08025607466697693
A,A_0076,FINAL,harsanyi,A,0.0
A,A_0076,FINAL,harsanyi,B,0.06834042072296143
A,A_0076,FINAL,harsanyi,C,-0.07218384742736816
A,A_0076,FINAL,harsanyi,D,-0.07218384742736816
A,A_0076,FINAL,harsanyi,AB,0.125
A,A_0076,FINAL,harsanyi,AC,0.07218384742736816
A,A_0076,FINAL,harsanyi,AD,0.0
A,A_0076,FINAL,harsanyi,BC,0.07218384742736816
A,A_0076,FINAL,harsanyi,BD,0.0038434267044067383
A,A_0076,FINAL,harsanyi,CD,0.07218384742736816
A,A_0076,FINAL,harsanyi,ABC,-0.13273203372955322
A,A_0076,FINAL,harsanyi,ABD,-0.19718384742736816
A,A_0076,FINAL,harsanyi,ACD,-0.14813756942749023
A,A_0076,FINAL,harsanyi,BCD,-0.2203214168548584
A,A_0076,FINAL,harsanyi,ABCD,0.3568233251571655
A,A_0076,FINAL,LOO,A,0.07595372200012207
A,A_0076,FINAL,LOO,B,0.07595372200012207
A,A_0076,FINAL,LOO,C,0.0
A,A_0076,FINAL,LOO,D,-0.20497608184814453
A,A_0077,STEP1,harsanyi,A,0.0
A,A_0077,STEP1,harsanyi,B,0.0
A,A_0077,STEP1,harsanyi,C,0.0
A,A_0077,STEP1,harsanyi,D,-0.2809298038482666
A,A_0077,STEP1,harsanyi,AB,0.0
A,A_0077,STEP1,harsanyi,AC,-0.13279223442077637
A,A_0077,STEP1,harsanyi,AD,0.14813756942749023
A,A_0077,STEP1,harsanyi,BC,-0.13279223442077637
A,A_0077,STEP1,harsanyi,BD,0.14813756942749023
A,A_0077,STEP1,harsanyi,CD,0.21647799015045166
A,A_0077,STEP1,harsanyi,ABC,0.0606083869934082
A,A_0077,STEP1,harsanyi,ABD,-0.14813756942749023
A,A_0077,STEP1,harsanyi,ACD,-0.15586960315704346
A,A_0077,STEP1,harsanyi,BCD,-0.15586960315704346
A,A_0077,STEP1,harsanyi,ABCD,0.15209972858428955
A,A_0077,STEP1,LOO,A,-0.07595372200012207
A,A_0077,STEP1,LOO,B,-0.07595372200012207
A,A_0077,STEP1,LOO,C,-0.14813756942749023
A,A_0077,STEP1,LOO,D,-0.07595372200012207
A,A_0077,STEP2,harsanyi,A,-0.08720597624778748
A,A_0077,STEP2,harsanyi,B,-0.1362522542476654
A,A_0077,STEP2,harsanyi,C,-0.1362522542476654
A,A_0077,STEP2,harsanyi,D,0.134941965341568
A,A_0077,STEP2,harsanyi,AB,-0.022269755601882935
A,A_0077,STEP2,harsanyi,AC,0.08720597624778748
A,A_0077,STEP2,harsanyi,AD,-0.134941965341568
A,A_0077,STEP2,harsanyi,BC,0.08343610167503357
A,A_0077,STEP2,harsanyi,BD,-0.134941965341568
A,A_0077,STEP2,harsanyi,CD,-0.18775811791419983
A,A_0077,STEP2,harsanyi,ABC,-0.15938982367515564
A,A_0077,STEP2,harsanyi,ABD,0.009941965341567993
A,A_0077,STEP2,harsanyi,ACD,0.07828238606452942
A,A_0077,STEP2,harsanyi,BCD,0.18775811791419983
A,A_0077,STEP2,harsanyi,ABCD,0.11116942763328552
A,A_0077,STEP2,LOO,A,-0.11720776557922363
A,A_0077,STEP2,LOO,B,-0.06054818630218506
A,A_0077,STEP2,LOO,C,0.06445181369781494
A,A_0077,STEP2,LOO,D,0.06445181369781494
A,A_0077,FINAL,harsanyi,A,0.0
A,A_0077,FINAL,harsanyi,B,-0.056659579277038574
A,A_0077,FINAL,harsanyi,C,0.0
A,A_0077,FINAL,harsanyi,D,0.14723876118659973
A,A_0077,FINAL,harsanyi,AB,-0.06054818630218506
A,A_0077,FINAL,harsanyi,AC,-0.056659579277038574
A,A_0077,FINAL,harsanyi,AD,-0.045376330614089966
A,A_0077,FINAL,harsanyi,BC,0.0
A,A_0077,FINAL,harsanyi,BD,-0.09057918190956116
A,A_0077,FINAL,harsanyi,CD,-0.0944226086139679
A,A_0077,FINAL,harsanyi,ABC,0.056659579277038574
A,A_0077,FINAL,harsanyi,ABD,0.15874066948890686
A,A_0077,FINAL,harsanyi,ACD,0.10203590989112854
A,A_0077,FINAL,harsanyi,BCD,0.14723876118659973
A,A_0077,FINAL,harsanyi,ABCD,-0.15485206246376038
A,A_0077,FINAL,LOO,A,0.0
A,A_0077,FINAL,LOO,B,0.0
A,A_0077,FINAL,LOO,C,0.0
A,A_0077,FINAL,LOO,D,0.17002391815185547
A,A_0078,STEP1,harsanyi,A,-0.06445181369781494
A,A_0078,STEP1,harsanyi,B,-0.06445181369781494
A,A_0078,STEP1,harsanyi,C,0.0
A,A_0078,STEP1,harsanyi,D,-0.2809298038482666
A,A_0078,STEP1,harsanyi,AB,0.12890362739562988
A,A_0078,STEP1,harsanyi,AC,-0.1405242681503296
A,A_0078,STEP1,harsanyi,AD,0.2809298038482666
A,A_0078,STEP1,harsanyi,BC,-0.1405242681503296
A,A_0078,STEP1,harsanyi,BD,0.21258938312530518
A,A_0078,STEP1,harsanyi,CD,0.21647799015045166
A,A_0078,STEP1,harsanyi,ABC,0.07607245445251465
A,A_0078,STEP1,harsanyi,ABD,-0.34538161754608154
A,A_0078,STEP1,harsanyi,ACD,-0.29243171215057373
A,A_0078,STEP1,harsanyi,BCD,-0.2240912914276123
A,A_0078,STEP1,harsanyi,ABCD,0.35688352584838867
A,A_0078,STEP1,LOO,A,0.0
A,A_0078,STEP1,LOO,B,0.0
A,A_0078,STEP1,LOO,C,-0.14813756942749023
A,A_0078,STEP1,LOO,D,-0.07595372200012207
A,A_0078,STEP2,harsanyi,A,-0.04182964563369751
A,A_0078,STEP2,harsanyi,B,-0.18906840682029724
A,A_0078,STEP2,harsanyi,C,-0.1362522542476654
A,A_0078,STEP2,harsanyi,D,0.134941965341568
A,A_0078,STEP2,harsanyi,AB,-0.014829933643341064
A,A_0078,STEP2,harsanyi,AC,-0.010986506938934326
A,A_0078,STEP2,harsanyi,AD,-0.2821807265281677
A,A_0078,STEP2,harsanyi,BC,0.07959267497062683
A,A_0078,STEP2,harsanyi,BD,-0.08212581276893616
A,A_0078,STEP2,harsanyi,CD,-0.18775811791419983
A,A_0078,STEP2,harsanyi,ABC,-0.1978781819343567
A,A_0078,STEP2,harsanyi,ABD,0.10436457395553589
A,A_0078,STEP2,harsanyi,ACD,0.278337299823761
A,A_0078,STEP2,harsanyi,BCD,0.19160154461860657
A,A_0078,STEP2,harsanyi,ABCD,-0.08499687910079956
A,A_0078,STEP2,LOO,A,-0.25
A,A_0078,STEP2,LOO,B,-0.19334042072296143
A,A_0078,STEP2,LOO,C,-0.06834042072296143
A,A_0078,STEP2,LOO,D,0.07218384742736816
A,A_0078,FINAL,harsanyi,A,0.0
A,A_0078,FINAL,harsanyi,B,-0.056659579277038574
A,A_0078,FINAL,harsanyi,C,0.0
A,A_0078,FINAL,harsanyi,D,0.14723876118659973
A,A_0078,FINAL,harsanyi,AB,-0.06054818630218506
A,A_0078,FINAL,harsanyi,AC,0.0
A,A_0078,FINAL,harsanyi,AD,-0.045376330614089966
A,A_0078,FINAL,harsanyi,BC,0.0
A,A_0078,FINAL,harsanyi,BD,-0.09057918190956116
A,A_0078,FINAL,harsanyi,CD,-0.0944226086139679
A,A_0078,FINAL,harsanyi,ABC,0.0
A,A_0078,FINAL,harsanyi,ABD,0.15874066948890686
A,A_0078,FINAL,harsanyi,ACD,0.045376330614089966
A,A_0078,FINAL,harsanyi,BCD,0.14723876118659973
A,A_0078,FINAL,harsanyi,ABCD,-0.15100863575935364
A,A_0078,FINAL,LOO,A,-0.052816152572631836
A,A_0078,FINAL,LOO,B,-0.052816152572631836
A,A_0078,FINAL,LOO,C,-0.052816152572631836
A,A_0078,FINAL,LOO,D,0.11720776557922363
A,A_0079,STEP1,harsanyi,A,0.0
A,A_0079,STEP1,harsanyi,B,0.06054818630218506
A,A_0079,STEP1,harsanyi,C,0.0
A,A_0079,STEP1,harsanyi,D,0.2190701961517334
A,A_0079,STEP1,harsanyi,AB,-0.125
A,A_0079,STEP1,harsanyi,AC,0.11720776557922363
A,A_0079,STEP1,harsanyi,AD,-0.10186243057250977
A,A_0079,STEP1,harsanyi,BC,0.10947573184967041
A,A_0079,STEP1,harsanyi,BD,-0.16241061687469482
A,A_0079,STEP1,harsanyi,CD,-0.10186243057250977
A,A_0079,STEP1,harsanyi,ABC,-0.04502391815185547
A,A_0079,STEP1,harsanyi,ABD,0.22686243057250977
A,A_0079,STEP1,harsanyi,ACD,0.03747081756591797
A,A_0079,STEP1,harsanyi,BCD,0.1396254599094391
A,A_0079,STEP1,harsanyi,ABCD,-0.1550309956073761
A,A_0079,STEP1,LOO,A,-0.045376330614089966
A,A_0079,STEP1,LOO,B,0.04904627799987793
A,A_0079,STEP1,LOO,C,0.10186243057250977
A,A_0079,STEP1,LOO,D,0.10186243057250977
A,A_0079,STEP2,harsanyi,A,0.16279399394989014
A,A_0079,STEP2,harsanyi,B,0.31093156337738037
A,A_0079,STEP2,harsanyi,C,-0.08657360076904297
A,A_0079,STEP2,harsanyi,D,-0.3650580644607544
A,A_0079,STEP2,harsanyi,AB,-0.03000175952911377
A,A_0079,STEP2,harsanyi,AC,-0.34549951553344727
A,A_0079,STEP2,harsanyi,AD,0.3650580644607544
A,A_0079,STEP2,harsanyi,BC,-0.22435808181762695
A,A_0079,STEP2,harsanyi,BD,0.29287421703338623
A,A_0079,STEP2,harsanyi,CD,0.18235254287719727
A,A_0079,STEP2,harsanyi,ABC,0.2958778142929077
A,A_0079,STEP2,harsanyi,ABD,-0.23232603073120117
A,A_0079,STEP2,harsanyi,ACD,-0.27813148498535156
A,A_0079,STEP2,harsanyi,BCD,-0.11016857624053955
A,A_0079,STEP2,harsanyi,ABCD,0.06222891807556152
A,A_0079,STEP2,LOO,A,0.0
A,A_0079,STEP2,LOO,B,0.3650580644607544
A,A_0079,STEP2,LOO,C,-0.5042719841003418
A,A_0079,STEP2,LOO,D,-0.08317041397094727
A,A_0079,FINAL,harsanyi,A,0.0
A,A_0079,FINAL,harsanyi,B,-0.056659579277038574
A,A_0079,FINAL,harsanyi,C,0.052816152572631836
A,A_0079,FINAL,harsanyi,D,0.14723876118659973
A,A_0079,FINAL,harsanyi,AB,-0.125
A,A_0079,FINAL,harsanyi,AC,-0.052816152572631836
A,A_0079,FINAL,harsanyi,AD,-0.045376330614089966
A,A_0079,FINAL,harsanyi,BC,-0.052816152572631836
A,A_0079,FINAL,harsanyi,BD,-0.09057918190956116
A,A_0079,FINAL,harsanyi,CD,-0.14723876118659973
A,A_0079,FINAL,harsanyi,ABC,0.11726796627044678
A,A_0079,FINAL,harsanyi,ABD,0.17037633061408997
A,A_0079,FINAL,harsanyi,ACD,0.14723876118659973
A,A_0079,FINAL,harsanyi,BCD,0.14723876118659973
A,A_0079,FINAL,harsanyi,ABCD,-0.15887442231178284
A,A_0079,FINAL,LOO,A,0.052816152572631836
A,A_0079,FINAL,LOO,B,-0.04904627799987793
A,A_0079,FINAL,LOO,C,0.052816152572631836
A,A_0079,FINAL,LOO,D,0.17002391815185547
A,A_0080,STEP1,harsanyi,A,0.10186243057250977
A,A_0080,STEP1,harsanyi,B,0.052816152572631836
A,A_0080,STEP1,harsanyi,C,0.10186243057250977
A,A_0080,STEP1,harsanyi,D,0.10186243057250977
A,A_0080,STEP1,harsanyi,AB,-0.00743982195854187
A,A_0080,STEP1,harsanyi,AC,-0.01465645432472229
A,A_0080,STEP1,harsanyi,AD,-0.01465645432472229
A,A_0080,STEP1,harsanyi,BC,-0.00743982195854187
A,A_0080,STEP1,harsanyi,BD,-0.052816152572631836
A,A_0080,STEP1,harsanyi,CD,-0.20372486114501953
A,A_0080,STEP1,harsanyi,ABC,-0.037936508655548096
A,A_0080,STEP1,harsanyi,ABD,0.00743982195854187
A,A_0080,STEP1,harsanyi,ACD,0.15494531393051147
A,A_0080,STEP1,harsanyi,BCD,0.10930225253105164
A,A_0080,STEP1,harsanyi,ABCD,-0.1441819965839386
A,A_0080,STEP1,LOO,A,0.045376330614089966
A,A_0080,STEP1,LOO,B,-0.08025607466697693
A,A_0080,STEP1,LOO,C,-0.04182964563369751
A,A_0080,STEP1,LOO,D,-0.04182964563369751
A,A_0080,STEP2,harsanyi,A,0.0
A,A_0080,STEP2,harsanyi,B,-0.04182964563369751
A,A_0080,STEP2,harsanyi,C,0.0
A,A_0080,STEP2,harsanyi,D,0.0
A,A_0080,STEP2,harsanyi,AB,-0.14723876118659973
A,A_0080,STEP2,harsanyi,AC,-0.18906840682029724
A,A_0080,STEP2,harsanyi,AD,0.0
A,A_0080,STEP2,harsanyi,BC,-0.14723876118659973
A,A_0080,STEP2,harsanyi,BD,0.04182964563369751
A,A_0080,STEP2,harsanyi,CD,-0.08720597624778748
A,A_0080,STEP2,harsanyi,ABC,0.21909940242767334
A,A_0080,STEP2,harsanyi,ABD,0.010986506938934326
A,A_0080,STEP2,harsanyi,ACD,0.08720597624778748
A,A_0080,STEP2,harsanyi,BCD,0.045376330614089966
A,A_0080,STEP2,harsanyi,ABCD,-0.03764429688453674
A,A_0080,STEP2,LOO,A,-0.056659579277038574
A,A_0080,STEP2,LOO,B,-0.056659579277038574
A,A_0080,STEP2,LOO,C,-0.10947573184967041
A,A_0080,STEP2,LOO,D,0.06054818630218506
A,A_0080,FINAL,harsanyi,A,-0.1405242681503296
A,A_0080,FINAL,harsanyi,B,-0.21647799015045166
A,A_0080,FINAL,harsanyi,C,-0.1405242681503296
A,A_0080,FINAL,harsanyi,D,-0.1405242681503296
A,A_0080,FINAL,harsanyi,AB,0.2886618375778198
A,A_0080,FINAL,harsanyi,AC,0.1405242681503296
A,A_0080,FINAL,harsanyi,AD,0.1405242681503296
A,A_0080,FINAL,harsanyi,BC,0.21647799015045166
A,A_0080,FINAL,harsanyi,BD,0.21647799015045166
A,A_0080,FINAL,harsanyi,CD,0.21270811557769775
A,A_0080,FINAL,harsanyi,ABC,-0.2886618375778198
A,A_0080,FINAL,harsanyi,ABD,-0.2886618375778198
A,A_0080,FINAL,harsanyi,ACD,-0.2886618375778198
A,A_0080,FINAL,harsanyi,BCD,-0.3646155595779419
A,A_0080,FINAL,harsanyi,ABCD,0.43679940700531006
A,A_0080,FINAL,LOO,A,0.0
A,A_0080,FINAL,LOO,B,0.0
A,A_0080,FINAL,LOO,C,-0.07595372200012207
A,A_0080,FINAL,LOO,D,-0.07595372200012207
A,A_0081,STEP1,harsanyi,A,-0.14813756942749023
A,A_0081,STEP1,harsanyi,B,-0.07218384742736816
A,A_0081,STEP1,harsanyi,C,-0.4873223304748535
A,A_0081,STEP1,harsanyi,D,-0.14813756942749023
A,A_0081,STEP1,harsanyi,AB,0.07218384742736816
A,A_0081,STEP1,harsanyi,AC,0.4873223304748535
A,A_0081,STEP1,harsanyi,AD,0.06851387023925781
A,A_0081,STEP1,harsanyi,BC,0.41136860847473145
A,A_0081,STEP1,harsanyi,BD,-0.09061026573181152
A,A_0081,STEP1,harsanyi,CD,0.14813756942749023
A,A_0081,STEP1,harsanyi,ABC,-0.5741626024246216
A,A_0081,STEP1,harsanyi,ABD,-0.07913362979888916
A,A_0081,STEP1,harsanyi,ACD,-0.14813756942749023
A,A_0081,STEP1,harsanyi,BCD,-0.07218384742736816
A,A_0081,STEP1,harsanyi,ABCD,0.14516067504882812
A,A_0081,STEP1,LOO,A,-0.1763906478881836
A,A_0081,STEP1,LOO,B,-0.25956106185913086
A,A_0081,STEP1,LOO,C,-0.08981716632843018
A,A_0081,STEP1,LOO,D,-0.17639076709747314
A,A_0081,STEP2,harsanyi,A,0.0
A,A_0081,STEP2,harsanyi,B,0.0
A,A_0081,STEP2,harsanyi,C,0.18545767664909363
A,A_0081,STEP2,harsanyi,D,0.03842642903327942
A,A_0081,STEP2,harsanyi,AB,-0.18906840682029724
A,A_0081,STEP2,harsanyi,AC,-0.18545767664909363
A,A_0081,STEP2,harsanyi,AD,-0.03842642903327942
A,A_0081,STEP2,harsanyi,BC,-0.18545767664909363
A,A_0081,STEP2,harsanyi,BD,-0.1256324052810669
A,A_0081,STEP2,harsanyi,CD,-0.08894214034080505
A,A_0081,STEP2,harsanyi,ABC,0.2873201072216034
A,A_0081,STEP2,harsanyi,ABD,0.1256324052810669
A,A_0081,STEP2,harsanyi,ACD,0.08894214034080505
A,A_0081,STEP2,harsanyi,BCD,0.08894214034080505
A,A_0081,STEP2,harsanyi,ABCD,-0.0017361640930175781
A,A_0081,STEP2,LOO,A,0.08720597624778748
A,A_0081,STEP2,LOO,B,0.0
A,A_0081,STEP2,LOO,C,0.18906840682029724
A,A_0081,STEP2,LOO,D,0.08720597624778748
A,A_0081,FINAL,harsanyi,A,0.10947573184967041
A,A_0081,FINAL,harsanyi,B,0.10947573184967041
A,A_0081,FINAL,harsanyi,C,0.2038983404636383
A,A_0081,FINAL,harsanyi,D,0.10947573184967041
A,A_0081,FINAL,harsanyi,AB,-0.16229188442230225
A,A_0081,FINAL,harsanyi,AC,-0.25671449303627014
A,A_0081,FINAL,harsanyi,AD,-0.10947573184967041
A,A_0081,FINAL,harsanyi,BC,-0.25671449303627014
A,A_0081,FINAL,harsanyi,BD,-0.10947573184967041
A,A_0081,FINAL,harsanyi,CD,-0.15485206246376038
A,A_0081,FINAL,harsanyi,ABC,0.3623467981815338
A,A_0081,FINAL,harsanyi,ABD,0.16229188442230225
A,A_0081,FINAL,harsanyi,ACD,0.25671449303627014
A,A_0081,FINAL,harsanyi,BCD,0.25671449303627014
A,A_0081,FINAL,harsanyi,ABCD,-0.31697046756744385
A,A_0081,FINAL,LOO,A,0.045376330614089966
A,A_0081,FINAL,LOO,B,0.045376330614089966
A,A_0081,FINAL,LOO,C,0.0944226086139679
A,A_0081,FINAL,LOO,D,0.0944226086139679
A,A_0082,STEP1,harsanyi,A,0.10186243057250977
A,A_0082,STEP1,harsanyi,B,0.052816152572631836
A,A_0082,STEP1,harsanyi,C,0.2626776695251465
A,A_0082,STEP1,harsanyi,D,0.10186243057250977
A,A_0082,STEP1,harsanyi,AB,-0.00743982195854187
A,A_0082,STEP1,harsanyi,AC,-0.2626776695251465
A,A_0082,STEP1,harsanyi,AD,-0.01465645432472229
A,A_0082,STEP1,harsanyi,BC,-0.21363139152526855
A,A_0082,STEP1,harsanyi,BD,-0.052816152572631836
A,A_0082,STEP1,harsanyi,CD,-0.06975078582763672
A,A_0082,STEP1,harsanyi,ABC,0.25546103715896606
A,A_0082,STEP1,harsanyi,ABD,0.00743982195854187
A,A_0082,STEP1,harsanyi,ACD,0.06975078582763672
A,A_0082,STEP1,harsanyi,BCD,-0.02834177017211914
A,A_0082,STEP1,harsanyi,ABCD,-0.05531752109527588
A,A_0082,STEP1,LOO,A,0.0944226086139679
A,A_0082,STEP1,LOO,B,-0.04182964563369751
A,A_0082,STEP1,LOO,C,-0.04182964563369751
A,A_0082,STEP1,LOO,D,-0.04182964563369751
A,A_0082,STEP2,harsanyi,A,0.0
A,A_0082,STEP2,harsanyi,B,0.08317029476165771
A,A_0082,STEP2,harsanyi,C,-0.5645424127578735
A,A_0082,STEP2,harsanyi,D,0.0
A,A_0082,STEP2,harsanyi,AB,0.22776126861572266
A,A_0082,STEP2,harsanyi,AC,0.5645424127578735
A,A_0082,STEP2,harsanyi,AD,0.0
A,A_0082,STEP2,harsanyi,BC,0.4813721179962158
A,A_0082,STEP2,harsanyi,BD,-0.08317029476165771
A,A_0082,STEP2,harsanyi,CD,0.19948434829711914
A,A_0082,STEP2,harsanyi,ABC,-0.629509687423706
A,A_0082,STEP2,harsanyi,ABD,0.01098644733428955
A,A_0082,STEP2,harsanyi,ACD,-0.19948434829711914
A,A_0082,STEP2,harsanyi,BCD,-0.03314375877380371
A,A_0082,STEP2,harsanyi,ABCD,0.025703907012939453
A,A_0082,STEP2,LOO,A,0.0
A,A_0082,STEP2,LOO,B,0.08317029476165771
A,A_0082,STEP2,LOO,C,-0.1555774211883545
A,A_0082,STEP2,LOO,D,-0.07962369918823242
A,A_0082,FINAL,harsanyi,A,0.10947573184967041
A,A_0082,FINAL,harsanyi,B,0.15852200984954834
A,A_0082,FINAL,harsanyi,C,0.2038983404636383
A,A_0082,FINAL,harsanyi,D,0.10947573184967041
A,A_0082,FINAL,harsanyi,AB,-0.21133816242218018
A,A_0082,FINAL,harsanyi,AC,-0.25671449303627014
A,A_0082,FINAL,harsanyi,AD,-0.10947573184967041
A,A_0082,FINAL,harsanyi,BC,-0.30576077103614807
A,A_0082,FINAL,harsanyi,BD,-0.15852200984954834
A,A_0082,FINAL,harsanyi,CD,-0.2038983404636383
A,A_0082,FINAL,harsanyi,ABC,0.3585769236087799
A,A_0082,FINAL,harsanyi,ABD,0.21133816242218018
A,A_0082,FINAL,harsanyi,ACD,0.30576077103614807
A,A_0082,FINAL,harsanyi,BCD,0.30576077103614807
A,A_0082,FINAL,harsanyi,ABCD,-0.3585769236087799
A,A_0082,FINAL,LOO,A,0.04904627799987793
A,A_0082,FINAL,LOO,B,0.0
A,A_0082,FINAL,LOO,C,0.04904627799987793
A,A_0082,FINAL,LOO,D,0.10186243057250977
A,A_0083,STEP1,harsanyi,A,-0.14813756942749023
A,A_0083,STEP1,harsanyi,B,-0.07218384742736816
A,A_0083,STEP1,harsanyi,C,-0.14813756942749023
A,A_0083,STEP1,harsanyi,D,-0.14813756942749023
A,A_0083,STEP1,harsanyi,AB,0.07218384742736816
A,A_0083,STEP1,harsanyi,AC,-0.014656424522399902
A,A_0083,STEP1,harsanyi,AD,-0.014656424522399902
A,A_0083,STEP1,harsanyi,BC,-0.09061014652252197
A,A_0083,STEP1,harsanyi,BD,-0.09061014652252197
A,A_0083,STEP1,harsanyi,CD,0.29627513885498047
A,A_0083,STEP1,harsanyi,ABC,0.09061014652252197
A,A_0083,STEP1,harsanyi,ABD,-0.08578062057495117
A,A_0083,STEP1,harsanyi,ACD,-0.2200547456741333
A,A_0083,STEP1,harsanyi,BCD,-0.2339181900024414
A,A_0083,STEP1,harsanyi,ABCD,0.22760343551635742
A,A_0083,STEP1,LOO,A,-0.09288835525512695
A,A_0083,STEP1,LOO,B,-0.18270552158355713
A,A_0083,STEP1,LOO,C,-0.09288835525512695
A,A_0083,STEP1,LOO,D,-0.2692791223526001
A,A_0083,STEP2,harsanyi,A,0.0
A,A_0083,STEP2,harsanyi,B,0.0
A,A_0083,STEP2,harsanyi,C,0.0
A,A_0083,STEP2,harsanyi,D,0.0
A,A_0083,STEP2,harsanyi,AB,-0.18906840682029724
A,A_0083,STEP2,harsanyi,AC,-0.18906840682029724
A,A_0083,STEP2,harsanyi,AD,0.0
A,A_0083,STEP2,harsanyi,BC,-0.18906840682029724
A,A_0083,STEP2,harsanyi,BD,-0.1362522542476654
A,A_0083,STEP2,harsanyi,CD,-0.08720597624778748
A,A_0083,STEP2,harsanyi,ABC,0.1964772343635559
A,A_0083,STEP2,harsanyi,ABD,0.18906840682029724
A,A_0083,STEP2,harsanyi,ACD,0.08720597624778748
A,A_0083,STEP2,harsanyi,BCD,0.1667986512184143
A,A_0083,STEP2,harsanyi,ABCD,-0.1551629900932312
A,A_0083,STEP2,LOO,A,-0.06054818630218506
A,A_0083,STEP2,LOO,B,-0.11720776557922363
A,A_0083,STEP2,LOO,C,-0.17002391815185547
A,A_0083,STEP2,LOO,D,0.06445181369781494
A,A_0083,FINAL,harsanyi,A,0.10947573184967041
A,A_0083,FINAL,harsanyi,B,0.10947573184967041
A,A_0083,FINAL,harsanyi,C,0.10947573184967041
A,A_0083,FINAL,harsanyi,D,0.10947573184967041
A,A_0083,FINAL,harsanyi,AB,-0.16229188442230225
A,A_0083,FINAL,harsanyi,AC,-0.10947573184967041
A,A_0083,FINAL,harsanyi,AD,-0.10947573184967041
A,A_0083,FINAL,harsanyi,BC,-0.10947573184967041
A,A_0083,FINAL,harsanyi,BD,-0.16229188442230225
A,A_0083,FINAL,harsanyi,CD,-0.16229188442230225
A,A_0083,FINAL,harsanyi,ABC,0.10947573184967041
A,A_0083,FINAL,harsanyi,ABD,0.21510803699493408
A,A_0083,FINAL,harsanyi,ACD,0.21133816242218018
A,A_0083,FINAL,harsanyi,BCD,0.264154314994812
A,A_0083,FINAL,harsanyi,ABCD,-0.264154314994812
A,A_0083,FINAL,LOO,A,0.0
A,A_0083,FINAL,LOO,B,0.0
A,A_0083,FINAL,LOO,C,0.04904627799987793
A,A_0083,FINAL,LOO,D,0.10186243057250977
A,A_0084,STEP1,harsanyi,A,0.19334042072296143
A,A_0084,STEP1,harsanyi,B,-0.07218384742736816
A,A_0084,STEP1,harsanyi,C,-0.14813756942749023
A,A_0084,STEP1,harsanyi,D,-0.14813756942749023
A,A_0084,STEP1,harsanyi,AB,-0.12115657329559326
A,A_0084,STEP1,harsanyi,AC,0.023137569427490234
A,A_0084,STEP1,harsanyi,AD,-0.04520285129547119
A,A_0084,STEP1,harsanyi,BC,-0.007439851760864258
A,A_0084,STEP1,harsanyi,BD,0.07218384742736816
A,A_0084,STEP1,harsanyi,CD,0.29627513885498047
A,A_0084,STEP1,harsanyi,ABC,-0.015697717666625977
A,A_0084,STEP1,harsanyi,ABD,0.0489727258682251
A,A_0084,STEP1,harsanyi,ACD,-0.24345898628234863
A,A_0084,STEP1,harsanyi,BCD,-0.14069771766662598
A,A_0084,STEP1,harsanyi,ABCD,0.1600654125213623
A,A_0084,STEP1,LOO,A,0.0
A,A_0084,STEP1,LOO,B,-0.07595372200012207
A,A_0084,STEP1,LOO,C,-0.07595372200012207
A,A_0084,STEP1,LOO,D,0.0
A,A_0084,STEP2,harsanyi,A,0.0
A,A_0084,STEP2,harsanyi,B,-0.04182964563369751
A,A_0084,STEP2,harsanyi,C,0.0
A,A_0084,STEP2,harsanyi,D,0.0
A,A_0084,STEP2,harsanyi,AB,-0.14723876118659973
A,A_0084,STEP2,harsanyi,AC,-0.18906840682029724
A,A_0084,STEP2,harsanyi,AD,-0.04182964563369751
A,A_0084,STEP2,harsanyi,BC,-0.14723876118659973
A,A_0084,STEP2,harsanyi,BD,0.04182964563369751
A,A_0084,STEP2,harsanyi,CD,-0.08720597624778748
A,A_0084,STEP2,harsanyi,ABC,0.21909940242767334
A,A_0084,STEP2,harsanyi,ABD,0.052816152572631836
A,A_0084,STEP2,harsanyi,ACD,0.12903562188148499
A,A_0084,STEP2,harsanyi,BCD,0.045376330614089966
A,A_0084,STEP2,harsanyi,ABCD,-0.1400221288204193
A,A_0084,STEP2,LOO,A,-0.11720776557922363
A,A_0084,STEP2,LOO,B,-0.11720776557922363
A,A_0084,STEP2,LOO,C,-0.17002391815185547
A,A_0084,STEP2,LOO,D,0.0
A,A_0084,FINAL,harsanyi,A,0.056659579277038574
A,A_0084,FINAL,harsanyi,B,0.15852200984954834
A,A_0084,FINAL,harsanyi,C,0.10947573184967041
A,A_0084,FINAL,harsanyi,D,0.10947573184967041
A,A_0084,FINAL,harsanyi,AB,-0.21518158912658691
A,A_0084,FINAL,harsanyi,AC,-0.056659579277038574
A,A_0084,FINAL,harsanyi,AD,-0.056659579277038574
A,A_0084,FINAL,harsanyi,BC,-0.15852200984954834
A,A_0084,FINAL,harsanyi,BD,-0.15852200984954834
A,A_0084,FINAL,harsanyi,CD,-0.16229188442230225
A,A_0084,FINAL,harsanyi,ABC,0.16236543655395508
A,A_0084,FINAL,harsanyi,ABD,0.21518158912658691
A,A_0084,FINAL,harsanyi,ACD,0.10947573184967041
A,A_0084,FINAL,harsanyi,BCD,0.2603844404220581
A,A_0084,FINAL,harsanyi,ABCD,-0.26422786712646484
A,A_0084,FINAL,LOO,A,-0.04904627799987793
A,A_0084,FINAL,LOO,B,0.0
A,A_0084,FINAL,LOO,C,0.0
A,A_0084,FINAL,LOO,D,0.052816152572631836
A,A_0085,STEP1,harsanyi,A,0.19334042072296143
A,A_0085,STEP1,harsanyi,B,-0.07218384742736816
A,A_0085,STEP1,harsanyi,C,-0.14813756942749023
A,A_0085,STEP1,harsanyi,D,-0.14813756942749023
A,A_0085,STEP1,harsanyi,AB,-0.12115657329559326
A,A_0085,STEP1,harsanyi,AC,0.023137569427490234
A,A_0085,STEP1,harsanyi,AD,-0.04520285129547119
A,A_0085,STEP1,harsanyi,BC,-0.007439851760864258
A,A_0085,STEP1,harsanyi,BD,0.07218384742736816
A,A_0085,STEP1,harsanyi,CD,0.3646155595779419
A,A_0085,STEP1,harsanyi,ABC,-0.015697717666625977
A,A_0085,STEP1,harsanyi,ABD,0.0489727258682251
A,A_0085,STEP1,harsanyi,ACD,-0.31179940700531006
A,A_0085,STEP1,harsanyi,BCD,-0.2090381383895874
A,A_0085,STEP1,harsanyi,ABCD,0.3043595552444458
A,A_0085,STEP1,LOO,A,0.07595372200012207
A,A_0085,STEP1,LOO,B,0.0
A,A_0085,STEP1,LOO,C,0.0
A,A_0085,STEP1,LOO,D,0.07595372200012207
A,A_0085,STEP2,harsanyi,A,0.0
A,A_0085,STEP2,harsanyi,B,0.08317029476165771
A,A_0085,STEP2,harsanyi,C,0.0
A,A_0085,STEP2,harsanyi,D,-0.08657348155975342
A,A_0085,STEP2,harsanyi,AB,0.22776126861572266
A,A_0085,STEP2,harsanyi,AC,0.31093156337738037
A,A_0085,STEP2,harsanyi,AD,0.16974377632141113
A,A_0085,STEP2,harsanyi,BC,0.22776126861572266
A,A_0085,STEP2,harsanyi,BD,0.08657348155975342
A,A_0085,STEP2,harsanyi,CD,0.24936747550964355
A,A_0085,STEP2,harsanyi,ABC,-0.40590059757232666
A,A_0085,STEP2,harsanyi,ABD,-0.2419276237487793
A,A_0085,STEP2,harsanyi,ACD,-0.33253777027130127
A,A_0085,STEP2,harsanyi,BCD,-0.24936747550964355
A,A_0085,STEP2,harsanyi,ABCD,0.40472161769866943
A,A_0085,STEP2,LOO,A,0.13279223442077637
A,A_0085,STEP2,LOO,B,0.13279223442077637
A,A_0085,STEP2,LOO,C,0.20497608184814453
A,A_0085,STEP2,LOO,D,0.0
A,A_0085,FINAL,harsanyi,A,-0.06834042072296143
A,A_0085,FINAL,harsanyi,B,-0.21647799015045166
A,A_0085,FINAL,harsanyi,C,-0.1405242681503296
A,A_0085,FINAL,harsanyi,D,-0.1405242681503296
A,A_0085,FINAL,harsanyi,AB,0.2848184108734131
A,A_0085,FINAL,harsanyi,AC,0.06834042072296143
A,A_0085,FINAL,harsanyi,AD,0.06834042072296143
A,A_0085,FINAL,harsanyi,BC,0.21647799015045166
A,A_0085,FINAL,harsanyi,BD,0.21647799015045166
A,A_0085,FINAL,harsanyi,CD,0.21270811557769775
A,A_0085,FINAL,harsanyi,ABC,-0.21263456344604492
A,A_0085,FINAL,harsanyi,ABD,-0.2848184108734131
A,A_0085,FINAL,harsanyi,ACD,-0.1405242681503296
A,A_0085,FINAL,harsanyi,BCD,-0.2886618375778198
A,A_0085,FINAL,harsanyi,ABCD,0.20886468887329102
A,A_0085,FINAL,LOO,A,-0.07595372200012207
A,A_0085,FINAL,LOO,B,-0.07595372200012207
A,A_0085,FINAL,LOO,C,-0.07595372200012207
A,A_0085,FINAL,LOO,D,-0.14813756942749023
A,A_0086,STEP1,harsanyi,A,-0.14813756942749023
A,A_0086,STEP1,harsanyi,B,-0.07218384742736816
A,A_0086,STEP1,harsanyi,C,-0.14813756942749023
A,A_0086,STEP1,harsanyi,D,-0.14813756942749023
A,A_0086,STEP1,harsanyi,AB,0.07218384742736816
A,A_0086,STEP1,harsanyi,AC,-0.014656424522399902
A,A_0086,STEP1,harsanyi,AD,0.06851387023925781
A,A_0086,STEP1,harsanyi,BC,-0.09061014652252197
A,A_0086,STEP1,harsanyi,BD,-0.09061026573181152
A,A_0086,STEP1,harsanyi,CD,0.3646155595779419
A,A_0086,STEP1,harsanyi,ABC,0.09061014652252197
A,A_0086,STEP1,harsanyi,ABD,-0.07913362979888916
A,A_0086,STEP1,harsanyi,ACD,-0.37156546115875244
A,A_0086,STEP1,harsanyi,BCD,-0.2124413251876831
A,A_0086,STEP1,harsanyi,ABCD,0.19947969913482666
A,A_0086,STEP1,LOO,A,-0.18270552158355713
A,A_0086,STEP1,LOO,B,-0.18270552158355713
A,A_0086,STEP1,LOO,C,-0.18270552158355713
A,A_0086,STEP1,LOO,D,-0.2692791223526001
A,A_0086,STEP2,harsanyi,A,0.0
A,A_0086,STEP2,harsanyi,B,0.0
A,A_0086,STEP2,harsanyi,C,0.0
A,A_0086,STEP2,harsanyi,D,-0.08657348155975342
A,A_0086,STEP2,harsanyi,AB,0.31093156337738037
A,A_0086,STEP2,harsanyi,AC,0.31093156337738037
A,A_0086,STEP2,harsanyi,AD,0.08657348155975342
A,A_0086,STEP2,harsanyi,BC,0.31093156337738037
A,A_0086,STEP2,harsanyi,BD,0.24936747550964355
A,A_0086,STEP2,harsanyi,CD,0.24936747550964355
A,A_0086,STEP2,harsanyi,ABC,-0.4285227060317993
A,A_0086,STEP2,harsanyi,ABD,-0.24936747550964355
A,A_0086,STEP2,harsanyi,ACD,-0.24936747550964355
A,A_0086,STEP2,harsanyi,BCD,-0.34382104873657227
A,A_0086,STEP2,harsanyi,ABCD,0.2832728624343872
A,A_0086,STEP2,LOO,A,0.06445181369781494
A,A_0086,STEP2,LOO,B,0.13279223442077637
A,A_0086,STEP2,LOO,C,0.13279223442077637
A,A_0086,STEP2,LOO,D,-0.06054818630218506
A,A_0086,FINAL,harsanyi,A,-0.1405242681503296
A,A_0086,FINAL,harsanyi,B,-0.1405242681503296
A,A_0086,FINAL,harsanyi,C,-0.1405242681503296
A,A_0086,FINAL,harsanyi,D,-0.1405242681503296
A,A_0086,FINAL,harsanyi,AB,0.21270811557769775
A,A_0086,FINAL,harsanyi,AC,0.1405242681503296
A,A_0086,FINAL,harsanyi,AD,0.1405242681503296
A,A_0086,FINAL,harsanyi,BC,0.1405242681503296
A,A_0086,FINAL,harsanyi,BD,0.1405242681503296
A,A_0086,FINAL,harsanyi,CD,0.21270811557769775
A,A_0086,FINAL,harsanyi,ABC,-0.1405242681503296
A,A_0086,FINAL,harsanyi,ABD,-0.21270811557769775
A,A_0086,FINAL,harsanyi,ACD,-0.2886618375778198
A,A_0086,FINAL,harsanyi,BCD,-0.2886618375778198
A,A_0086,FINAL,harsanyi,ABCD,0.2886618375778198
A,A_0086,FINAL,LOO,A,0.0
A,A_0086,FINAL,LOO,B,0.0
A,A_0086,FINAL,LOO,C,-0.07595372200012207
A,A_0086,FINAL,LOO,D,-0.14813756942749023
A,A_0087,STEP1,harsanyi,A,-0.18165957927703857
A,A_0087,STEP1,harsanyi,B,0.052816152572631836
A,A_0087,STEP1,harsanyi,C,0.10186243057250977
A,A_0087,STEP1,harsanyi,D,0.10186243057250977
A,A_0087,STEP1,harsanyi,AB,0.12884342670440674
A,A_0087,STEP1,harsanyi,AC,0.023137569427490234
A,A_0087,STEP1,harsanyi,AD,0.07979714870452881
A,A_0087,STEP1,harsanyi,BC,0.03438982367515564
A,A_0087,STEP1,harsanyi,BD,0.03438982367515564
A,A_0087,STEP1,harsanyi,CD,-0.20372486114501953
A,A_0087,STEP1,harsanyi,ABC,-0.057527393102645874
A,A_0087,STEP1,harsanyi,ABD,-0.026980996131896973
A,A_0087,STEP1,harsanyi,ACD,0.13154101371765137
A,A_0087,STEP1,harsanyi,BCD,0.14108186960220337
A,A_0087,STEP1,harsanyi,ABCD,-0.17076045274734497
A,A_0087,STEP1,LOO,A,-0.07360926270484924
A,A_0087,STEP1,LOO,B,0.1362522542476654
A,A_0087,STEP1,LOO,C,0.0
A,A_0087,STEP1,LOO,D,0.08720597624778748
A,A_0087,STEP2,harsanyi,A,0.0
A,A_0087,STEP2,harsanyi,B,0.0
A,A_0087,STEP2,harsanyi,C,0.0
A,A_0087,STEP2,harsanyi,D,0.0
A,A_0087,STEP2,harsanyi,AB,-0.1362522542476654
A,A_0087,STEP2,harsanyi,AC,-0.18906840682029724
A,A_0087,STEP2,harsanyi,AD,-0.04182964563369751
A,A_0087,STEP2,harsanyi,BC,-0.18906840682029724
A,A_0087,STEP2,harsanyi,BD,-0.1362522542476654
A,A_0087,STEP2,harsanyi,CD,-0.08720597624778748
A,A_0087,STEP2,harsanyi,ABC,0.208112895488739
A,A_0087,STEP2,harsanyi,ABD,0.17808189988136292
A,A_0087,STEP2,harsanyi,ACD,0.12903562188148499
A,A_0087,STEP2,harsanyi,BCD,0.1667986512184143
A,A_0087,STEP2,harsanyi,ABCD,-0.27308011054992676
A,A_0087,STEP2,LOO,A,-0.125
A,A_0087,STEP2,LOO,B,-0.18165957927703857
A,A_0087,STEP2,LOO,C,-0.2344757318496704
A,A_0087,STEP2,LOO,D,-0.06445181369781494
A,A_0087,FINAL,harsanyi,A,-0.06834042072296143
A,A_0087,FINAL,harsanyi,B,-0.1405242681503296
A,A_0087,FINAL,harsanyi,C,-0.1405242681503296
A,A_0087,FINAL,harsanyi,D,-0.1405242681503296
A,A_0087,FINAL,harsanyi,AB,0.1405242681503296
A,A_0087,FINAL,harsanyi,AC,0.06834042072296143
A,A_0087,FINAL,harsanyi,AD,0.06834042072296143
A,A_0087,FINAL,harsanyi,BC,0.1405242681503296
A,A_0087,FINAL,harsanyi,BD,0.21270811557769775
A,A_0087,FINAL,harsanyi,CD,0.21270811557769775
A,A_0087,FINAL,harsanyi,ABC,-0.1405242681503296
A,A_0087,FINAL,harsanyi,ABD,-0.2886618375778198
A,A_0087,FINAL,harsanyi,ACD,-0.1405242681503296
A,A_0087,FINAL,harsanyi,BCD,-0.360845685005188
A,A_0087,FINAL,harsanyi,ABCD,0.360845685005188
A,A_0087,FINAL,LOO,A,0.0
A,A_0087,FINAL,LOO,B,-0.07595372200012207
A,A_0087,FINAL,LOO,C,0.0
A,A_0087,FINAL,LOO,D,-0.07595372200012207
A,A_0088,STEP1,harsanyi,A,0.19334042072296143
A,A_0088,STEP1,harsanyi,B,-0.07218384742736816
A,A_0088,STEP1,harsanyi,C,-0.4873223304748535
A,A_0088,STEP1,harsanyi,D,-0.14813756942749023
A,A_0088,STEP1,harsanyi,AB,-0.12115657329559326
A,A_0088,STEP1,harsanyi,AC,0.3623223304748535
A,A_0088,STEP1,harsanyi,AD,-0.04520285129547119
A,A_0088,STEP1,harsanyi,BC,0.41136860847473145
A,A_0088,STEP1,harsanyi,BD,0.07218384742736816
A,A_0088,STEP1,harsanyi,CD,0.05524921417236328
A,A_0088,STEP1,harsanyi,ABC,-0.3585524559020996
A,A_0088,STEP1,harsanyi,ABD,0.0489727258682251
A,A_0088,STEP1,harsanyi,ACD,-0.0024330615997314453
A,A_0088,STEP1,harsanyi,BCD,0.09665822982788086
A,A_0088,STEP1,harsanyi,ABCD,-0.07729053497314453
A,A_0088,STEP1,LOO,A,0.0
A,A_0088,STEP1,LOO,B,0.0
A,A_0088,STEP1,LOO,C,0.0
A,A_0088,STEP1,LOO,D,0.0
A,A_0088,STEP2,harsanyi,A,0.0
A,A_0088,STEP2,harsanyi,B,0.08317029476165771
A,A_0088,STEP2,harsanyi,C,-0.5645424127578735
A,A_0088,STEP2,harsanyi,D,0.0
A,A_0088,STEP2,harsanyi,AB,0.22776126861572266
A,A_0088,STEP2,harsanyi,AC,0.5645424127578735
A,A_0088,STEP2,harsanyi,AD,0.08317029476165771
A,A_0088,STEP2,harsanyi,BC,0.4813721179962158
A,A_0088,STEP2,harsanyi,BD,-0.08317029476165771
A,A_0088,STEP2,harsanyi,CD,0.19948434829711914
A,A_0088,STEP2,harsanyi,ABC,-0.629509687423706
A,A_0088,STEP2,harsanyi,ABD,-0.07218384742736816
A,A_0088,STEP2,harsanyi,ACD,-0.28265464305877686
A,A_0088,STEP2,harsanyi,BCD,-0.03314375877380371
A,A_0088,STEP2,harsanyi,ABCD,0.10887420177459717
A,A_0088,STEP2,LOO,A,0.0
A,A_0088,STEP2,LOO,B,0.08317029476165771
A,A_0088,STEP2,LOO,C,-0.1555774211883545
A,A_0088,STEP2,LOO,D,-0.07962369918823242
A,A_0088,FINAL,harsanyi,A,-0.06834042072296143
A,A_0088,FINAL,harsanyi,B,-0.21647799015045166
A,A_0088,FINAL,harsanyi,C,-0.2961016893386841
A,A_0088,FINAL,harsanyi,D,-0.1405242681503296
A,A_0088,FINAL,harsanyi,AB,0.2848184108734131
A,A_0088,FINAL,harsanyi,AC,0.22391784191131592
A,A_0088,FINAL,harsanyi,AD,0.06834042072296143
A,A_0088,FINAL,harsanyi,BC,0.4442392587661743
A,A_0088,FINAL,harsanyi,BD,0.21647799015045166
A,A_0088,FINAL,harsanyi,CD,0.2961016893386841
A,A_0088,FINAL,harsanyi,ABC,-0.4403958320617676
A,A_0088,FINAL,harsanyi,ABD,-0.2848184108734131
A,A_0088,FINAL,harsanyi,ACD,-0.299871563911438
A,A_0088,FINAL,harsanyi,BCD,-0.4442392587661743
A,A_0088,FINAL,harsanyi,ABCD,0.4403958320617676
A,A_0088,FINAL,LOO,A,-0.07595372200012207
A,A_0088,FINAL,LOO,B,0.0
A,A_0088,FINAL,LOO,C,-0.07595372200012207
A,A_0088,FINAL,LOO,D,-0.14813756942749023
A,A_0089,STEP1,harsanyi,A,0.10186243057250977
A,A_0089,STEP1,harsanyi,B,0.052816152572631836
A,A_0089,STEP1,harsanyi,C,0.10186243057250977
A,A_0089,STEP1,harsanyi,D,0.10186243057250977
A,A_0089,STEP1,harsanyi,AB,-0.00743982195854187
A,A_0089,STEP1,harsanyi,AC,-0.01465645432472229
A,A_0089,STEP1,harsanyi,AD,-0.0564860999584198
A,A_0089,STEP1,harsanyi,BC,-0.00743982195854187
A,A_0089,STEP1,harsanyi,BD,-0.052816152572631836
A,A_0089,STEP1,harsanyi,CD,-0.2603844404220581
A,A_0089,STEP1,harsanyi,ABC,-0.037936508655548096
A,A_0089,STEP1,harsanyi,ABD,0.00743982195854187
A,A_0089,STEP1,harsanyi,ACD,0.25343453884124756
A,A_0089,STEP1,harsanyi,BCD,0.1659618318080902
A,A_0089,STEP1,harsanyi,ABCD,-0.15901193022727966
A,A_0089,STEP1,LOO,A,0.08720597624778748
A,A_0089,STEP1,LOO,B,-0.03842642903327942
A,A_0089,STEP1,LOO,C,0.04182964563369751
A,A_0089,STEP1,LOO,D,0.0
A,A_0089,STEP2,harsanyi,A,0.0
A,A_0089,STEP2,harsanyi,B,0.08317029476165771
A,A_0089,STEP2,harsanyi,C,0.0
A,A_0089,STEP2,harsanyi,D,-0.08657348155975342
A,A_0089,STEP2,harsanyi,AB,0.22776126861572266
A,A_0089,STEP2,harsanyi,AC,0.31093156337738037
A,A_0089,STEP2,harsanyi,AD,0.08657348155975342
A,A_0089,STEP2,harsanyi,BC,0.22776126861572266
A,A_0089,STEP2,harsanyi,BD,0.08657348155975342
A,A_0089,STEP2,harsanyi,CD,0.24936747550964355
A,A_0089,STEP2,harsanyi,ABC,-0.40590059757232666
A,A_0089,STEP2,harsanyi,ABD,-0.15875732898712158
A,A_0089,STEP2,harsanyi,ACD,-0.24936747550964355
A,A_0089,STEP2,harsanyi,BCD,-0.24936747550964355
A,A_0089,STEP2,harsanyi,ABCD,0.3215513229370117
A,A_0089,STEP2,LOO,A,0.13279223442077637
A,A_0089,STEP2,LOO,B,0.13279223442077637
A,A_0089,STEP2,LOO,C,0.20497608184814453
A,A_0089,STEP2,LOO,D,0.0
A,A_0089,FINAL,harsanyi,A,0.10947573184967041
A,A_0089,FINAL,harsanyi,B,0.15852200984954834
A,A_0089,FINAL,harsanyi,C,0.10947573184967041
A,A_0089,FINAL,harsanyi,D,0.10947573184967041
A,A_0089,FINAL,harsanyi,AB,-0.21133816242218018
A,A_0089,FINAL,harsanyi,AC,-0.10947573184967041
A,A_0089,FINAL,harsanyi,AD,-0.10947573184967041
A,A_0089,FINAL,harsanyi,BC,-0.15852200984954834
A,A_0089,FINAL,harsanyi,BD,-0.15852200984954834
A,A_0089,FINAL,harsanyi,CD,-0.16229188442230225
A,A_0089,FINAL,harsanyi,ABC,0.21133816242218018
A,A_0089,FINAL,harsanyi,ABD,0.21133816242218018
A,A_0089,FINAL,harsanyi,ACD,0.21133816242218018
A,A_0089,FINAL,harsanyi,BCD,0.21133816242218018
A,A_0089,FINAL,harsanyi,ABCD,-0.264154314994812
A,A_0089,FINAL,LOO,A,0.04904627799987793
A,A_0089,FINAL,LOO,B,0.0
A,A_0089,FINAL,LOO,C,0.04904627799987793
A,A_0089,FINAL,LOO,D,0.04904627799987793
A,A_0090,STEP1,harsanyi,A,0.10186243057250977
A,A_0090,STEP1,harsanyi,B,0.052816152572631836
A,A_0090,STEP1,harsanyi,C,0.2626776695251465
A,A_0090,STEP1,harsanyi,D,0.10186243057250977
A,A_0090,STEP1,harsanyi,AB,-0.00743982195854187
A,A_0090,STEP1,harsanyi,AC,-0.2626776695251465
A,A_0090,STEP1,harsanyi,AD,-0.0564860999584198
A,A_0090,STEP1,harsanyi,BC,-0.21363139152526855
A,A_0090,STEP1,harsanyi,BD,-0.052816152572631836
A,A_0090,STEP1,harsanyi,CD,-0.10186243057250977
A,A_0090,STEP1,harsanyi,ABC,0.25546103715896606
A,A_0090,STEP1,harsanyi,ABD,0.00743982195854187
A,A_0090,STEP1,harsanyi,ACD,0.10186243057250977
A,A_0090,STEP1,harsanyi,BCD,0.0037698745727539062
A,A_0090,STEP1,harsanyi,ABCD,-0.0037698745727539062
A,A_0090,STEP1,LOO,A,0.1362522542476654
A,A_0090,STEP1,LOO,B,0.04182964563369751
A,A_0090,STEP1,LOO,C,0.04182964563369751
A,A_0090,STEP1,LOO,D,0.0
A,A_0090,STEP2,harsanyi,A,0.0
A,A_0090,STEP2,harsanyi,B,-0.04182964563369751
A,A_0090,STEP2,harsanyi,C,0.18545767664909363
A,A_0090,STEP2,harsanyi,D,0.03842642903327942
A,A_0090,STEP2,harsanyi,AB,-0.14723876118659973
A,A_0090,STEP2,harsanyi,AC,-0.18545767664909363
A,A_0090,STEP2,harsanyi,AD,-0.03842642903327942
A,A_0090,STEP2,harsanyi,BC,-0.14362803101539612
A,A_0090,STEP2,harsanyi,BD,-0.03842642903327942
A,A_0090,STEP2,harsanyi,CD,-0.08894214034080505
A,A_0090,STEP2,harsanyi,ABC,0.24549046158790588
A,A_0090,STEP2,harsanyi,ABD,0.09124258160591125
A,A_0090,STEP2,harsanyi,ACD,0.08894214034080505
A,A_0090,STEP2,harsanyi,BCD,0.0017361640930175781
A,A_0090,STEP2,harsanyi,ABCD,0.07108008861541748
A,A_0090,STEP2,LOO,A,0.1256324052810669
A,A_0090,STEP2,LOO,B,0.03842642903327942
A,A_0090,STEP2,LOO,C,0.17467868328094482
A,A_0090,STEP2,LOO,D,0.1256324052810669
A,A_0090,FINAL,harsanyi,A,-0.1405242681503296
A,A_0090,FINAL,harsanyi,B,-0.21647799015045166
A,A_0090,FINAL,harsanyi,C,-0.2961016893386841
A,A_0090,FINAL,harsanyi,D,-0.1405242681503296
A,A_0090,FINAL,harsanyi,AB,0.2886618375778198
A,A_0090,FINAL,harsanyi,AC,0.36828553676605225
A,A_0090,FINAL,harsanyi,AD,0.1405242681503296
A,A_0090,FINAL,harsanyi,BC,0.4442392587661743
A,A_0090,FINAL,harsanyi,BD,0.21647799015045166
A,A_0090,FINAL,harsanyi,CD,0.220147967338562
A,A_0090,FINAL,harsanyi,ABC,-0.5164231061935425
A,A_0090,FINAL,harsanyi,ABD,-0.2886618375778198
A,A_0090,FINAL,harsanyi,ACD,-0.36828553676605225
A,A_0090,FINAL,harsanyi,BCD,-0.36828553676605225
A,A_0090,FINAL,harsanyi,ABCD,0.4404693841934204
A,A_0090,FINAL,LOO,A,-0.07595372200012207
A,A_0090,FINAL,LOO,B,0.0
A,A_0090,FINAL,LOO,C,-0.07595372200012207
A,A_0090,FINAL,LOO,D,-0.14813756942749023
A,A_0091,STEP1,harsanyi,A,-0.18165957927703857
A,A_0091,STEP1,harsanyi,B,0.052816152572631836
A,A_0091,STEP1,harsanyi,C,0.10186243057250977
A,A_0091,STEP1,harsanyi,D,0.10186243057250977
A,A_0091,STEP1,harsanyi,AB,0.12884342670440674
A,A_0091,STEP1,harsanyi,AC,0.023137569427490234
A,A_0091,STEP1,harsanyi,AD,0.07979714870452881
A,A_0091,STEP1,harsanyi,BC,0.03438982367515564
A,A_0091,STEP1,harsanyi,BD,0.03438982367515564
A,A_0091,STEP1,harsanyi,CD,-0.2603844404220581
A,A_0091,STEP1,harsanyi,ABC,-0.057527393102645874
A,A_0091,STEP1,harsanyi,ABD,-0.026980996131896973
A,A_0091,STEP1,harsanyi,ACD,0.18820059299468994
A,A_0091,STEP1,harsanyi,BCD,0.16255861520767212
A,A_0091,STEP1,harsanyi,ABCD,-0.19223719835281372
A,A_0091,STEP1,LOO,A,-0.03842642903327942
A,A_0091,STEP1,LOO,B,0.1362522542476654
A,A_0091,STEP1,LOO,C,0.0
A,A_0091,STEP1,LOO,D,0.08720597624778748
A,A_0091,STEP2,harsanyi,A,0.0
A,A_0091,STEP2,harsanyi,B,0.0
A,A_0091,STEP2,harsanyi,C,0.0
A,A_0091,STEP2,harsanyi,D,-0.08657348155975342
A,A_0091,STEP2,harsanyi,AB,0.2387477159500122
A,A_0091,STEP2,harsanyi,AC,0.31093156337738037
A,A_0091,STEP2,harsanyi,AD,0.16974377632141113
A,A_0091,STEP2,harsanyi,BC,0.31093156337738037
A,A_0091,STEP2,harsanyi,BD,0.24936747550964355
A,A_0091,STEP2,harsanyi,CD,0.24936747550964355
A,A_0091,STEP2,harsanyi,ABC,-0.4168870449066162
A,A_0091,STEP2,harsanyi,ABD,-0.2603539228439331
A,A_0091,STEP2,harsanyi,ACD,-0.33253777027130127
A,A_0091,STEP2,harsanyi,BCD,-0.34382104873657227
A,A_0091,STEP2,harsanyi,ABCD,0.4153556823730469
A,A_0091,STEP2,LOO,A,0.125
A,A_0091,STEP2,LOO,B,0.19334042072296143
A,A_0091,STEP2,LOO,C,0.19334042072296143
A,A_0091,STEP2,LOO,D,0.06054818630218506
A,A_0091,FINAL,harsanyi,A,0.056659579277038574
A,A_0091,FINAL,harsanyi,B,0.10947573184967041
A,A_0091,FINAL,harsanyi,C,0.10947573184967041
A,A_0091,FINAL,harsanyi,D,0.10947573184967041
A,A_0091,FINAL,harsanyi,AB,-0.10947573184967041
A,A_0091,FINAL,harsanyi,AC,-0.056659579277038574
A,A_0091,FINAL,harsanyi,AD,-0.056659579277038574
A,A_0091,FINAL,harsanyi,BC,-0.10947573184967041
A,A_0091,FINAL,harsanyi,BD,-0.10947573184967041
A,A_0091,FINAL,harsanyi,CD,-0.16229188442230225
A,A_0091,FINAL,harsanyi,ABC,0.10947573184967041
A,A_0091,FINAL,harsanyi,ABD,0.056659579277038574
A,A_0091,FINAL,harsanyi,ACD,0.10947573184967041
A,A_0091,FINAL,harsanyi,BCD,0.21133816242218018
A,A_0091,FINAL,harsanyi,ABCD,-0.10947573184967041
A,A_0091,FINAL,LOO,A,0.0
A,A_0091,FINAL,LOO,B,0.04904627799987793
A,A_0091,FINAL,LOO,C,0.10186243057250977
A,A_0091,FINAL,LOO,D,0.04904627799987793
A,A_0092,STEP1,harsanyi,A,-0.18165957927703857
A,A_0092,STEP1,harsanyi,B,0.052816152572631836
A,A_0092,STEP1,harsanyi,C,0.2626776695251465
A,A_0092,STEP1,harsanyi,D,0.10186243057250977
A,A_0092,STEP1,harsanyi,AB,0.12884342670440674
A,A_0092,STEP1,harsanyi,AC,-0.13767766952514648
A,A_0092,STEP1,harsanyi,AD,0.07979714870452881
A,A_0092,STEP1,harsanyi,BC,-0.21363139152526855
A,A_0092,STEP1,harsanyi,BD,0.03438982367515564
A,A_0092,STEP1,harsanyi,CD,-0.10186243057250977
A,A_0092,STEP1,harsanyi,ABC,0.19049382209777832
A,A_0092,STEP1,harsanyi,ABD,-0.026980996131896973
A,A_0092,STEP1,harsanyi,ACD,0.07872486114501953
A,A_0092,STEP1,harsanyi,BCD,0.052816152572631836
A,A_0092,STEP1,harsanyi,ABCD,-0.17337065935134888
A,A_0092,STEP1,LOO,A,-0.04182964563369751
A,A_0092,STEP1,LOO,B,0.045376330614089966
A,A_0092,STEP1,LOO,C,-0.04182964563369751
A,A_0092,STEP1,LOO,D,0.045376330614089966
A,A_0092,STEP2,harsanyi,A,0.0
A,A_0092,STEP2,harsanyi,B,0.0
A,A_0092,STEP2,harsanyi,C,0.18545767664909363
A,A_0092,STEP2,harsanyi,D,0.03842642903327942
A,A_0092,STEP2,harsanyi,AB,-0.1362522542476654
A,A_0092,STEP2,harsanyi,AC,-0.18545767664909363
A,A_0092,STEP2,harsanyi,AD,-0.08025607466697693
A,A_0092,STEP2,harsanyi,BC,-0.18545767664909363
A,A_0092,STEP2,harsanyi,BD,-0.1256324052810669
A,A_0092,STEP2,harsanyi,CD,-0.08894214034080505
A,A_0092,STEP2,harsanyi,ABC,0.23450395464897156
A,A_0092,STEP2,harsanyi,ABD,0.11464589834213257
A,A_0092,STEP2,harsanyi,ACD,0.13077178597450256
A,A_0092,STEP2,harsanyi,BCD,0.08894214034080505
A,A_0092,STEP2,harsanyi,ABCD,0.009250342845916748
A,A_0092,STEP2,LOO,A,0.08720597624778748
A,A_0092,STEP2,LOO,B,0.0
A,A_0092,STEP2,LOO,C,0.18906840682029724
A,A_0092,STEP2,LOO,D,0.08720597624778748
A,A_0092,FINAL,harsanyi,A,-0.06834042072296143
A,A_0092,FINAL,harsanyi,B,-0.1405242681503296
A,A_0092,FINAL,harsanyi,C,-0.2961016893386841
A,A_0092,FINAL,harsanyi,D,-0.1405242681503296
A,A_0092,FINAL,harsanyi,AB,0.1405242681503296
A,A_0092,FINAL,harsanyi,AC,0.22391784191131592
A,A_0092,FINAL,harsanyi,AD,0.06834042072296143
A,A_0092,FINAL,harsanyi,BC,0.36828553676605225
A,A_0092,FINAL,harsanyi,BD,0.1405242681503296
A,A_0092,FINAL,harsanyi,CD,0.220147967338562
A,A_0092,FINAL,harsanyi,ABC,-0.36828553676605225
A,A_0092,FINAL,harsanyi,ABD,-0.06834042072296143
A,A_0092,FINAL,harsanyi,ACD,-0.22391784191131592
A,A_0092,FINAL,harsanyi,BCD,-0.36828553676605225
A,A_0092,FINAL,harsanyi,ABCD,0.2961016893386841
A,A_0092,FINAL,LOO,A,0.0
A,A_0092,FINAL,LOO,B,0.0
A,A_0092,FINAL,LOO,C,-0.14813756942749023
A,A_0092,FINAL,LOO,D,-0.07595372200012207
A,A_0093,STEP1,harsanyi,A,-0.14813756942749023
A,A_0093,STEP1,harsanyi,B,-0.07218384742736816
A,A_0093,STEP1,harsanyi,C,-0.4873223304748535
A,A_0093,STEP1,harsanyi,D,-0.14813756942749023
A,A_0093,STEP1,harsanyi,AB,0.07218384742736816
A,A_0093,STEP1,harsanyi,AC,0.4873223304748535
A,A_0093,STEP1,harsanyi,AD,-0.014656424522399902
A,A_0093,STEP1,harsanyi,BC,0.41136860847473145
A,A_0093,STEP1,harsanyi,BD,-0.09061014652252197
A,A_0093,STEP1,harsanyi,CD,0.05524921417236328
A,A_0093,STEP1,harsanyi,ABC,-0.5741626024246216
A,A_0093,STEP1,harsanyi,ABD,-0.08578062057495117
A,A_0093,STEP1,harsanyi,ACD,-0.05524921417236328
A,A_0093,STEP1,harsanyi,BCD,0.02070450782775879
A,A_0093,STEP1,harsanyi,ABCD,0.23190677165985107
A,A_0093,STEP1,LOO,A,-0.08657348155975342
A,A_0093,STEP1,LOO,B,-0.08657348155975342
A,A_0093,STEP1,LOO,C,0.08981728553771973
A,A_0093,STEP1,LOO,D,-0.08657348155975342
A,A_0093,STEP2,harsanyi,A,0.0
A,A_0093,STEP2,harsanyi,B,0.0
A,A_0093,STEP2,harsanyi,C,-0.5645424127578735
A,A_0093,STEP2,harsanyi,D,0.0
A,A_0093,STEP2,harsanyi,AB,0.31093156337738037
A,A_0093,STEP2,harsanyi,AC,0.5645424127578735
A,A_0093,STEP2,harsanyi,AD,0.0
A,A_0093,STEP2,harsanyi,BC,0.5645424127578735
A,A_0093,STEP2,harsanyi,BD,0.2387477159500122
A,A_0093,STEP2,harsanyi,CD,0.19948434829711914
A,A_0093,STEP2,harsanyi,ABC,-0.7126799821853638
A,A_0093,STEP2,harsanyi,ABD,-0.31093156337738037
A,A_0093,STEP2,harsanyi,ACD,-0.19948434829711914
A,A_0093,STEP2,harsanyi,BCD,-0.2754380702972412
A,A_0093,STEP2,harsanyi,ABCD,0.1848278045654297
A,A_0093,STEP2,LOO,A,-0.1627941131591797
A,A_0093,STEP2,LOO,B,-1.1920928955078125e-07
A,A_0093,STEP2,LOO,C,-0.23874783515930176
A,A_0093,STEP2,LOO,D,-0.1627941131591797
A,A_0093,FINAL,harsanyi,A,-0.1405242681503296
A,A_0093,FINAL,harsanyi,B,-0.1405242681503296
A,A_0093,FINAL,harsanyi,C,-0.2961016893386841
A,A_0093,FINAL,harsanyi,D,-0.1405242681503296
A,A_0093,FINAL,harsanyi,AB,0.21270811557769775
A,A_0093,FINAL,harsanyi,AC,0.36828553676605225
A,A_0093,FINAL,harsanyi,AD,0.1405242681503296
A,A_0093,FINAL,harsanyi,BC,0.36828553676605225
A,A_0093,FINAL,harsanyi,BD,0.21270811557769775
A,A_0093,FINAL,harsanyi,CD,0.2961016893386841
A,A_0093,FINAL,harsanyi,ABC,-0.5126532316207886
A,A_0093,FINAL,harsanyi,ABD,-0.2848919630050659
A,A_0093,FINAL,harsanyi,ACD,-0.4442392587661743
A,A_0093,FINAL,harsanyi,BCD,-0.4404693841934204
A,A_0093,FINAL,harsanyi,ABCD,0.5052134990692139
A,A_0093,FINAL,LOO,A,-0.15557730197906494
A,A_0093,FINAL,LOO,B,-0.07962357997894287
A,A_0093,FINAL,LOO,C,-0.15557730197906494
A,A_0093,FINAL,LOO,D,-0.15557730197906494
A,A_0094,STEP1,harsanyi,A,0.19334042072296143
A,A_0094,STEP1,harsanyi,B,-0.07218384742736816
A,A_0094,STEP1,harsanyi,C,-0.4873223304748535
A,A_0094,STEP1,harsanyi,D,-0.14813756942749023
A,A_0094,STEP1,harsanyi,AB,-0.12115657329559326
A,A_0094,STEP1,harsanyi,AC,0.3623223304748535
A,A_0094,STEP1,harsanyi,AD,-0.04520285129547119
A,A_0094,STEP1,harsanyi,BC,0.41136860847473145
A,A_0094,STEP1,harsanyi,BD,0.07218384742736816
A,A_0094,STEP1,harsanyi,CD,0.14813756942749023
A,A_0094,STEP1,harsanyi,ABC,-0.3585524559020996
A,A_0094,STEP1,harsanyi,ABD,0.0489727258682251
A,A_0094,STEP1,harsanyi,ACD,-0.17127513885498047
A,A_0094,STEP1,harsanyi,BCD,0.0037698745727539062
A,A_0094,STEP1,harsanyi,ABCD,0.09155154228210449
A,A_0094,STEP1,LOO,A,0.0
A,A_0094,STEP1,LOO,B,0.07595372200012207
A,A_0094,STEP1,LOO,C,0.0
A,A_0094,STEP1,LOO,D,0.0
A,A_0094,STEP2,harsanyi,A,0.0
A,A_0094,STEP2,harsanyi,B,-0.04182964563369751
A,A_0094,STEP2,harsanyi,C,0.18545767664909363
A,A_0094,STEP2,harsanyi,D,0.03842642903327942
A,A_0094,STEP2,harsanyi,AB,-0.14723876118659973
A,A_0094,STEP2,harsanyi,AC,-0.18545767664909363
A,A_0094,STEP2,harsanyi,AD,-0.08025607466697693
A,A_0094,STEP2,harsanyi,BC,-0.14362803101539612
A,A_0094,STEP2,harsanyi,BD,-0.03842642903327942
A,A_0094,STEP2,harsanyi,CD,-0.08894214034080505
A,A_0094,STEP2,harsanyi,ABC,0.24549046158790588
A,A_0094,STEP2,harsanyi,ABD,0.13307222723960876
A,A_0094,STEP2,harsanyi,ACD,0.13077178597450256
A,A_0094,STEP2,harsanyi,BCD,0.0017361640930175781
A,A_0094,STEP2,harsanyi,ABCD,-0.05100563168525696
A,A_0094,STEP2,LOO,A,0.045376330614089966
A,A_0094,STEP2,LOO,B,-0.04182964563369751
A,A_0094,STEP2,LOO,C,0.0944226086139679
A,A_0094,STEP2,LOO,D,0.045376330614089966
A,A_0094,FINAL,harsanyi,A,0.056659579277038574
A,A_0094,FINAL,harsanyi,B,0.15852200984954834
A,A_0094,FINAL,harsanyi,C,0.2038983404636383
A,A_0094,FINAL,harsanyi,D,0.10947573184967041
A,A_0094,FINAL,harsanyi,AB,-0.21518158912658691
A,A_0094,FINAL,harsanyi,AC,-0.15108218789100647
A,A_0094,FINAL,harsanyi,AD,-0.056659579277038574
A,A_0094,FINAL,harsanyi,BC,-0.30576077103614807
A,A_0094,FINAL,harsanyi,BD,-0.15852200984954834
A,A_0094,FINAL,harsanyi,CD,-0.15485206246376038
A,A_0094,FINAL,harsanyi,ABC,0.3096041977405548
A,A_0094,FINAL,harsanyi,ABD,0.21518158912658691
A,A_0094,FINAL,harsanyi,ACD,0.15108218789100647
A,A_0094,FINAL,harsanyi,BCD,0.25671449303627014
A,A_0094,FINAL,harsanyi,ABCD,-0.3096041977405548
A,A_0094,FINAL,LOO,A,0.0
A,A_0094,FINAL,LOO,B,-0.04904627799987793
A,A_0094,FINAL,LOO,C,0.0
A,A_0094,FINAL,LOO,D,0.052816152572631836
A,A_0095,STEP1,harsanyi,A,-0.18165957927703857
A,A_0095,STEP1,harsanyi,B,0.052816152572631836
A,A_0095,STEP1,harsanyi,C,0.2626776695251465
A,A_0095,STEP1,harsanyi,D,0.10186243057250977
A,A_0095,STEP1,harsanyi,AB,0.12884342670440674
A,A_0095,STEP1,harsanyi,AC,-0.13767766952514648
A,A_0095,STEP1,harsanyi,AD,0.07979714870452881
A,A_0095,STEP1,harsanyi,BC,-0.21363139152526855
A,A_0095,STEP1,harsanyi,BD,0.03438982367515564
A,A_0095,STEP1,harsanyi,CD,-0.06975078582763672
A,A_0095,STEP1,harsanyi,ABC,0.19049382209777832
A,A_0095,STEP1,harsanyi,ABD,-0.026980996131896973
A,A_0095,STEP1,harsanyi,ACD,-0.0024330615997314453
A,A_0095,STEP1,harsanyi,BCD,0.02070450782775879
A,A_0095,STEP1,harsanyi,ABCD,-0.0922127366065979
A,A_0095,STEP1,LOO,A,-0.04182964563369751
A,A_0095,STEP1,LOO,B,0.0944226086139679
A,A_0095,STEP1,LOO,C,-0.04182964563369751
A,A_0095,STEP1,LOO,D,0.045376330614089966
A,A_0095,STEP2,harsanyi,A,0.0
A,A_0095,STEP2,harsanyi,B,0.0
A,A_0095,STEP2,harsanyi,C,-0.5645424127578735
A,A_0095,STEP2,harsanyi,D,0.0
A,A_0095,STEP2,harsanyi,AB,0.2387477159500122
A,A_0095,STEP2,harsanyi,AC,0.5645424127578735
A,A_0095,STEP2,harsanyi,AD,0.08317029476165771
A,A_0095,STEP2,harsanyi,BC,0.5645424127578735
A,A_0095,STEP2,harsanyi,BD,0.2387477159500122
A,A_0095,STEP2,harsanyi,CD,0.19948434829711914
A,A_0095,STEP2,harsanyi,ABC,-0.6404961347579956
A,A_0095,STEP2,harsanyi,ABD,-0.3219180107116699
A,A_0095,STEP2,harsanyi,ACD,-0.28265464305877686
A,A_0095,STEP2,harsanyi,BCD,-0.2754380702972412
A,A_0095,STEP2,harsanyi,ABCD,0.27898478507995605
A,A_0095,STEP2,LOO,A,-0.07962357997894287
A,A_0095,STEP2,LOO,B,0.08317041397094727
A,A_0095,STEP2,LOO,C,-0.15557730197906494
A,A_0095,STEP2,LOO,D,-0.07962357997894287
A,A_0095,FINAL,harsanyi,A,0.056659579277038574
A,A_0095,FINAL,harsanyi,B,0.10947573184967041
A,A_0095,FINAL,harsanyi,C,0.2038983404636383
A,A_0095,FINAL,harsanyi,D,0.10947573184967041
A,A_0095,FINAL,harsanyi,AB,-0.10947573184967041
A,A_0095,FINAL,harsanyi,AC,-0.15108218789100647
A,A_0095,FINAL,harsanyi,AD,-0.056659579277038574
A,A_0095,FINAL,harsanyi,BC,-0.25671449303627014
A,A_0095,FINAL,harsanyi,BD,-0.16229188442230225
A,A_0095,FINAL,harsanyi,CD,-0.2038983404636383
A,A_0095,FINAL,harsanyi,ABC,0.25671449303627014
A,A_0095,FINAL,harsanyi,ABD,0.21133816242218018
A,A_0095,FINAL,harsanyi,ACD,0.2001284658908844
A,A_0095,FINAL,harsanyi,BCD,0.309530645608902
A,A_0095,FINAL,harsanyi,ABCD,-0.3585769236087799
A,A_0095,FINAL,LOO,A,0.04904627799987793
A,A_0095,FINAL,LOO,B,0.0
A,A_0095,FINAL,LOO,C,0.0
A,A_0095,FINAL,LOO,D,0.04904627799987793
A,A_0096,STEP1,harsanyi,A,0.17002391815185547
A,A_0096,STEP1,harsanyi,B,0.41199707984924316
A,A_0096,STEP1,harsanyi,C,-0.06445181369781494
A,A_0096,STEP1,harsanyi,D,0.11720776557922363
A,A_0096,STEP1,harsanyi,AB,-0.41199707984924316
A,A_0096,STEP1,harsanyi,AC,-0.04502391815185547
A,A_0096,STEP1,harsanyi,AD,-0.17002391815185547
A,A_0096,STEP1,harsanyi,BC,0.14418858289718628
A,A_0096,STEP1,harsanyi,BD,-0.08798670768737793
A,A_0096,STEP1,harsanyi,CD,-0.05275595188140869
A,A_0096,STEP1,harsanyi,ABC,0.01433342695236206
A,A_0096,STEP1,harsanyi,ABD,0.08798670768737793
A,A_0096,STEP1,harsanyi,ACD,0.1622316837310791
A,A_0096,STEP1,harsanyi,BCD,-0.0004643946886062622
A,A_0096,STEP1,harsanyi,ABCD,-0.05619518458843231
A,A_0096,STEP1,LOO,A,-0.24866436421871185
A,A_0096,STEP1,LOO,B,0.10186243057250977
A,A_0096,STEP1,LOO,C,0.10186243057250977
A,A_0096,STEP1,LOO,D,0.0
A,A_0096,STEP2,harsanyi,A,0.08657360076904297
A,A_0096,STEP2,harsanyi,B,0.2493675947189331
A,A_0096,STEP2,harsanyi,C,0.39750516414642334
A,A_0096,STEP2,harsanyi,D,0.2493675947189331
A,A_0096,STEP2,harsanyi,AB,0.061563968658447266
A,A_0096,STEP2,harsanyi,AC,-0.6667842864990234
A,A_0096,STEP2,harsanyi,AD,-0.1661972999572754
A,A_0096,STEP2,harsanyi,BC,-0.32155144214630127
A,A_0096,STEP2,harsanyi,BD,-0.2493675947189331
A,A_0096,STEP2,harsanyi,CD,-0.2493675947189331
A,A_0096,STEP2,harsanyi,ABC,0.3630692958831787
A,A_0096,STEP2,harsanyi,ABD,0.018059730529785156
A,A_0096,STEP2,harsanyi,ACD,0.3489028215408325
A,A_0096,STEP2,harsanyi,BCD,0.2493675947189331
A,A_0096,STEP2,harsanyi,ABCD,-0.20076525211334229
A,A_0096,STEP2,LOO,A,-0.1555774211883545
A,A_0096,STEP2,LOO,B,0.16974389553070068
A,A_0096,STEP2,LOO,C,-0.07962369918823242
A,A_0096,STEP2,LOO,D,0.0
A,A_0096,FINAL,harsanyi,A,0.10947573184967041
A,A_0096,FINAL,harsanyi,B,0.15852200984954834
A,A_0096,FINAL,harsanyi,C,0.0
A,A_0096,FINAL,harsanyi,D,0.056659579277038574
A,A_0096,FINAL,harsanyi,AB,-0.26799774169921875
A,A_0096,FINAL,harsanyi,AC,-0.10947573184967041
A,A_0096,FINAL,harsanyi,AD,-0.10947573184967041
A,A_0096,FINAL,harsanyi,BC,-0.15852200984954834
A,A_0096,FINAL,harsanyi,BD,-0.1057058572769165
A,A_0096,FINAL,harsanyi,CD,0.0
A,A_0096,FINAL,harsanyi,ABC,0.26799774169921875
A,A_0096,FINAL,harsanyi,ABD,0.15852200984954834
A,A_0096,FINAL,harsanyi,ACD,0.10947573184967041
A,A_0096,FINAL,harsanyi,BCD,0.15852200984954834
A,A_0096,FINAL,harsanyi,ABCD,-0.21133816242218018
A,A_0096,FINAL,LOO,A,-0.052816152572631836
A,A_0096,FINAL,LOO,B,0.0
A,A_0096,FINAL,LOO,C,0.056659579277038574
A,A_0096,FINAL,LOO,D,0.056659579277038574
A,A_0097,STEP1,harsanyi,A,-0.2809298038482666
A,A_0097,STEP1,harsanyi,B,-0.7130029201507568
A,A_0097,STEP1,harsanyi,C,0.06054818630218506
A,A_0097,STEP1,harsanyi,D,-0.20497608184814453
A,A_0097,STEP1,harsanyi,AB,0.7889566421508789
A,A_0097,STEP1,harsanyi,AC,-0.22334229946136475
A,A_0097,STEP1,harsanyi,AD,0.35311365127563477
A,A_0097,STEP1,harsanyi,BC,-0.3558114767074585
A,A_0097,STEP1,harsanyi,BD,0.20497608184814453
A,A_0097,STEP1,harsanyi,CD,0.20497608184814453
A,A_0097,STEP1,harsanyi,ABC,0.193284273147583
A,A_0097,STEP1,harsanyi,ABD,-0.42906737327575684
A,A_0097,STEP1,harsanyi,ACD,-0.43968701362609863
A,A_0097,STEP1,harsanyi,BCD,-0.20497608184814453
A,A_0097,STEP1,harsanyi,ABCD,0.6022143363952637
A,A_0097,STEP1,LOO,A,0.5645424127578735
A,A_0097,STEP1,LOO,B,0.08657348155975342
A,A_0097,STEP1,LOO,C,-0.16279399394989014
A,A_0097,STEP1,LOO,D,0.08657360076904297
A,A_0097,STEP2,harsanyi,A,0.08657360076904297
A,A_0097,STEP2,harsanyi,B,0.2493675947189331
A,A_0097,STEP2,harsanyi,C,0.3253213167190552
A,A_0097,STEP2,harsanyi,D,0.16974389553070068
A,A_0097,STEP2,harsanyi,AB,0.19435620307922363
A,A_0097,STEP2,harsanyi,AC,-0.16252732276916504
A,A_0097,STEP2,harsanyi,AD,-0.25631749629974365
A,A_0097,STEP2,harsanyi,BC,-0.2493675947189331
A,A_0097,STEP2,harsanyi,BD,-0.16974389553070068
A,A_0097,STEP2,harsanyi,CD,-0.16974389553070068
A,A_0097,STEP2,harsanyi,ABC,-0.0462186336517334
A,A_0097,STEP2,harsanyi,ABD,-0.02461230754852295
A,A_0097,STEP2,harsanyi,ACD,0.4044550657272339
A,A_0097,STEP2,harsanyi,BCD,0.24192774295806885
A,A_0097,STEP2,harsanyi,ABCD,-0.12736868858337402
A,A_0097,STEP2,LOO,A,0.06834042072296143
A,A_0097,STEP2,LOO,B,0.06834042072296143
A,A_0097,STEP2,LOO,C,0.21647799015045166
A,A_0097,STEP2,LOO,D,0.06834042072296143
A,A_0097,FINAL,harsanyi,A,-0.1405242681503296
A,A_0097,FINAL,harsanyi,B,-0.21647799015045166
A,A_0097,FINAL,harsanyi,C,0.0
A,A_0097,FINAL,harsanyi,D,-0.06834042072296143
A,A_0097,FINAL,harsanyi,AB,0.4214540719985962
A,A_0097,FINAL,harsanyi,AC,0.07218384742736816
A,A_0097,FINAL,harsanyi,AD,0.20886468887329102
A,A_0097,FINAL,harsanyi,BC,0.21647799015045166
A,A_0097,FINAL,harsanyi,BD,0.21647799015045166
A,A_0097,FINAL,harsanyi,CD,0.06834042072296143
A,A_0097,FINAL,harsanyi,ABC,-0.35311365127563477
A,A_0097,FINAL,harsanyi,ABD,-0.4214540719985962
A,A_0097,FINAL,harsanyi,ACD,-0.20886468887329102
A,A_0097,FINAL,harsanyi,BCD,-0.2848184108734131
A,A_0097,FINAL,harsanyi,ABCD,0.4214540719985962
A,A_0097,FINAL,LOO,A,0.0
A,A_0097,FINAL,LOO,B,0.0
A,A_0097,FINAL,LOO,C,-0.06834042072296143
A,A_0097,FINAL,LOO,D,-0.06834042072296143
A,A_0098,STEP1,harsanyi,A,-0.20497608184814453
A,A_0098,STEP1,harsanyi,B,-0.13279223442077637
A,A_0098,STEP1,harsanyi,C,0.06054818630218506
A,A_0098,STEP1,harsanyi,D,-0.13279223442077637
A,A_0098,STEP1,harsanyi,AB,0.20497608184814453
A,A_0098,STEP1,harsanyi,AC,0.07997608184814453
A,A_0098,STEP1,harsanyi,AD,0.20497608184814453
A,A_0098,STEP1,harsanyi,BC,0.007792234420776367
A,A_0098,STEP1,harsanyi,BD,0.0606083869934082
A,A_0098,STEP1,harsanyi,CD,0.07224404811859131
A,A_0098,STEP1,harsanyi,ABC,-0.07997608184814453
A,A_0098,STEP1,harsanyi,ABD,-0.13279223442077637
A,A_0098,STEP1,harsanyi,ACD,-0.2127683162689209
A,A_0098,STEP1,harsanyi,BCD,0.0643916130065918
A,A_0098,STEP1,harsanyi,ABCD,0.07613265514373779
A,A_0098,STEP1,LOO,A,-0.06445181369781494
A,A_0098,STEP1,LOO,B,0.06834042072296143
A,A_0098,STEP1,LOO,C,0.06834042072296143
A,A_0098,STEP1,LOO,D,0.0
A,A_0098,STEP2,harsanyi,A,0.08657360076904297
A,A_0098,STEP2,harsanyi,B,0.2493675947189331
A,A_0098,STEP2,harsanyi,C,0.39750516414642334
A,A_0098,STEP2,harsanyi,D,0.2493675947189331
A,A_0098,STEP2,harsanyi,AB,-0.010619878768920898
A,A_0098,STEP2,harsanyi,AC,-0.6667842864990234
A,A_0098,STEP2,harsanyi,AD,-0.1661972999572754
A,A_0098,STEP2,harsanyi,BC,-0.32155144214630127
A,A_0098,STEP2,harsanyi,BD,-0.17341387271881104
A,A_0098,STEP2,harsanyi,CD,-0.2493675947189331
A,A_0098,STEP2,harsanyi,ABC,0.35208284854888916
A,A_0098,STEP2,harsanyi,ABD,0.01428985595703125
A,A_0098,STEP2,harsanyi,ACD,0.3489028215408325
A,A_0098,STEP2,harsanyi,BCD,0.17341387271881104
A,A_0098,STEP2,harsanyi,ABCD,-0.19699537754058838
A,A_0098,STEP2,LOO,A,-0.2387477159500122
A,A_0098,STEP2,LOO,B,0.08657360076904297
A,A_0098,STEP2,LOO,C,-0.16279399394989014
A,A_0098,STEP2,LOO,D,0.0
A,A_0098,FINAL,harsanyi,A,-0.1405242681503296
A,A_0098,FINAL,harsanyi,B,-0.06834042072296143
A,A_0098,FINAL,harsanyi,C,0.0
A,A_0098,FINAL,harsanyi,D,-0.06834042072296143
A,A_0098,FINAL,harsanyi,AB,0.20886468887329102
A,A_0098,FINAL,harsanyi,AC,0.1405242681503296
A,A_0098,FINAL,harsanyi,AD,0.1405242681503296
A,A_0098,FINAL,harsanyi,BC,0.06834042072296143
A,A_0098,FINAL,harsanyi,BD,0.06834042072296143
A,A_0098,FINAL,harsanyi,CD,0.0
A,A_0098,FINAL,harsanyi,ABC,-0.20886468887329102
A,A_0098,FINAL,harsanyi,ABD,-0.1405242681503296
A,A_0098,FINAL,harsanyi,ACD,-0.1405242681503296
A,A_0098,FINAL,harsanyi,BCD,-0.06834042072296143
A,A_0098,FINAL,harsanyi,ABCD,0.1405242681503296
A,A_0098,FINAL,LOO,A,0.0
A,A_0098,FINAL,LOO,B,0.0
A,A_0098,FINAL,LOO,C,-0.06834042072296143
A,A_0098,FINAL,LOO,D,-0.06834042072296143
A,A_0099,STEP1,harsanyi,A,-0.20497608184814453
A,A_0099,STEP1,harsanyi,B,-0.13279223442077637
A,A_0099,STEP1,harsanyi,C,0.06054818630218506
A,A_0099,STEP1,harsanyi,D,-0.13279223442077637
A,A_0099,STEP1,harsanyi,AB,0.20497608184814453
A,A_0099,STEP1,harsanyi,AC,0.07997608184814453
A,A_0099,STEP1,harsanyi,AD,0.20497608184814453
A,A_0099,STEP1,harsanyi,BC,0.07224404811859131
A,A_0099,STEP1,harsanyi,BD,0.0606083869934082
A,A_0099,STEP1,harsanyi,CD,0.07224404811859131
A,A_0099,STEP1,harsanyi,ABC,-0.14442789554595947
A,A_0099,STEP1,harsanyi,ABD,-0.13279223442077637
A,A_0099,STEP1,harsanyi,ACD,-0.2127683162689209
A,A_0099,STEP1,harsanyi,BCD,-6.020069122314453e-05
A,A_0099,STEP1,harsanyi,ABCD,0.14058446884155273
A,A_0099,STEP1,LOO,A,-0.06445181369781494
A,A_0099,STEP1,LOO,B,0.06834042072296143
A,A_0099,STEP1,LOO,C,0.06834042072296143
A,A_0099,STEP1,LOO,D,0.0
A,A_0099,STEP2,harsanyi,A,-0.03842642903327942
A,A_0099,STEP2,harsanyi,B,-0.1256324052810669
A,A_0099,STEP2,harsanyi,C,-0.17467868328094482
A,A_0099,STEP2,harsanyi,D,-0.1256324052810669
A,A_0099,STEP2,harsanyi,AB,-0.01061984896659851
A,A_0099,STEP2,harsanyi,AC,0.2803995907306671
A,A_0099,STEP2,harsanyi,AD,0.08380275964736938
A,A_0099,STEP2,harsanyi,BC,0.07281625270843506
A,A_0099,STEP2,harsanyi,BD,0.07658612728118896
A,A_0099,STEP2,harsanyi,CD,0.016156673431396484
A,A_0099,STEP2,harsanyi,ABC,-0.0038584768772125244
A,A_0099,STEP2,harsanyi,ABD,0.014289796352386475
A,A_0099,STEP2,harsanyi,ACD,-0.041621506214141846
A,A_0099,STEP2,harsanyi,BCD,0.032889604568481445
A,A_0099,STEP2,harsanyi,ABCD,-0.09489747881889343
A,A_0099,STEP2,LOO,A,0.18906840682029724
A,A_0099,STEP2,LOO,B,-0.03842642903327942
A,A_0099,STEP2,LOO,C,0.08720597624778748
A,A_0099,STEP2,LOO,D,-0.03842642903327942
A,A_0099,FINAL,harsanyi,A,0.10947573184967041
A,A_0099,FINAL,harsanyi,B,0.056659579277038574
A,A_0099,FINAL,harsanyi,C,0.0
A,A_0099,FINAL,harsanyi,D,0.056659579277038574
A,A_0099,FINAL,harsanyi,AB,-0.16613531112670898
A,A_0099,FINAL,harsanyi,AC,-0.052816152572631836
A,A_0099,FINAL,harsanyi,AD,-0.10947573184967041
A,A_0099,FINAL,harsanyi,BC,-0.056659579277038574
A,A_0099,FINAL,harsanyi,BD,-0.056659579277038574
A,A_0099,FINAL,harsanyi,CD,0.0
A,A_0099,FINAL,harsanyi,ABC,0.04892754554748535
A,A_0099,FINAL,harsanyi,ABD,0.10947573184967041
A,A_0099,FINAL,harsanyi,ACD,0.10563230514526367
A,A_0099,FINAL,harsanyi,BCD,0.056659579277038574
A,A_0099,FINAL,harsanyi,ABCD,-0.04508411884307861
A,A_0099,FINAL,LOO,A,0.0
A,A_0099,FINAL,LOO,B,-0.052816152572631836
A,A_0099,FINAL,LOO,C,0.056659579277038574
A,A_0099,FINAL,LOO,D,0.11720776557922363
A,A_0100,STEP1,harsanyi,A,-0.2809298038482666
A,A_0100,STEP1,harsanyi,B,-0.7130029201507568
A,A_0100,STEP1,harsanyi,C,0.06054818630218506
A,A_0100,STEP1,harsanyi,D,-0.13279223442077637
A,A_0100,STEP1,harsanyi,AB,0.7889566421508789
A,A_0100,STEP1,harsanyi,AC,-0.22334229946136475
A,A_0100,STEP1,harsanyi,AD,0.20874595642089844
A,A_0100,STEP1,harsanyi,BC,-0.3558114767074585
A,A_0100,STEP1,harsanyi,BD,0.03701329231262207
A,A_0100,STEP1,harsanyi,CD,0.07224404811859131
A,A_0100,STEP1,harsanyi,ABC,0.193284273147583
A,A_0100,STEP1,harsanyi,ABD,-0.26854443550109863
A,A_0100,STEP1,harsanyi,ACD,-0.14819765090942383
A,A_0100,STEP1,harsanyi,BCD,0.02353489398956299
A,A_0100,STEP1,harsanyi,ABCD,0.20799612998962402
A,A_0100,STEP1,LOO,A,0.47796881198883057
A,A_0100,STEP1,LOO,B,-0.08657360076904297
A,A_0100,STEP1,LOO,C,-0.16974389553070068
A,A_0100,STEP1,LOO,D,0.0
A,A_0100,STEP2,harsanyi,A,-0.03842642903327942
A,A_0100,STEP2,harsanyi,B,-0.1256324052810669
A,A_0100,STEP2,harsanyi,C,-0.17467868328094482
A,A_0100,STEP2,harsanyi,D,-0.1256324052810669
A,A_0100,STEP2,harsanyi,AB,-0.18064376711845398
A,A_0100,STEP2,harsanyi,AC,0.08747270703315735
A,A_0100,STEP2,harsanyi,AD,0.1640588343143463
A,A_0100,STEP2,harsanyi,BC,0.1256324052810669
A,A_0100,STEP2,harsanyi,BD,0.1256324052810669
A,A_0100,STEP2,harsanyi,CD,0.016156673431396484
A,A_0100,STEP2,harsanyi,ABC,0.07878133654594421
A,A_0100,STEP2,harsanyi,ABD,0.10038769245147705
A,A_0100,STEP2,harsanyi,ACD,-0.10362938046455383
A,A_0100,STEP2,harsanyi,BCD,-0.06897282600402832
A,A_0100,STEP2,harsanyi,ABCD,-0.1080009937286377
A,A_0100,STEP2,LOO,A,0.0
A,A_0100,STEP2,LOO,B,-0.052816152572631836
A,A_0100,STEP2,LOO,C,-0.14723876118659973
A,A_0100,STEP2,LOO,D,0.0
A,A_0100,FINAL,harsanyi,A,0.10947573184967041
A,A_0100,FINAL,harsanyi,B,0.15852200984954834
A,A_0100,FINAL,harsanyi,C,0.0
A,A_0100,FINAL,harsanyi,D,0.056659579277038574
A,A_0100,FINAL,harsanyi,AB,-0.3285459280014038
A,A_0100,FINAL,harsanyi,AC,-0.052816152572631836
A,A_0100,FINAL,harsanyi,AD,-0.10947573184967041
A,A_0100,FINAL,harsanyi,BC,-0.15852200984954834
A,A_0100,FINAL,harsanyi,BD,-0.1057058572769165
A,A_0100,FINAL,harsanyi,CD,0.0
A,A_0100,FINAL,harsanyi,ABC,0.27188634872436523
A,A_0100,FINAL,harsanyi,ABD,0.2190701961517334
A,A_0100,FINAL,harsanyi,ACD,0.10563230514526367
A,A_0100,FINAL,harsanyi,BCD,0.15852200984954834
A,A_0100,FINAL,harsanyi,ABCD,-0.21522676944732666
A,A_0100,FINAL,LOO,A,0.0
A,A_0100,FINAL,LOO,B,0.0
A,A_0100,FINAL,LOO,C,0.10947573184967041
A,A_0100,FINAL,LOO,D,0.10947573184967041
A,A_0101,STEP1,harsanyi,A,-0.2809298038482666
A,A_0101,STEP1,harsanyi,B,-0.7130029201507568
A,A_0101,STEP1,harsanyi,C,0.06054818630218506
A,A_0101,STEP1,harsanyi,D,-0.13279223442077637
A,A_0101,STEP1,harsanyi,AB,0.7889566421508789
A,A_0101,STEP1,harsanyi,AC,-0.2233421802520752
A,A_0101,STEP1,harsanyi,AD,0.20874595642089844
A,A_0101,STEP1,harsanyi,BC,-0.3558114767074585
A,A_0101,STEP1,harsanyi,BD,0.03701329231262207
A,A_0101,STEP1,harsanyi,CD,0.07224404811859131
A,A_0101,STEP1,harsanyi,ABC,0.19328415393829346
A,A_0101,STEP1,harsanyi,ABD,-0.26854443550109863
A,A_0101,STEP1,harsanyi,ACD,-0.14819777011871338
A,A_0101,STEP1,harsanyi,BCD,0.12453567981719971
A,A_0101,STEP1,harsanyi,ABCD,0.10699546337127686
A,A_0101,STEP1,LOO,A,0.37696802616119385
A,A_0101,STEP1,LOO,B,-0.08657360076904297
A,A_0101,STEP1,LOO,C,-0.16974389553070068
A,A_0101,STEP1,LOO,D,0.0
A,A_0101,STEP2,harsanyi,A,0.08657360076904297
A,A_0101,STEP2,harsanyi,B,0.2493675947189331
A,A_0101,STEP2,harsanyi,C,0.39750516414642334
A,A_0101,STEP2,harsanyi,D,0.2493675947189331
A,A_0101,STEP2,harsanyi,AB,0.19435620307922363
A,A_0101,STEP2,harsanyi,AC,-0.08657360076904297
A,A_0101,STEP2,harsanyi,AD,-0.3359411954879761
A,A_0101,STEP2,harsanyi,BC,-0.32155144214630127
A,A_0101,STEP2,harsanyi,BD,-0.2493675947189331
A,A_0101,STEP2,harsanyi,CD,-0.2493675947189331
A,A_0101,STEP2,harsanyi,ABC,-0.12217235565185547
A,A_0101,STEP2,harsanyi,ABD,-0.0246121883392334
A,A_0101,STEP2,harsanyi,ACD,0.3359411954879761
A,A_0101,STEP2,harsanyi,BCD,0.2493675947189331
A,A_0101,STEP2,harsanyi,ABCD,0.09295260906219482
A,A_0101,STEP2,LOO,A,0.1405242681503296
A,A_0101,STEP2,LOO,B,0.06834042072296143
A,A_0101,STEP2,LOO,C,0.29610157012939453
A,A_0101,STEP2,LOO,D,0.06834042072296143
A,A_0101,FINAL,harsanyi,A,-0.1405242681503296
A,A_0101,FINAL,harsanyi,B,-0.21647799015045166
A,A_0101,FINAL,harsanyi,C,0.0
A,A_0101,FINAL,harsanyi,D,-0.06834042072296143
A,A_0101,FINAL,harsanyi,AB,0.4214540719985962
A,A_0101,FINAL,harsanyi,AC,0.07218384742736816
A,A_0101,FINAL,harsanyi,AD,0.1405242681503296
A,A_0101,FINAL,harsanyi,BC,0.21647799015045166
A,A_0101,FINAL,harsanyi,BD,0.1442941427230835
A,A_0101,FINAL,harsanyi,CD,0.0
A,A_0101,FINAL,harsanyi,ABC,-0.4214540719985962
A,A_0101,FINAL,harsanyi,ABD,-0.2809298038482666
A,A_0101,FINAL,harsanyi,ACD,-0.14436769485473633
A,A_0101,FINAL,harsanyi,BCD,-0.21647799015045166
A,A_0101,FINAL,harsanyi,ABCD,0.42529749870300293
A,A_0101,FINAL,LOO,A,0.07218384742736816
A,A_0101,FINAL,LOO,B,0.07218384742736816
A,A_0101,FINAL,LOO,C,-0.06834042072296143
A,A_0101,FINAL,LOO,D,0.0
A,A_0102,STEP1,harsanyi,A,0.2190701961517334
A,A_0102,STEP1,harsanyi,B,0.11720776557922363
A,A_0102,STEP1,harsanyi,C,-0.06445181369781494
A,A_0102,STEP1,harsanyi,D,0.11720776557922363
A,A_0102,STEP1,harsanyi,AB,-0.2190701961517334
A,A_0102,STEP1,harsanyi,AC,0.15165778994560242
A,A_0102,STEP1,harsanyi,AD,-0.16625404357910156
A,A_0102,STEP1,harsanyi,BC,-0.05275595188140869
A,A_0102,STEP1,harsanyi,BD,-0.0643916130065918
A,A_0102,STEP1,harsanyi,CD,-0.05275595188140869
A,A_0102,STEP1,harsanyi,ABC,0.15461838245391846
A,A_0102,STEP1,harsanyi,ABD,0.16625404357910156
A,A_0102,STEP1,harsanyi,ACD,0.10180222988128662
A,A_0102,STEP1,harsanyi,BCD,-6.020069122314453e-05
A,A_0102,STEP1,harsanyi,ABCD,-0.14363187551498413
A,A_0102,STEP1,LOO,A,0.26444652676582336
A,A_0102,STEP1,LOO,B,-0.04182964563369751
A,A_0102,STEP1,LOO,C,0.0944226086139679
A,A_0102,STEP1,LOO,D,-0.04182964563369751
A,A_0102,STEP2,harsanyi,A,-0.03842642903327942
A,A_0102,STEP2,harsanyi,B,-0.1256324052810669
A,A_0102,STEP2,harsanyi,C,-0.17467868328094482
A,A_0102,STEP2,harsanyi,D,-0.1256324052810669
A,A_0102,STEP2,harsanyi,AB,-0.06343600153923035
A,A_0102,STEP2,harsanyi,AC,0.08747270703315735
A,A_0102,STEP2,harsanyi,AD,0.1640588343143463
A,A_0102,STEP2,harsanyi,BC,0.07281625270843506
A,A_0102,STEP2,harsanyi,BD,0.07658612728118896
A,A_0102,STEP2,harsanyi,CD,0.016156673431396484
A,A_0102,STEP2,harsanyi,ABC,0.014389723539352417
A,A_0102,STEP2,harsanyi,ABD,-0.013150125741958618
A,A_0102,STEP2,harsanyi,ACD,-0.10362938046455383
A,A_0102,STEP2,harsanyi,BCD,0.032889604568481445
A,A_0102,STEP2,harsanyi,ABCD,-0.04727932810783386
A,A_0102,STEP2,LOO,A,0.0
A,A_0102,STEP2,LOO,B,-0.052816152572631836
A,A_0102,STEP2,LOO,C,-0.10186243057250977
A,A_0102,STEP2,LOO,D,0.0
A,A_0102,FINAL,harsanyi,A,-0.1405242681503296
A,A_0102,FINAL,harsanyi,B,-0.06834042072296143
A,A_0102,FINAL,harsanyi,C,0.0
A,A_0102,FINAL,harsanyi,D,-0.06834042072296143
A,A_0102,FINAL,harsanyi,AB,0.27331650257110596
A,A_0102,FINAL,harsanyi,AC,0.07218384742736816
A,A_0102,FINAL,harsanyi,AD,0.1405242681503296
A,A_0102,FINAL,harsanyi,BC,0.06834042072296143
A,A_0102,FINAL,harsanyi,BD,0.06834042072296143
A,A_0102,FINAL,harsanyi,CD,0.0
A,A_0102,FINAL,harsanyi,ABC,-0.27331650257110596
A,A_0102,FINAL,harsanyi,ABD,-0.20497608184814453
A,A_0102,FINAL,harsanyi,ACD,-0.14436769485473633
A,A_0102,FINAL,harsanyi,BCD,-0.06834042072296143
A,A_0102,FINAL,harsanyi,ABCD,0.20497608184814453
A,A_0102,FINAL,LOO,A,-0.07218384742736816
A,A_0102,FINAL,LOO,B,0.0
A,A_0102,FINAL,LOO,C,-0.1405242681503296
A,A_0102,FINAL,LOO,D,-0.07218384742736816
A,A_0103,STEP1,harsanyi,A,0.17002391815185547
A,A_0103,STEP1,harsanyi,B,0.41199707984924316
A,A_0103,STEP1,harsanyi,C,-0.06445181369781494
A,A_0103,STEP1,harsanyi,D,0.11720776557922363
A,A_0103,STEP1,harsanyi,AB,-0.41199707984924316
A,A_0103,STEP1,harsanyi,AC,-0.04502391815185547
A,A_0103,STEP1,harsanyi,AD,-0.17002391815185547
A,A_0103,STEP1,harsanyi,BC,0.14418858289718628
A,A_0103,STEP1,harsanyi,BD,-0.08798670768737793
A,A_0103,STEP1,harsanyi,CD,-0.05275595188140869
A,A_0103,STEP1,harsanyi,ABC,0.01433342695236206
A,A_0103,STEP1,harsanyi,ABD,0.08798670768737793
A,A_0103,STEP1,harsanyi,ACD,0.1622316837310791
A,A_0103,STEP1,harsanyi,BCD,0.02353489398956299
A,A_0103,STEP1,harsanyi,ABCD,-0.08019447326660156
A,A_0103,STEP1,LOO,A,-0.2726636528968811
A,A_0103,STEP1,LOO,B,0.10186243057250977
A,A_0103,STEP1,LOO,C,0.10186243057250977
A,A_0103,STEP1,LOO,D,0.0
A,A_0103,STEP2,harsanyi,A,-0.03842642903327942
A,A_0103,STEP2,harsanyi,B,-0.1256324052810669
A,A_0103,STEP2,harsanyi,C,-0.17467868328094482
A,A_0103,STEP2,harsanyi,D,-0.1256324052810669
A,A_0103,STEP2,harsanyi,AB,-0.06343600153923035
A,A_0103,STEP2,harsanyi,AC,0.2803995907306671
A,A_0103,STEP2,harsanyi,AD,0.08380275964736938
A,A_0103,STEP2,harsanyi,BC,0.1256324052810669
A,A_0103,STEP2,harsanyi,BD,0.1256324052810669
A,A_0103,STEP2,harsanyi,CD,0.016156673431396484
A,A_0103,STEP2,harsanyi,ABC,-0.04228490591049194
A,A_0103,STEP2,harsanyi,ABD,0.01805967092514038
A,A_0103,STEP2,harsanyi,ACD,-0.041621506214141846
A,A_0103,STEP2,harsanyi,BCD,-0.06897282600402832
A,A_0103,STEP2,harsanyi,ABCD,-0.049254417419433594
A,A_0103,STEP2,LOO,A,0.14723876118659973
A,A_0103,STEP2,LOO,B,-0.08025607466697693
A,A_0103,STEP2,LOO,C,0.045376330614089966
A,A_0103,STEP2,LOO,D,-0.04182964563369751
A,A_0103,FINAL,harsanyi,A,-0.1405242681503296
A,A_0103,FINAL,harsanyi,B,-0.21647799015045166
A,A_0103,FINAL,harsanyi,C,0.0
A,A_0103,FINAL,harsanyi,D,-0.06834042072296143
A,A_0103,FINAL,harsanyi,AB,0.35700225830078125
A,A_0103,FINAL,harsanyi,AC,0.07218384742736816
A,A_0103,FINAL,harsanyi,AD,0.1405242681503296
A,A_0103,FINAL,harsanyi,BC,0.21647799015045166
A,A_0103,FINAL,harsanyi,BD,0.1442941427230835
A,A_0103,FINAL,harsanyi,CD,0.0
A,A_0103,FINAL,harsanyi,ABC,-0.22421002388000488
A,A_0103,FINAL,harsanyi,ABD,-0.21647799015045166
A,A_0103,FINAL,harsanyi,ACD,-0.14436769485473633
A,A_0103,FINAL,harsanyi,BCD,-0.21647799015045166
A,A_0103,FINAL,harsanyi,ABCD,0.22805345058441162
A,A_0103,FINAL,LOO,A,0.07218384742736816
A,A_0103,FINAL,LOO,B,0.07218384742736816
A,A_0103,FINAL,LOO,C,-0.06834042072296143
A,A_0103,FINAL,LOO,D,-0.13279223442077637
A,A_0104,STEP1,harsanyi,A,0.17002391815185547
A,A_0104,STEP1,harsanyi,B,0.41199707984924316
A,A_0104,STEP1,harsanyi,C,-0.06445181369781494
A,A_0104,STEP1,harsanyi,D,0.17002391815185547
A,A_0104,STEP1,harsanyi,AB,-0.41199707984924316
A,A_0104,STEP1,harsanyi,AC,-0.04502391815185547
A,A_0104,STEP1,harsanyi,AD,-0.2794996500015259
A,A_0104,STEP1,harsanyi,BC,0.14418858289718628
A,A_0104,STEP1,harsanyi,BD,-0.17002391815185547
A,A_0104,STEP1,harsanyi,CD,-0.17002391815185547
A,A_0104,STEP1,harsanyi,ABC,0.01433342695236206
A,A_0104,STEP1,harsanyi,ABD,0.2794996500015259
A,A_0104,STEP1,harsanyi,ACD,0.2794996500015259
A,A_0104,STEP1,harsanyi,BCD,0.17002391815185547
A,A_0104,STEP1,harsanyi,ABCD,-0.3285459280014038
A,A_0104,STEP1,LOO,A,-0.32170993089675903
A,A_0104,STEP1,LOO,B,0.10947573184967041
A,A_0104,STEP1,LOO,C,0.0
A,A_0104,STEP1,LOO,D,-0.04904627799987793
A,A_0104,STEP2,harsanyi,A,0.08657360076904297
A,A_0104,STEP2,harsanyi,B,0.2493675947189331
A,A_0104,STEP2,harsanyi,C,0.3253213167190552
A,A_0104,STEP2,harsanyi,D,0.16974389553070068
A,A_0104,STEP2,harsanyi,AB,0.061563968658447266
A,A_0104,STEP2,harsanyi,AC,-0.5946004390716553
A,A_0104,STEP2,harsanyi,AD,-0.08657360076904297
A,A_0104,STEP2,harsanyi,BC,-0.2493675947189331
A,A_0104,STEP2,harsanyi,BD,-0.16974389553070068
A,A_0104,STEP2,harsanyi,CD,-0.16974389553070068
A,A_0104,STEP2,harsanyi,ABC,0.20771515369415283
A,A_0104,STEP2,harsanyi,ABD,-0.061563968658447266
A,A_0104,STEP2,harsanyi,ACD,0.35585272312164307
A,A_0104,STEP2,harsanyi,BCD,0.24192774295806885
A,A_0104,STEP2,harsanyi,ABCD,-0.19672870635986328
A,A_0104,STEP2,LOO,A,-0.22776126861572266
A,A_0104,STEP2,LOO,B,0.08317029476165771
A,A_0104,STEP2,LOO,C,-0.07962369918823242
A,A_0104,STEP2,LOO,D,0.08317029476165771
A,A_0104,FINAL,harsanyi,A,0.10947573184967041
A,A_0104,FINAL,harsanyi,B,0.15852200984954834
A,A_0104,FINAL,harsanyi,C,0.0
A,A_0104,FINAL,harsanyi,D,0.056659579277038574
A,A_0104,FINAL,harsanyi,AB,-0.26799774169921875
A,A_0104,FINAL,harsanyi,AC,-0.052816152572631836
A,A_0104,FINAL,harsanyi,AD,-0.16613531112670898
A,A_0104,FINAL,harsanyi,BC,-0.15852200984954834
A,A_0104,FINAL,harsanyi,BD,-0.15852200984954834
A,A_0104,FINAL,harsanyi,CD,-0.056659579277038574
A,A_0104,FINAL,harsanyi,ABC,0.15078997611999512
A,A_0104,FINAL,harsanyi,ABD,0.2074495553970337
A,A_0104,FINAL,harsanyi,ACD,0.10947573184967041
A,A_0104,FINAL,harsanyi,BCD,0.21518158912658691
A,A_0104,FINAL,harsanyi,ABCD,-0.14690136909484863
A,A_0104,FINAL,LOO,A,-0.056659579277038574
A,A_0104,FINAL,LOO,B,0.0
A,A_0104,FINAL,LOO,C,0.06054818630218506
A,A_0104,FINAL,LOO,D,0.06054818630218506
A,A_0105,STEP1,harsanyi,A,-0.2809298038482666
A,A_0105,STEP1,harsanyi,B,-0.7130029201507568
A,A_0105,STEP1,harsanyi,C,0.06054818630218506
A,A_0105,STEP1,harsanyi,D,-0.20497608184814453
A,A_0105,STEP1,harsanyi,AB,0.7889566421508789
A,A_0105,STEP1,harsanyi,AC,-0.2233421802520752
A,A_0105,STEP1,harsanyi,AD,0.35311365127563477
A,A_0105,STEP1,harsanyi,BC,-0.3558114767074585
A,A_0105,STEP1,harsanyi,BD,0.20497608184814453
A,A_0105,STEP1,harsanyi,CD,0.14442789554595947
A,A_0105,STEP1,harsanyi,ABC,0.19328415393829346
A,A_0105,STEP1,harsanyi,ABD,-0.42906737327575684
A,A_0105,STEP1,harsanyi,ACD,-0.20939505100250244
A,A_0105,STEP1,harsanyi,BCD,0.05505645275115967
A,A_0105,STEP1,harsanyi,ABCD,0.08586454391479492
A,A_0105,STEP1,LOO,A,0.278484582901001
A,A_0105,STEP1,LOO,B,-0.16974389553070068
A,A_0105,STEP1,LOO,C,-0.24936747550964355
A,A_0105,STEP1,LOO,D,1.1920928955078125e-07
A,A_0105,STEP2,harsanyi,A,-0.03842642903327942
A,A_0105,STEP2,harsanyi,B,-0.1256324052810669
A,A_0105,STEP2,harsanyi,C,-0.22749483585357666
A,A_0105,STEP2,harsanyi,D,-0.08025607466697693
A,A_0105,STEP2,harsanyi,AB,-0.18064376711845398
A,A_0105,STEP2,harsanyi,AC,0.03842642903327942
A,A_0105,STEP2,harsanyi,AD,0.11868250370025635
A,A_0105,STEP2,harsanyi,BC,0.17844855785369873
A,A_0105,STEP2,harsanyi,BD,0.08025607466697693
A,A_0105,STEP2,harsanyi,CD,0.08025607466697693
A,A_0105,STEP2,harsanyi,ABC,0.12782761454582214
A,A_0105,STEP2,harsanyi,ABD,0.10038769245147705
A,A_0105,STEP2,harsanyi,ACD,-0.17534208297729492
A,A_0105,STEP2,harsanyi,BCD,-0.08025607466697693
A,A_0105,STEP2,harsanyi,ABCD,-0.10038769245147705
A,A_0105,STEP2,LOO,A,-0.10947573184967041
A,A_0105,STEP2,LOO,B,0.0
A,A_0105,STEP2,LOO,C,-0.15852200984954834
A,A_0105,STEP2,LOO,D,-0.056659579277038574
A,A_0105,FINAL,harsanyi,A,0.10947573184967041
A,A_0105,FINAL,harsanyi,B,0.15852200984954834
A,A_0105,FINAL,harsanyi,C,0.0
A,A_0105,FINAL,harsanyi,D,0.056659579277038574
A,A_0105,FINAL,harsanyi,AB,-0.3285459280014038
A,A_0105,FINAL,harsanyi,AC,-0.052816152572631836
A,A_0105,FINAL,harsanyi,AD,-0.16613531112670898
A,A_0105,FINAL,harsanyi,BC,-0.15852200984954834
A,A_0105,FINAL,harsanyi,BD,-0.15852200984954834
A,A_0105,FINAL,harsanyi,CD,-0.056659579277038574
A,A_0105,FINAL,harsanyi,ABC,0.3285459280014038
A,A_0105,FINAL,harsanyi,ABD,0.3285459280014038
A,A_0105,FINAL,harsanyi,ACD,0.16613531112670898
A,A_0105,FINAL,harsanyi,BCD,0.21518158912658691
A,A_0105,FINAL,harsanyi,ABCD,-0.3852055072784424
A,A_0105,FINAL,LOO,A,0.0
A,A_0105,FINAL,LOO,B,0.0
A,A_0105,FINAL,LOO,C,0.056659579277038574
A,A_0105,FINAL,LOO,D,0.0
A,A_0106,STEP1,harsanyi,A,0.17002391815185547
A,A_0106,STEP1,harsanyi,B,0.41199707984924316
A,A_0106,STEP1,harsanyi,C,-0.06445181369781494
A,A_0106,STEP1,harsanyi,D,0.17002391815185547
A,A_0106,STEP1,harsanyi,AB,-0.41199707984924316
A,A_0106,STEP1,harsanyi,AC,-0.04502391815185547
A,A_0106,STEP1,harsanyi,AD,-0.2794996500015259
A,A_0106,STEP1,harsanyi,BC,0.14418858289718628
A,A_0106,STEP1,harsanyi,BD,-0.17002391815185547
A,A_0106,STEP1,harsanyi,CD,-0.10557210445404053
A,A_0106,STEP1,harsanyi,ABC,0.01433342695236206
A,A_0106,STEP1,harsanyi,ABD,0.2794996500015259
A,A_0106,STEP1,harsanyi,ACD,0.21504783630371094
A,A_0106,STEP1,harsanyi,BCD,0.05505639314651489
A,A_0106,STEP1,harsanyi,ABCD,-0.21357840299606323
A,A_0106,STEP1,LOO,A,-0.2711942195892334
A,A_0106,STEP1,LOO,B,0.10947573184967041
A,A_0106,STEP1,LOO,C,0.0
A,A_0106,STEP1,LOO,D,-0.04904627799987793
A,A_0106,STEP2,harsanyi,A,-0.03842642903327942
A,A_0106,STEP2,harsanyi,B,-0.1256324052810669
A,A_0106,STEP2,harsanyi,C,-0.22749483585357666
A,A_0106,STEP2,harsanyi,D,-0.08025607466697693
A,A_0106,STEP2,harsanyi,AB,-0.06343600153923035
A,A_0106,STEP2,harsanyi,AC,0.33321574330329895
A,A_0106,STEP2,harsanyi,AD,0.03842642903327942
A,A_0106,STEP2,harsanyi,BC,0.17844855785369873
A,A_0106,STEP2,harsanyi,BD,0.08025607466697693
A,A_0106,STEP2,harsanyi,CD,0.08025607466697693
A,A_0106,STEP2,harsanyi,ABC,-0.1369307041168213
A,A_0106,STEP2,harsanyi,ABD,0.06343600153923035
A,A_0106,STEP2,harsanyi,ACD,-0.1441473364830017
A,A_0106,STEP2,harsanyi,BCD,-0.08025607466697693
A,A_0106,STEP2,harsanyi,ABCD,0.04228490591049194
A,A_0106,STEP2,LOO,A,0.0944226086139679
A,A_0106,STEP2,LOO,B,-0.04182964563369751
A,A_0106,STEP2,LOO,C,0.045376330614089966
A,A_0106,STEP2,LOO,D,0.0
A,A_0106,FINAL,harsanyi,A,-0.1405242681503296
A,A_0106,FINAL,harsanyi,B,-0.21647799015045166
A,A_0106,FINAL,harsanyi,C,0.0
A,A_0106,FINAL,harsanyi,D,-0.06834042072296143
A,A_0106,FINAL,harsanyi,AB,0.35700225830078125
A,A_0106,FINAL,harsanyi,AC,0.1405242681503296
A,A_0106,FINAL,harsanyi,AD,0.20886468887329102
A,A_0106,FINAL,harsanyi,BC,0.21647799015045166
A,A_0106,FINAL,harsanyi,BD,0.21647799015045166
A,A_0106,FINAL,harsanyi,CD,0.06834042072296143
A,A_0106,FINAL,harsanyi,ABC,-0.35700225830078125
A,A_0106,FINAL,harsanyi,ABD,-0.2925504446029663
A,A_0106,FINAL,harsanyi,ACD,-0.27720510959625244
A,A_0106,FINAL,harsanyi,BCD,-0.2848184108734131
A,A_0106,FINAL,harsanyi,ABCD,0.36089086532592773
A,A_0106,FINAL,LOO,A,0.0
A,A_0106,FINAL,LOO,B,0.0
A,A_0106,FINAL,LOO,C,-0.13279223442077637
A,A_0106,FINAL,LOO,D,-0.06834042072296143
A,A_0107,STEP1,harsanyi,A,0.2190701961517334
A,A_0107,STEP1,harsanyi,B,0.11720776557922363
A,A_0107,STEP1,harsanyi,C,-0.06445181369781494
A,A_0107,STEP1,harsanyi,D,0.17002391815185547
A,A_0107,STEP1,harsanyi,AB,-0.2190701961517334
A,A_0107,STEP1,harsanyi,AC,0.15165778994560242
A,A_0107,STEP1,harsanyi,AD,-0.27188634872436523
A,A_0107,STEP1,harsanyi,BC,-0.05275595188140869
A,A_0107,STEP1,harsanyi,BD,-0.2872316837310791
A,A_0107,STEP1,harsanyi,CD,-0.17002391815185547
A,A_0107,STEP1,harsanyi,ABC,0.15461838245391846
A,A_0107,STEP1,harsanyi,ABD,0.4419102668762207
A,A_0107,STEP1,harsanyi,ACD,0.31031277775764465
A,A_0107,STEP1,harsanyi,BCD,0.2872316837310791
A,A_0107,STEP1,harsanyi,ABCD,-0.5675426721572876
A,A_0107,STEP1,LOO,A,0.2190701961517334
A,A_0107,STEP1,LOO,B,-0.1256324052810669
A,A_0107,STEP1,LOO,C,0.04904627799987793
A,A_0107,STEP1,LOO,D,-0.08720597624778748
A,A_0107,STEP2,harsanyi,A,0.08657360076904297
A,A_0107,STEP2,harsanyi,B,0.2493675947189331
A,A_0107,STEP2,harsanyi,C,0.3253213167190552
A,A_0107,STEP2,harsanyi,D,0.16974389553070068
A,A_0107,STEP2,harsanyi,AB,0.061563968658447266
A,A_0107,STEP2,harsanyi,AC,-0.16252732276916504
A,A_0107,STEP2,harsanyi,AD,-0.25631749629974365
A,A_0107,STEP2,harsanyi,BC,-0.17718374729156494
A,A_0107,STEP2,harsanyi,BD,-0.09379017353057861
A,A_0107,STEP2,harsanyi,CD,-0.16974389553070068
A,A_0107,STEP2,harsanyi,ABC,0.014389753341674805
A,A_0107,STEP2,harsanyi,ABD,-0.1305677890777588
A,A_0107,STEP2,harsanyi,ACD,0.4044550657272339
A,A_0107,STEP2,harsanyi,BCD,0.16213059425354004
A,A_0107,STEP2,harsanyi,ABCD,0.046882033348083496
A,A_0107,STEP2,LOO,A,0.06445181369781494
A,A_0107,STEP2,LOO,B,0.13279223442077637
A,A_0107,STEP2,LOO,C,0.44372379779815674
A,A_0107,STEP2,LOO,D,0.13279223442077637
A,A_0107,FINAL,harsanyi,A,0.10947573184967041
A,A_0107,FINAL,harsanyi,B,0.056659579277038574
A,A_0107,FINAL,harsanyi,C,0.0
A,A_0107,FINAL,harsanyi,D,0.056659579277038574
A,A_0107,FINAL,harsanyi,AB,-0.22668349742889404
A,A_0107,FINAL,harsanyi,AC,-0.052816152572631836
A,A_0107,FINAL,harsanyi,AD,-0.16613531112670898
A,A_0107,FINAL,harsanyi,BC,-0.056659579277038574
A,A_0107,FINAL,harsanyi,BD,-0.056659579277038574
A,A_0107,FINAL,harsanyi,CD,-0.056659579277038574
A,A_0107,FINAL,harsanyi,ABC,0.22668349742889404
A,A_0107,FINAL,harsanyi,ABD,0.22668349742889404
A,A_0107,FINAL,harsanyi,ACD,0.16613531112670898
A,A_0107,FINAL,harsanyi,BCD,0.056659579277038574
A,A_0107,FINAL,harsanyi,ABCD,-0.22668349742889404
A,A_0107,FINAL,LOO,A,0.056659579277038574
A,A_0107,FINAL,LOO,B,0.0
A,A_0107,FINAL,LOO,C,0.056659579277038574
A,A_0107,FINAL,LOO,D,0.0
A,A_0108,STEP1,harsanyi,A,0.2190701961517334
A,A_0108,STEP1,harsanyi,B,0.11720776557922363
A,A_0108,STEP1,harsanyi,C,-0.06445181369781494
A,A_0108,STEP1,harsanyi,D,0.17002391815185547
A,A_0108,STEP1,harsanyi,AB,-0.2190701961517334
A,A_0108,STEP1,harsanyi,AC,0.15165778994560242
A,A_0108,STEP1,harsanyi,AD,-0.27188634872436523
A,A_0108,STEP1,harsanyi,BC,0.007792234420776367
A,A_0108,STEP1,harsanyi,BD,-0.2872316837310791
A,A_0108,STEP1,harsanyi,CD,-0.10557210445404053
A,A_0108,STEP1,harsanyi,ABC,0.05224055051803589
A,A_0108,STEP1,harsanyi,ABD,0.4419102668762207
A,A_0108,STEP1,harsanyi,ACD,0.16560488939285278
A,A_0108,STEP1,harsanyi,BCD,0.09777987003326416
A,A_0108,STEP1,harsanyi,ABCD,-0.2560051381587982
A,A_0108,STEP1,LOO,A,0.28352200984954834
A,A_0108,STEP1,LOO,B,-0.045376330614089966
A,A_0108,STEP1,LOO,C,0.04904627799987793
A,A_0108,STEP1,LOO,D,-0.045376330614089966
A,A_0108,STEP2,harsanyi,A,-0.03842642903327942
A,A_0108,STEP2,harsanyi,B,-0.1256324052810669
A,A_0108,STEP2,harsanyi,C,-0.22749483585357666
A,A_0108,STEP2,harsanyi,D,-0.08025607466697693
A,A_0108,STEP2,harsanyi,AB,-0.06343600153923035
A,A_0108,STEP2,harsanyi,AC,0.03842642903327942
A,A_0108,STEP2,harsanyi,AD,0.11868250370025635
A,A_0108,STEP2,harsanyi,BC,0.17844855785369873
A,A_0108,STEP2,harsanyi,BD,0.031209796667099
A,A_0108,STEP2,harsanyi,CD,0.08025607466697693
A,A_0108,STEP2,harsanyi,ABC,-0.046039730310440063
A,A_0108,STEP2,harsanyi,ABD,0.11943218111991882
A,A_0108,STEP2,harsanyi,ACD,-0.17534208297729492
A,A_0108,STEP2,harsanyi,BCD,-0.08402594923973083
A,A_0108,STEP2,harsanyi,ABCD,-0.009956449270248413
A,A_0108,STEP2,LOO,A,-0.056659579277038574
A,A_0108,STEP2,LOO,B,0.0
A,A_0108,STEP2,LOO,C,-0.24572798609733582
A,A_0108,STEP2,LOO,D,0.0
A,A_0108,FINAL,harsanyi,A,-0.1405242681503296
A,A_0108,FINAL,harsanyi,B,-0.06834042072296143
A,A_0108,FINAL,harsanyi,C,0.0
A,A_0108,FINAL,harsanyi,D,-0.06834042072296143
A,A_0108,FINAL,harsanyi,AB,0.27331650257110596
A,A_0108,FINAL,harsanyi,AC,0.07218384742736816
A,A_0108,FINAL,harsanyi,AD,0.20886468887329102
A,A_0108,FINAL,harsanyi,BC,0.06834042072296143
A,A_0108,FINAL,harsanyi,BD,0.06834042072296143
A,A_0108,FINAL,harsanyi,CD,0.06834042072296143
A,A_0108,FINAL,harsanyi,ABC,-0.27331650257110596
A,A_0108,FINAL,harsanyi,ABD,-0.27331650257110596
A,A_0108,FINAL,harsanyi,ACD,-0.20886468887329102
A,A_0108,FINAL,harsanyi,BCD,-0.13668084144592285
A,A_0108,FINAL,harsanyi,ABCD,0.3416569232940674
A,A_0108,FINAL,LOO,A,0.0
A,A_0108,FINAL,LOO,B,0.0
A,A_0108,FINAL,LOO,C,-0.06834042072296143
A,A_0108,FINAL,LOO,D,0.0
A,A_0109,STEP1,harsanyi,A,-0.20497608184814453
A,A_0109,STEP1,harsanyi,B,-0.13279223442077637
A,A_0109,STEP1,harsanyi,C,0.06054818630218506
A,A_0109,STEP1,harsanyi,D,-0.20497608184814453
A,A_0109,STEP1,harsanyi,AB,0.20497608184814453
A,A_0109,STEP1,harsanyi,AC,0.07997608184814453
A,A_0109,STEP1,harsanyi,AD,0.3455003499984741
A,A_0109,STEP1,harsanyi,BC,0.07224404811859131
A,A_0109,STEP1,harsanyi,BD,0.3377683162689209
A,A_0109,STEP1,harsanyi,CD,0.20497608184814453
A,A_0109,STEP1,harsanyi,ABC,-0.14442789554595947
A,A_0109,STEP1,harsanyi,ABD,-0.40995216369628906
A,A_0109,STEP1,harsanyi,ACD,-0.3455003499984741
A,A_0109,STEP1,harsanyi,BCD,-0.3377683162689209
A,A_0109,STEP1,harsanyi,ABCD,0.474403977394104
A,A_0109,STEP1,LOO,A,0.0
A,A_0109,STEP1,LOO,B,0.06445181369781494
A,A_0109,STEP1,LOO,C,0.06445181369781494
A,A_0109,STEP1,LOO,D,0.06445181369781494
A,A_0109,STEP2,harsanyi,A,0.08657360076904297
A,A_0109,STEP2,harsanyi,B,0.2493675947189331
A,A_0109,STEP2,harsanyi,C,0.3253213167190552
A,A_0109,STEP2,harsanyi,D,0.16974389553070068
A,A_0109,STEP2,harsanyi,AB,-0.010619878768920898
A,A_0109,STEP2,harsanyi,AC,-0.5946004390716553
A,A_0109,STEP2,harsanyi,AD,-0.08657360076904297
A,A_0109,STEP2,harsanyi,BC,-0.17718374729156494
A,A_0109,STEP2,harsanyi,BD,-0.09379017353057861
A,A_0109,STEP2,harsanyi,CD,-0.16974389553070068
A,A_0109,STEP2,harsanyi,ABC,0.12114155292510986
A,A_0109,STEP2,harsanyi,ABD,-0.06533384323120117
A,A_0109,STEP2,harsanyi,ACD,0.35585272312164307
A,A_0109,STEP2,harsanyi,BCD,0.16213059425354004
A,A_0109,STEP2,harsanyi,ABCD,-0.10254180431365967
A,A_0109,STEP2,LOO,A,-0.2961016893386841
A,A_0109,STEP2,LOO,B,0.08317029476165771
A,A_0109,STEP2,LOO,C,-0.07962369918823242
A,A_0109,STEP2,LOO,D,0.16974389553070068
A,A_0109,FINAL,harsanyi,A,-0.1405242681503296
A,A_0109,FINAL,harsanyi,B,-0.06834042072296143
A,A_0109,FINAL,harsanyi,C,0.0
A,A_0109,FINAL,harsanyi,D,-0.06834042072296143
A,A_0109,FINAL,harsanyi,AB,0.20886468887329102
A,A_0109,FINAL,harsanyi,AC,0.07218384742736816
A,A_0109,FINAL,harsanyi,AD,0.20886468887329102
A,A_0109,FINAL,harsanyi,BC,0.06834042072296143
A,A_0109,FINAL,harsanyi,BD,0.06834042072296143
A,A_0109,FINAL,harsanyi,CD,0.06834042072296143
A,A_0109,FINAL,harsanyi,ABC,-0.07607245445251465
A,A_0109,FINAL,harsanyi,ABD,-0.14441287517547607
A,A_0109,FINAL,harsanyi,ACD,-0.1405242681503296
A,A_0109,FINAL,harsanyi,BCD,-0.06834042072296143
A,A_0109,FINAL,harsanyi,ABCD,-0.05671977996826172
A,A_0109,FINAL,LOO,A,-0.06834042072296143
A,A_0109,FINAL,LOO,B,-0.06834042072296143
A,A_0109,FINAL,LOO,C,-0.13279223442077637
A,A_0109,FINAL,LOO,D,-0.13279223442077637
A,A_0110,STEP1,harsanyi,A,-0.20497608184814453
A,A_0110,STEP1,harsanyi,B,-0.13279223442077637
A,A_0110,STEP1,harsanyi,C,0.06054818630218506
A,A_0110,STEP1,harsanyi,D,-0.20497608184814453
A,A_0110,STEP1,harsanyi,AB,0.20497608184814453
A,A_0110,STEP1,harsanyi,AC,0.07997608184814453
A,A_0110,STEP1,harsanyi,AD,0.3455003499984741
A,A_0110,STEP1,harsanyi,BC,0.007792234420776367
A,A_0110,STEP1,harsanyi,BD,0.3377683162689209
A,A_0110,STEP1,harsanyi,CD,0.14442789554595947
A,A_0110,STEP1,harsanyi,ABC,-0.07997608184814453
A,A_0110,STEP1,harsanyi,ABD,-0.40995216369628906
A,A_0110,STEP1,harsanyi,ACD,-0.28495216369628906
A,A_0110,STEP1,harsanyi,BCD,-0.15222012996673584
A,A_0110,STEP1,harsanyi,ABCD,0.224403977394104
A,A_0110,STEP1,LOO,A,-0.125
A,A_0110,STEP1,LOO,B,0.0
A,A_0110,STEP1,LOO,C,0.0
A,A_0110,STEP1,LOO,D,0.0
A,A_0110,STEP2,harsanyi,A,-0.03842642903327942
A,A_0110,STEP2,harsanyi,B,-0.1256324052810669
A,A_0110,STEP2,harsanyi,C,-0.22749483585357666
A,A_0110,STEP2,harsanyi,D,-0.08025607466697693
A,A_0110,STEP2,harsanyi,AB,-0.01061984896659851
A,A_0110,STEP2,harsanyi,AC,0.33321574330329895
A,A_0110,STEP2,harsanyi,AD,0.03842642903327942
A,A_0110,STEP2,harsanyi,BC,0.17844855785369873
A,A_0110,STEP2,harsanyi,BD,0.031209796667099
A,A_0110,STEP2,harsanyi,CD,0.08025607466697693
A,A_0110,STEP2,harsanyi,ABC,-0.14791721105575562
A,A_0110,STEP2,harsanyi,ABD,0.05966612696647644
A,A_0110,STEP2,harsanyi,ACD,-0.1441473364830017
A,A_0110,STEP2,harsanyi,BCD,-0.08402594923973083
A,A_0110,STEP2,harsanyi,ABCD,0.057041287422180176
A,A_0110,STEP2,LOO,A,0.14723876118659973
A,A_0110,STEP2,LOO,B,-0.04182964563369751
A,A_0110,STEP2,LOO,C,0.045376330614089966
A,A_0110,STEP2,LOO,D,-0.04182964563369751
A,A_0110,FINAL,harsanyi,A,0.10947573184967041
A,A_0110,FINAL,harsanyi,B,0.056659579277038574
A,A_0110,FINAL,harsanyi,C,0.0
A,A_0110,FINAL,harsanyi,D,0.056659579277038574
A,A_0110,FINAL,harsanyi,AB,-0.16613531112670898
A,A_0110,FINAL,harsanyi,AC,-0.10947573184967041
A,A_0110,FINAL,harsanyi,AD,-0.16613531112670898
A,A_0110,FINAL,harsanyi,BC,-0.056659579277038574
A,A_0110,FINAL,harsanyi,BD,-0.056659579277038574
A,A_0110,FINAL,harsanyi,CD,-0.056659579277038574
A,A_0110,FINAL,harsanyi,ABC,0.16613531112670898
A,A_0110,FINAL,harsanyi,ABD,0.10558712482452393
A,A_0110,FINAL,harsanyi,ACD,0.22279489040374756
A,A_0110,FINAL,harsanyi,BCD,0.11331915855407715
A,A_0110,FINAL,harsanyi,ABCD,-0.21890628337860107
A,A_0110,FINAL,LOO,A,-0.056659579277038574
A,A_0110,FINAL,LOO,B,-0.056659579277038574
A,A_0110,FINAL,LOO,C,0.06054818630218506
A,A_0110,FINAL,LOO,D,0.0
A,A_0111,STEP1,harsanyi,A,0.2190701961517334
A,A_0111,STEP1,harsanyi,B,0.11720776557922363
A,A_0111,STEP1,harsanyi,C,-0.06445181369781494
A,A_0111,STEP1,harsanyi,D,0.11720776557922363
A,A_0111,STEP1,harsanyi,AB,-0.2190701961517334
A,A_0111,STEP1,harsanyi,AC,0.15165778994560242
A,A_0111,STEP1,harsanyi,AD,-0.16625404357910156
A,A_0111,STEP1,harsanyi,BC,0.007792234420776367
A,A_0111,STEP1,harsanyi,BD,-0.0643916130065918
A,A_0111,STEP1,harsanyi,CD,-0.05275595188140869
A,A_0111,STEP1,harsanyi,ABC,0.05224055051803589
A,A_0111,STEP1,harsanyi,ABD,0.16625404357910156
A,A_0111,STEP1,harsanyi,ACD,0.10180222988128662
A,A_0111,STEP1,harsanyi,BCD,-0.0606083869934082
A,A_0111,STEP1,harsanyi,ABCD,-0.04125404357910156
A,A_0111,STEP1,LOO,A,0.26444652676582336
A,A_0111,STEP1,LOO,B,-0.04182964563369751
A,A_0111,STEP1,LOO,C,0.0944226086139679
A,A_0111,STEP1,LOO,D,0.0
A,A_0111,STEP2,harsanyi,A,0.08657360076904297
A,A_0111,STEP2,harsanyi,B,0.2493675947189331
A,A_0111,STEP2,harsanyi,C,0.39750516414642334
A,A_0111,STEP2,harsanyi,D,0.2493675947189331
A,A_0111,STEP2,harsanyi,AB,0.061563968658447266
A,A_0111,STEP2,harsanyi,AC,-0.08657360076904297
A,A_0111,STEP2,harsanyi,AD,-0.3359411954879761
A,A_0111,STEP2,harsanyi,BC,-0.32155144214630127
A,A_0111,STEP2,harsanyi,BD,-0.17341387271881104
A,A_0111,STEP2,harsanyi,CD,-0.2493675947189331
A,A_0111,STEP2,harsanyi,ABC,0.07896029949188232
A,A_0111,STEP2,harsanyi,ABD,0.11184990406036377
A,A_0111,STEP2,harsanyi,ACD,0.3359411954879761
A,A_0111,STEP2,harsanyi,BCD,0.17341387271881104
A,A_0111,STEP2,harsanyi,ABCD,-0.11184990406036377
A,A_0111,STEP2,LOO,A,0.1405242681503296
A,A_0111,STEP2,LOO,B,0.06834042072296143
A,A_0111,STEP2,LOO,C,0.21647799015045166
A,A_0111,STEP2,LOO,D,0.0
A,A_0111,FINAL,harsanyi,A,0.10947573184967041
A,A_0111,FINAL,harsanyi,B,0.056659579277038574
A,A_0111,FINAL,harsanyi,C,0.0
A,A_0111,FINAL,harsanyi,D,0.056659579277038574
A,A_0111,FINAL,harsanyi,AB,-0.22668349742889404
A,A_0111,FINAL,harsanyi,AC,-0.052816152572631836
A,A_0111,FINAL,harsanyi,AD,-0.10947573184967041
A,A_0111,FINAL,harsanyi,BC,-0.056659579277038574
A,A_0111,FINAL,harsanyi,BD,-0.056659579277038574
A,A_0111,FINAL,harsanyi,CD,0.0
A,A_0111,FINAL,harsanyi,ABC,0.22668349742889404
A,A_0111,FINAL,harsanyi,ABD,0.17002391815185547
A,A_0111,FINAL,harsanyi,ACD,0.10563230514526367
A,A_0111,FINAL,harsanyi,BCD,0.056659579277038574
A,A_0111,FINAL,harsanyi,ABCD,-0.2228400707244873
A,A_0111,FINAL,LOO,A,0.0
A,A_0111,FINAL,LOO,B,-0.052816152572631836
A,A_0111,FINAL,LOO,C,0.056659579277038574
A,A_0111,FINAL,LOO,D,0.0
A,A_0112,STEP1,harsanyi,A,0.0
A,A_0112,STEP1,harsanyi,B,-0.06834042072296143
A,A_0112,STEP1,harsanyi,C,-0.06834042072296143
A,A_0112,STEP1,harsanyi,D,-0.1405242681503296
A,A_0112,STEP1,harsanyi,AB,0.06834042072296143
A,A_0112,STEP1,harsanyi,AC,0.0
A,A_0112,STEP1,harsanyi,AD,0.1405242681503296
A,A_0112,STEP1,harsanyi,BC,-0.0038434267044067383
A,A_0112,STEP1,harsanyi,BD,0.1405242681503296
A,A_0112,STEP1,harsanyi,CD,0.06834042072296143
A,A_0112,STEP1,harsanyi,ABC,0.0038434267044067383
A,A_0112,STEP1,harsanyi,ABD,-0.20886468887329102
A,A_0112,STEP1,harsanyi,ACD,-0.06834042072296143
A,A_0112,STEP1,harsanyi,BCD,0.0038434267044067383
A,A_0112,STEP1,harsanyi,ABCD,-0.08364057540893555
A,A_0112,STEP1,LOO,A,-0.14813756942749023
A,A_0112,STEP1,LOO,B,-0.14813756942749023
A,A_0112,STEP1,LOO,C,-0.14813756942749023
A,A_0112,STEP1,LOO,D,-0.14813756942749023
A,A_0112,STEP2,harsanyi,A,0.0
A,A_0112,STEP2,harsanyi,B,-0.07360926270484924
A,A_0112,STEP2,harsanyi,C,-0.07360926270484924
A,A_0112,STEP2,harsanyi,D,0.0
A,A_0112,STEP2,harsanyi,AB,0.0
A,A_0112,STEP2,harsanyi,AC,0.03842642903327942
A,A_0112,STEP2,harsanyi,AD,-0.035182833671569824
A,A_0112,STEP2,harsanyi,BC,0.1472185254096985
A,A_0112,STEP2,harsanyi,BD,0.0
A,A_0112,STEP2,harsanyi,CD,0.0
A,A_0112,STEP2,harsanyi,ABC,-0.07360926270484924
A,A_0112,STEP2,harsanyi,ABD,0.07360926270484924
A,A_0112,STEP2,harsanyi,ACD,-0.0032435953617095947
A,A_0112,STEP2,harsanyi,BCD,-0.07360926270484924
A,A_0112,STEP2,harsanyi,ABCD,-0.04182964563369751
A,A_0112,STEP2,LOO,A,-0.04182964563369751
A,A_0112,STEP2,LOO,B,-0.04182964563369751
A,A_0112,STEP2,LOO,C,-0.08025607466697693
A,A_0112,STEP2,LOO,D,-0.08025607466697693
A,A_0112,FINAL,harsanyi,A,0.052816152572631836
A,A_0112,FINAL,harsanyi,B,0.052816152572631836
A,A_0112,FINAL,harsanyi,C,0.052816152572631836
A,A_0112,FINAL,harsanyi,D,0.10186243057250977
A,A_0112,FINAL,harsanyi,AB,-0.10563230514526367
A,A_0112,FINAL,harsanyi,AC,-0.052816152572631836
A,A_0112,FINAL,harsanyi,AD,-0.10186243057250977
A,A_0112,FINAL,harsanyi,BC,-0.052816152572631836
A,A_0112,FINAL,harsanyi,BD,-0.10186243057250977
A,A_0112,FINAL,harsanyi,CD,-0.10186243057250977
A,A_0112,FINAL,harsanyi,ABC,0.10563230514526367
A,A_0112,FINAL,harsanyi,ABD,0.1546785831451416
A,A_0112,FINAL,harsanyi,ACD,0.10186243057250977
A,A_0112,FINAL,harsanyi,BCD,0.1509087085723877
A,A_0112,FINAL,harsanyi,ABCD,-0.20372486114501953
A,A_0112,FINAL,LOO,A,-0.04904627799987793
A,A_0112,FINAL,LOO,B,0.0
A,A_0112,FINAL,LOO,C,0.0
A,A_0112,FINAL,LOO,D,0.0
A,A_0113,STEP1,harsanyi,A,0.0
A,A_0113,STEP1,harsanyi,B,0.056659579277038574
A,A_0113,STEP1,harsanyi,C,0.056659579277038574
A,A_0113,STEP1,harsanyi,D,0.10947573184967041
A,A_0113,STEP1,harsanyi,AB,-0.056659579277038574
A,A_0113,STEP1,harsanyi,AC,-0.056659579277038574
A,A_0113,STEP1,harsanyi,AD,-0.10947573184967041
A,A_0113,STEP1,harsanyi,BC,-0.0038434267044067383
A,A_0113,STEP1,harsanyi,BD,-0.10947573184967041
A,A_0113,STEP1,harsanyi,CD,-0.056659579277038574
A,A_0113,STEP1,harsanyi,ABC,0.06050300598144531
A,A_0113,STEP1,harsanyi,ABD,0.16613531112670898
A,A_0113,STEP1,harsanyi,ACD,0.056659579277038574
A,A_0113,STEP1,harsanyi,BCD,0.056659579277038574
A,A_0113,STEP1,harsanyi,ABCD,-0.06050300598144531
A,A_0113,STEP1,LOO,A,0.0
A,A_0113,STEP1,LOO,B,0.10947573184967041
A,A_0113,STEP1,LOO,C,0.052816152572631836
A,A_0113,STEP1,LOO,D,0.052816152572631836
A,A_0113,STEP2,harsanyi,A,0.0
A,A_0113,STEP2,harsanyi,B,0.17639076709747314
A,A_0113,STEP2,harsanyi,C,0.17639076709747314
A,A_0113,STEP2,harsanyi,D,0.0
A,A_0113,STEP2,harsanyi,AB,-1.1920928955078125e-07
A,A_0113,STEP2,harsanyi,AC,-0.17639076709747314
A,A_0113,STEP2,harsanyi,AD,0.08981728553771973
A,A_0113,STEP2,harsanyi,BC,-0.44566988945007324
A,A_0113,STEP2,harsanyi,BD,0.0
A,A_0113,STEP2,harsanyi,CD,0.08317029476165771
A,A_0113,STEP2,harsanyi,ABC,0.3590964078903198
A,A_0113,STEP2,harsanyi,ABD,-0.1763906478881836
A,A_0113,STEP2,harsanyi,ACD,-0.08317053318023682
A,A_0113,STEP2,harsanyi,BCD,0.09953522682189941
A,A_0113,STEP2,harsanyi,ABCD,0.07361197471618652
A,A_0113,STEP2,LOO,A,0.08657360076904297
A,A_0113,STEP2,LOO,B,0.08657371997833252
A,A_0113,STEP2,LOO,C,0.08657348155975342
A,A_0113,STEP2,LOO,D,0.08657360076904297
A,A_0113,FINAL,harsanyi,A,0.052816152572631836
A,A_0113,FINAL,harsanyi,B,0.052816152572631836
A,A_0113,FINAL,harsanyi,C,0.052816152572631836
A,A_0113,FINAL,harsanyi,D,0.10186243057250977
A,A_0113,FINAL,harsanyi,AB,-0.10563230514526367
A,A_0113,FINAL,harsanyi,AC,-0.10563230514526367
A,A_0113,FINAL,harsanyi,AD,-0.10186243057250977
A,A_0113,FINAL,harsanyi,BC,-0.10563230514526367
A,A_0113,FINAL,harsanyi,BD,-0.10186243057250977
A,A_0113,FINAL,harsanyi,CD,-0.1546785831451416
A,A_0113,FINAL,harsanyi,ABC,0.10178887844085693
A,A_0113,FINAL,harsanyi,ABD,0.10186243057250977
A,A_0113,FINAL,harsanyi,ACD,0.20749473571777344
A,A_0113,FINAL,harsanyi,BCD,0.1546785831451416
A,A_0113,FINAL,harsanyi,ABCD,-0.15083515644073486
A,A_0113,FINAL,LOO,A,0.0
A,A_0113,FINAL,LOO,B,-0.052816152572631836
A,A_0113,FINAL,LOO,C,0.0
A,A_0113,FINAL,LOO,D,0.056659579277038574
A,A_0114,STEP1,harsanyi,A,-0.4658454656600952
A,A_0114,STEP1,harsanyi,B,-0.06834042072296143
A,A_0114,STEP1,harsanyi,C,-0.06834042072296143
A,A_0114,STEP1,harsanyi,D,-0.1405242681503296
A,A_0114,STEP1,harsanyi,AB,0.06834018230438232
A,A_0114,STEP1,harsanyi,AC,0.06834030151367188
A,A_0114,STEP1,harsanyi,AD,0.05070698261260986
A,A_0114,STEP1,harsanyi,BC,-0.0038434267044067383
A,A_0114,STEP1,harsanyi,BD,-0.0076133012771606445
A,A_0114,STEP1,harsanyi,CD,-0.0076133012771606445
A,A_0114,STEP1,harsanyi,ABC,0.00384366512298584
A,A_0114,STEP1,harsanyi,ABD,0.007613539695739746
A,A_0114,STEP1,harsanyi,ACD,-0.08527493476867676
A,A_0114,STEP1,harsanyi,BCD,0.07979714870452881
A,A_0114,STEP1,harsanyi,ABCD,-0.1755763292312622
A,A_0114,STEP1,LOO,A,-0.5278520584106445
A,A_0114,STEP1,LOO,B,-0.0957789421081543
A,A_0114,STEP1,LOO,C,-0.18866729736328125
A,A_0114,STEP1,LOO,D,-0.2784844636917114
A,A_0114,STEP2,harsanyi,A,-0.035182833671569824
A,A_0114,STEP2,harsanyi,B,-0.07360926270484924
A,A_0114,STEP2,harsanyi,C,-0.07360926270484924
A,A_0114,STEP2,harsanyi,D,-0.035182833671569824
A,A_0114,STEP2,harsanyi,AB,-0.0066468119621276855
A,A_0114,STEP2,harsanyi,AC,0.14090374112129211
A,A_0114,STEP2,harsanyi,AD,-0.0032435953617095947
A,A_0114,STEP2,harsanyi,BC,0.17933017015457153
A,A_0114,STEP2,harsanyi,BD,0.035182833671569824
A,A_0114,STEP2,harsanyi,CD,-0.0066468119621276855
A,A_0114,STEP2,harsanyi,ABC,-0.16636857390403748
A,A_0114,STEP2,harsanyi,ABD,-0.04213273525238037
A,A_0114,STEP2,harsanyi,ACD,0.045073240995407104
A,A_0114,STEP2,harsanyi,BCD,-0.060647666454315186
A,A_0114,STEP2,harsanyi,ABCD,0.10278040170669556
A,A_0114,STEP2,LOO,A,0.035182833671569824
A,A_0114,STEP2,LOO,B,-0.03211164474487305
A,A_0114,STEP2,LOO,C,0.16081523895263672
A,A_0114,STEP2,LOO,D,0.035182833671569824
A,A_0114,FINAL,harsanyi,A,0.10186243057250977
A,A_0114,FINAL,harsanyi,B,0.052816152572631836
A,A_0114,FINAL,harsanyi,C,0.052816152572631836
A,A_0114,FINAL,harsanyi,D,0.052816152572631836
A,A_0114,FINAL,harsanyi,AB,-0.1546785831451416
A,A_0114,FINAL,harsanyi,AC,-0.10186243057250977
A,A_0114,FINAL,harsanyi,AD,-0.052816152572631836
A,A_0114,FINAL,harsanyi,BC,-0.10563230514526367
A,A_0114,FINAL,harsanyi,BD,-0.10563230514526367
A,A_0114,FINAL,harsanyi,CD,-0.052816152572631836
A,A_0114,FINAL,harsanyi,ABC,0.1546785831451416
A,A_0114,FINAL,harsanyi,ABD,0.20749473571777344
A,A_0114,FINAL,harsanyi,ACD,0.10186243057250977
A,A_0114,FINAL,harsanyi,BCD,0.1584484577178955
A,A_0114,FINAL,harsanyi,ABCD,-0.20749473571777344
A,A_0114,FINAL,LOO,A,0.04904627799987793
A,A_0114,FINAL,LOO,B,0.0
A,A_0114,FINAL,LOO,C,0.0
A,A_0114,FINAL,LOO,D,0.10186243057250977
A,A_0115,STEP1,harsanyi,A,0.28415441513061523
A,A_0115,STEP1,harsanyi,B,0.056659579277038574
A,A_0115,STEP1,harsanyi,C,0.056659579277038574
A,A_0115,STEP1,harsanyi,D,0.10947573184967041
A,A_0115,STEP1,harsanyi,AB,-0.056659579277038574
A,A_0115,STEP1,harsanyi,AC,-0.056659579277038574
A,A_0115,STEP1,harsanyi,AD,-0.07429289817810059
A,A_0115,STEP1,harsanyi,BC,-0.056659579277038574
A,A_0115,STEP1,harsanyi,BD,-0.0076133012771606445
A,A_0115,STEP1,harsanyi,CD,-0.0076133012771606445
A,A_0115,STEP1,harsanyi,ABC,0.056659579277038574
A,A_0115,STEP1,harsanyi,ABD,0.0076133012771606445
A,A_0115,STEP1,harsanyi,ACD,0.03972494602203369
A,A_0115,STEP1,harsanyi,BCD,-0.041432976722717285
A,A_0115,STEP1,harsanyi,ABCD,0.07065403461456299
A,A_0115,STEP1,LOO,A,0.2711942195892334
A,A_0115,STEP1,LOO,B,0.029221057891845703
A,A_0115,STEP1,LOO,C,0.06133270263671875
A,A_0115,STEP1,LOO,D,0.09651553630828857
A,A_0115,STEP2,harsanyi,A,-0.035182833671569824
A,A_0115,STEP2,harsanyi,B,-0.07360926270484924
A,A_0115,STEP2,harsanyi,C,-0.07360926270484924
A,A_0115,STEP2,harsanyi,D,-0.035182833671569824
A,A_0115,STEP2,harsanyi,AB,0.035182833671569824
A,A_0115,STEP2,harsanyi,AC,0.14090374112129211
A,A_0115,STEP2,harsanyi,AD,-0.0032435953617095947
A,A_0115,STEP2,harsanyi,BC,0.17933017015457153
A,A_0115,STEP2,harsanyi,BD,0.035182833671569824
A,A_0115,STEP2,harsanyi,CD,-0.0066468119621276855
A,A_0115,STEP2,harsanyi,ABC,-0.17301538586616516
A,A_0115,STEP2,harsanyi,ABD,-0.1330086588859558
A,A_0115,STEP2,harsanyi,ACD,0.045073240995407104
A,A_0115,STEP2,harsanyi,BCD,-0.02546483278274536
A,A_0115,STEP2,harsanyi,ABCD,0.12329065799713135
A,A_0115,STEP2,LOO,A,0.0
A,A_0115,STEP2,LOO,B,-0.03211164474487305
A,A_0115,STEP2,LOO,C,0.20986151695251465
A,A_0115,STEP2,LOO,D,0.0
A,A_0115,FINAL,harsanyi,A,-0.14813750982284546
A,A_0115,FINAL,harsanyi,B,-0.07218378782272339
A,A_0115,FINAL,harsanyi,C,-0.07218378782272339
A,A_0115,FINAL,harsanyi,D,-0.07218378782272339
A,A_0115,FINAL,harsanyi,AB,0.14813750982284546
A,A_0115,FINAL,harsanyi,AC,0.14813750982284546
A,A_0115,FINAL,harsanyi,AD,0.07218378782272339
A,A_0115,FINAL,harsanyi,BC,0.14436763525009155
A,A_0115,FINAL,harsanyi,BD,0.07218378782272339
A,A_0115,FINAL,harsanyi,CD,0.07218378782272339
A,A_0115,FINAL,harsanyi,ABC,-0.22032135725021362
A,A_0115,FINAL,harsanyi,ABD,-0.14813750982284546
A,A_0115,FINAL,harsanyi,ACD,-0.14813750982284546
A,A_0115,FINAL,harsanyi,BCD,-0.14436763525009155
A,A_0115,FINAL,harsanyi,ABCD,0.1406976580619812
A,A_0115,FINAL,LOO,A,-0.1555774211883545
A,A_0115,FINAL,LOO,B,-0.07962369918823242
A,A_0115,FINAL,LOO,C,-0.07962369918823242
A,A_0115,FINAL,LOO,D,-0.1555774211883545
A,A_0116,STEP1,harsanyi,A,0.0
A,A_0116,STEP1,harsanyi,B,-0.06834042072296143
A,A_0116,STEP1,harsanyi,C,-0.06834042072296143
A,A_0116,STEP1,harsanyi,D,-0.1405242681503296
A,A_0116,STEP1,harsanyi,AB,0.06834042072296143
A,A_0116,STEP1,harsanyi,AC,0.0
A,A_0116,STEP1,harsanyi,AD,0.07218384742736816
A,A_0116,STEP1,harsanyi,BC,-0.0038434267044067383
A,A_0116,STEP1,harsanyi,BD,-0.0076133012771606445
A,A_0116,STEP1,harsanyi,CD,-0.0076133012771606445
A,A_0116,STEP1,harsanyi,ABC,0.0038434267044067383
A,A_0116,STEP1,harsanyi,ABD,0.0076133012771606445
A,A_0116,STEP1,harsanyi,ACD,0.0037698745727539062
A,A_0116,STEP1,harsanyi,BCD,0.22793471813201904
A,A_0116,STEP1,harsanyi,ABCD,-0.3038884401321411
A,A_0116,STEP1,LOO,A,-0.14813756942749023
A,A_0116,STEP1,LOO,B,-0.07595372200012207
A,A_0116,STEP1,LOO,C,-0.14813756942749023
A,A_0116,STEP1,LOO,D,-0.14813756942749023
A,A_0116,STEP2,harsanyi,A,0.0
A,A_0116,STEP2,harsanyi,B,0.17639076709747314
A,A_0116,STEP2,harsanyi,C,0.17639076709747314
A,A_0116,STEP2,harsanyi,D,0.08981716632843018
A,A_0116,STEP2,harsanyi,AB,0.0
A,A_0116,STEP2,harsanyi,AC,-0.08657360076904297
A,A_0116,STEP2,harsanyi,AD,0.08657360076904297
A,A_0116,STEP2,harsanyi,BC,-0.3527815341949463
A,A_0116,STEP2,harsanyi,BD,-0.08981716632843018
A,A_0116,STEP2,harsanyi,CD,-0.006646871566772461
A,A_0116,STEP2,harsanyi,ABC,0.1763906478881836
A,A_0116,STEP2,harsanyi,ABD,-0.003403306007385254
A,A_0116,STEP2,harsanyi,ACD,-0.08317029476165771
A,A_0116,STEP2,harsanyi,BCD,0.18303751945495605
A,A_0116,STEP2,harsanyi,ABCD,-0.17639052867889404
A,A_0116,STEP2,LOO,A,-0.08657348155975342
A,A_0116,STEP2,LOO,B,-0.08657360076904297
A,A_0116,STEP2,LOO,C,-0.16974389553070068
A,A_0116,STEP2,LOO,D,1.1920928955078125e-07
A,A_0116,FINAL,harsanyi,A,-0.07218378782272339
A,A_0116,FINAL,harsanyi,B,-0.07218378782272339
A,A_0116,FINAL,harsanyi,C,-0.07218378782272339
A,A_0116,FINAL,harsanyi,D,-0.07218378782272339
A,A_0116,FINAL,harsanyi,AB,0.14436763525009155
A,A_0116,FINAL,harsanyi,AC,0.07218378782272339
A,A_0116,FINAL,harsanyi,AD,0.14436763525009155
A,A_0116,FINAL,harsanyi,BC,0.07218378782272339
A,A_0116,FINAL,harsanyi,BD,0.07218378782272339
A,A_0116,FINAL,harsanyi,CD,0.07218378782272339
A,A_0116,FINAL,harsanyi,ABC,-0.14436763525009155
A,A_0116,FINAL,harsanyi,ABD,-0.21655148267745972
A,A_0116,FINAL,harsanyi,ACD,-0.14436763525009155
A,A_0116,FINAL,harsanyi,BCD,-0.07218378782272339
A,A_0116,FINAL,harsanyi,ABCD,0.14059776067733765
A,A_0116,FINAL,LOO,A,-0.07595372200012207
A,A_0116,FINAL,LOO,B,-0.07595372200012207
A,A_0116,FINAL,LOO,C,-0.07595372200012207
A,A_0116,FINAL,LOO,D,-0.07595372200012207
A,A_0117,STEP1,harsanyi,A,-0.4658454656600952
A,A_0117,STEP1,harsanyi,B,-0.06834042072296143
A,A_0117,STEP1,harsanyi,C,-0.06834042072296143
A,A_0117,STEP1,harsanyi,D,-0.1405242681503296
A,A_0117,STEP1,harsanyi,AB,0.06834018230438232
A,A_0117,STEP1,harsanyi,AC,0.06834030151367188
A,A_0117,STEP1,harsanyi,AD,0.05070698261260986
A,A_0117,STEP1,harsanyi,BC,-0.0038434267044067383
A,A_0117,STEP1,harsanyi,BD,0.1405242681503296
A,A_0117,STEP1,harsanyi,CD,0.06834042072296143
A,A_0117,STEP1,harsanyi,ABC,0.00384366512298584
A,A_0117,STEP1,harsanyi,ABD,-0.05070686340332031
A,A_0117,STEP1,harsanyi,ACD,-0.16122865676879883
A,A_0117,STEP1,harsanyi,BCD,-0.06834042072296143
A,A_0117,STEP1,harsanyi,ABCD,0.16122841835021973
A,A_0117,STEP1,LOO,A,-0.3253214359283447
A,A_0117,STEP1,LOO,B,0.18270540237426758
A,A_0117,STEP1,LOO,C,-1.1920928955078125e-07
A,A_0117,STEP1,LOO,D,-1.1920928955078125e-07
A,A_0117,STEP2,harsanyi,A,0.08981728553771973
A,A_0117,STEP2,harsanyi,B,0.17639076709747314
A,A_0117,STEP2,harsanyi,C,0.17639076709747314
A,A_0117,STEP2,harsanyi,D,0.0
A,A_0117,STEP2,harsanyi,AB,-0.006646990776062012
A,A_0117,STEP2,harsanyi,AC,-0.3590964078903198
A,A_0117,STEP2,harsanyi,AD,-0.08981728553771973
A,A_0117,STEP2,harsanyi,BC,-0.44566988945007324
A,A_0117,STEP2,harsanyi,BD,0.0
A,A_0117,STEP2,harsanyi,CD,0.08317029476165771
A,A_0117,STEP2,harsanyi,ABC,0.45863163471221924
A,A_0117,STEP2,harsanyi,ABD,0.006646990776062012
A,A_0117,STEP2,harsanyi,ACD,0.09953534603118896
A,A_0117,STEP2,harsanyi,BCD,0.09953522682189941
A,A_0117,STEP2,harsanyi,ABCD,-0.19907069206237793
A,A_0117,STEP2,LOO,A,-1.1920928955078125e-07
A,A_0117,STEP2,LOO,B,0.08981704711914062
A,A_0117,STEP2,LOO,C,-0.08657371997833252
A,A_0117,STEP2,LOO,D,-1.1920928955078125e-07
A,A_0117,FINAL,harsanyi,A,-0.14813750982284546
A,A_0117,FINAL,harsanyi,B,-0.07218378782272339
A,A_0117,FINAL,harsanyi,C,-0.07218378782272339
A,A_0117,FINAL,harsanyi,D,-0.14813750982284546
A,A_0117,FINAL,harsanyi,AB,0.22032135725021362
A,A_0117,FINAL,harsanyi,AC,0.14813750982284546
A,A_0117,FINAL,harsanyi,AD,0.14813750982284546
A,A_0117,FINAL,harsanyi,BC,0.14436763525009155
A,A_0117,FINAL,harsanyi,BD,0.14813750982284546
A,A_0117,FINAL,harsanyi,CD,0.22032135725021362
A,A_0117,FINAL,harsanyi,ABC,-0.22032135725021362
A,A_0117,FINAL,harsanyi,ABD,-0.2962750792503357
A,A_0117,FINAL,harsanyi,ACD,-0.2962750792503357
A,A_0117,FINAL,harsanyi,BCD,-0.22032135725021362
A,A_0117,FINAL,harsanyi,ABCD,0.2962750792503357
A,A_0117,FINAL,LOO,A,-0.14813756942749023
A,A_0117,FINAL,LOO,B,0.0
A,A_0117,FINAL,LOO,C,0.0
A,A_0117,FINAL,LOO,D,-0.14813756942749023
A,A_0118,STEP1,harsanyi,A,0.0
A,A_0118,STEP1,harsanyi,B,0.056659579277038574
A,A_0118,STEP1,harsanyi,C,0.056659579277038574
A,A_0118,STEP1,harsanyi,D,0.10947573184967041
A,A_0118,STEP1,harsanyi,AB,-0.056659579277038574
A,A_0118,STEP1,harsanyi,AC,0.0
A,A_0118,STEP1,harsanyi,AD,-0.052816152572631836
A,A_0118,STEP1,harsanyi,BC,-0.0038434267044067383
A,A_0118,STEP1,harsanyi,BD,-0.0076133012771606445
A,A_0118,STEP1,harsanyi,CD,-0.0076133012771606445
A,A_0118,STEP1,harsanyi,ABC,0.0038434267044067383
A,A_0118,STEP1,harsanyi,ABD,0.06042945384979248
A,A_0118,STEP1,harsanyi,ACD,0.0037698745727539062
A,A_0118,STEP1,harsanyi,BCD,-0.09424912929534912
A,A_0118,STEP1,harsanyi,ABCD,0.041432976722717285
A,A_0118,STEP1,LOO,A,0.0
A,A_0118,STEP1,LOO,B,0.0
A,A_0118,STEP1,LOO,C,0.0
A,A_0118,STEP1,LOO,D,0.052816152572631836
A,A_0118,STEP2,harsanyi,A,0.0
A,A_0118,STEP2,harsanyi,B,0.17639076709747314
A,A_0118,STEP2,harsanyi,C,0.17639076709747314
A,A_0118,STEP2,harsanyi,D,0.08981716632843018
A,A_0118,STEP2,harsanyi,AB,-1.1920928955078125e-07
A,A_0118,STEP2,harsanyi,AC,-0.08657360076904297
A,A_0118,STEP2,harsanyi,AD,0.08657360076904297
A,A_0118,STEP2,harsanyi,BC,-0.2629643678665161
A,A_0118,STEP2,harsanyi,BD,-0.08981716632843018
A,A_0118,STEP2,harsanyi,CD,-0.006646871566772461
A,A_0118,STEP2,harsanyi,ABC,0.1731473207473755
A,A_0118,STEP2,harsanyi,ABD,-0.003403186798095703
A,A_0118,STEP2,harsanyi,ACD,-0.08317029476165771
A,A_0118,STEP2,harsanyi,BCD,0.006646871566772461
A,A_0118,STEP2,harsanyi,ABCD,-2.384185791015625e-07
A,A_0118,STEP2,LOO,A,0.08657348155975342
A,A_0118,STEP2,LOO,B,-1.1920928955078125e-07
A,A_0118,STEP2,LOO,C,-0.08317041397094727
A,A_0118,STEP2,LOO,D,-1.1920928955078125e-07
A,A_0118,FINAL,harsanyi,A,0.052816152572631836
A,A_0118,FINAL,harsanyi,B,0.052816152572631836
A,A_0118,FINAL,harsanyi,C,0.052816152572631836
A,A_0118,FINAL,harsanyi,D,0.052816152572631836
A,A_0118,FINAL,harsanyi,AB,-0.10563230514526367
A,A_0118,FINAL,harsanyi,AC,-0.052816152572631836
A,A_0118,FINAL,harsanyi,AD,-0.10563230514526367
A,A_0118,FINAL,harsanyi,BC,-0.052816152572631836
A,A_0118,FINAL,harsanyi,BD,-0.10563230514526367
A,A_0118,FINAL,harsanyi,CD,-0.052816152572631836
A,A_0118,FINAL,harsanyi,ABC,0.052816152572631836
A,A_0118,FINAL,harsanyi,ABD,0.21126461029052734
A,A_0118,FINAL,harsanyi,ACD,0.10563230514526367
A,A_0118,FINAL,harsanyi,BCD,0.10563230514526367
A,A_0118,FINAL,harsanyi,ABCD,-0.1584484577178955
A,A_0118,FINAL,LOO,A,0.0
A,A_0118,FINAL,LOO,B,0.0
A,A_0118,FINAL,LOO,C,0.0
A,A_0118,FINAL,LOO,D,0.052816152572631836
A,A_0119,STEP1,harsanyi,A,0.0
A,A_0119,STEP1,harsanyi,B,-0.06834042072296143
A,A_0119,STEP1,harsanyi,C,-0.06834042072296143
A,A_0119,STEP1,harsanyi,D,-0.1405242681503296
A,A_0119,STEP1,harsanyi,AB,0.06834042072296143
A,A_0119,STEP1,harsanyi,AC,0.06834042072296143
A,A_0119,STEP1,harsanyi,AD,0.07218384742736816
A,A_0119,STEP1,harsanyi,BC,0.06834042072296143
A,A_0119,STEP1,harsanyi,BD,-0.0076133012771606445
A,A_0119,STEP1,harsanyi,CD,-0.0076133012771606445
A,A_0119,STEP1,harsanyi,ABC,-0.13668084144592285
A,A_0119,STEP1,harsanyi,ABD,0.0076133012771606445
A,A_0119,STEP1,harsanyi,ACD,0.0076133012771606445
A,A_0119,STEP1,harsanyi,BCD,0.08356702327728271
A,A_0119,STEP1,harsanyi,ABCD,-0.08741044998168945
A,A_0119,STEP1,LOO,A,0.0
A,A_0119,STEP1,LOO,B,-0.07218384742736816
A,A_0119,STEP1,LOO,C,-0.07218384742736816
A,A_0119,STEP1,LOO,D,-0.07218384742736816
A,A_0119,STEP2,harsanyi,A,0.0
A,A_0119,STEP2,harsanyi,B,-0.07360926270484924
A,A_0119,STEP2,harsanyi,C,-0.07360926270484924
A,A_0119,STEP2,harsanyi,D,-0.035182833671569824
A,A_0119,STEP2,harsanyi,AB,0.0
A,A_0119,STEP2,harsanyi,AC,0.07360926270484924
A,A_0119,STEP2,harsanyi,AD,-0.03842642903327942
A,A_0119,STEP2,harsanyi,BC,0.17933017015457153
A,A_0119,STEP2,harsanyi,BD,0.035182833671569824
A,A_0119,STEP2,harsanyi,CD,-0.0066468119621276855
A,A_0119,STEP2,harsanyi,ABC,-0.14090374112129211
A,A_0119,STEP2,harsanyi,ABD,-0.003403216600418091
A,A_0119,STEP2,harsanyi,ACD,0.08025607466697693
A,A_0119,STEP2,harsanyi,BCD,-0.02546483278274536
A,A_0119,STEP2,harsanyi,ABCD,0.028868049383163452
A,A_0119,STEP2,LOO,A,0.0
A,A_0119,STEP2,LOO,B,0.0
A,A_0119,STEP2,LOO,C,0.11543890833854675
A,A_0119,STEP2,LOO,D,0.035182833671569824
A,A_0119,FINAL,harsanyi,A,0.052816152572631836
A,A_0119,FINAL,harsanyi,B,0.052816152572631836
A,A_0119,FINAL,harsanyi,C,0.052816152572631836
A,A_0119,FINAL,harsanyi,D,0.052816152572631836
A,A_0119,FINAL,harsanyi,AB,-0.10563230514526367
A,A_0119,FINAL,harsanyi,AC,-0.10563230514526367
A,A_0119,FINAL,harsanyi,AD,-0.10563230514526367
A,A_0119,FINAL,harsanyi,BC,-0.10563230514526367
A,A_0119,FINAL,harsanyi,BD,-0.052816152572631836
A,A_0119,FINAL,harsanyi,CD,-0.052816152572631836
A,A_0119,FINAL,harsanyi,ABC,0.10178887844085693
A,A_0119,FINAL,harsanyi,ABD,0.1584484577178955
A,A_0119,FINAL,harsanyi,ACD,0.1584484577178955
A,A_0119,FINAL,harsanyi,BCD,0.10563230514526367
A,A_0119,FINAL,harsanyi,ABCD,-0.15460503101348877
A,A_0119,FINAL,LOO,A,0.0
A,A_0119,FINAL,LOO,B,0.0
A,A_0119,FINAL,LOO,C,0.0
A,A_0119,FINAL,LOO,D,0.10947573184967041
A,A_0120,STEP1,harsanyi,A,0.0
A,A_0120,STEP1,harsanyi,B,-0.06834042072296143
A,A_0120,STEP1,harsanyi,C,-0.06834042072296143
A,A_0120,STEP1,harsanyi,D,-0.1405242681503296
A,A_0120,STEP1,harsanyi,AB,0.06834042072296143
A,A_0120,STEP1,harsanyi,AC,0.06834042072296143
A,A_0120,STEP1,harsanyi,AD,0.1405242681503296
A,A_0120,STEP1,harsanyi,BC,0.06834042072296143
A,A_0120,STEP1,harsanyi,BD,0.1405242681503296
A,A_0120,STEP1,harsanyi,CD,0.06834042072296143
A,A_0120,STEP1,harsanyi,ABC,-0.13668084144592285
A,A_0120,STEP1,harsanyi,ABD,-0.20886468887329102
A,A_0120,STEP1,harsanyi,ACD,-0.06834042072296143
A,A_0120,STEP1,harsanyi,BCD,-0.1405242681503296
A,A_0120,STEP1,harsanyi,ABCD,0.20886468887329102
A,A_0120,STEP1,LOO,A,0.07218384742736816
A,A_0120,STEP1,LOO,B,-0.06834042072296143
A,A_0120,STEP1,LOO,C,0.0
A,A_0120,STEP1,LOO,D,0.0
A,A_0120,STEP2,harsanyi,A,0.0
A,A_0120,STEP2,harsanyi,B,0.17639076709747314
A,A_0120,STEP2,harsanyi,C,0.17639076709747314
A,A_0120,STEP2,harsanyi,D,0.0
A,A_0120,STEP2,harsanyi,AB,0.0
A,A_0120,STEP2,harsanyi,AC,-0.17639076709747314
A,A_0120,STEP2,harsanyi,AD,0.08981728553771973
A,A_0120,STEP2,harsanyi,BC,-0.44566988945007324
A,A_0120,STEP2,harsanyi,BD,-1.1920928955078125e-07
A,A_0120,STEP2,harsanyi,CD,0.08317029476165771
A,A_0120,STEP2,harsanyi,ABC,0.3590962886810303
A,A_0120,STEP2,harsanyi,ABD,-0.17639076709747314
A,A_0120,STEP2,harsanyi,ACD,-0.08317053318023682
A,A_0120,STEP2,harsanyi,BCD,0.09953534603118896
A,A_0120,STEP2,harsanyi,ABCD,-0.012961506843566895
A,A_0120,STEP2,LOO,A,0.0
A,A_0120,STEP2,LOO,B,1.1920928955078125e-07
A,A_0120,STEP2,LOO,C,0.0
A,A_0120,STEP2,LOO,D,0.0
A,A_0120,FINAL,harsanyi,A,-0.07218378782272339
A,A_0120,FINAL,harsanyi,B,-0.07218378782272339
A,A_0120,FINAL,harsanyi,C,-0.07218378782272339
A,A_0120,FINAL,harsanyi,D,-0.14813750982284546
A,A_0120,FINAL,harsanyi,AB,0.14436763525009155
A,A_0120,FINAL,harsanyi,AC,0.14436763525009155
A,A_0120,FINAL,harsanyi,AD,0.14813750982284546
A,A_0120,FINAL,harsanyi,BC,0.14436763525009155
A,A_0120,FINAL,harsanyi,BD,0.14813750982284546
A,A_0120,FINAL,harsanyi,CD,0.22032135725021362
A,A_0120,FINAL,harsanyi,ABC,-0.1482110619544983
A,A_0120,FINAL,harsanyi,ABD,-0.22032135725021362
A,A_0120,FINAL,harsanyi,ACD,-0.2925052046775818
A,A_0120,FINAL,harsanyi,BCD,-0.36845892667770386
A,A_0120,FINAL,harsanyi,ABCD,0.3723023533821106
A,A_0120,FINAL,LOO,A,0.07595372200012207
A,A_0120,FINAL,LOO,B,0.0
A,A_0120,FINAL,LOO,C,0.0
A,A_0120,FINAL,LOO,D,-0.1405242681503296
A,A_0121,STEP1,harsanyi,A,0.0
A,A_0121,STEP1,harsanyi,B,0.056659579277038574
A,A_0121,STEP1,harsanyi,C,0.056659579277038574
A,A_0121,STEP1,harsanyi,D,0.10947573184967041
A,A_0121,STEP1,harsanyi,AB,-0.056659579277038574
A,A_0121,STEP1,harsanyi,AC,0.0
A,A_0121,STEP1,harsanyi,AD,-0.10947573184967041
A,A_0121,STEP1,harsanyi,BC,-0.0038434267044067383
A,A_0121,STEP1,harsanyi,BD,-0.10947573184967041
A,A_0121,STEP1,harsanyi,CD,-0.056659579277038574
A,A_0121,STEP1,harsanyi,ABC,0.0038434267044067383
A,A_0121,STEP1,harsanyi,ABD,0.16613531112670898
A,A_0121,STEP1,harsanyi,ACD,0.056659579277038574
A,A_0121,STEP1,harsanyi,BCD,0.056659579277038574
A,A_0121,STEP1,harsanyi,ABCD,-0.06050300598144531
A,A_0121,STEP1,LOO,A,0.0
A,A_0121,STEP1,LOO,B,0.052816152572631836
A,A_0121,STEP1,LOO,C,0.052816152572631836
A,A_0121,STEP1,LOO,D,0.052816152572631836
A,A_0121,STEP2,harsanyi,A,0.0
A,A_0121,STEP2,harsanyi,B,-0.07360926270484924
A,A_0121,STEP2,harsanyi,C,-0.07360926270484924
A,A_0121,STEP2,harsanyi,D,0.0
A,A_0121,STEP2,harsanyi,AB,0.0
A,A_0121,STEP2,harsanyi,AC,0.03842642903327942
A,A_0121,STEP2,harsanyi,AD,-0.035182833671569824
A,A_0121,STEP2,harsanyi,BC,0.11203569173812866
A,A_0121,STEP2,harsanyi,BD,0.0
A,A_0121,STEP2,harsanyi,CD,0.0
A,A_0121,STEP2,harsanyi,ABC,-0.07685285806655884
A,A_0121,STEP2,harsanyi,ABD,0.07360926270484924
A,A_0121,STEP2,harsanyi,ACD,-0.0032435953617095947
A,A_0121,STEP2,harsanyi,BCD,-0.03842642903327942
A,A_0121,STEP2,harsanyi,ABCD,0.0032435953617095947
A,A_0121,STEP2,LOO,A,0.0
A,A_0121,STEP2,LOO,B,0.0
A,A_0121,STEP2,LOO,C,-0.03842642903327942
A,A_0121,STEP2,LOO,D,0.0
A,A_0121,FINAL,harsanyi,A,-0.07218378782272339
A,A_0121,FINAL,harsanyi,B,-0.07218378782272339
A,A_0121,FINAL,harsanyi,C,-0.07218378782272339
A,A_0121,FINAL,harsanyi,D,-0.14813750982284546
A,A_0121,FINAL,harsanyi,AB,0.14436763525009155
A,A_0121,FINAL,harsanyi,AC,0.07218378782272339
A,A_0121,FINAL,harsanyi,AD,0.14813750982284546
A,A_0121,FINAL,harsanyi,BC,0.07218378782272339
A,A_0121,FINAL,harsanyi,BD,0.14813750982284546
A,A_0121,FINAL,harsanyi,CD,0.14813750982284546
A,A_0121,FINAL,harsanyi,ABC,-0.07218378782272339
A,A_0121,FINAL,harsanyi,ABD,-0.14813750982284546
A,A_0121,FINAL,harsanyi,ACD,-0.14813750982284546
A,A_0121,FINAL,harsanyi,BCD,-0.22409123182296753
A,A_0121,FINAL,harsanyi,ABCD,0.0759536623954773
A,A_0121,FINAL,LOO,A,0.0
A,A_0121,FINAL,LOO,B,-0.07595372200012207
A,A_0121,FINAL,LOO,C,-0.14813756942749023
A,A_0121,FINAL,LOO,D,-0.14813756942749023
A,A_0122,STEP1,harsanyi,A,-0.4658454656600952
A,A_0122,STEP1,harsanyi,B,-0.06834042072296143
A,A_0122,STEP1,harsanyi,C,-0.06834042072296143
A,A_0122,STEP1,harsanyi,D,-0.1405242681503296
A,A_0122,STEP1,harsanyi,AB,0.06834018230438232
A,A_0122,STEP1,harsanyi,AC,-0.0214768648147583
A,A_0122,STEP1,harsanyi,AD,0.05070698261260986
A,A_0122,STEP1,harsanyi,BC,-0.0038434267044067383
A,A_0122,STEP1,harsanyi,BD,-0.0076133012771606445
A,A_0122,STEP1,harsanyi,CD,-0.0076133012771606445
A,A_0122,STEP1,harsanyi,ABC,0.09366083145141602
A,A_0122,STEP1,harsanyi,ABD,0.007613539695739746
A,A_0122,STEP1,harsanyi,ACD,-0.09123671054840088
A,A_0122,STEP1,harsanyi,BCD,0.15575087070465088
A,A_0122,STEP1,harsanyi,ABCD,-0.14978933334350586
A,A_0122,STEP1,LOO,A,-0.5080268383026123
A,A_0122,STEP1,LOO,B,0.0957789421081543
A,A_0122,STEP1,LOO,C,-0.09288835525512695
A,A_0122,STEP1,LOO,D,-0.18270552158355713
A,A_0122,STEP2,harsanyi,A,0.08981728553771973
A,A_0122,STEP2,harsanyi,B,0.17639076709747314
A,A_0122,STEP2,harsanyi,C,0.17639076709747314
A,A_0122,STEP2,harsanyi,D,0.08981716632843018
A,A_0122,STEP2,harsanyi,AB,-0.006646990776062012
A,A_0122,STEP2,harsanyi,AC,-0.1763908863067627
A,A_0122,STEP2,harsanyi,AD,-0.003243684768676758
A,A_0122,STEP2,harsanyi,BC,-0.2629643678665161
A,A_0122,STEP2,harsanyi,BD,-0.08981716632843018
A,A_0122,STEP2,harsanyi,CD,-0.006646871566772461
A,A_0122,STEP2,harsanyi,ABC,0.26296448707580566
A,A_0122,STEP2,harsanyi,ABD,0.08286738395690918
A,A_0122,STEP2,harsanyi,ACD,0.006646990776062012
A,A_0122,STEP2,harsanyi,BCD,0.006646871566772461
A,A_0122,STEP2,harsanyi,ABCD,-0.16944098472595215
A,A_0122,STEP2,LOO,A,0.08657360076904297
A,A_0122,STEP2,LOO,B,0.0
A,A_0122,STEP2,LOO,C,-0.16279399394989014
A,A_0122,STEP2,LOO,D,-0.08317029476165771
A,A_0122,FINAL,harsanyi,A,-0.14813750982284546
A,A_0122,FINAL,harsanyi,B,-0.07218378782272339
A,A_0122,FINAL,harsanyi,C,-0.07218378782272339
A,A_0122,FINAL,harsanyi,D,-0.07218378782272339
A,A_0122,FINAL,harsanyi,AB,0.22032135725021362
A,A_0122,FINAL,harsanyi,AC,0.07218378782272339
A,A_0122,FINAL,harsanyi,AD,0.07218378782272339
A,A_0122,FINAL,harsanyi,BC,0.07218378782272339
A,A_0122,FINAL,harsanyi,BD,0.14436763525009155
A,A_0122,FINAL,harsanyi,CD,0.07218378782272339
A,A_0122,FINAL,harsanyi,ABC,-0.22032135725021362
A,A_0122,FINAL,harsanyi,ABD,-0.2925052046775818
A,A_0122,FINAL,harsanyi,ACD,-0.1518074870109558
A,A_0122,FINAL,harsanyi,BCD,-0.14436763525009155
A,A_0122,FINAL,harsanyi,ABCD,0.2925052046775818
A,A_0122,FINAL,LOO,A,-0.1555774211883545
A,A_0122,FINAL,LOO,B,0.0
A,A_0122,FINAL,LOO,C,-0.07962369918823242
A,A_0122,FINAL,LOO,D,-0.07962369918823242
A,A_0123,STEP1,harsanyi,A,-0.4658454656600952
A,A_0123,STEP1,harsanyi,B,-0.06834042072296143
A,A_0123,STEP1,harsanyi,C,-0.06834042072296143
A,A_0123,STEP1,harsanyi,D,-0.1405242681503296
A,A_0123,STEP1,harsanyi,AB,0.06834018230438232
A,A_0123,STEP1,harsanyi,AC,-0.0214768648147583
A,A_0123,STEP1,harsanyi,AD,0.05070698261260986
A,A_0123,STEP1,harsanyi,BC,-0.0038434267044067383
A,A_0123,STEP1,harsanyi,BD,0.1405242681503296
A,A_0123,STEP1,harsanyi,CD,0.06834042072296143
A,A_0123,STEP1,harsanyi,ABC,0.09366083145141602
A,A_0123,STEP1,harsanyi,ABD,-0.05070686340332031
A,A_0123,STEP1,harsanyi,ACD,-0.07141149044036865
A,A_0123,STEP1,harsanyi,BCD,-0.06834042072296143
A,A_0123,STEP1,harsanyi,ABCD,-0.018405795097351074
A,A_0123,STEP1,LOO,A,-0.41513848304748535
A,A_0123,STEP1,LOO,B,0.09288835525512695
A,A_0123,STEP1,LOO,C,-0.08981716632843018
A,A_0123,STEP1,LOO,D,-0.08981716632843018
A,A_0123,STEP2,harsanyi,A,-0.035182833671569824
A,A_0123,STEP2,harsanyi,B,-0.07360926270484924
A,A_0123,STEP2,harsanyi,C,-0.07360926270484924
A,A_0123,STEP2,harsanyi,D,0.0
A,A_0123,STEP2,harsanyi,AB,-0.0066468119621276855
A,A_0123,STEP2,harsanyi,AC,0.07360926270484924
A,A_0123,STEP2,harsanyi,AD,0.035182833671569824
A,A_0123,STEP2,harsanyi,BC,0.11203569173812866
A,A_0123,STEP2,harsanyi,BD,0.0
A,A_0123,STEP2,harsanyi,CD,0.0
A,A_0123,STEP2,harsanyi,ABC,-0.11203569173812866
A,A_0123,STEP2,harsanyi,ABD,0.0066468119621276855
A,A_0123,STEP2,harsanyi,ACD,-0.07360926270484924
A,A_0123,STEP2,harsanyi,BCD,-0.03842642903327942
A,A_0123,STEP2,harsanyi,ABCD,0.07020604610443115
A,A_0123,STEP2,LOO,A,-0.04182964563369751
A,A_0123,STEP2,LOO,B,-0.04182964563369751
A,A_0123,STEP2,LOO,C,-0.04182964563369751
A,A_0123,STEP2,LOO,D,0.0
A,A_0123,FINAL,harsanyi,A,0.10186243057250977
A,A_0123,FINAL,harsanyi,B,0.052816152572631836
A,A_0123,FINAL,harsanyi,C,0.052816152572631836
A,A_0123,FINAL,harsanyi,D,0.10186243057250977
A,A_0123,FINAL,harsanyi,AB,-0.1546785831451416
A,A_0123,FINAL,harsanyi,AC,-0.052816152572631836
A,A_0123,FINAL,harsanyi,AD,-0.10186243057250977
A,A_0123,FINAL,harsanyi,BC,-0.052816152572631836
A,A_0123,FINAL,harsanyi,BD,-0.10186243057250977
A,A_0123,FINAL,harsanyi,CD,-0.10186243057250977
A,A_0123,FINAL,harsanyi,ABC,0.1546785831451416
A,A_0123,FINAL,harsanyi,ABD,0.20372486114501953
A,A_0123,FINAL,harsanyi,ACD,0.052816152572631836
A,A_0123,FINAL,harsanyi,BCD,0.1509087085723877
A,A_0123,FINAL,harsanyi,ABCD,-0.20372486114501953
A,A_0123,FINAL,LOO,A,0.0
A,A_0123,FINAL,LOO,B,0.04904627799987793
A,A_0123,FINAL,LOO,C,0.0
A,A_0123,FINAL,LOO,D,0.0
A,A_0124,STEP1,harsanyi,A,0.0
A,A_0124,STEP1,harsanyi,B,0.056659579277038574
A,A_0124,STEP1,harsanyi,C,0.056659579277038574
A,A_0124,STEP1,harsanyi,D,0.10947573184967041
A,A_0124,STEP1,harsanyi,AB,-0.056659579277038574
A,A_0124,STEP1,harsanyi,AC,-0.056659579277038574
A,A_0124,STEP1,harsanyi,AD,-0.052816152572631836
A,A_0124,STEP1,harsanyi,BC,-0.0038434267044067383
A,A_0124,STEP1,harsanyi,BD,-0.0076133012771606445
A,A_0124,STEP1,harsanyi,CD,-0.0076133012771606445
A,A_0124,STEP1,harsanyi,ABC,0.06050300598144531
A,A_0124,STEP1,harsanyi,ABD,0.06042945384979248
A,A_0124,STEP1,harsanyi,ACD,0.0076133012771606445
A,A_0124,STEP1,harsanyi,BCD,-0.04520285129547119
A,A_0124,STEP1,harsanyi,ABCD,0.03758955001831055
A,A_0124,STEP1,LOO,A,0.0
A,A_0124,STEP1,LOO,B,0.10186243057250977
A,A_0124,STEP1,LOO,C,0.04904627799987793
A,A_0124,STEP1,LOO,D,0.10186243057250977
A,A_0124,STEP2,harsanyi,A,0.0
A,A_0124,STEP2,harsanyi,B,-0.07360926270484924
A,A_0124,STEP2,harsanyi,C,-0.07360926270484924
A,A_0124,STEP2,harsanyi,D,-0.035182833671569824
A,A_0124,STEP2,harsanyi,AB,0.0
A,A_0124,STEP2,harsanyi,AC,0.07360926270484924
A,A_0124,STEP2,harsanyi,AD,-0.03842642903327942
A,A_0124,STEP2,harsanyi,BC,0.17933017015457153
A,A_0124,STEP2,harsanyi,BD,0.035182833671569824
A,A_0124,STEP2,harsanyi,CD,-0.0066468119621276855
A,A_0124,STEP2,harsanyi,ABC,-0.14090374112129211
A,A_0124,STEP2,harsanyi,ABD,-0.003403216600418091
A,A_0124,STEP2,harsanyi,ACD,0.08025607466697693
A,A_0124,STEP2,harsanyi,BCD,-0.060647666454315186
A,A_0124,STEP2,harsanyi,ABCD,0.06405088305473328
A,A_0124,STEP2,LOO,A,0.035182833671569824
A,A_0124,STEP2,LOO,B,0.0
A,A_0124,STEP2,LOO,C,0.11543890833854675
A,A_0124,STEP2,LOO,D,0.035182833671569824
A,A_0124,FINAL,harsanyi,A,-0.07218378782272339
A,A_0124,FINAL,harsanyi,B,-0.07218378782272339
A,A_0124,FINAL,harsanyi,C,-0.07218378782272339
A,A_0124,FINAL,harsanyi,D,-0.07218378782272339
A,A_0124,FINAL,harsanyi,AB,0.14436763525009155
A,A_0124,FINAL,harsanyi,AC,0.14436763525009155
A,A_0124,FINAL,harsanyi,AD,0.14436763525009155
A,A_0124,FINAL,harsanyi,BC,0.14436763525009155
A,A_0124,FINAL,harsanyi,BD,0.14436763525009155
A,A_0124,FINAL,harsanyi,CD,0.07218378782272339
A,A_0124,FINAL,harsanyi,ABC,-0.1482110619544983
A,A_0124,FINAL,harsanyi,ABD,-0.2887353301048279
A,A_0124,FINAL,harsanyi,ACD,-0.21655148267745972
A,A_0124,FINAL,harsanyi,BCD,-0.21655148267745972
A,A_0124,FINAL,harsanyi,ABCD,0.21662503480911255
A,A_0124,FINAL,LOO,A,-0.07595372200012207
A,A_0124,FINAL,LOO,B,-0.07595372200012207
A,A_0124,FINAL,LOO,C,-0.07595372200012207
A,A_0124,FINAL,LOO,D,-0.21647799015045166
A,A_0125,STEP1,harsanyi,A,0.28415441513061523
A,A_0125,STEP1,harsanyi,B,0.056659579277038574
A,A_0125,STEP1,harsanyi,C,0.056659579277038574
A,A_0125,STEP1,harsanyi,D,0.10947573184967041
A,A_0125,STEP1,harsanyi,AB,-0.056659579277038574
A,A_0125,STEP1,harsanyi,AC,-0.02147674560546875
A,A_0125,STEP1,harsanyi,AD,-0.07429289817810059
A,A_0125,STEP1,harsanyi,BC,-0.0038434267044067383
A,A_0125,STEP1,harsanyi,BD,-0.10947573184967041
A,A_0125,STEP1,harsanyi,CD,-0.056659579277038574
A,A_0125,STEP1,harsanyi,ABC,0.0038434267044067383
A,A_0125,STEP1,harsanyi,ABD,0.07429289817810059
A,A_0125,STEP1,harsanyi,ACD,0.0535883903503418
A,A_0125,STEP1,harsanyi,BCD,0.0038434267044067383
A,A_0125,STEP1,harsanyi,ABCD,-0.035955071449279785
A,A_0125,STEP1,LOO,A,0.22749483585357666
A,A_0125,STEP1,LOO,B,-0.06729447841644287
A,A_0125,STEP1,LOO,C,0.0
A,A_0125,STEP1,LOO,D,-0.035182833671569824
A,A_0125,STEP2,harsanyi,A,-0.035182833671569824
A,A_0125,STEP2,harsanyi,B,-0.07360926270484924
A,A_0125,STEP2,harsanyi,C,-0.07360926270484924
A,A_0125,STEP2,harsanyi,D,0.0
A,A_0125,STEP2,harsanyi,AB,0.035182833671569824
A,A_0125,STEP2,harsanyi,AC,0.07360926270484924
A,A_0125,STEP2,harsanyi,AD,0.035182833671569824
A,A_0125,STEP2,harsanyi,BC,0.1472185254096985
A,A_0125,STEP2,harsanyi,BD,0.0
A,A_0125,STEP2,harsanyi,CD,0.0
A,A_0125,STEP2,harsanyi,ABC,-0.1472185254096985
A,A_0125,STEP2,harsanyi,ABD,-0.035182833671569824
A,A_0125,STEP2,harsanyi,ACD,-0.07360926270484924
A,A_0125,STEP2,harsanyi,BCD,-0.07360926270484924
A,A_0125,STEP2,harsanyi,ABCD,0.10538887977600098
A,A_0125,STEP2,LOO,A,-0.04182964563369751
A,A_0125,STEP2,LOO,B,-0.04182964563369751
A,A_0125,STEP2,LOO,C,-0.04182964563369751
A,A_0125,STEP2,LOO,D,-0.04182964563369751
A,A_0125,FINAL,harsanyi,A,-0.14813750982284546
A,A_0125,FINAL,harsanyi,B,-0.07218378782272339
A,A_0125,FINAL,harsanyi,C,-0.07218378782272339
A,A_0125,FINAL,harsanyi,D,-0.14813750982284546
A,A_0125,FINAL,harsanyi,AB,0.14813750982284546
A,A_0125,FINAL,harsanyi,AC,0.07218378782272339
A,A_0125,FINAL,harsanyi,AD,0.14813750982284546
A,A_0125,FINAL,harsanyi,BC,0.07218378782272339
A,A_0125,FINAL,harsanyi,BD,0.14813750982284546
A,A_0125,FINAL,harsanyi,CD,0.14813750982284546
A,A_0125,FINAL,harsanyi,ABC,5.960464477539063e-08
A,A_0125,FINAL,harsanyi,ABD,-0.14813750982284546
A,A_0125,FINAL,harsanyi,ACD,-0.07218378782272339
A,A_0125,FINAL,harsanyi,BCD,-0.22409123182296753
A,A_0125,FINAL,harsanyi,ABCD,-0.0796237587928772
A,A_0125,FINAL,LOO,A,-0.07962369918823242
A,A_0125,FINAL,LOO,B,-0.1555774211883545
A,A_0125,FINAL,LOO,C,-0.1555774211883545
A,A_0125,FINAL,LOO,D,-0.22776126861572266
A,A_0126,STEP1,harsanyi,A,0.28415441513061523
A,A_0126,STEP1,harsanyi,B,0.056659579277038574
A,A_0126,STEP1,harsanyi,C,0.056659579277038574
A,A_0126,STEP1,harsanyi,D,0.10947573184967041
A,A_0126,STEP1,harsanyi,AB,-0.056659579277038574
A,A_0126,STEP1,harsanyi,AC,-0.056659579277038574
A,A_0126,STEP1,harsanyi,AD,-0.07429289817810059
A,A_0126,STEP1,harsanyi,BC,-0.056659579277038574
A,A_0126,STEP1,harsanyi,BD,-0.10947573184967041
A,A_0126,STEP1,harsanyi,CD,-0.056659579277038574
A,A_0126,STEP1,harsanyi,ABC,0.056659579277038574
A,A_0126,STEP1,harsanyi,ABD,0.07429289817810059
A,A_0126,STEP1,harsanyi,ACD,0.08877122402191162
A,A_0126,STEP1,harsanyi,BCD,0.10947573184967041
A,A_0126,STEP1,harsanyi,ABCD,-0.10640454292297363
A,A_0126,STEP1,LOO,A,0.20986151695251465
A,A_0126,STEP1,LOO,B,-0.03211164474487305
A,A_0126,STEP1,LOO,C,0.035182833671569824
A,A_0126,STEP1,LOO,D,0.035182833671569824
A,A_0126,STEP2,harsanyi,A,0.08981728553771973
A,A_0126,STEP2,harsanyi,B,0.17639076709747314
A,A_0126,STEP2,harsanyi,C,0.17639076709747314
A,A_0126,STEP2,harsanyi,D,0.0
A,A_0126,STEP2,harsanyi,AB,-0.08981740474700928
A,A_0126,STEP2,harsanyi,AC,-0.3590964078903198
A,A_0126,STEP2,harsanyi,AD,-0.08981728553771973
A,A_0126,STEP2,harsanyi,BC,-0.44566988945007324
A,A_0126,STEP2,harsanyi,BD,-1.1920928955078125e-07
A,A_0126,STEP2,harsanyi,CD,0.08317029476165771
A,A_0126,STEP2,harsanyi,ABC,0.45198488235473633
A,A_0126,STEP2,harsanyi,ABD,0.08981752395629883
A,A_0126,STEP2,harsanyi,ACD,0.09953534603118896
A,A_0126,STEP2,harsanyi,BCD,0.09953534603118896
A,A_0126,STEP2,harsanyi,ABCD,-0.19242393970489502
A,A_0126,STEP2,LOO,A,0.0
A,A_0126,STEP2,LOO,B,0.08981716632843018
A,A_0126,STEP2,LOO,C,-0.08657360076904297
A,A_0126,STEP2,LOO,D,0.08981716632843018
A,A_0126,FINAL,harsanyi,A,0.10186243057250977
A,A_0126,FINAL,harsanyi,B,0.052816152572631836
A,A_0126,FINAL,harsanyi,C,0.052816152572631836
A,A_0126,FINAL,harsanyi,D,0.10186243057250977
A,A_0126,FINAL,harsanyi,AB,-0.10186243057250977
A,A_0126,FINAL,harsanyi,AC,-0.10186243057250977
A,A_0126,FINAL,harsanyi,AD,-0.10186243057250977
A,A_0126,FINAL,harsanyi,BC,-0.10563230514526367
A,A_0126,FINAL,harsanyi,BD,-0.10186243057250977
A,A_0126,FINAL,harsanyi,CD,-0.1546785831451416
A,A_0126,FINAL,harsanyi,ABC,0.1546785831451416
A,A_0126,FINAL,harsanyi,ABD,0.10186243057250977
A,A_0126,FINAL,harsanyi,ACD,0.20372486114501953
A,A_0126,FINAL,harsanyi,BCD,0.25654101371765137
A,A_0126,FINAL,harsanyi,ABCD,-0.25654101371765137
A,A_0126,FINAL,LOO,A,0.0
A,A_0126,FINAL,LOO,B,0.0
A,A_0126,FINAL,LOO,C,0.04904627799987793
A,A_0126,FINAL,LOO,D,0.04904627799987793
A,A_0127,STEP1,harsanyi,A,0.28415441513061523
A,A_0127,STEP1,harsanyi,B,0.056659579277038574
A,A_0127,STEP1,harsanyi,C,0.056659579277038574
A,A_0127,STEP1,harsanyi,D,0.10947573184967041
A,A_0127,STEP1,harsanyi,AB,-0.056659579277038574
A,A_0127,STEP1,harsanyi,AC,-0.02147674560546875
A,A_0127,STEP1,harsanyi,AD,-0.07429289817810059
A,A_0127,STEP1,harsanyi,BC,-0.0038434267044067383
A,A_0127,STEP1,harsanyi,BD,-0.0076133012771606445
A,A_0127,STEP1,harsanyi,CD,-0.0076133012771606445
A,A_0127,STEP1,harsanyi,ABC,0.0038434267044067383
A,A_0127,STEP1,harsanyi,ABD,0.0076133012771606445
A,A_0127,STEP1,harsanyi,ACD,0.03376317024230957
A,A_0127,STEP1,harsanyi,BCD,-0.14706528186798096
A,A_0127,STEP1,harsanyi,ABCD,0.11784422397613525
A,A_0127,STEP1,LOO,A,0.29478931427001953
A,A_0127,STEP1,LOO,B,-0.029221057891845703
A,A_0127,STEP1,LOO,C,0.03211164474487305
A,A_0127,STEP1,LOO,D,0.03211164474487305
A,A_0127,STEP2,harsanyi,A,0.08981728553771973
A,A_0127,STEP2,harsanyi,B,0.17639076709747314
A,A_0127,STEP2,harsanyi,C,0.17639076709747314
A,A_0127,STEP2,harsanyi,D,0.08981716632843018
A,A_0127,STEP2,harsanyi,AB,-0.08981740474700928
A,A_0127,STEP2,harsanyi,AC,-0.1763908863067627
A,A_0127,STEP2,harsanyi,AD,-0.003243684768676758
A,A_0127,STEP2,harsanyi,BC,-0.3527815341949463
A,A_0127,STEP2,harsanyi,BD,-0.08981716632843018
A,A_0127,STEP2,harsanyi,CD,-0.006646871566772461
A,A_0127,STEP2,harsanyi,ABC,0.3527817726135254
A,A_0127,STEP2,harsanyi,ABD,0.24199151992797852
A,A_0127,STEP2,harsanyi,ACD,0.006646990776062012
A,A_0127,STEP2,harsanyi,BCD,0.18303751945495605
A,A_0127,STEP2,harsanyi,ABCD,-0.42178547382354736
A,A_0127,STEP2,LOO,A,1.1920928955078125e-07
A,A_0127,STEP2,LOO,B,0.0
A,A_0127,STEP2,LOO,C,-0.2387477159500122
A,A_0127,STEP2,LOO,D,0.0
A,A_0127,FINAL,harsanyi,A,0.10186243057250977
A,A_0127,FINAL,harsanyi,B,0.052816152572631836
A,A_0127,FINAL,harsanyi,C,0.052816152572631836
A,A_0127,FINAL,harsanyi,D,0.052816152572631836
A,A_0127,FINAL,harsanyi,AB,-0.10186243057250977
A,A_0127,FINAL,harsanyi,AC,-0.052816152572631836
A,A_0127,FINAL,harsanyi,AD,-0.052816152572631836
A,A_0127,FINAL,harsanyi,BC,-0.052816152572631836
A,A_0127,FINAL,harsanyi,BD,-0.052816152572631836
A,A_0127,FINAL,harsanyi,CD,-0.052816152572631836
A,A_0127,FINAL,harsanyi,ABC,0.0
A,A_0127,FINAL,harsanyi,ABD,0.10186243057250977
A,A_0127,FINAL,harsanyi,ACD,0.0981924831867218
A,A_0127,FINAL,harsanyi,BCD,0.052816152572631836
A,A_0127,FINAL,harsanyi,ABCD,0.0
A,A_0127,FINAL,LOO,A,0.0944226086139679
A,A_0127,FINAL,LOO,B,0.0
A,A_0127,FINAL,LOO,C,0.045376330614089966
A,A_0127,FINAL,LOO,D,0.14723876118659973
B,B_0000,STEP,harsanyi,A,0.07218384742736816
B,B_0000,STEP,harsanyi,B,-0.07595372200012207
B,B_0000,STEP,harsanyi,C,-0.07595372200012207
B,B_0000,STEP,harsanyi,D,-0.07595372200012207
B,B_0000,STEP,harsanyi,AB,0.0037698745727539062
B,B_0000,STEP,harsanyi,AC,0.0037698745727539062
B,B_0000,STEP,harsanyi,AD,0.07595372200012207
B,B_0000,STEP,harsanyi,BC,0.07595372200012207
B,B_0000,STEP,harsanyi,BD,0.15190744400024414
B,B_0000,STEP,harsanyi,CD,0.07595372200012207
B,B_0000,STEP,harsanyi,ABC,-0.07972359657287598
B,B_0000,STEP,harsanyi,ABD,-0.2278611660003662
B,B_0000,STEP,harsanyi,ACD,-0.15190744400024414
B,B_0000,STEP,harsanyi,BCD,-0.15190744400024414
B,B_0000,STEP,harsanyi,ABCD,0.22419118881225586
B,B_0000,STEP,LOO,A,-0.07962369918823242
B,B_0000,STEP,LOO,B,-0.07962369918823242
B,B_0000,STEP,LOO,C,-0.07962369918823242
B,B_0000,STEP,LOO,D,-0.07962369918823242
B,B_0001,STEP,harsanyi,A,-0.10947573184967041
B,B_0001,STEP,harsanyi,B,0.04904627799987793
B,B_0001,STEP,harsanyi,C,-0.052816152572631836
B,B_0001,STEP,harsanyi,D,0.04904627799987793
B,B_0001,STEP,harsanyi,AB,0.06042945384979248
B,B_0001,STEP,harsanyi,AC,0.16229188442230225
B,B_0001,STEP,harsanyi,AD,0.0076133012771606445
B,B_0001,STEP,harsanyi,BC,0.052816152572631836
B,B_0001,STEP,harsanyi,BD,-0.09809255599975586
B,B_0001,STEP,harsanyi,CD,-0.04904627799987793
B,B_0001,STEP,harsanyi,ABC,-0.16229188442230225
B,B_0001,STEP,harsanyi,ABD,0.09047925472259521
B,B_0001,STEP,harsanyi,ACD,-0.0076133012771606445
B,B_0001,STEP,harsanyi,BCD,0.09809255599975586
B,B_0001,STEP,harsanyi,ABCD,-0.041432976722717285
B,B_0001,STEP,LOO,A,0.0
B,B_0001,STEP,LOO,B,0.04904627799987793
B,B_0001,STEP,LOO,C,0.0
B,B_0001,STEP,LOO,D,0.04904627799987793
B,B_0002,STEP,harsanyi,A,-0.052816152572631836
B,B_0002,STEP,harsanyi,B,0.04904627799987793
B,B_0002,STEP,harsanyi,C,-0.052816152572631836
B,B_0002,STEP,harsanyi,D,0.04904627799987793
B,B_0002,STEP,harsanyi,AB,0.0037698745727539062
B,B_0002,STEP,harsanyi,AC,0.10563230514526367
B,B_0002,STEP,harsanyi,AD,-0.04904627799987793
B,B_0002,STEP,harsanyi,BC,0.0037698745727539062
B,B_0002,STEP,harsanyi,BD,-0.09809255599975586
B,B_0002,STEP,harsanyi,CD,-0.04904627799987793
B,B_0002,STEP,harsanyi,ABC,-0.10940217971801758
B,B_0002,STEP,harsanyi,ABD,0.1471388339996338
B,B_0002,STEP,harsanyi,ACD,0.04904627799987793
B,B_0002,STEP,harsanyi,BCD,0.09809255599975586
B,B_0002,STEP,harsanyi,ABCD,-0.04527640342712402
B,B_0002,STEP,LOO,A,0.04904627799987793
B,B_0002,STEP,LOO,B,0.04904627799987793
B,B_0002,STEP,LOO,C,0.0
B,B_0002,STEP,LOO,D,0.10186243057250977
B,B_0003,STEP,harsanyi,A,-0.052816152572631836
B,B_0003,STEP,harsanyi,B,0.04904627799987793
B,B_0003,STEP,harsanyi,C,0.04904627799987793
B,B_0003,STEP,harsanyi,D,-0.052816152572631836
B,B_0003,STEP,harsanyi,AB,0.0037698745727539062
B,B_0003,STEP,harsanyi,AC,0.0037698745727539062
B,B_0003,STEP,harsanyi,AD,0.052816152572631836
B,B_0003,STEP,harsanyi,BC,-0.09809255599975586
B,B_0003,STEP,harsanyi,BD,0.0037698745727539062
B,B_0003,STEP,harsanyi,CD,0.052816152572631836
B,B_0003,STEP,harsanyi,ABC,0.04527640342712402
B,B_0003,STEP,harsanyi,ABD,0.04527640342712402
B,B_0003,STEP,harsanyi,ACD,-0.052816152572631836
B,B_0003,STEP,harsanyi,BCD,0.09065273404121399
B,B_0003,STEP,harsanyi,ABCD,-0.09065273404121399
B,B_0003,STEP,LOO,A,-0.045376330614089966
B,B_0003,STEP,LOO,B,0.04904627799987793
B,B_0003,STEP,LOO,C,0.0
B,B_0003,STEP,LOO,D,0.04904627799987793
B,B_0004,STEP,harsanyi,A,0.07218384742736816
B,B_0004,STEP,harsanyi,B,-0.07595372200012207
B,B_0004,STEP,harsanyi,C,0.07218384742736816
B,B_0004,STEP,harsanyi,D,0.07218384742736816
B,B_0004,STEP,harsanyi,AB,0.0037698745727539062
B,B_0004,STEP,harsanyi,AC,-0.14436769485473633
B,B_0004,STEP,harsanyi,AD,-0.07218384742736816
B,B_0004,STEP,harsanyi,BC,-0.07218384742736816
B,B_0004,STEP,harsanyi,BD,0.0037698745727539062
B,B_0004,STEP,harsanyi,CD,-0.07218384742736816
B,B_0004,STEP,harsanyi,ABC,0.2165515422821045
B,B_0004,STEP,harsanyi,ABD,-0.07972359657287598
B,B_0004,STEP,harsanyi,ACD,0.07218384742736816
B,B_0004,STEP,harsanyi,BCD,-0.08339345455169678
B,B_0004,STEP,harsanyi,ABCD,0.08716332912445068
B,B_0004,STEP,LOO,A,0.15557730197906494
B,B_0004,STEP,LOO,B,0.0
B,B_0004,STEP,LOO,C,0.07595372200012207
B,B_0004,STEP,LOO,D,-0.07218384742736816
B,B_0005,STEP,harsanyi,A,-0.10947573184967041
B,B_0005,STEP,harsanyi,B,0.04904627799987793
B,B_0005,STEP,harsanyi,C,0.04904627799987793
B,B_0005,STEP,harsanyi,D,-0.052816152572631836
B,B_0005,STEP,harsanyi,AB,0.06042945384979248
B,B_0005,STEP,harsanyi,AC,0.06042945384979248
B,B_0005,STEP,harsanyi,AD,0.10947573184967041
B,B_0005,STEP,harsanyi,BC,-0.04904627799987793
B,B_0005,STEP,harsanyi,BD,0.0037698745727539062
B,B_0005,STEP,harsanyi,CD,0.052816152572631836
B,B_0005,STEP,harsanyi,ABC,-0.06042945384979248
B,B_0005,STEP,harsanyi,ABD,-0.06042945384979248
B,B_0005,STEP,harsanyi,ACD,-0.10947573184967041
B,B_0005,STEP,harsanyi,BCD,-0.0037698745727539062
B,B_0005,STEP,harsanyi,ABCD,0.10947573184967041
B,B_0005,STEP,LOO,A,0.0
B,B_0005,STEP,LOO,B,0.04904627799987793
B,B_0005,STEP,LOO,C,0.04904627799987793
B,B_0005,STEP,LOO,D,0.04904627799987793
B,B_0006,STEP,harsanyi,A,0.1405242681503296
B,B_0006,STEP,harsanyi,B,-0.07595372200012207
B,B_0006,STEP,harsanyi,C,0.07218384742736816
B,B_0006,STEP,harsanyi,D,0.07218384742736816
B,B_0006,STEP,harsanyi,AB,-0.06457054615020752
B,B_0006,STEP,harsanyi,AC,-0.21270811557769775
B,B_0006,STEP,harsanyi,AD,-0.1405242681503296
B,B_0006,STEP,harsanyi,BC,0.0037698745727539062
B,B_0006,STEP,harsanyi,BD,0.0037698745727539062
B,B_0006,STEP,harsanyi,CD,-0.07218384742736816
B,B_0006,STEP,harsanyi,ABC,0.20893824100494385
B,B_0006,STEP,harsanyi,ABD,0.06457054615020752
B,B_0006,STEP,harsanyi,ACD,0.21270811557769775
B,B_0006,STEP,harsanyi,BCD,-0.0037698745727539062
B,B_0006,STEP,harsanyi,ABCD,-0.20893824100494385
B,B_0006,STEP,LOO,A,0.0
B,B_0006,STEP,LOO,B,-0.07218384742736816
B,B_0006,STEP,LOO,C,0.0
B,B_0006,STEP,LOO,D,-0.07218384742736816
B,B_0007,STEP,harsanyi,A,0.1405242681503296
B,B_0007,STEP,harsanyi,B,-0.07595372200012207
B,B_0007,STEP,harsanyi,C,-0.07595372200012207
B,B_0007,STEP,harsanyi,D,-0.07595372200012207
B,B_0007,STEP,harsanyi,AB,-0.06457054615020752
B,B_0007,STEP,harsanyi,AC,-0.06457054615020752
B,B_0007,STEP,harsanyi,AD,0.0076133012771606445
B,B_0007,STEP,harsanyi,BC,0.15190744400024414
B,B_0007,STEP,harsanyi,BD,0.15190744400024414
B,B_0007,STEP,harsanyi,CD,0.07595372200012207
B,B_0007,STEP,harsanyi,ABC,-0.01138317584991455
B,B_0007,STEP,harsanyi,ABD,-0.08356702327728271
B,B_0007,STEP,harsanyi,ACD,-0.08356702327728271
B,B_0007,STEP,harsanyi,BCD,-0.30748486518859863
B,B_0007,STEP,harsanyi,ABCD,0.15952074527740479
B,B_0007,STEP,LOO,A,0.0
B,B_0007,STEP,LOO,B,-0.07962369918823242
B,B_0007,STEP,LOO,C,-0.1555774211883545
B,B_0007,STEP,LOO,D,-0.1555774211883545
B,B_0008,STEP,harsanyi,A,0.07595372200012207
B,B_0008,STEP,harsanyi,B,0.0
B,B_0008,STEP,harsanyi,C,-0.16279399394989014
B,B_0008,STEP,harsanyi,D,0.0
B,B_0008,STEP,harsanyi,AB,-0.07595372200012207
B,B_0008,STEP,harsanyi,AC,0.08684027194976807
B,B_0008,STEP,harsanyi,AD,0.07218384742736816
B,B_0008,STEP,harsanyi,BC,0.08317029476165771
B,B_0008,STEP,harsanyi,BD,0.07595372200012207
B,B_0008,STEP,harsanyi,CD,0.08317041397094727
B,B_0008,STEP,harsanyi,ABC,0.06873714923858643
B,B_0008,STEP,harsanyi,ABD,-0.07218384742736816
B,B_0008,STEP,harsanyi,ACD,-0.23497796058654785
B,B_0008,STEP,harsanyi,BCD,-0.07950043678283691
B,B_0008,STEP,harsanyi,ABCD,-0.08339345455169678
B,B_0008,STEP,LOO,A,-0.16279399394989014
B,B_0008,STEP,LOO,B,-0.08317029476165771
B,B_0008,STEP,LOO,C,-0.2387477159500122
B,B_0008,STEP,LOO,D,-0.2387477159500122
B,B_0009,STEP,harsanyi,A,-0.04904627799987793
B,B_0009,STEP,harsanyi,B,0.045376330614089966
B,B_0009,STEP,harsanyi,C,0.08720597624778748
B,B_0009,STEP,harsanyi,D,-0.04904627799987793
B,B_0009,STEP,harsanyi,AB,-0.0981924831867218
B,B_0009,STEP,harsanyi,AC,-0.038159698247909546
B,B_0009,STEP,harsanyi,AD,-0.0037698745727539062
B,B_0009,STEP,harsanyi,BC,-0.13258230686187744
B,B_0009,STEP,harsanyi,BD,-0.045376330614089966
B,B_0009,STEP,harsanyi,CD,0.04904627799987793
B,B_0009,STEP,harsanyi,ABC,0.08353602886199951
B,B_0009,STEP,harsanyi,ABD,0.15100863575935364
B,B_0009,STEP,harsanyi,ACD,0.04914620518684387
B,B_0009,STEP,harsanyi,BCD,0.045376330614089966
B,B_0009,STEP,harsanyi,ABCD,-0.09452253580093384
B,B_0009,STEP,LOO,A,0.0
B,B_0009,STEP,LOO,B,-0.045376330614089966
B,B_0009,STEP,LOO,C,0.04904627799987793
B,B_0009,STEP,LOO,D,0.10186243057250977
B,B_0010,STEP,harsanyi,A,0.07595372200012207
B,B_0010,STEP,harsanyi,B,0.0
B,B_0010,STEP,harsanyi,C,0.07595372200012207
B,B_0010,STEP,harsanyi,D,0.07595372200012207
B,B_0010,STEP,harsanyi,AB,-0.07595372200012207
B,B_0010,STEP,harsanyi,AC,-0.0037698745727539062
B,B_0010,STEP,harsanyi,AD,-0.0037698745727539062
B,B_0010,STEP,harsanyi,BC,0.0
B,B_0010,STEP,harsanyi,BD,0.0
B,B_0010,STEP,harsanyi,CD,0.06457054615020752
B,B_0010,STEP,harsanyi,ABC,0.07595372200012207
B,B_0010,STEP,harsanyi,ABD,0.0037698745727539062
B,B_0010,STEP,harsanyi,ACD,-0.13675439357757568
B,B_0010,STEP,harsanyi,BCD,-0.1405242681503296
B,B_0010,STEP,harsanyi,ABCD,0.06457054615020752
B,B_0010,STEP,LOO,A,0.0
B,B_0010,STEP,LOO,B,-0.07218384742736816
B,B_0010,STEP,LOO,C,0.0
B,B_0010,STEP,LOO,D,-0.07218384742736816
B,B_0011,STEP,harsanyi,A,0.14813756942749023
B,B_0011,STEP,harsanyi,B,-0.07962369918823242
B,B_0011,STEP,harsanyi,C,0.07595372200012207
B,B_0011,STEP,harsanyi,D,0.07595372200012207
B,B_0011,STEP,harsanyi,AB,0.14796411991119385
B,B_0011,STEP,harsanyi,AC,-0.14813756942749023
B,B_0011,STEP,harsanyi,AD,-0.07595372200012207
B,B_0011,STEP,harsanyi,BC,0.07962369918823242
B,B_0011,STEP,harsanyi,BD,0.07962369918823242
B,B_0011,STEP,harsanyi,CD,0.06457054615020752
B,B_0011,STEP,harsanyi,ABC,-0.007439851760864258
B,B_0011,STEP,harsanyi,ABD,-0.14796411991119385
B,B_0011,STEP,harsanyi,ACD,-0.06457054615020752
B,B_0011,STEP,harsanyi,BCD,-0.220147967338562
B,B_0011,STEP,harsanyi,ABCD,0.220147967338562
B,B_0011,STEP,LOO,A,0.07218384742736816
B,B_0011,STEP,LOO,B,0.07218384742736816
B,B_0011,STEP,LOO,C,0.0
B,B_0011,STEP,LOO,D,-0.06834042072296143
B,B_0012,STEP,harsanyi,A,-0.10186243057250977
B,B_0012,STEP,harsanyi,B,0.0
B,B_0012,STEP,harsanyi,C,-0.04904627799987793
B,B_0012,STEP,harsanyi,D,0.0
B,B_0012,STEP,harsanyi,AB,0.052816152572631836
B,B_0012,STEP,harsanyi,AC,0.10186243057250977
B,B_0012,STEP,harsanyi,AD,-0.056659579277038574
B,B_0012,STEP,harsanyi,BC,0.0
B,B_0012,STEP,harsanyi,BD,-0.04904627799987793
B,B_0012,STEP,harsanyi,CD,-0.17002391815185547
B,B_0012,STEP,harsanyi,ABC,-0.10563230514526367
B,B_0012,STEP,harsanyi,ABD,0.05288970470428467
B,B_0012,STEP,harsanyi,ACD,0.1738673448562622
B,B_0012,STEP,harsanyi,BCD,0.2190701961517334
B,B_0012,STEP,harsanyi,ABCD,-0.1700974702835083
B,B_0012,STEP,LOO,A,-0.052816152572631836
B,B_0012,STEP,LOO,B,0.0
B,B_0012,STEP,LOO,C,0.0
B,B_0012,STEP,LOO,D,0.0
B,B_0013,STEP,harsanyi,A,-0.04904627799987793
B,B_0013,STEP,harsanyi,B,0.045376330614089966
B,B_0013,STEP,harsanyi,C,-0.04904627799987793
B,B_0013,STEP,harsanyi,D,0.0
B,B_0013,STEP,harsanyi,AB,-0.0981924831867218
B,B_0013,STEP,harsanyi,AC,-0.0037698745727539062
B,B_0013,STEP,harsanyi,AD,-0.052816152572631836
B,B_0013,STEP,harsanyi,BC,-0.045376330614089966
B,B_0013,STEP,harsanyi,BD,-0.0944226086139679
B,B_0013,STEP,harsanyi,CD,-0.17002391815185547
B,B_0013,STEP,harsanyi,ABC,0.04153290390968323
B,B_0013,STEP,harsanyi,ABD,0.14723876118659973
B,B_0013,STEP,harsanyi,ACD,0.2228400707244873
B,B_0013,STEP,harsanyi,BCD,0.26444652676582336
B,B_0013,STEP,harsanyi,ABCD,-0.2606031000614166
B,B_0013,STEP,LOO,A,-0.052816152572631836
B,B_0013,STEP,LOO,B,0.0
B,B_0013,STEP,LOO,C,0.0
B,B_0013,STEP,LOO,D,0.056659579277038574
B,B_0014,STEP,harsanyi,A,-0.10186243057250977
B,B_0014,STEP,harsanyi,B,0.0
B,B_0014,STEP,harsanyi,C,0.08720597624778748
B,B_0014,STEP,harsanyi,D,-0.04904627799987793
B,B_0014,STEP,harsanyi,AB,0.052816152572631836
B,B_0014,STEP,harsanyi,AC,-0.03438982367515564
B,B_0014,STEP,harsanyi,AD,0.04904627799987793
B,B_0014,STEP,harsanyi,BC,-0.04182964563369751
B,B_0014,STEP,harsanyi,BD,0.0
B,B_0014,STEP,harsanyi,CD,0.04904627799987793
B,B_0014,STEP,harsanyi,ABC,-0.06380265951156616
B,B_0014,STEP,harsanyi,ABD,-0.052816152572631836
B,B_0014,STEP,harsanyi,ACD,0.0
B,B_0014,STEP,harsanyi,BCD,-0.045376330614089966
B,B_0014,STEP,harsanyi,ABCD,0.15100863575935364
B,B_0014,STEP,LOO,A,0.0
B,B_0014,STEP,LOO,B,0.0
B,B_0014,STEP,LOO,C,0.10186243057250977
B,B_0014,STEP,LOO,D,0.10186243057250977
B,B_0015,STEP,harsanyi,A,0.14813756942749023
B,B_0015,STEP,harsanyi,B,-0.07962369918823242
B,B_0015,STEP,harsanyi,C,-0.16279399394989014
B,B_0015,STEP,harsanyi,D,0.0
B,B_0015,STEP,harsanyi,AB,0.14796411991119385
B,B_0015,STEP,harsanyi,AC,0.09061014652252197
B,B_0015,STEP,harsanyi,AD,0.06834042072296143
B,B_0015,STEP,harsanyi,BC,0.24241769313812256
B,B_0015,STEP,harsanyi,BD,0.1555774211883545
B,B_0015,STEP,harsanyi,CD,0.08317041397094727
B,B_0015,STEP,harsanyi,ABC,-0.23857426643371582
B,B_0015,STEP,harsanyi,ABD,-0.29225826263427734
B,B_0015,STEP,harsanyi,ACD,-0.22746455669403076
B,B_0015,STEP,harsanyi,BCD,-0.3183715343475342
B,B_0015,STEP,harsanyi,ABCD,0.45882225036621094
B,B_0015,STEP,LOO,A,0.1555774211883545
B,B_0015,STEP,LOO,B,0.07595372200012207
B,B_0015,STEP,LOO,C,-0.07218384742736816
B,B_0015,STEP,LOO,D,-0.07218384742736816
B,B_0016,STEP,harsanyi,A,-0.07218384742736816
B,B_0016,STEP,harsanyi,B,-0.22776126861572266
B,B_0016,STEP,harsanyi,C,0.0
B,B_0016,STEP,harsanyi,D,0.0
B,B_0016,STEP,harsanyi,AB,0.2999451160430908
B,B_0016,STEP,harsanyi,AC,0.0
B,B_0016,STEP,harsanyi,AD,0.0
B,B_0016,STEP,harsanyi,BC,1.1920928955078125e-07
B,B_0016,STEP,harsanyi,BD,1.1920928955078125e-07
B,B_0016,STEP,harsanyi,CD,0.0
B,B_0016,STEP,harsanyi,ABC,-1.1920928955078125e-07
B,B_0016,STEP,harsanyi,ABD,-1.1920928955078125e-07
B,B_0016,STEP,harsanyi,ACD,0.0
B,B_0016,STEP,harsanyi,BCD,0.07962346076965332
B,B_0016,STEP,harsanyi,ABCD,-0.07962346076965332
B,B_0016,STEP,LOO,A,0.14813756942749023
B,B_0016,STEP,LOO,B,0.07218384742736816
B,B_0016,STEP,LOO,C,0.0
B,B_0016,STEP,LOO,D,0.0
B,B_0017,STEP,harsanyi,A,-0.11720776557922363
B,B_0017,STEP,harsanyi,B,0.14723876118659973
B,B_0017,STEP,harsanyi,C,0.0
B,B_0017,STEP,harsanyi,D,-0.056659579277038574
B,B_0017,STEP,harsanyi,AB,-0.0300309956073761
B,B_0017,STEP,harsanyi,AC,0.11720776557922363
B,B_0017,STEP,harsanyi,AD,0.11720776557922363
B,B_0017,STEP,harsanyi,BC,0.0
B,B_0017,STEP,harsanyi,BD,0.056659579277038574
B,B_0017,STEP,harsanyi,CD,0.056659579277038574
B,B_0017,STEP,harsanyi,ABC,-0.1738673448562622
B,B_0017,STEP,harsanyi,ABD,-0.1738673448562622
B,B_0017,STEP,harsanyi,ACD,-0.0643916130065918
B,B_0017,STEP,harsanyi,BCD,-0.056659579277038574
B,B_0017,STEP,harsanyi,ABCD,0.17771077156066895
B,B_0017,STEP,LOO,A,-0.14723876118659973
B,B_0017,STEP,LOO,B,-0.052816152572631836
B,B_0017,STEP,LOO,C,0.056659579277038574
B,B_0017,STEP,LOO,D,0.056659579277038574
B,B_0018,STEP,harsanyi,A,-0.07218384742736816
B,B_0018,STEP,harsanyi,B,-0.22776126861572266
B,B_0018,STEP,harsanyi,C,0.06834042072296143
B,B_0018,STEP,harsanyi,D,0.06834042072296143
B,B_0018,STEP,harsanyi,AB,0.2999451160430908
B,B_0018,STEP,harsanyi,AC,-0.06834042072296143
B,B_0018,STEP,harsanyi,AD,0.0038434267044067383
B,B_0018,STEP,harsanyi,BC,-0.15151071548461914
B,B_0018,STEP,harsanyi,BD,-0.06834042072296143
B,B_0018,STEP,harsanyi,CD,-0.06834042072296143
B,B_0018,STEP,harsanyi,ABC,0.07932686805725098
B,B_0018,STEP,harsanyi,ABD,0.06449699401855469
B,B_0018,STEP,harsanyi,ACD,0.13668084144592285
B,B_0018,STEP,harsanyi,BCD,0.15151071548461914
B,B_0018,STEP,harsanyi,ABCD,-0.1476672887802124
B,B_0018,STEP,LOO,A,0.2961016893386841
B,B_0018,STEP,LOO,B,0.0
B,B_0018,STEP,LOO,C,0.0
B,B_0018,STEP,LOO,D,0.1405242681503296
B,B_0019,STEP,harsanyi,A,-0.11720776557922363
B,B_0019,STEP,harsanyi,B,0.14723876118659973
B,B_0019,STEP,harsanyi,C,-0.056659579277038574
B,B_0019,STEP,harsanyi,D,0.0
B,B_0019,STEP,harsanyi,AB,-0.0300309956073761
B,B_0019,STEP,harsanyi,AC,0.1738673448562622
B,B_0019,STEP,harsanyi,AD,0.11720776557922363
B,B_0019,STEP,harsanyi,BC,0.09848922491073608
B,B_0019,STEP,harsanyi,BD,0.0
B,B_0019,STEP,harsanyi,CD,0.0
B,B_0019,STEP,harsanyi,ABC,-0.21569699048995972
B,B_0019,STEP,harsanyi,ABD,-0.1738673448562622
B,B_0019,STEP,harsanyi,ACD,-0.11720776557922363
B,B_0019,STEP,harsanyi,BCD,0.0
B,B_0019,STEP,harsanyi,ABCD,0.11720776557922363
B,B_0019,STEP,LOO,A,-0.24572798609733582
B,B_0019,STEP,LOO,B,-0.056659579277038574
B,B_0019,STEP,LOO,C,0.0
B,B_0019,STEP,LOO,D,-0.056659579277038574
B,B_0020,STEP,harsanyi,A,0.13279223442077637
B,B_0020,STEP,harsanyi,B,0.06834042072296143
B,B_0020,STEP,harsanyi,C,0.0
B,B_0020,STEP,harsanyi,D,0.0
B,B_0020,STEP,harsanyi,AB,-0.06834042072296143
B,B_0020,STEP,harsanyi,AC,-0.13279223442077637
B,B_0020,STEP,harsanyi,AD,-0.13279223442077637
B,B_0020,STEP,harsanyi,BC,0.0
B,B_0020,STEP,harsanyi,BD,-0.06834042072296143
B,B_0020,STEP,harsanyi,CD,0.0
B,B_0020,STEP,harsanyi,ABC,0.06834042072296143
B,B_0020,STEP,harsanyi,ABD,0.2011326551437378
B,B_0020,STEP,harsanyi,ACD,0.13279223442077637
B,B_0020,STEP,harsanyi,BCD,0.06834042072296143
B,B_0020,STEP,harsanyi,ABCD,-0.2011326551437378
B,B_0020,STEP,LOO,A,0.0
B,B_0020,STEP,LOO,B,0.06834042072296143
B,B_0020,STEP,LOO,C,-0.06445181369781494
B,B_0020,STEP,LOO,D,0.0
B,B_0021,STEP,harsanyi,A,0.052816152572631836
B,B_0021,STEP,harsanyi,B,-0.056659579277038574
B,B_0021,STEP,harsanyi,C,-0.056659579277038574
B,B_0021,STEP,harsanyi,D,0.0
B,B_0021,STEP,harsanyi,AB,-0.1133643388748169
B,B_0021,STEP,harsanyi,AC,0.056659579277038574
B,B_0021,STEP,harsanyi,AD,0.0
B,B_0021,STEP,harsanyi,BC,0.056659579277038574
B,B_0021,STEP,harsanyi,BD,0.056659579277038574
B,B_0021,STEP,harsanyi,CD,0.0
B,B_0021,STEP,harsanyi,ABC,0.0038886070251464844
B,B_0021,STEP,harsanyi,ABD,-0.056659579277038574
B,B_0021,STEP,harsanyi,ACD,0.0
B,B_0021,STEP,harsanyi,BCD,0.0
B,B_0021,STEP,harsanyi,ABCD,0.056659579277038574
B,B_0021,STEP,LOO,A,0.0
B,B_0021,STEP,LOO,B,-0.052816152572631836
B,B_0021,STEP,LOO,C,0.11720776557922363
B,B_0021,STEP,LOO,D,0.056659579277038574
B,B_0022,STEP,harsanyi,A,0.052816152572631836
B,B_0022,STEP,harsanyi,B,-0.056659579277038574
B,B_0022,STEP,harsanyi,C,0.0
B,B_0022,STEP,harsanyi,D,-0.056659579277038574
B,B_0022,STEP,harsanyi,AB,-0.1133643388748169
B,B_0022,STEP,harsanyi,AC,0.0
B,B_0022,STEP,harsanyi,AD,0.0038434267044067383
B,B_0022,STEP,harsanyi,BC,0.0
B,B_0022,STEP,harsanyi,BD,0.11331915855407715
B,B_0022,STEP,harsanyi,CD,0.056659579277038574
B,B_0022,STEP,harsanyi,ABC,0.11720776557922363
B,B_0022,STEP,harsanyi,ABD,-0.06050300598144531
B,B_0022,STEP,harsanyi,ACD,-0.056659579277038574
B,B_0022,STEP,harsanyi,BCD,-0.11331915855407715
B,B_0022,STEP,harsanyi,ABCD,0.11331915855407715
B,B_0022,STEP,LOO,A,0.056659579277038574
B,B_0022,STEP,LOO,B,0.0
B,B_0022,STEP,LOO,C,0.11720776557922363
B,B_0022,STEP,LOO,D,0.0
B,B_0023,STEP,harsanyi,A,0.13279223442077637
B,B_0023,STEP,harsanyi,B,0.06834042072296143
B,B_0023,STEP,harsanyi,C,0.06834042072296143
B,B_0023,STEP,harsanyi,D,0.06834042072296143
B,B_0023,STEP,harsanyi,AB,-0.06834042072296143
B,B_0023,STEP,harsanyi,AC,-0.2011326551437378
B,B_0023,STEP,harsanyi,AD,-0.13279223442077637
B,B_0023,STEP,harsanyi,BC,-0.06834042072296143
B,B_0023,STEP,harsanyi,BD,-0.13668084144592285
B,B_0023,STEP,harsanyi,CD,-0.06834042072296143
B,B_0023,STEP,harsanyi,ABC,0.13668084144592285
B,B_0023,STEP,harsanyi,ABD,0.13668084144592285
B,B_0023,STEP,harsanyi,ACD,0.13279223442077637
B,B_0023,STEP,harsanyi,BCD,0.06834042072296143
B,B_0023,STEP,harsanyi,ABCD,-0.06834042072296143
B,B_0023,STEP,LOO,A,0.06834042072296143
B,B_0023,STEP,LOO,B,0.06834042072296143
B,B_0023,STEP,LOO,C,0.0
B,B_0023,STEP,LOO,D,0.0
B,B_0024,STEP,harsanyi,A,0.07218384742736816
B,B_0024,STEP,harsanyi,B,0.07218384742736816
B,B_0024,STEP,harsanyi,C,0.07218384742736816
B,B_0024,STEP,harsanyi,D,0.0
B,B_0024,STEP,harsanyi,AB,-0.14436769485473633
B,B_0024,STEP,harsanyi,AC,-0.2203214168548584
B,B_0024,STEP,harsanyi,AD,-0.07218384742736816
B,B_0024,STEP,harsanyi,BC,-0.14436769485473633
B,B_0024,STEP,harsanyi,BD,0.06834042072296143
B,B_0024,STEP,harsanyi,CD,0.0
B,B_0024,STEP,harsanyi,ABC,0.2165515422821045
B,B_0024,STEP,harsanyi,ABD,0.0038434267044067383
B,B_0024,STEP,harsanyi,ACD,0.07218384742736816
B,B_0024,STEP,harsanyi,BCD,0.0038434267044067383
B,B_0024,STEP,harsanyi,ABCD,-0.15565097332000732
B,B_0024,STEP,LOO,A,-0.22776126861572266
B,B_0024,STEP,LOO,B,-0.07962369918823242
B,B_0024,STEP,LOO,C,-0.1555774211883545
B,B_0024,STEP,LOO,D,-0.07962369918823242
B,B_0025,STEP,harsanyi,A,0.20497608184814453
B,B_0025,STEP,harsanyi,B,0.0
B,B_0025,STEP,harsanyi,C,0.0
B,B_0025,STEP,harsanyi,D,0.0
B,B_0025,STEP,harsanyi,AB,-0.13279223442077637
B,B_0025,STEP,harsanyi,AC,-0.13279223442077637
B,B_0025,STEP,harsanyi,AD,-0.06445181369781494
B,B_0025,STEP,harsanyi,BC,0.0
B,B_0025,STEP,harsanyi,BD,0.1405242681503296
B,B_0025,STEP,harsanyi,CD,0.0
B,B_0025,STEP,harsanyi,ABC,0.13279223442077637
B,B_0025,STEP,harsanyi,ABD,-0.07607245445251465
B,B_0025,STEP,harsanyi,ACD,0.13279223442077637
B,B_0025,STEP,harsanyi,BCD,-0.1405242681503296
B,B_0025,STEP,harsanyi,ABCD,-0.06445181369781494
B,B_0025,STEP,LOO,A,0.0
B,B_0025,STEP,LOO,B,-0.1405242681503296
B,B_0025,STEP,LOO,C,-0.07218384742736816
B,B_0025,STEP,LOO,D,-0.07218384742736816
B,B_0026,STEP,harsanyi,A,0.20497608184814453
B,B_0026,STEP,harsanyi,B,0.0
B,B_0026,STEP,harsanyi,C,0.07218384742736816
B,B_0026,STEP,harsanyi,D,0.0
B,B_0026,STEP,harsanyi,AB,-0.13279223442077637
B,B_0026,STEP,harsanyi,AC,-0.1366356611251831
B,B_0026,STEP,harsanyi,AD,-0.06445181369781494
B,B_0026,STEP,harsanyi,BC,0.0
B,B_0026,STEP,harsanyi,BD,0.1405242681503296
B,B_0026,STEP,harsanyi,CD,0.0
B,B_0026,STEP,harsanyi,ABC,0.06445181369781494
B,B_0026,STEP,harsanyi,ABD,-0.07607245445251465
B,B_0026,STEP,harsanyi,ACD,-0.07607245445251465
B,B_0026,STEP,harsanyi,BCD,-0.1405242681503296
B,B_0026,STEP,harsanyi,ABCD,0.14441287517547607
B,B_0026,STEP,LOO,A,-0.07218384742736816
B,B_0026,STEP,LOO,B,0.0
B,B_0026,STEP,LOO,C,-0.07218384742736816
B,B_0026,STEP,LOO,D,-0.07218384742736816
B,B_0027,STEP,harsanyi,A,-0.052816152572631836
B,B_0027,STEP,harsanyi,B,0.0
B,B_0027,STEP,harsanyi,C,0.0
B,B_0027,STEP,harsanyi,D,0.0
B,B_0027,STEP,harsanyi,AB,0.052816152572631836
B,B_0027,STEP,harsanyi,AC,0.10186243057250977
B,B_0027,STEP,harsanyi,AD,0.052816152572631836
B,B_0027,STEP,harsanyi,BC,0.0
B,B_0027,STEP,harsanyi,BD,-0.10947573184967041
B,B_0027,STEP,harsanyi,CD,-0.052816152572631836
B,B_0027,STEP,harsanyi,ABC,-0.10186243057250977
B,B_0027,STEP,harsanyi,ABD,0.1057058572769165
B,B_0027,STEP,harsanyi,ACD,0.0
B,B_0027,STEP,harsanyi,BCD,0.10947573184967041
B,B_0027,STEP,harsanyi,ABCD,-0.056659579277038574
B,B_0027,STEP,LOO,A,0.10186243057250977
B,B_0027,STEP,LOO,B,0.0
B,B_0027,STEP,LOO,C,0.0
B,B_0027,STEP,LOO,D,0.04904627799987793
B,B_0028,STEP,harsanyi,A,-0.17002391815185547
B,B_0028,STEP,harsanyi,B,-0.052816152572631836
B,B_0028,STEP,harsanyi,C,-0.052816152572631836
B,B_0028,STEP,harsanyi,D,0.0
B,B_0028,STEP,harsanyi,AB,0.17002391815185547
B,B_0028,STEP,harsanyi,AC,0.1133643388748169
B,B_0028,STEP,harsanyi,AD,0.06054818630218506
B,B_0028,STEP,harsanyi,BC,0.10563230514526367
B,B_0028,STEP,harsanyi,BD,0.052816152572631836
B,B_0028,STEP,harsanyi,CD,0.052816152572631836
B,B_0028,STEP,harsanyi,ABC,-0.2228400707244873
B,B_0028,STEP,harsanyi,ABD,-0.1133643388748169
B,B_0028,STEP,harsanyi,ACD,-0.0038886070251464844
B,B_0028,STEP,harsanyi,BCD,-0.10563230514526367
B,B_0028,STEP,harsanyi,ABCD,0.1133643388748169
B,B_0028,STEP,LOO,A,-0.052816152572631836
B,B_0028,STEP,LOO,B,-0.052816152572631836
B,B_0028,STEP,LOO,C,0.0
B,B_0028,STEP,LOO,D,0.056659579277038574
B,B_0029,STEP,harsanyi,A,-0.052816152572631836
B,B_0029,STEP,harsanyi,B,0.0
B,B_0029,STEP,harsanyi,C,-0.052816152572631836
B,B_0029,STEP,harsanyi,D,0.0
B,B_0029,STEP,harsanyi,AB,0.052816152572631836
B,B_0029,STEP,harsanyi,AC,0.1546785831451416
B,B_0029,STEP,harsanyi,AD,0.052816152572631836
B,B_0029,STEP,harsanyi,BC,0.0
B,B_0029,STEP,harsanyi,BD,-0.10947573184967041
B,B_0029,STEP,harsanyi,CD,0.052816152572631836
B,B_0029,STEP,harsanyi,ABC,-0.052816152572631836
B,B_0029,STEP,harsanyi,ABD,0.1057058572769165
B,B_0029,STEP,harsanyi,ACD,-0.10563230514526367
B,B_0029,STEP,harsanyi,BCD,0.10947573184967041
B,B_0029,STEP,harsanyi,ABCD,-0.1057058572769165
B,B_0029,STEP,LOO,A,0.04904627799987793
B,B_0029,STEP,LOO,B,0.0
B,B_0029,STEP,LOO,C,0.0
B,B_0029,STEP,LOO,D,0.0
B,B_0030,STEP,harsanyi,A,-0.17002391815185547
B,B_0030,STEP,harsanyi,B,-0.052816152572631836
B,B_0030,STEP,harsanyi,C,0.0
B,B_0030,STEP,harsanyi,D,0.0
B,B_0030,STEP,harsanyi,AB,0.17002391815185547
B,B_0030,STEP,harsanyi,AC,0.11720776557922363
B,B_0030,STEP,harsanyi,AD,0.06054818630218506
B,B_0030,STEP,harsanyi,BC,0.052816152572631836
B,B_0030,STEP,harsanyi,BD,-0.056659579277038574
B,B_0030,STEP,harsanyi,CD,-0.052816152572631836
B,B_0030,STEP,harsanyi,ABC,-0.17002391815185547
B,B_0030,STEP,harsanyi,ABD,-0.06054818630218506
B,B_0030,STEP,harsanyi,ACD,0.04508411884307861
B,B_0030,STEP,harsanyi,BCD,0.056659579277038574
B,B_0030,STEP,harsanyi,ABCD,0.06054818630218506
B,B_0030,STEP,LOO,A,0.052816152572631836
B,B_0030,STEP,LOO,B,0.0
B,B_0030,STEP,LOO,C,0.10947573184967041
B,B_0030,STEP,LOO,D,0.052816152572631836
B,B_0031,STEP,harsanyi,A,0.07218384742736816
B,B_0031,STEP,harsanyi,B,0.07218384742736816
B,B_0031,STEP,harsanyi,C,0.0
B,B_0031,STEP,harsanyi,D,0.0
B,B_0031,STEP,harsanyi,AB,-0.14436769485473633
B,B_0031,STEP,harsanyi,AC,-0.14813756942749023
B,B_0031,STEP,harsanyi,AD,-0.07218384742736816
B,B_0031,STEP,harsanyi,BC,-0.07218384742736816
B,B_0031,STEP,harsanyi,BD,-0.07218384742736816
B,B_0031,STEP,harsanyi,CD,0.0
B,B_0031,STEP,harsanyi,ABC,0.2203214168548584
B,B_0031,STEP,harsanyi,ABD,0.14436769485473633
B,B_0031,STEP,harsanyi,ACD,0.14813756942749023
B,B_0031,STEP,harsanyi,BCD,0.07218384742736816
B,B_0031,STEP,harsanyi,ABCD,-0.29627513885498047
B,B_0031,STEP,LOO,A,-0.07595372200012207
B,B_0031,STEP,LOO,B,-0.07595372200012207
B,B_0031,STEP,LOO,C,-0.07595372200012207
B,B_0031,STEP,LOO,D,-0.07595372200012207
B,B_0032,STEP,harsanyi,A,-0.10947573184967041
B,B_0032,STEP,harsanyi,B,0.04904627799987793
B,B_0032,STEP,harsanyi,C,0.04904627799987793
B,B_0032,STEP,harsanyi,D,-0.052816152572631836
B,B_0032,STEP,harsanyi,AB,0.06042945384979248
B,B_0032,STEP,harsanyi,AC,0.06042945384979248
B,B_0032,STEP,harsanyi,AD,0.10947573184967041
B,B_0032,STEP,harsanyi,BC,-0.04904627799987793
B,B_0032,STEP,harsanyi,BD,0.0037698745727539062
B,B_0032,STEP,harsanyi,CD,0.052816152572631836
B,B_0032,STEP,harsanyi,ABC,-0.06042945384979248
B,B_0032,STEP,harsanyi,ABD,-0.06042945384979248
B,B_0032,STEP,harsanyi,ACD,-0.10947573184967041
B,B_0032,STEP,harsanyi,BCD,-0.0037698745727539062
B,B_0032,STEP,harsanyi,ABCD,0.10947573184967041
B,B_0032,STEP,LOO,A,0.0
B,B_0032,STEP,LOO,B,0.04904627799987793
B,B_0032,STEP,LOO,C,0.04904627799987793
B,B_0032,STEP,LOO,D,0.04904627799987793
B,B_0033,STEP,harsanyi,A,0.07218384742736816
B,B_0033,STEP,harsanyi,B,-0.07595372200012207
B,B_0033,STEP,harsanyi,C,0.07218384742736816
B,B_0033,STEP,harsanyi,D,0.07218384742736816
B,B_0033,STEP,harsanyi,AB,0.0037698745727539062
B,B_0033,STEP,harsanyi,AC,-0.14436769485473633
B,B_0033,STEP,harsanyi,AD,-0.07218384742736816
B,B_0033,STEP,harsanyi,BC,-0.07218384742736816
B,B_0033,STEP,harsanyi,BD,0.0037698745727539062
B,B_0033,STEP,harsanyi,CD,-0.07218384742736816
B,B_0033,STEP,harsanyi,ABC,0.2165515422821045
B,B_0033,STEP,harsanyi,ABD,-0.07972359657287598
B,B_0033,STEP,harsanyi,ACD,0.07218384742736816
B,B_0033,STEP,harsanyi,BCD,-0.08339345455169678
B,B_0033,STEP,harsanyi,ABCD,0.08716332912445068
B,B_0033,STEP,LOO,A,0.15557730197906494
B,B_0033,STEP,LOO,B,0.0
B,B_0033,STEP,LOO,C,0.07595372200012207
B,B_0033,STEP,LOO,D,-0.07218384742736816
B,B_0034,STEP,harsanyi,A,-0.052816152572631836
B,B_0034,STEP,harsanyi,B,0.04904627799987793
B,B_0034,STEP,harsanyi,C,0.04904627799987793
B,B_0034,STEP,harsanyi,D,-0.052816152572631836
B,B_0034,STEP,harsanyi,AB,0.0037698745727539062
B,B_0034,STEP,harsanyi,AC,0.0037698745727539062
B,B_0034,STEP,harsanyi,AD,0.052816152572631836
B,B_0034,STEP,harsanyi,BC,-0.09809255599975586
B,B_0034,STEP,harsanyi,BD,0.0037698745727539062
B,B_0034,STEP,harsanyi,CD,0.052816152572631836
B,B_0034,STEP,harsanyi,ABC,0.04527640342712402
B,B_0034,STEP,harsanyi,ABD,0.04527640342712402
B,B_0034,STEP,harsanyi,ACD,-0.052816152572631836
B,B_0034,STEP,harsanyi,BCD,0.09065273404121399
B,B_0034,STEP,harsanyi,ABCD,-0.09065273404121399
B,B_0034,STEP,LOO,A,-0.045376330614089966
B,B_0034,STEP,LOO,B,0.04904627799987793
B,B_0034,STEP,LOO,C,0.0
B,B_0034,STEP,LOO,D,0.04904627799987793
B,B_0035,STEP,harsanyi,A,0.07218384742736816
B,B_0035,STEP,harsanyi,B,-0.07595372200012207
B,B_0035,STEP,harsanyi,C,-0.07595372200012207
B,B_0035,STEP,harsanyi,D,-0.07595372200012207
B,B_0035,STEP,harsanyi,AB,0.0037698745727539062
B,B_0035,STEP,harsanyi,AC,0.0037698745727539062
B,B_0035,STEP,harsanyi,AD,0.07595372200012207
B,B_0035,STEP,harsanyi,BC,0.07595372200012207
B,B_0035,STEP,harsanyi,BD,0.15190744400024414
B,B_0035,STEP,harsanyi,CD,0.07595372200012207
B,B_0035,STEP,harsanyi,ABC,-0.07972359657287598
B,B_0035,STEP,harsanyi,ABD,-0.2278611660003662
B,B_0035,STEP,harsanyi,ACD,-0.15190744400024414
B,B_0035,STEP,harsanyi,BCD,-0.15190744400024414
B,B_0035,STEP,harsanyi,ABCD,0.22419118881225586
B,B_0035,STEP,LOO,A,-0.07962369918823242
B,B_0035,STEP,LOO,B,-0.07962369918823242
B,B_0035,STEP,LOO,C,-0.07962369918823242
B,B_0035,STEP,LOO,D,-0.07962369918823242
B,B_0036,STEP,harsanyi,A,0.1405242681503296
B,B_0036,STEP,harsanyi,B,-0.07595372200012207
B,B_0036,STEP,harsanyi,C,-0.07595372200012207
B,B_0036,STEP,harsanyi,D,-0.07595372200012207
B,B_0036,STEP,harsanyi,AB,-0.06457054615020752
B,B_0036,STEP,harsanyi,AC,-0.06457054615020752
B,B_0036,STEP,harsanyi,AD,0.0076133012771606445
B,B_0036,STEP,harsanyi,BC,0.15190744400024414
B,B_0036,STEP,harsanyi,BD,0.15190744400024414
B,B_0036,STEP,harsanyi,CD,0.07595372200012207
B,B_0036,STEP,harsanyi,ABC,-0.01138317584991455
B,B_0036,STEP,harsanyi,ABD,-0.08356702327728271
B,B_0036,STEP,harsanyi,ACD,-0.08356702327728271
B,B_0036,STEP,harsanyi,BCD,-0.30748486518859863
B,B_0036,STEP,harsanyi,ABCD,0.15952074527740479
B,B_0036,STEP,LOO,A,0.0
B,B_0036,STEP,LOO,B,-0.07962369918823242
B,B_0036,STEP,LOO,C,-0.1555774211883545
B,B_0036,STEP,LOO,D,-0.1555774211883545
B,B_0037,STEP,harsanyi,A,0.1405242681503296
B,B_0037,STEP,harsanyi,B,-0.07595372200012207
B,B_0037,STEP,harsanyi,C,0.07218384742736816
B,B_0037,STEP,harsanyi,D,0.07218384742736816
B,B_0037,STEP,harsanyi,AB,-0.06457054615020752
B,B_0037,STEP,harsanyi,AC,-0.21270811557769775
B,B_0037,STEP,harsanyi,AD,-0.1405242681503296
B,B_0037,STEP,harsanyi,BC,0.0037698745727539062
B,B_0037,STEP,harsanyi,BD,0.0037698745727539062
B,B_0037,STEP,harsanyi,CD,-0.07218384742736816
B,B_0037,STEP,harsanyi,ABC,0.20893824100494385
B,B_0037,STEP,harsanyi,ABD,0.06457054615020752
B,B_0037,STEP,harsanyi,ACD,0.21270811557769775
B,B_0037,STEP,harsanyi,BCD,-0.0037698745727539062
B,B_0037,STEP,harsanyi,ABCD,-0.20893824100494385
B,B_0037,STEP,LOO,A,0.0
B,B_0037,STEP,LOO,B,-0.07218384742736816
B,B_0037,STEP,LOO,C,0.0
B,B_0037,STEP,LOO,D,-0.07218384742736816
B,B_0038,STEP,harsanyi,A,-0.052816152572631836
B,B_0038,STEP,harsanyi,B,0.04904627799987793
B,B_0038,STEP,harsanyi,C,-0.052816152572631836
B,B_0038,STEP,harsanyi,D,0.04904627799987793
B,B_0038,STEP,harsanyi,AB,0.0037698745727539062
B,B_0038,STEP,harsanyi,AC,0.10563230514526367
B,B_0038,STEP,harsanyi,AD,-0.04904627799987793
B,B_0038,STEP,harsanyi,BC,0.0037698745727539062
B,B_0038,STEP,harsanyi,BD,-0.09809255599975586
B,B_0038,STEP,harsanyi,CD,-0.04904627799987793
B,B_0038,STEP,harsanyi,ABC,-0.10940217971801758
B,B_0038,STEP,harsanyi,ABD,0.1471388339996338
B,B_0038,STEP,harsanyi,ACD,0.04904627799987793
B,B_0038,STEP,harsanyi,BCD,0.09809255599975586
B,B_0038,STEP,harsanyi,ABCD,-0.04527640342712402
B,B_0038,STEP,LOO,A,0.04904627799987793
B,B_0038,STEP,LOO,B,0.04904627799987793
B,B_0038,STEP,LOO,C,0.0
B,B_0038,STEP,LOO,D,0.10186243057250977
B,B_0039,STEP,harsanyi,A,-0.10947573184967041
B,B_0039,STEP,harsanyi,B,0.04904627799987793
B,B_0039,STEP,harsanyi,C,-0.052816152572631836
B,B_0039,STEP,harsanyi,D,0.04904627799987793
B,B_0039,STEP,harsanyi,AB,0.06042945384979248
B,B_0039,STEP,harsanyi,AC,0.16229188442230225
B,B_0039,STEP,harsanyi,AD,0.0076133012771606445
B,B_0039,STEP,harsanyi,BC,0.052816152572631836
B,B_0039,STEP,harsanyi,BD,-0.09809255599975586
B,B_0039,STEP,harsanyi,CD,-0.04904627799987793
B,B_0039,STEP,harsanyi,ABC,-0.16229188442230225
B,B_0039,STEP,harsanyi,ABD,0.09047925472259521
B,B_0039,STEP,harsanyi,ACD,-0.0076133012771606445
B,B_0039,STEP,harsanyi,BCD,0.09809255599975586
B,B_0039,STEP,harsanyi,ABCD,-0.041432976722717285
B,B_0039,STEP,LOO,A,0.0
B,B_0039,STEP,LOO,B,0.04904627799987793
B,B_0039,STEP,LOO,C,0.0
B,B_0039,STEP,LOO,D,0.04904627799987793
B,B_0040,STEP,harsanyi,A,-0.10186243057250977
B,B_0040,STEP,harsanyi,B,0.0
B,B_0040,STEP,harsanyi,C,0.08720597624778748
B,B_0040,STEP,harsanyi,D,-0.04904627799987793
B,B_0040,STEP,harsanyi,AB,0.052816152572631836
B,B_0040,STEP,harsanyi,AC,-0.03438982367515564
B,B_0040,STEP,harsanyi,AD,0.04904627799987793
B,B_0040,STEP,harsanyi,BC,-0.04182964563369751
B,B_0040,STEP,harsanyi,BD,0.0
B,B_0040,STEP,harsanyi,CD,0.04904627799987793
B,B_0040,STEP,harsanyi,ABC,-0.06380265951156616
B,B_0040,STEP,harsanyi,ABD,-0.052816152572631836
B,B_0040,STEP,harsanyi,ACD,0.0
B,B_0040,STEP,harsanyi,BCD,-0.045376330614089966
B,B_0040,STEP,harsanyi,ABCD,0.15100863575935364
B,B_0040,STEP,LOO,A,0.0
B,B_0040,STEP,LOO,B,0.0
B,B_0040,STEP,LOO,C,0.10186243057250977
B,B_0040,STEP,LOO,D,0.10186243057250977
B,B_0041,STEP,harsanyi,A,0.07595372200012207
B,B_0041,STEP,harsanyi,B,0.0
B,B_0041,STEP,harsanyi,C,-0.16279399394989014
B,B_0041,STEP,harsanyi,D,0.0
B,B_0041,STEP,harsanyi,AB,-0.07595372200012207
B,B_0041,STEP,harsanyi,AC,0.08684027194976807
B,B_0041,STEP,harsanyi,AD,0.07218384742736816
B,B_0041,STEP,harsanyi,BC,0.08317029476165771
B,B_0041,STEP,harsanyi,BD,0.07595372200012207
B,B_0041,STEP,harsanyi,CD,0.08317041397094727
B,B_0041,STEP,harsanyi,ABC,0.06873714923858643
B,B_0041,STEP,harsanyi,ABD,-0.07218384742736816
B,B_0041,STEP,harsanyi,ACD,-0.23497796058654785
B,B_0041,STEP,harsanyi,BCD,-0.07950043678283691
B,B_0041,STEP,harsanyi,ABCD,-0.08339345455169678
B,B_0041,STEP,LOO,A,-0.16279399394989014
B,B_0041,STEP,LOO,B,-0.08317029476165771
B,B_0041,STEP,LOO,C,-0.2387477159500122
B,B_0041,STEP,LOO,D,-0.2387477159500122
B,B_0042,STEP,harsanyi,A,-0.04904627799987793
B,B_0042,STEP,harsanyi,B,0.045376330614089966
B,B_0042,STEP,harsanyi,C,-0.04904627799987793
B,B_0042,STEP,harsanyi,D,0.0
B,B_0042,STEP,harsanyi,AB,-0.0981924831867218
B,B_0042,STEP,harsanyi,AC,-0.0037698745727539062
B,B_0042,STEP,harsanyi,AD,-0.052816152572631836
B,B_0042,STEP,harsanyi,BC,-0.045376330614089966
B,B_0042,STEP,harsanyi,BD,-0.0944226086139679
B,B_0042,STEP,harsanyi,CD,-0.17002391815185547
B,B_0042,STEP,harsanyi,ABC,0.04153290390968323
B,B_0042,STEP,harsanyi,ABD,0.14723876118659973
B,B_0042,STEP,harsanyi,ACD,0.2228400707244873
B,B_0042,STEP,harsanyi,BCD,0.26444652676582336
B,B_0042,STEP,harsanyi,ABCD,-0.2606031000614166
B,B_0042,STEP,LOO,A,-0.052816152572631836
B,B_0042,STEP,LOO,B,0.0
B,B_0042,STEP,LOO,C,0.0
B,B_0042,STEP,LOO,D,0.056659579277038574
B,B_0043,STEP,harsanyi,A,-0.10186243057250977
B,B_0043,STEP,harsanyi,B,0.0
B,B_0043,STEP,harsanyi,C,-0.04904627799987793
B,B_0043,STEP,harsanyi,D,0.0
B,B_0043,STEP,harsanyi,AB,0.052816152572631836
B,B_0043,STEP,harsanyi,AC,0.10186243057250977
B,B_0043,STEP,harsanyi,AD,-0.056659579277038574
B,B_0043,STEP,harsanyi,BC,0.0
B,B_0043,STEP,harsanyi,BD,-0.04904627799987793
B,B_0043,STEP,harsanyi,CD,-0.17002391815185547
B,B_0043,STEP,harsanyi,ABC,-0.10563230514526367
B,B_0043,STEP,harsanyi,ABD,0.05288970470428467
B,B_0043,STEP,harsanyi,ACD,0.1738673448562622
B,B_0043,STEP,harsanyi,BCD,0.2190701961517334
B,B_0043,STEP,harsanyi,ABCD,-0.1700974702835083
B,B_0043,STEP,LOO,A,-0.052816152572631836
B,B_0043,STEP,LOO,B,0.0
B,B_0043,STEP,LOO,C,0.0
B,B_0043,STEP,LOO,D,0.0
B,B_0044,STEP,harsanyi,A,0.14813756942749023
B,B_0044,STEP,harsanyi,B,-0.07962369918823242
B,B_0044,STEP,harsanyi,C,0.07595372200012207
B,B_0044,STEP,harsanyi,D,0.07595372200012207
B,B_0044,STEP,harsanyi,AB,0.14796411991119385
B,B_0044,STEP,harsanyi,AC,-0.14813756942749023
B,B_0044,STEP,harsanyi,AD,-0.07595372200012207
B,B_0044,STEP,harsanyi,BC,0.07962369918823242
B,B_0044,STEP,harsanyi,BD,0.07962369918823242
B,B_0044,STEP,harsanyi,CD,0.06457054615020752
B,B_0044,STEP,harsanyi,ABC,-0.007439851760864258
B,B_0044,STEP,harsanyi,ABD,-0.14796411991119385
B,B_0044,STEP,harsanyi,ACD,-0.06457054615020752
B,B_0044,STEP,harsanyi,BCD,-0.220147967338562
B,B_0044,STEP,harsanyi,ABCD,0.220147967338562
B,B_0044,STEP,LOO,A,0.07218384742736816
B,B_0044,STEP,LOO,B,0.07218384742736816
B,B_0044,STEP,LOO,C,0.0
B,B_0044,STEP,LOO,D,-0.06834042072296143
B,B_0045,STEP,harsanyi,A,-0.04904627799987793
B,B_0045,STEP,harsanyi,B,0.045376330614089966
B,B_0045,STEP,harsanyi,C,0.08720597624778748
B,B_0045,STEP,harsanyi,D,-0.04904627799987793
B,B_0045,STEP,harsanyi,AB,-0.0981924831867218
B,B_0045,STEP,harsanyi,AC,-0.038159698247909546
B,B_0045,STEP,harsanyi,AD,-0.0037698745727539062
B,B_0045,STEP,harsanyi,BC,-0.13258230686187744
B,B_0045,STEP,harsanyi,BD,-0.045376330614089966
B,B_0045,STEP,harsanyi,CD,0.04904627799987793
B,B_0045,STEP,harsanyi,ABC,0.08353602886199951
B,B_0045,STEP,harsanyi,ABD,0.15100863575935364
B,B_0045,STEP,harsanyi,ACD,0.04914620518684387
B,B_0045,STEP,harsanyi,BCD,0.045376330614089966
B,B_0045,STEP,harsanyi,ABCD,-0.09452253580093384
B,B_0045,STEP,LOO,A,0.0
B,B_0045,STEP,LOO,B,-0.045376330614089966
B,B_0045,STEP,LOO,C,0.04904627799987793
B,B_0045,STEP,LOO,D,0.10186243057250977
B,B_0046,STEP,harsanyi,A,0.14813756942749023
B,B_0046,STEP,harsanyi,B,-0.07962369918823242
B,B_0046,STEP,harsanyi,C,-0.16279399394989014
B,B_0046,STEP,harsanyi,D,0.0
B,B_0046,STEP,harsanyi,AB,0.14796411991119385
B,B_0046,STEP,harsanyi,AC,0.09061014652252197
B,B_0046,STEP,harsanyi,AD,0.06834042072296143
B,B_0046,STEP,harsanyi,BC,0.24241769313812256
B,B_0046,STEP,harsanyi,BD,0.1555774211883545
B,B_0046,STEP,harsanyi,CD,0.08317041397094727
B,B_0046,STEP,harsanyi,ABC,-0.23857426643371582
B,B_0046,STEP,harsanyi,ABD,-0.29225826263427734
B,B_0046,STEP,harsanyi,ACD,-0.22746455669403076
B,B_0046,STEP,harsanyi,BCD,-0.3183715343475342
B,B_0046,STEP,harsanyi,ABCD,0.45882225036621094
B,B_0046,STEP,LOO,A,0.1555774211883545
B,B_0046,STEP,LOO,B,0.07595372200012207
B,B_0046,STEP,LOO,C,-0.07218384742736816
B,B_0046,STEP,LOO,D,-0.07218384742736816
B,B_0047,STEP,harsanyi,A,0.07595372200012207
B,B_0047,STEP,harsanyi,B,0.0
B,B_0047,STEP,harsanyi,C,0.07595372200012207
B,B_0047,STEP,harsanyi,D,0.07595372200012207
B,B_0047,STEP,harsanyi,AB,-0.07595372200012207
B,B_0047,STEP,harsanyi,AC,-0.0037698745727539062
B,B_0047,STEP,harsanyi,AD,-0.0037698745727539062
B,B_0047,STEP,harsanyi,BC,0.0
B,B_0047,STEP,harsanyi,BD,0.0
B,B_0047,STEP,harsanyi,CD,0.06457054615020752
B,B_0047,STEP,harsanyi,ABC,0.07595372200012207
B,B_0047,STEP,harsanyi,ABD,0.0037698745727539062
B,B_0047,STEP,harsanyi,ACD,-0.13675439357757568
B,B_0047,STEP,harsanyi,BCD,-0.1405242681503296
B,B_0047,STEP,harsanyi,ABCD,0.06457054615020752
B,B_0047,STEP,LOO,A,0.0
B,B_0047,STEP,LOO,B,-0.07218384742736816
B,B_0047,STEP,LOO,C,0.0
B,B_0047,STEP,LOO,D,-0.07218384742736816
B,B_0048,STEP,harsanyi,A,-0.07218384742736816
B,B_0048,STEP,harsanyi,B,-0.22776126861572266
B,B_0048,STEP,harsanyi,C,0.0
B,B_0048,STEP,harsanyi,D,0.0
B,B_0048,STEP,harsanyi,AB,0.2999451160430908
B,B_0048,STEP,harsanyi,AC,0.0
B,B_0048,STEP,harsanyi,AD,0.0
B,B_0048,STEP,harsanyi,BC,1.1920928955078125e-07
B,B_0048,STEP,harsanyi,BD,1.1920928955078125e-07
B,B_0048,STEP,harsanyi,CD,0.0
B,B_0048,STEP,harsanyi,ABC,-1.1920928955078125e-07
B,B_0048,STEP,harsanyi,ABD,-1.1920928955078125e-07
B,B_0048,STEP,harsanyi,ACD,0.0
B,B_0048,STEP,harsanyi,BCD,0.07962346076965332
B,B_0048,STEP,harsanyi,ABCD,-0.07962346076965332
B,B_0048,STEP,LOO,A,0.14813756942749023
B,B_0048,STEP,LOO,B,0.07218384742736816
B,B_0048,STEP,LOO,C,0.0
B,B_0048,STEP,LOO,D,0.0
B,B_0049,STEP,harsanyi,A,0.13279223442077637
B,B_0049,STEP,harsanyi,B,0.06834042072296143
B,B_0049,STEP,harsanyi,C,0.0
B,B_0049,STEP,harsanyi,D,0.0
B,B_0049,STEP,harsanyi,AB,-0.06834042072296143
B,B_0049,STEP,harsanyi,AC,-0.13279223442077637
B,B_0049,STEP,harsanyi,AD,-0.13279223442077637
B,B_0049,STEP,harsanyi,BC,0.0
B,B_0049,STEP,harsanyi,BD,-0.06834042072296143
B,B_0049,STEP,harsanyi,CD,0.0
B,B_0049,STEP,harsanyi,ABC,0.06834042072296143
B,B_0049,STEP,harsanyi,ABD,0.2011326551437378
B,B_0049,STEP,harsanyi,ACD,0.13279223442077637
B,B_0049,STEP,harsanyi,BCD,0.06834042072296143
B,B_0049,STEP,harsanyi,ABCD,-0.2011326551437378
B,B_0049,STEP,LOO,A,0.0
B,B_0049,STEP,LOO,B,0.06834042072296143
B,B_0049,STEP,LOO,C,-0.06445181369781494
B,B_0049,STEP,LOO,D,0.0
B,B_0050,STEP,harsanyi,A,0.13279223442077637
B,B_0050,STEP,harsanyi,B,0.06834042072296143
B,B_0050,STEP,harsanyi,C,0.06834042072296143
B,B_0050,STEP,harsanyi,D,0.06834042072296143
B,B_0050,STEP,harsanyi,AB,-0.06834042072296143
B,B_0050,STEP,harsanyi,AC,-0.2011326551437378
B,B_0050,STEP,harsanyi,AD,-0.13279223442077637
B,B_0050,STEP,harsanyi,BC,-0.06834042072296143
B,B_0050,STEP,harsanyi,BD,-0.13668084144592285
B,B_0050,STEP,harsanyi,CD,-0.06834042072296143
B,B_0050,STEP,harsanyi,ABC,0.13668084144592285
B,B_0050,STEP,harsanyi,ABD,0.13668084144592285
B,B_0050,STEP,harsanyi,ACD,0.13279223442077637
B,B_0050,STEP,harsanyi,BCD,0.06834042072296143
B,B_0050,STEP,harsanyi,ABCD,-0.06834042072296143
B,B_0050,STEP,LOO,A,0.06834042072296143
B,B_0050,STEP,LOO,B,0.06834042072296143
B,B_0050,STEP,LOO,C,0.0
B,B_0050,STEP,LOO,D,0.0
B,B_0051,STEP,harsanyi,A,0.052816152572631836
B,B_0051,STEP,harsanyi,B,-0.056659579277038574
B,B_0051,STEP,harsanyi,C,0.0
B,B_0051,STEP,harsanyi,D,-0.056659579277038574
B,B_0051,STEP,harsanyi,AB,-0.1133643388748169
B,B_0051,STEP,harsanyi,AC,0.0
B,B_0051,STEP,harsanyi,AD,0.0038434267044067383
B,B_0051,STEP,harsanyi,BC,0.0
B,B_0051,STEP,harsanyi,BD,0.11331915855407715
B,B_0051,STEP,harsanyi,CD,0.056659579277038574
B,B_0051,STEP,harsanyi,ABC,0.11720776557922363
B,B_0051,STEP,harsanyi,ABD,-0.06050300598144531
B,B_0051,STEP,harsanyi,ACD,-0.056659579277038574
B,B_0051,STEP,harsanyi,BCD,-0.11331915855407715
B,B_0051,STEP,harsanyi,ABCD,0.11331915855407715
B,B_0051,STEP,LOO,A,0.056659579277038574
B,B_0051,STEP,LOO,B,0.0
B,B_0051,STEP,LOO,C,0.11720776557922363
B,B_0051,STEP,LOO,D,0.0
B,B_0052,STEP,harsanyi,A,-0.11720776557922363
B,B_0052,STEP,harsanyi,B,0.14723876118659973
B,B_0052,STEP,harsanyi,C,-0.056659579277038574
B,B_0052,STEP,harsanyi,D,0.0
B,B_0052,STEP,harsanyi,AB,-0.0300309956073761
B,B_0052,STEP,harsanyi,AC,0.1738673448562622
B,B_0052,STEP,harsanyi,AD,0.11720776557922363
B,B_0052,STEP,harsanyi,BC,0.09848922491073608
B,B_0052,STEP,harsanyi,BD,0.0
B,B_0052,STEP,harsanyi,CD,0.0
B,B_0052,STEP,harsanyi,ABC,-0.21569699048995972
B,B_0052,STEP,harsanyi,ABD,-0.1738673448562622
B,B_0052,STEP,harsanyi,ACD,-0.11720776557922363
B,B_0052,STEP,harsanyi,BCD,0.0
B,B_0052,STEP,harsanyi,ABCD,0.11720776557922363
B,B_0052,STEP,LOO,A,-0.24572798609733582
B,B_0052,STEP,LOO,B,-0.056659579277038574
B,B_0052,STEP,LOO,C,0.0
B,B_0052,STEP,LOO,D,-0.056659579277038574
B,B_0053,STEP,harsanyi,A,-0.07218384742736816
B,B_0053,STEP,harsanyi,B,-0.22776126861572266
B,B_0053,STEP,harsanyi,C,0.06834042072296143
B,B_0053,STEP,harsanyi,D,0.06834042072296143
B,B_0053,STEP,harsanyi,AB,0.2999451160430908
B,B_0053,STEP,harsanyi,AC,-0.06834042072296143
B,B_0053,STEP,harsanyi,AD,0.0038434267044067383
B,B_0053,STEP,harsanyi,BC,-0.15151071548461914
B,B_0053,STEP,harsanyi,BD,-0.06834042072296143
B,B_0053,STEP,harsanyi,CD,-0.06834042072296143
B,B_0053,STEP,harsanyi,ABC,0.07932686805725098
B,B_0053,STEP,harsanyi,ABD,0.06449699401855469
B,B_0053,STEP,harsanyi,ACD,0.13668084144592285
B,B_0053,STEP,harsanyi,BCD,0.15151071548461914
B,B_0053,STEP,harsanyi,ABCD,-0.1476672887802124
B,B_0053,STEP,LOO,A,0.2961016893386841
B,B_0053,STEP,LOO,B,0.0
B,B_0053,STEP,LOO,C,0.0
B,B_0053,STEP,LOO,D,0.1405242681503296
B,B_0054,STEP,harsanyi,A,0.052816152572631836
B,B_0054,STEP,harsanyi,B,-0.056659579277038574
B,B_0054,STEP,harsanyi,C,-0.056659579277038574
B,B_0054,STEP,harsanyi,D,0.0
B,B_0054,STEP,harsanyi,AB,-0.1133643388748169
B,B_0054,STEP,harsanyi,AC,0.056659579277038574
B,B_0054,STEP,harsanyi,AD,0.0
B,B_0054,STEP,harsanyi,BC,0.056659579277038574
B,B_0054,STEP,harsanyi,BD,0.056659579277038574
B,B_0054,STEP,harsanyi,CD,0.0
B,B_0054,STEP,harsanyi,ABC,0.0038886070251464844
B,B_0054,STEP,harsanyi,ABD,-0.056659579277038574
B,B_0054,STEP,harsanyi,ACD,0.0
B,B_0054,STEP,harsanyi,BCD,0.0
B,B_0054,STEP,harsanyi,ABCD,0.056659579277038574
B,B_0054,STEP,LOO,A,0.0
B,B_0054,STEP,LOO,B,-0.052816152572631836
B,B_0054,STEP,LOO,C,0.11720776557922363
B,B_0054,STEP,LOO,D,0.056659579277038574
B,B_0055,STEP,harsanyi,A,-0.11720776557922363
B,B_0055,STEP,harsanyi,B,0.14723876118659973
B,B_0055,STEP,harsanyi,C,0.0
B,B_0055,STEP,harsanyi,D,-0.056659579277038574
B,B_0055,STEP,harsanyi,AB,-0.0300309956073761
B,B_0055,STEP,harsanyi,AC,0.11720776557922363
B,B_0055,STEP,harsanyi,AD,0.11720776557922363
B,B_0055,STEP,harsanyi,BC,0.0
B,B_0055,STEP,harsanyi,BD,0.056659579277038574
B,B_0055,STEP,harsanyi,CD,0.056659579277038574
B,B_0055,STEP,harsanyi,ABC,-0.1738673448562622
B,B_0055,STEP,harsanyi,ABD,-0.1738673448562622
B,B_0055,STEP,harsanyi,ACD,-0.0643916130065918
B,B_0055,STEP,harsanyi,BCD,-0.056659579277038574
B,B_0055,STEP,harsanyi,ABCD,0.17771077156066895
B,B_0055,STEP,LOO,A,-0.14723876118659973
B,B_0055,STEP,LOO,B,-0.052816152572631836
B,B_0055,STEP,LOO,C,0.056659579277038574
B,B_0055,STEP,LOO,D,0.056659579277038574
B,B_0056,STEP,harsanyi,A,-0.17002391815185547
B,B_0056,STEP,harsanyi,B,-0.052816152572631836
B,B_0056,STEP,harsanyi,C,0.0
B,B_0056,STEP,harsanyi,D,0.0
B,B_0056,STEP,harsanyi,AB,0.17002391815185547
B,B_0056,STEP,harsanyi,AC,0.11720776557922363
B,B_0056,STEP,harsanyi,AD,0.06054818630218506
B,B_0056,STEP,harsanyi,BC,0.052816152572631836
B,B_0056,STEP,harsanyi,BD,-0.056659579277038574
B,B_0056,STEP,harsanyi,CD,-0.052816152572631836
B,B_0056,STEP,harsanyi,ABC,-0.17002391815185547
B,B_0056,STEP,harsanyi,ABD,-0.06054818630218506
B,B_0056,STEP,harsanyi,ACD,0.04508411884307861
B,B_0056,STEP,harsanyi,BCD,0.056659579277038574
B,B_0056,STEP,harsanyi,ABCD,0.06054818630218506
B,B_0056,STEP,LOO,A,0.052816152572631836
B,B_0056,STEP,LOO,B,0.0
B,B_0056,STEP,LOO,C,0.10947573184967041
B,B_0056,STEP,LOO,D,0.052816152572631836
B,B_0057,STEP,harsanyi,A,-0.052816152572631836
B,B_0057,STEP,harsanyi,B,0.0
B,B_0057,STEP,harsanyi,C,0.0
B,B_0057,STEP,harsanyi,D,0.0
B,B_0057,STEP,harsanyi,AB,0.052816152572631836
B,B_0057,STEP,harsanyi,AC,0.10186243057250977
B,B_0057,STEP,harsanyi,AD,0.052816152572631836
B,B_0057,STEP,harsanyi,BC,0.0
B,B_0057,STEP,harsanyi,BD,-0.10947573184967041
B,B_0057,STEP,harsanyi,CD,-0.052816152572631836
B,B_0057,STEP,harsanyi,ABC,-0.10186243057250977
B,B_0057,STEP,harsanyi,ABD,0.1057058572769165
B,B_0057,STEP,harsanyi,ACD,0.0
B,B_0057,STEP,harsanyi,BCD,0.10947573184967041
B,B_0057,STEP,harsanyi,ABCD,-0.056659579277038574
B,B_0057,STEP,LOO,A,0.10186243057250977
B,B_0057,STEP,LOO,B,0.0
B,B_0057,STEP,LOO,C,0.0
B,B_0057,STEP,LOO,D,0.04904627799987793
B,B_0058,STEP,harsanyi,A,-0.052816152572631836
B,B_0058,STEP,harsanyi,B,0.0
B,B_0058,STEP,harsanyi,C,-0.052816152572631836
B,B_0058,STEP,harsanyi,D,0.0
B,B_0058,STEP,harsanyi,AB,0.052816152572631836
B,B_0058,STEP,harsanyi,AC,0.1546785831451416
B,B_0058,STEP,harsanyi,AD,0.052816152572631836
B,B_0058,STEP,harsanyi,BC,0.0
B,B_0058,STEP,harsanyi,BD,-0.10947573184967041
B,B_0058,STEP,harsanyi,CD,0.052816152572631836
B,B_0058,STEP,harsanyi,ABC,-0.052816152572631836
B,B_0058,STEP,harsanyi,ABD,0.1057058572769165
B,B_0058,STEP,harsanyi,ACD,-0.10563230514526367
B,B_0058,STEP,harsanyi,BCD,0.10947573184967041
B,B_0058,STEP,harsanyi,ABCD,-0.1057058572769165
B,B_0058,STEP,LOO,A,0.04904627799987793
B,B_0058,STEP,LOO,B,0.0
B,B_0058,STEP,LOO,C,0.0
B,B_0058,STEP,LOO,D,0.0
B,B_0059,STEP,harsanyi,A,0.07218384742736816
B,B_0059,STEP,harsanyi,B,0.07218384742736816
B,B_0059,STEP,harsanyi,C,0.07218384742736816
B,B_0059,STEP,harsanyi,D,0.0
B,B_0059,STEP,harsanyi,AB,-0.14436769485473633
B,B_0059,STEP,harsanyi,AC,-0.2203214168548584
B,B_0059,STEP,harsanyi,AD,-0.07218384742736816
B,B_0059,STEP,harsanyi,BC,-0.14436769485473633
B,B_0059,STEP,harsanyi,BD,0.06834042072296143
B,B_0059,STEP,harsanyi,CD,0.0
B,B_0059,STEP,harsanyi,ABC,0.2165515422821045
B,B_0059,STEP,harsanyi,ABD,0.0038434267044067383
B,B_0059,STEP,harsanyi,ACD,0.07218384742736816
B,B_0059,STEP,harsanyi,BCD,0.0038434267044067383
B,B_0059,STEP,harsanyi,ABCD,-0.15565097332000732
B,B_0059,STEP,LOO,A,-0.22776126861572266
B,B_0059,STEP,LOO,B,-0.07962369918823242
B,B_0059,STEP,LOO,C,-0.1555774211883545
B,B_0059,STEP,LOO,D,-0.07962369918823242
B,B_0060,STEP,harsanyi,A,-0.17002391815185547
B,B_0060,STEP,harsanyi,B,-0.052816152572631836
B,B_0060,STEP,harsanyi,C,-0.052816152572631836
B,B_0060,STEP,harsanyi,D,0.0
B,B_0060,STEP,harsanyi,AB,0.17002391815185547
B,B_0060,STEP,harsanyi,AC,0.1133643388748169
B,B_0060,STEP,harsanyi,AD,0.06054818630218506
B,B_0060,STEP,harsanyi,BC,0.10563230514526367
B,B_0060,STEP,harsanyi,BD,0.052816152572631836
B,B_0060,STEP,harsanyi,CD,0.052816152572631836
B,B_0060,STEP,harsanyi,ABC,-0.2228400707244873
B,B_0060,STEP,harsanyi,ABD,-0.1133643388748169
B,B_0060,STEP,harsanyi,ACD,-0.0038886070251464844
B,B_0060,STEP,harsanyi,BCD,-0.10563230514526367
B,B_0060,STEP,harsanyi,ABCD,0.1133643388748169
B,B_0060,STEP,LOO,A,-0.052816152572631836
B,B_0060,STEP,LOO,B,-0.052816152572631836
B,B_0060,STEP,LOO,C,0.0
B,B_0060,STEP,LOO,D,0.056659579277038574
B,B_0061,STEP,harsanyi,A,0.20497608184814453
B,B_0061,STEP,harsanyi,B,0.0
B,B_0061,STEP,harsanyi,C,0.07218384742736816
B,B_0061,STEP,harsanyi,D,0.0
B,B_0061,STEP,harsanyi,AB,-0.13279223442077637
B,B_0061,STEP,harsanyi,AC,-0.1366356611251831
B,B_0061,STEP,harsanyi,AD,-0.06445181369781494
B,B_0061,STEP,harsanyi,BC,0.0
B,B_0061,STEP,harsanyi,BD,0.1405242681503296
B,B_0061,STEP,harsanyi,CD,0.0
B,B_0061,STEP,harsanyi,ABC,0.06445181369781494
B,B_0061,STEP,harsanyi,ABD,-0.07607245445251465
B,B_0061,STEP,harsanyi,ACD,-0.07607245445251465
B,B_0061,STEP,harsanyi,BCD,-0.1405242681503296
B,B_0061,STEP,harsanyi,ABCD,0.14441287517547607
B,B_0061,STEP,LOO,A,-0.07218384742736816
B,B_0061,STEP,LOO,B,0.0
B,B_0061,STEP,LOO,C,-0.07218384742736816
B,B_0061,STEP,LOO,D,-0.07218384742736816
B,B_0062,STEP,harsanyi,A,0.07218384742736816
B,B_0062,STEP,harsanyi,B,0.07218384742736816
B,B_0062,STEP,harsanyi,C,0.0
B,B_0062,STEP,harsanyi,D,0.0
B,B_0062,STEP,harsanyi,AB,-0.14436769485473633
B,B_0062,STEP,harsanyi,AC,-0.14813756942749023
B,B_0062,STEP,harsanyi,AD,-0.07218384742736816
B,B_0062,STEP,harsanyi,BC,-0.07218384742736816
B,B_0062,STEP,harsanyi,BD,-0.07218384742736816
B,B_0062,STEP,harsanyi,CD,0.0
B,B_0062,STEP,harsanyi,ABC,0.2203214168548584
B,B_0062,STEP,harsanyi,ABD,0.14436769485473633
B,B_0062,STEP,harsanyi,ACD,0.14813756942749023
B,B_0062,STEP,harsanyi,BCD,0.07218384742736816
B,B_0062,STEP,harsanyi,ABCD,-0.29627513885498047
B,B_0062,STEP,LOO,A,-0.07595372200012207
B,B_0062,STEP,LOO,B,-0.07595372200012207
B,B_0062,STEP,LOO,C,-0.07595372200012207
B,B_0062,STEP,LOO,D,-0.07595372200012207
B,B_0063,STEP,harsanyi,A,0.20497608184814453
B,B_0063,STEP,harsanyi,B,0.0
B,B_0063,STEP,harsanyi,C,0.0
B,B_0063,STEP,harsanyi,D,0.0
B,B_0063,STEP,harsanyi,AB,-0.13279223442077637
B,B_0063,STEP,harsanyi,AC,-0.13279223442077637
B,B_0063,STEP,harsanyi,AD,-0.06445181369781494
B,B_0063,STEP,harsanyi,BC,0.0
B,B_0063,STEP,harsanyi,BD,0.1405242681503296
B,B_0063,STEP,harsanyi,CD,0.0
B,B_0063,STEP,harsanyi,ABC,0.13279223442077637
B,B_0063,STEP,harsanyi,ABD,-0.07607245445251465
B,B_0063,STEP,harsanyi,ACD,0.13279223442077637
B,B_0063,STEP,harsanyi,BCD,-0.1405242681503296
B,B_0063,STEP,harsanyi,ABCD,-0.06445181369781494
B,B_0063,STEP,LOO,A,0.0
B,B_0063,STEP,LOO,B,-0.1405242681503296
B,B_0063,STEP,LOO,C,-0.07218384742736816
B,B_0063,STEP,LOO,D,-0.07218384742736816
B,B_0064,STEP,harsanyi,A,0.07218384742736816
B,B_0064,STEP,harsanyi,B,-0.07595372200012207
B,B_0064,STEP,harsanyi,C,0.07218384742736816
B,B_0064,STEP,harsanyi,D,0.07218384742736816
B,B_0064,STEP,harsanyi,AB,0.0037698745727539062
B,B_0064,STEP,harsanyi,AC,-0.14436769485473633
B,B_0064,STEP,harsanyi,AD,-0.07218384742736816
B,B_0064,STEP,harsanyi,BC,-0.07218384742736816
B,B_0064,STEP,harsanyi,BD,0.0037698745727539062
B,B_0064,STEP,harsanyi,CD,-0.07218384742736816
B,B_0064,STEP,harsanyi,ABC,0.2165515422821045
B,B_0064,STEP,harsanyi,ABD,-0.07972359657287598
B,B_0064,STEP,harsanyi,ACD,0.07218384742736816
B,B_0064,STEP,harsanyi,BCD,-0.08339345455169678
B,B_0064,STEP,harsanyi,ABCD,0.08716332912445068
B,B_0064,STEP,LOO,A,0.15557730197906494
B,B_0064,STEP,LOO,B,0.0
B,B_0064,STEP,LOO,C,0.07595372200012207
B,B_0064,STEP,LOO,D,-0.07218384742736816
B,B_0065,STEP,harsanyi,A,-0.10947573184967041
B,B_0065,STEP,harsanyi,B,0.04904627799987793
B,B_0065,STEP,harsanyi,C,-0.052816152572631836
B,B_0065,STEP,harsanyi,D,0.04904627799987793
B,B_0065,STEP,harsanyi,AB,0.06042945384979248
B,B_0065,STEP,harsanyi,AC,0.16229188442230225
B,B_0065,STEP,harsanyi,AD,0.0076133012771606445
B,B_0065,STEP,harsanyi,BC,0.052816152572631836
B,B_0065,STEP,harsanyi,BD,-0.09809255599975586
B,B_0065,STEP,harsanyi,CD,-0.04904627799987793
B,B_0065,STEP,harsanyi,ABC,-0.16229188442230225
B,B_0065,STEP,harsanyi,ABD,0.09047925472259521
B,B_0065,STEP,harsanyi,ACD,-0.0076133012771606445
B,B_0065,STEP,harsanyi,BCD,0.09809255599975586
B,B_0065,STEP,harsanyi,ABCD,-0.041432976722717285
B,B_0065,STEP,LOO,A,0.0
B,B_0065,STEP,LOO,B,0.04904627799987793
B,B_0065,STEP,LOO,C,0.0
B,B_0065,STEP,LOO,D,0.04904627799987793
B,B_0066,STEP,harsanyi,A,-0.052816152572631836
B,B_0066,STEP,harsanyi,B,0.04904627799987793
B,B_0066,STEP,harsanyi,C,0.04904627799987793
B,B_0066,STEP,harsanyi,D,-0.052816152572631836
B,B_0066,STEP,harsanyi,AB,0.0037698745727539062
B,B_0066,STEP,harsanyi,AC,0.0037698745727539062
B,B_0066,STEP,harsanyi,AD,0.052816152572631836
B,B_0066,STEP,harsanyi,BC,-0.09809255599975586
B,B_0066,STEP,harsanyi,BD,0.0037698745727539062
B,B_0066,STEP,harsanyi,CD,0.052816152572631836
B,B_0066,STEP,harsanyi,ABC,0.04527640342712402
B,B_0066,STEP,harsanyi,ABD,0.04527640342712402
B,B_0066,STEP,harsanyi,ACD,-0.052816152572631836
B,B_0066,STEP,harsanyi,BCD,0.09065273404121399
B,B_0066,STEP,harsanyi,ABCD,-0.09065273404121399
B,B_0066,STEP,LOO,A,-0.045376330614089966
B,B_0066,STEP,LOO,B,0.04904627799987793
B,B_0066,STEP,LOO,C,0.0
B,B_0066,STEP,LOO,D,0.04904627799987793
B,B_0067,STEP,harsanyi,A,0.1405242681503296
B,B_0067,STEP,harsanyi,B,-0.07595372200012207
B,B_0067,STEP,harsanyi,C,-0.07595372200012207
B,B_0067,STEP,harsanyi,D,-0.07595372200012207
B,B_0067,STEP,harsanyi,AB,-0.06457054615020752
B,B_0067,STEP,harsanyi,AC,-0.06457054615020752
B,B_0067,STEP,harsanyi,AD,0.0076133012771606445
B,B_0067,STEP,harsanyi,BC,0.15190744400024414
B,B_0067,STEP,harsanyi,BD,0.15190744400024414
B,B_0067,STEP,harsanyi,CD,0.07595372200012207
B,B_0067,STEP,harsanyi,ABC,-0.01138317584991455
B,B_0067,STEP,harsanyi,ABD,-0.08356702327728271
B,B_0067,STEP,harsanyi,ACD,-0.08356702327728271
B,B_0067,STEP,harsanyi,BCD,-0.30748486518859863
B,B_0067,STEP,harsanyi,ABCD,0.15952074527740479
B,B_0067,STEP,LOO,A,0.0
B,B_0067,STEP,LOO,B,-0.07962369918823242
B,B_0067,STEP,LOO,C,-0.1555774211883545
B,B_0067,STEP,LOO,D,-0.1555774211883545
B,B_0068,STEP,harsanyi,A,-0.052816152572631836
B,B_0068,STEP,harsanyi,B,0.04904627799987793
B,B_0068,STEP,harsanyi,C,-0.052816152572631836
B,B_0068,STEP,harsanyi,D,0.04904627799987793
B,B_0068,STEP,harsanyi,AB,0.0037698745727539062
B,B_0068,STEP,harsanyi,AC,0.10563230514526367
B,B_0068,STEP,harsanyi,AD,-0.04904627799987793
B,B_0068,STEP,harsanyi,BC,0.0037698745727539062
B,B_0068,STEP,harsanyi,BD,-0.09809255599975586
B,B_0068,STEP,harsanyi,CD,-0.04904627799987793
B,B_0068,STEP,harsanyi,ABC,-0.10940217971801758
B,B_0068,STEP,harsanyi,ABD,0.1471388339996338
B,B_0068,STEP,harsanyi,ACD,0.04904627799987793
B,B_0068,STEP,harsanyi,BCD,0.09809255599975586
B,B_0068,STEP,harsanyi,ABCD,-0.04527640342712402
B,B_0068,STEP,LOO,A,0.04904627799987793
B,B_0068,STEP,LOO,B,0.04904627799987793
B,B_0068,STEP,LOO,C,0.0
B,B_0068,STEP,LOO,D,0.10186243057250977
B,B_0069,STEP,harsanyi,A,0.1405242681503296
B,B_0069,STEP,harsanyi,B,-0.07595372200012207
B,B_0069,STEP,harsanyi,C,0.07218384742736816
B,B_0069,STEP,harsanyi,D,0.07218384742736816
B,B_0069,STEP,harsanyi,AB,-0.06457054615020752
B,B_0069,STEP,harsanyi,AC,-0.21270811557769775
B,B_0069,STEP,harsanyi,AD,-0.1405242681503296
B,B_0069,STEP,harsanyi,BC,0.0037698745727539062
B,B_0069,STEP,harsanyi,BD,0.0037698745727539062
B,B_0069,STEP,harsanyi,CD,-0.07218384742736816
B,B_0069,STEP,harsanyi,ABC,0.20893824100494385
B,B_0069,STEP,harsanyi,ABD,0.06457054615020752
B,B_0069,STEP,harsanyi,ACD,0.21270811557769775
B,B_0069,STEP,harsanyi,BCD,-0.0037698745727539062
B,B_0069,STEP,harsanyi,ABCD,-0.20893824100494385
B,B_0069,STEP,LOO,A,0.0
B,B_0069,STEP,LOO,B,-0.07218384742736816
B,B_0069,STEP,LOO,C,0.0
B,B_0069,STEP,LOO,D,-0.07218384742736816
B,B_0070,STEP,harsanyi,A,-0.10947573184967041
B,B_0070,STEP,harsanyi,B,0.04904627799987793
B,B_0070,STEP,harsanyi,C,0.04904627799987793
B,B_0070,STEP,harsanyi,D,-0.052816152572631836
B,B_0070,STEP,harsanyi,AB,0.06042945384979248
B,B_0070,STEP,harsanyi,AC,0.06042945384979248
B,B_0070,STEP,harsanyi,AD,0.10947573184967041
B,B_0070,STEP,harsanyi,BC,-0.04904627799987793
B,B_0070,STEP,harsanyi,BD,0.0037698745727539062
B,B_0070,STEP,harsanyi,CD,0.052816152572631836
B,B_0070,STEP,harsanyi,ABC,-0.06042945384979248
B,B_0070,STEP,harsanyi,ABD,-0.06042945384979248
B,B_0070,STEP,harsanyi,ACD,-0.10947573184967041
B,B_0070,STEP,harsanyi,BCD,-0.0037698745727539062
B,B_0070,STEP,harsanyi,ABCD,0.10947573184967041
B,B_0070,STEP,LOO,A,0.0
B,B_0070,STEP,LOO,B,0.04904627799987793
B,B_0070,STEP,LOO,C,0.04904627799987793
B,B_0070,STEP,LOO,D,0.04904627799987793
B,B_0071,STEP,harsanyi,A,0.07218384742736816
B,B_0071,STEP,harsanyi,B,-0.07595372200012207
B,B_0071,STEP,harsanyi,C,-0.07595372200012207
B,B_0071,STEP,harsanyi,D,-0.07595372200012207
B,B_0071,STEP,harsanyi,AB,0.0037698745727539062
B,B_0071,STEP,harsanyi,AC,0.0037698745727539062
B,B_0071,STEP,harsanyi,AD,0.07595372200012207
B,B_0071,STEP,harsanyi,BC,0.07595372200012207
B,B_0071,STEP,harsanyi,BD,0.15190744400024414
B,B_0071,STEP,harsanyi,CD,0.07595372200012207
B,B_0071,STEP,harsanyi,ABC,-0.07972359657287598
B,B_0071,STEP,harsanyi,ABD,-0.2278611660003662
B,B_0071,STEP,harsanyi,ACD,-0.15190744400024414
B,B_0071,STEP,harsanyi,BCD,-0.15190744400024414
B,B_0071,STEP,harsanyi,ABCD,0.22419118881225586
B,B_0071,STEP,LOO,A,-0.07962369918823242
B,B_0071,STEP,LOO,B,-0.07962369918823242
B,B_0071,STEP,LOO,C,-0.07962369918823242
B,B_0071,STEP,LOO,D,-0.07962369918823242
B,B_0072,STEP,harsanyi,A,-0.10186243057250977
B,B_0072,STEP,harsanyi,B,0.0
B,B_0072,STEP,harsanyi,C,0.08720597624778748
B,B_0072,STEP,harsanyi,D,-0.04904627799987793
B,B_0072,STEP,harsanyi,AB,0.052816152572631836
B,B_0072,STEP,harsanyi,AC,-0.03438982367515564
B,B_0072,STEP,harsanyi,AD,0.04904627799987793
B,B_0072,STEP,harsanyi,BC,-0.04182964563369751
B,B_0072,STEP,harsanyi,BD,0.0
B,B_0072,STEP,harsanyi,CD,0.04904627799987793
B,B_0072,STEP,harsanyi,ABC,-0.06380265951156616
B,B_0072,STEP,harsanyi,ABD,-0.052816152572631836
B,B_0072,STEP,harsanyi,ACD,0.0
B,B_0072,STEP,harsanyi,BCD,-0.045376330614089966
B,B_0072,STEP,harsanyi,ABCD,0.15100863575935364
B,B_0072,STEP,LOO,A,0.0
B,B_0072,STEP,LOO,B,0.0
B,B_0072,STEP,LOO,C,0.10186243057250977
B,B_0072,STEP,LOO,D,0.10186243057250977
B,B_0073,STEP,harsanyi,A,-0.10186243057250977
B,B_0073,STEP,harsanyi,B,0.0
B,B_0073,STEP,harsanyi,C,-0.04904627799987793
B,B_0073,STEP,harsanyi,D,0.0
B,B_0073,STEP,harsanyi,AB,0.052816152572631836
B,B_0073,STEP,harsanyi,AC,0.10186243057250977
B,B_0073,STEP,harsanyi,AD,-0.056659579277038574
B,B_0073,STEP,harsanyi,BC,0.0
B,B_0073,STEP,harsanyi,BD,-0.04904627799987793
B,B_0073,STEP,harsanyi,CD,-0.17002391815185547
B,B_0073,STEP,harsanyi,ABC,-0.10563230514526367
B,B_0073,STEP,harsanyi,ABD,0.05288970470428467
B,B_0073,STEP,harsanyi,ACD,0.1738673448562622
B,B_0073,STEP,harsanyi,BCD,0.2190701961517334
B,B_0073,STEP,harsanyi,ABCD,-0.1700974702835083
B,B_0073,STEP,LOO,A,-0.052816152572631836
B,B_0073,STEP,LOO,B,0.0
B,B_0073,STEP,LOO,C,0.0
B,B_0073,STEP,LOO,D,0.0
B,B_0074,STEP,harsanyi,A,0.14813756942749023
B,B_0074,STEP,harsanyi,B,-0.07962369918823242
B,B_0074,STEP,harsanyi,C,-0.16279399394989014
B,B_0074,STEP,harsanyi,D,0.0
B,B_0074,STEP,harsanyi,AB,0.14796411991119385
B,B_0074,STEP,harsanyi,AC,0.09061014652252197
B,B_0074,STEP,harsanyi,AD,0.06834042072296143
B,B_0074,STEP,harsanyi,BC,0.24241769313812256
B,B_0074,STEP,harsanyi,BD,0.1555774211883545
B,B_0074,STEP,harsanyi,CD,0.08317041397094727
B,B_0074,STEP,harsanyi,ABC,-0.23857426643371582
B,B_0074,STEP,harsanyi,ABD,-0.29225826263427734
B,B_0074,STEP,harsanyi,ACD,-0.22746455669403076
B,B_0074,STEP,harsanyi,BCD,-0.3183715343475342
B,B_0074,STEP,harsanyi,ABCD,0.45882225036621094
B,B_0074,STEP,LOO,A,0.1555774211883545
B,B_0074,STEP,LOO,B,0.07595372200012207
B,B_0074,STEP,LOO,C,-0.07218384742736816
B,B_0074,STEP,LOO,D,-0.07218384742736816
B,B_0075,STEP,harsanyi,A,0.07595372200012207
B,B_0075,STEP,harsanyi,B,0.0
B,B_0075,STEP,harsanyi,C,0.07595372200012207
B,B_0075,STEP,harsanyi,D,0.07595372200012207
B,B_0075,STEP,harsanyi,AB,-0.07595372200012207
B,B_0075,STEP,harsanyi,AC,-0.0037698745727539062
B,B_0075,STEP,harsanyi,AD,-0.0037698745727539062
B,B_0075,STEP,harsanyi,BC,0.0
B,B_0075,STEP,harsanyi,BD,0.0
B,B_0075,STEP,harsanyi,CD,0.06457054615020752
B,B_0075,STEP,harsanyi,ABC,0.07595372200012207
B,B_0075,STEP,harsanyi,ABD,0.0037698745727539062
B,B_0075,STEP,harsanyi,ACD,-0.13675439357757568
B,B_0075,STEP,harsanyi,BCD,-0.1405242681503296
B,B_0075,STEP,harsanyi,ABCD,0.06457054615020752
B,B_0075,STEP,LOO,A,0.0
B,B_0075,STEP,LOO,B,-0.07218384742736816
B,B_0075,STEP,LOO,C,0.0
B,B_0075,STEP,LOO,D,-0.07218384742736816
B,B_0076,STEP,harsanyi,A,-0.04904627799987793
B,B_0076,STEP,harsanyi,B,0.045376330614089966
B,B_0076,STEP,harsanyi,C,0.08720597624778748
B,B_0076,STEP,harsanyi,D,-0.04904627799987793
B,B_0076,STEP,harsanyi,AB,-0.0981924831867218
B,B_0076,STEP,harsanyi,AC,-0.038159698247909546
B,B_0076,STEP,harsanyi,AD,-0.0037698745727539062
B,B_0076,STEP,harsanyi,BC,-0.13258230686187744
B,B_0076,STEP,harsanyi,BD,-0.045376330614089966
B,B_0076,STEP,harsanyi,CD,0.04904627799987793
B,B_0076,STEP,harsanyi,ABC,0.08353602886199951
B,B_0076,STEP,harsanyi,ABD,0.15100863575935364
B,B_0076,STEP,harsanyi,ACD,0.04914620518684387
B,B_0076,STEP,harsanyi,BCD,0.045376330614089966
B,B_0076,STEP,harsanyi,ABCD,-0.09452253580093384
B,B_0076,STEP,LOO,A,0.0
B,B_0076,STEP,LOO,B,-0.045376330614089966
B,B_0076,STEP,LOO,C,0.04904627799987793
B,B_0076,STEP,LOO,D,0.10186243057250977
B,B_0077,STEP,harsanyi,A,0.14813756942749023
B,B_0077,STEP,harsanyi,B,-0.07962369918823242
B,B_0077,STEP,harsanyi,C,0.07595372200012207
B,B_0077,STEP,harsanyi,D,0.07595372200012207
B,B_0077,STEP,harsanyi,AB,0.14796411991119385
B,B_0077,STEP,harsanyi,AC,-0.14813756942749023
B,B_0077,STEP,harsanyi,AD,-0.07595372200012207
B,B_0077,STEP,harsanyi,BC,0.07962369918823242
B,B_0077,STEP,harsanyi,BD,0.07962369918823242
B,B_0077,STEP,harsanyi,CD,0.06457054615020752
B,B_0077,STEP,harsanyi,ABC,-0.007439851760864258
B,B_0077,STEP,harsanyi,ABD,-0.14796411991119385
B,B_0077,STEP,harsanyi,ACD,-0.06457054615020752
B,B_0077,STEP,harsanyi,BCD,-0.220147967338562
B,B_0077,STEP,harsanyi,ABCD,0.220147967338562
B,B_0077,STEP,LOO,A,0.07218384742736816
B,B_0077,STEP,LOO,B,0.07218384742736816
B,B_0077,STEP,LOO,C,0.0
B,B_0077,STEP,LOO,D,-0.06834042072296143
B,B_0078,STEP,harsanyi,A,-0.04904627799987793
B,B_0078,STEP,harsanyi,B,0.045376330614089966
B,B_0078,STEP,harsanyi,C,-0.04904627799987793
B,B_0078,STEP,harsanyi,D,0.0
B,B_0078,STEP,harsanyi,AB,-0.0981924831867218
B,B_0078,STEP,harsanyi,AC,-0.0037698745727539062
B,B_0078,STEP,harsanyi,AD,-0.052816152572631836
B,B_0078,STEP,harsanyi,BC,-0.045376330614089966
B,B_0078,STEP,harsanyi,BD,-0.0944226086139679
B,B_0078,STEP,harsanyi,CD,-0.17002391815185547
B,B_0078,STEP,harsanyi,ABC,0.04153290390968323
B,B_0078,STEP,harsanyi,ABD,0.14723876118659973
B,B_0078,STEP,harsanyi,ACD,0.2228400707244873
B,B_0078,STEP,harsanyi,BCD,0.26444652676582336
B,B_0078,STEP,harsanyi,ABCD,-0.2606031000614166
B,B_0078,STEP,LOO,A,-0.052816152572631836
B,B_0078,STEP,LOO,B,0.0
B,B_0078,STEP,LOO,C,0.0
B,B_0078,STEP,LOO,D,0.056659579277038574
B,B_0079,STEP,harsanyi,A,0.07595372200012207
B,B_0079,STEP,harsanyi,B,0.0
B,B_0079,STEP,harsanyi,C,-0.16279399394989014
B,B_0079,STEP,harsanyi,D,0.0
B,B_0079,STEP,harsanyi,AB,-0.07595372200012207
B,B_0079,STEP,harsanyi,AC,0.08684027194976807
B,B_0079,STEP,harsanyi,AD,0.07218384742736816
B,B_0079,STEP,harsanyi,BC,0.08317029476165771
B,B_0079,STEP,harsanyi,BD,0.07595372200012207
B,B_0079,STEP,harsanyi,CD,0.08317041397094727
B,B_0079,STEP,harsanyi,ABC,0.06873714923858643
B,B_0079,STEP,harsanyi,ABD,-0.07218384742736816
B,B_0079,STEP,harsanyi,ACD,-0.23497796058654785
B,B_0079,STEP,harsanyi,BCD,-0.07950043678283691
B,B_0079,STEP,harsanyi,ABCD,-0.08339345455169678
B,B_0079,STEP,LOO,A,-0.16279399394989014
B,B_0079,STEP,LOO,B,-0.08317029476165771
B,B_0079,STEP,LOO,C,-0.2387477159500122
B,B_0079,STEP,LOO,D,-0.2387477159500122
B,B_0080,STEP,harsanyi,A,-0.11720776557922363
B,B_0080,STEP,harsanyi,B,0.14723876118659973
B,B_0080,STEP,harsanyi,C,-0.056659579277038574
B,B_0080,STEP,harsanyi,D,0.0
B,B_0080,STEP,harsanyi,AB,-0.0300309956073761
B,B_0080,STEP,harsanyi,AC,0.1738673448562622
B,B_0080,STEP,harsanyi,AD,0.11720776557922363
B,B_0080,STEP,harsanyi,BC,0.09848922491073608
B,B_0080,STEP,harsanyi,BD,0.0
B,B_0080,STEP,harsanyi,CD,0.0
B,B_0080,STEP,harsanyi,ABC,-0.21569699048995972
B,B_0080,STEP,harsanyi,ABD,-0.1738673448562622
B,B_0080,STEP,harsanyi,ACD,-0.11720776557922363
B,B_0080,STEP,harsanyi,BCD,0.0
B,B_0080,STEP,harsanyi,ABCD,0.11720776557922363
B,B_0080,STEP,LOO,A,-0.24572798609733582
B,B_0080,STEP,LOO,B,-0.056659579277038574
B,B_0080,STEP,LOO,C,0.0
B,B_0080,STEP,LOO,D,-0.056659579277038574
B,B_0081,STEP,harsanyi,A,0.13279223442077637
B,B_0081,STEP,harsanyi,B,0.06834042072296143
B,B_0081,STEP,harsanyi,C,0.06834042072296143
B,B_0081,STEP,harsanyi,D,0.06834042072296143
B,B_0081,STEP,harsanyi,AB,-0.06834042072296143
B,B_0081,STEP,harsanyi,AC,-0.2011326551437378
B,B_0081,STEP,harsanyi,AD,-0.13279223442077637
B,B_0081,STEP,harsanyi,BC,-0.06834042072296143
B,B_0081,STEP,harsanyi,BD,-0.13668084144592285
B,B_0081,STEP,harsanyi,CD,-0.06834042072296143
B,B_0081,STEP,harsanyi,ABC,0.13668084144592285
B,B_0081,STEP,harsanyi,ABD,0.13668084144592285
B,B_0081,STEP,harsanyi,ACD,0.13279223442077637
B,B_0081,STEP,harsanyi,BCD,0.06834042072296143
B,B_0081,STEP,harsanyi,ABCD,-0.06834042072296143
B,B_0081,STEP,LOO,A,0.06834042072296143
B,B_0081,STEP,LOO,B,0.06834042072296143
B,B_0081,STEP,LOO,C,0.0
B,B_0081,STEP,LOO,D,0.0
B,B_0082,STEP,harsanyi,A,-0.07218384742736816
B,B_0082,STEP,harsanyi,B,-0.22776126861572266
B,B_0082,STEP,harsanyi,C,0.0
B,B_0082,STEP,harsanyi,D,0.0
B,B_0082,STEP,harsanyi,AB,0.2999451160430908
B,B_0082,STEP,harsanyi,AC,0.0
B,B_0082,STEP,harsanyi,AD,0.0
B,B_0082,STEP,harsanyi,BC,1.1920928955078125e-07
B,B_0082,STEP,harsanyi,BD,1.1920928955078125e-07
B,B_0082,STEP,harsanyi,CD,0.0
B,B_0082,STEP,harsanyi,ABC,-1.1920928955078125e-07
B,B_0082,STEP,harsanyi,ABD,-1.1920928955078125e-07
B,B_0082,STEP,harsanyi,ACD,0.0
B,B_0082,STEP,harsanyi,BCD,0.07962346076965332
B,B_0082,STEP,harsanyi,ABCD,-0.07962346076965332
B,B_0082,STEP,LOO,A,0.14813756942749023
B,B_0082,STEP,LOO,B,0.07218384742736816
B,B_0082,STEP,LOO,C,0.0
B,B_0082,STEP,LOO,D,0.0
B,B_0083,STEP,harsanyi,A,-0.11720776557922363
B,B_0083,STEP,harsanyi,B,0.14723876118659973
B,B_0083,STEP,harsanyi,C,0.0
B,B_0083,STEP,harsanyi,D,-0.056659579277038574
B,B_0083,STEP,harsanyi,AB,-0.0300309956073761
B,B_0083,STEP,harsanyi,AC,0.11720776557922363
B,B_0083,STEP,harsanyi,AD,0.11720776557922363
B,B_0083,STEP,harsanyi,BC,0.0
B,B_0083,STEP,harsanyi,BD,0.056659579277038574
B,B_0083,STEP,harsanyi,CD,0.056659579277038574
B,B_0083,STEP,harsanyi,ABC,-0.1738673448562622
B,B_0083,STEP,harsanyi,ABD,-0.1738673448562622
B,B_0083,STEP,harsanyi,ACD,-0.0643916130065918
B,B_0083,STEP,harsanyi,BCD,-0.056659579277038574
B,B_0083,STEP,harsanyi,ABCD,0.17771077156066895
B,B_0083,STEP,LOO,A,-0.14723876118659973
B,B_0083,STEP,LOO,B,-0.052816152572631836
B,B_0083,STEP,LOO,C,0.056659579277038574
B,B_0083,STEP,LOO,D,0.056659579277038574
B,B_0084,STEP,harsanyi,A,0.13279223442077637
B,B_0084,STEP,harsanyi,B,0.06834042072296143
B,B_0084,STEP,harsanyi,C,0.0
B,B_0084,STEP,harsanyi,D,0.0
B,B_0084,STEP,harsanyi,AB,-0.06834042072296143
B,B_0084,STEP,harsanyi,AC,-0.13279223442077637
B,B_0084,STEP,harsanyi,AD,-0.13279223442077637
B,B_0084,STEP,harsanyi,BC,0.0
B,B_0084,STEP,harsanyi,BD,-0.06834042072296143
B,B_0084,STEP,harsanyi,CD,0.0
B,B_0084,STEP,harsanyi,ABC,0.06834042072296143
B,B_0084,STEP,harsanyi,ABD,0.2011326551437378
B,B_0084,STEP,harsanyi,ACD,0.13279223442077637
B,B_0084,STEP,harsanyi,BCD,0.06834042072296143
B,B_0084,STEP,harsanyi,ABCD,-0.2011326551437378
B,B_0084,STEP,LOO,A,0.0
B,B_0084,STEP,LOO,B,0.06834042072296143
B,B_0084,STEP,LOO,C,-0.06445181369781494
B,B_0084,STEP,LOO,D,0.0
B,B_0085,STEP,harsanyi,A,0.052816152572631836
B,B_0085,STEP,harsanyi,B,-0.056659579277038574
B,B_0085,STEP,harsanyi,C,-0.056659579277038574
B,B_0085,STEP,harsanyi,D,0.0
B,B_0085,STEP,harsanyi,AB,-0.1133643388748169
B,B_0085,STEP,harsanyi,AC,0.056659579277038574
B,B_0085,STEP,harsanyi,AD,0.0
B,B_0085,STEP,harsanyi,BC,0.056659579277038574
B,B_0085,STEP,harsanyi,BD,0.056659579277038574
B,B_0085,STEP,harsanyi,CD,0.0
B,B_0085,STEP,harsanyi,ABC,0.0038886070251464844
B,B_0085,STEP,harsanyi,ABD,-0.056659579277038574
B,B_0085,STEP,harsanyi,ACD,0.0
B,B_0085,STEP,harsanyi,BCD,0.0
B,B_0085,STEP,harsanyi,ABCD,0.056659579277038574
B,B_0085,STEP,LOO,A,0.0
B,B_0085,STEP,LOO,B,-0.052816152572631836
B,B_0085,STEP,LOO,C,0.11720776557922363
B,B_0085,STEP,LOO,D,0.056659579277038574
B,B_0086,STEP,harsanyi,A,0.052816152572631836
B,B_0086,STEP,harsanyi,B,-0.056659579277038574
B,B_0086,STEP,harsanyi,C,0.0
B,B_0086,STEP,harsanyi,D,-0.056659579277038574
B,B_0086,STEP,harsanyi,AB,-0.1133643388748169
B,B_0086,STEP,harsanyi,AC,0.0
B,B_0086,STEP,harsanyi,AD,0.0038434267044067383
B,B_0086,STEP,harsanyi,BC,0.0
B,B_0086,STEP,harsanyi,BD,0.11331915855407715
B,B_0086,STEP,harsanyi,CD,0.056659579277038574
B,B_0086,STEP,harsanyi,ABC,0.11720776557922363
B,B_0086,STEP,harsanyi,ABD,-0.06050300598144531
B,B_0086,STEP,harsanyi,ACD,-0.056659579277038574
B,B_0086,STEP,harsanyi,BCD,-0.11331915855407715
B,B_0086,STEP,harsanyi,ABCD,0.11331915855407715
B,B_0086,STEP,LOO,A,0.056659579277038574
B,B_0086,STEP,LOO,B,0.0
B,B_0086,STEP,LOO,C,0.11720776557922363
B,B_0086,STEP,LOO,D,0.0
B,B_0087,STEP,harsanyi,A,-0.07218384742736816
B,B_0087,STEP,harsanyi,B,-0.22776126861572266
B,B_0087,STEP,harsanyi,C,0.06834042072296143
B,B_0087,STEP,harsanyi,D,0.06834042072296143
B,B_0087,STEP,harsanyi,AB,0.2999451160430908
B,B_0087,STEP,harsanyi,AC,-0.06834042072296143
B,B_0087,STEP,harsanyi,AD,0.0038434267044067383
B,B_0087,STEP,harsanyi,BC,-0.15151071548461914
B,B_0087,STEP,harsanyi,BD,-0.06834042072296143
B,B_0087,STEP,harsanyi,CD,-0.06834042072296143
B,B_0087,STEP,harsanyi,ABC,0.07932686805725098
B,B_0087,STEP,harsanyi,ABD,0.06449699401855469
B,B_0087,STEP,harsanyi,ACD,0.13668084144592285
B,B_0087,STEP,harsanyi,BCD,0.15151071548461914
B,B_0087,STEP,harsanyi,ABCD,-0.1476672887802124
B,B_0087,STEP,LOO,A,0.2961016893386841
B,B_0087,STEP,LOO,B,0.0
B,B_0087,STEP,LOO,C,0.0
B,B_0087,STEP,LOO,D,0.1405242681503296
B,B_0088,STEP,harsanyi,A,0.20497608184814453
B,B_0088,STEP,harsanyi,B,0.0
B,B_0088,STEP,harsanyi,C,0.07218384742736816
B,B_0088,STEP,harsanyi,D,0.0
B,B_0088,STEP,harsanyi,AB,-0.13279223442077637
B,B_0088,STEP,harsanyi,AC,-0.1366356611251831
B,B_0088,STEP,harsanyi,AD,-0.06445181369781494
B,B_0088,STEP,harsanyi,BC,0.0
B,B_0088,STEP,harsanyi,BD,0.1405242681503296
B,B_0088,STEP,harsanyi,CD,0.0
B,B_0088,STEP,harsanyi,ABC,0.06445181369781494
B,B_0088,STEP,harsanyi,ABD,-0.07607245445251465
B,B_0088,STEP,harsanyi,ACD,-0.07607245445251465
B,B_0088,STEP,harsanyi,BCD,-0.1405242681503296
B,B_0088,STEP,harsanyi,ABCD,0.14441287517547607
B,B_0088,STEP,LOO,A,-0.07218384742736816
B,B_0088,STEP,LOO,B,0.0
B,B_0088,STEP,LOO,C,-0.07218384742736816
B,B_0088,STEP,LOO,D,-0.07218384742736816
B,B_0089,STEP,harsanyi,A,-0.052816152572631836
B,B_0089,STEP,harsanyi,B,0.0
B,B_0089,STEP,harsanyi,C,0.0
B,B_0089,STEP,harsanyi,D,0.0
B,B_0089,STEP,harsanyi,AB,0.052816152572631836
B,B_0089,STEP,harsanyi,AC,0.10186243057250977
B,B_0089,STEP,harsanyi,AD,0.052816152572631836
B,B_0089,STEP,harsanyi,BC,0.0
B,B_0089,STEP,harsanyi,BD,-0.10947573184967041
B,B_0089,STEP,harsanyi,CD,-0.052816152572631836
B,B_0089,STEP,harsanyi,ABC,-0.10186243057250977
B,B_0089,STEP,harsanyi,ABD,0.1057058572769165
B,B_0089,STEP,harsanyi,ACD,0.0
B,B_0089,STEP,harsanyi,BCD,0.10947573184967041
B,B_0089,STEP,harsanyi,ABCD,-0.056659579277038574
B,B_0089,STEP,LOO,A,0.10186243057250977
B,B_0089,STEP,LOO,B,0.0
B,B_0089,STEP,LOO,C,0.0
B,B_0089,STEP,LOO,D,0.04904627799987793
B,B_0090,STEP,harsanyi,A,0.07218384742736816
B,B_0090,STEP,harsanyi,B,0.07218384742736816
B,B_0090,STEP,harsanyi,C,0.0
B,B_0090,STEP,harsanyi,D,0.0
B,B_0090,STEP,harsanyi,AB,-0.14436769485473633
B,B_0090,STEP,harsanyi,AC,-0.14813756942749023
B,B_0090,STEP,harsanyi,AD,-0.07218384742736816
B,B_0090,STEP,harsanyi,BC,-0.07218384742736816
B,B_0090,STEP,harsanyi,BD,-0.07218384742736816
B,B_0090,STEP,harsanyi,CD,0.0
B,B_0090,STEP,harsanyi,ABC,0.2203214168548584
B,B_0090,STEP,harsanyi,ABD,0.14436769485473633
B,B_0090,STEP,harsanyi,ACD,0.14813756942749023
B,B_0090,STEP,harsanyi,BCD,0.07218384742736816
B,B_0090,STEP,harsanyi,ABCD,-0.29627513885498047
B,B_0090,STEP,LOO,A,-0.07595372200012207
B,B_0090,STEP,LOO,B,-0.07595372200012207
B,B_0090,STEP,LOO,C,-0.07595372200012207
B,B_0090,STEP,LOO,D,-0.07595372200012207
B,B_0091,STEP,harsanyi,A,-0.052816152572631836
B,B_0091,STEP,harsanyi,B,0.0
B,B_0091,STEP,harsanyi,C,-0.052816152572631836
B,B_0091,STEP,harsanyi,D,0.0
B,B_0091,STEP,harsanyi,AB,0.052816152572631836
B,B_0091,STEP,harsanyi,AC,0.1546785831451416
B,B_0091,STEP,harsanyi,AD,0.052816152572631836
B,B_0091,STEP,harsanyi,BC,0.0
B,B_0091,STEP,harsanyi,BD,-0.10947573184967041
B,B_0091,STEP,harsanyi,CD,0.052816152572631836
B,B_0091,STEP,harsanyi,ABC,-0.052816152572631836
B,B_0091,STEP,harsanyi,ABD,0.1057058572769165
B,B_0091,STEP,harsanyi,ACD,-0.10563230514526367
B,B_0091,STEP,harsanyi,BCD,0.10947573184967041
B,B_0091,STEP,harsanyi,ABCD,-0.1057058572769165
B,B_0091,STEP,LOO,A,0.04904627799987793
B,B_0091,STEP,LOO,B,0.0
B,B_0091,STEP,LOO,C,0.0
B,B_0091,STEP,LOO,D,0.0
B,B_0092,STEP,harsanyi,A,0.20497608184814453
B,B_0092,STEP,harsanyi,B,0.0
B,B_0092,STEP,harsanyi,C,0.0
B,B_0092,STEP,harsanyi,D,0.0
B,B_0092,STEP,harsanyi,AB,-0.13279223442077637
B,B_0092,STEP,harsanyi,AC,-0.13279223442077637
B,B_0092,STEP,harsanyi,AD,-0.06445181369781494
B,B_0092,STEP,harsanyi,BC,0.0
B,B_0092,STEP,harsanyi,BD,0.1405242681503296
B,B_0092,STEP,harsanyi,CD,0.0
B,B_0092,STEP,harsanyi,ABC,0.13279223442077637
B,B_0092,STEP,harsanyi,ABD,-0.07607245445251465
B,B_0092,STEP,harsanyi,ACD,0.13279223442077637
B,B_0092,STEP,harsanyi,BCD,-0.1405242681503296
B,B_0092,STEP,harsanyi,ABCD,-0.06445181369781494
B,B_0092,STEP,LOO,A,0.0
B,B_0092,STEP,LOO,B,-0.1405242681503296
B,B_0092,STEP,LOO,C,-0.07218384742736816
B,B_0092,STEP,LOO,D,-0.07218384742736816
B,B_0093,STEP,harsanyi,A,-0.17002391815185547
B,B_0093,STEP,harsanyi,B,-0.052816152572631836
B,B_0093,STEP,harsanyi,C,0.0
B,B_0093,STEP,harsanyi,D,0.0
B,B_0093,STEP,harsanyi,AB,0.17002391815185547
B,B_0093,STEP,harsanyi,AC,0.11720776557922363
B,B_0093,STEP,harsanyi,AD,0.06054818630218506
B,B_0093,STEP,harsanyi,BC,0.052816152572631836
B,B_0093,STEP,harsanyi,BD,-0.056659579277038574
B,B_0093,STEP,harsanyi,CD,-0.052816152572631836
B,B_0093,STEP,harsanyi,ABC,-0.17002391815185547
B,B_0093,STEP,harsanyi,ABD,-0.06054818630218506
B,B_0093,STEP,harsanyi,ACD,0.04508411884307861
B,B_0093,STEP,harsanyi,BCD,0.056659579277038574
B,B_0093,STEP,harsanyi,ABCD,0.06054818630218506
B,B_0093,STEP,LOO,A,0.052816152572631836
B,B_0093,STEP,LOO,B,0.0
B,B_0093,STEP,LOO,C,0.10947573184967041
B,B_0093,STEP,LOO,D,0.052816152572631836
B,B_0094,STEP,harsanyi,A,-0.17002391815185547
B,B_0094,STEP,harsanyi,B,-0.052816152572631836
B,B_0094,STEP,harsanyi,C,-0.052816152572631836
B,B_0094,STEP,harsanyi,D,0.0
B,B_0094,STEP,harsanyi,AB,0.17002391815185547
B,B_0094,STEP,harsanyi,AC,0.1133643388748169
B,B_0094,STEP,harsanyi,AD,0.06054818630218506
B,B_0094,STEP,harsanyi,BC,0.10563230514526367
B,B_0094,STEP,harsanyi,BD,0.052816152572631836
B,B_0094,STEP,harsanyi,CD,0.052816152572631836
B,B_0094,STEP,harsanyi,ABC,-0.2228400707244873
B,B_0094,STEP,harsanyi,ABD,-0.1133643388748169
B,B_0094,STEP,harsanyi,ACD,-0.0038886070251464844
B,B_0094,STEP,harsanyi,BCD,-0.10563230514526367
B,B_0094,STEP,harsanyi,ABCD,0.1133643388748169
B,B_0094,STEP,LOO,A,-0.052816152572631836
B,B_0094,STEP,LOO,B,-0.052816152572631836
B,B_0094,STEP,LOO,C,0.0
B,B_0094,STEP,LOO,D,0.056659579277038574
B,B_0095,STEP,harsanyi,A,0.07218384742736816
B,B_0095,STEP,harsanyi,B,0.07218384742736816
B,B_0095,STEP,harsanyi,C,0.07218384742736816
B,B_0095,STEP,harsanyi,D,0.0
B,B_0095,STEP,harsanyi,AB,-0.14436769485473633
B,B_0095,STEP,harsanyi,AC,-0.2203214168548584
B,B_0095,STEP,harsanyi,AD,-0.07218384742736816
B,B_0095,STEP,harsanyi,BC,-0.14436769485473633
B,B_0095,STEP,harsanyi,BD,0.06834042072296143
B,B_0095,STEP,harsanyi,CD,0.0
B,B_0095,STEP,harsanyi,ABC,0.2165515422821045
B,B_0095,STEP,harsanyi,ABD,0.0038434267044067383
B,B_0095,STEP,harsanyi,ACD,0.07218384742736816
B,B_0095,STEP,harsanyi,BCD,0.0038434267044067383
B,B_0095,STEP,harsanyi,ABCD,-0.15565097332000732
B,B_0095,STEP,LOO,A,-0.22776126861572266
B,B_0095,STEP,LOO,B,-0.07962369918823242
B,B_0095,STEP,LOO,C,-0.1555774211883545
B,B_0095,STEP,LOO,D,-0.07962369918823242
B,B_0096,STEP,harsanyi,A,0.1405242681503296
B,B_0096,STEP,harsanyi,B,-0.07595372200012207
B,B_0096,STEP,harsanyi,C,0.07218384742736816
B,B_0096,STEP,harsanyi,D,0.07218384742736816
B,B_0096,STEP,harsanyi,AB,-0.06457054615020752
B,B_0096,STEP,harsanyi,AC,-0.21270811557769775
B,B_0096,STEP,harsanyi,AD,-0.1405242681503296
B,B_0096,STEP,harsanyi,BC,0.0037698745727539062
B,B_0096,STEP,harsanyi,BD,0.0037698745727539062
B,B_0096,STEP,harsanyi,CD,-0.07218384742736816
B,B_0096,STEP,harsanyi,ABC,0.20893824100494385
B,B_0096,STEP,harsanyi,ABD,0.06457054615020752
B,B_0096,STEP,harsanyi,ACD,0.21270811557769775
B,B_0096,STEP,harsanyi,BCD,-0.0037698745727539062
B,B_0096,STEP,harsanyi,ABCD,-0.20893824100494385
B,B_0096,STEP,LOO,A,0.0
B,B_0096,STEP,LOO,B,-0.07218384742736816
B,B_0096,STEP,LOO,C,0.0
B,B_0096,STEP,LOO,D,-0.07218384742736816
B,B_0097,STEP,harsanyi,A,0.07218384742736816
B,B_0097,STEP,harsanyi,B,-0.07595372200012207
B,B_0097,STEP,harsanyi,C,-0.07595372200012207
B,B_0097,STEP,harsanyi,D,-0.07595372200012207
B,B_0097,STEP,harsanyi,AB,0.0037698745727539062
B,B_0097,STEP,harsanyi,AC,0.0037698745727539062
B,B_0097,STEP,harsanyi,AD,0.07595372200012207
B,B_0097,STEP,harsanyi,BC,0.07595372200012207
B,B_0097,STEP,harsanyi,BD,0.15190744400024414
B,B_0097,STEP,harsanyi,CD,0.07595372200012207
B,B_0097,STEP,harsanyi,ABC,-0.07972359657287598
B,B_0097,STEP,harsanyi,ABD,-0.2278611660003662
B,B_0097,STEP,harsanyi,ACD,-0.15190744400024414
B,B_0097,STEP,harsanyi,BCD,-0.15190744400024414
B,B_0097,STEP,harsanyi,ABCD,0.22419118881225586
B,B_0097,STEP,LOO,A,-0.07962369918823242
B,B_0097,STEP,LOO,B,-0.07962369918823242
B,B_0097,STEP,LOO,C,-0.07962369918823242
B,B_0097,STEP,LOO,D,-0.07962369918823242
B,B_0098,STEP,harsanyi,A,0.07218384742736816
B,B_0098,STEP,harsanyi,B,-0.07595372200012207
B,B_0098,STEP,harsanyi,C,0.07218384742736816
B,B_0098,STEP,harsanyi,D,0.07218384742736816
B,B_0098,STEP,harsanyi,AB,0.0037698745727539062
B,B_0098,STEP,harsanyi,AC,-0.14436769485473633
B,B_0098,STEP,harsanyi,AD,-0.07218384742736816
B,B_0098,STEP,harsanyi,BC,-0.07218384742736816
B,B_0098,STEP,harsanyi,BD,0.0037698745727539062
B,B_0098,STEP,harsanyi,CD,-0.07218384742736816
B,B_0098,STEP,harsanyi,ABC,0.2165515422821045
B,B_0098,STEP,harsanyi,ABD,-0.07972359657287598
B,B_0098,STEP,harsanyi,ACD,0.07218384742736816
B,B_0098,STEP,harsanyi,BCD,-0.08339345455169678
B,B_0098,STEP,harsanyi,ABCD,0.08716332912445068
B,B_0098,STEP,LOO,A,0.15557730197906494
B,B_0098,STEP,LOO,B,0.0
B,B_0098,STEP,LOO,C,0.07595372200012207
B,B_0098,STEP,LOO,D,-0.07218384742736816
B,B_0099,STEP,harsanyi,A,0.1405242681503296
B,B_0099,STEP,harsanyi,B,-0.07595372200012207
B,B_0099,STEP,harsanyi,C,-0.07595372200012207
B,B_0099,STEP,harsanyi,D,-0.07595372200012207
B,B_0099,STEP,harsanyi,AB,-0.06457054615020752
B,B_0099,STEP,harsanyi,AC,-0.06457054615020752
B,B_0099,STEP,harsanyi,AD,0.0076133012771606445
B,B_0099,STEP,harsanyi,BC,0.15190744400024414
B,B_0099,STEP,harsanyi,BD,0.15190744400024414
B,B_0099,STEP,harsanyi,CD,0.07595372200012207
B,B_0099,STEP,harsanyi,ABC,-0.01138317584991455
B,B_0099,STEP,harsanyi,ABD,-0.08356702327728271
B,B_0099,STEP,harsanyi,ACD,-0.08356702327728271
B,B_0099,STEP,harsanyi,BCD,-0.30748486518859863
B,B_0099,STEP,harsanyi,ABCD,0.15952074527740479
B,B_0099,STEP,LOO,A,0.0
B,B_0099,STEP,LOO,B,-0.07962369918823242
B,B_0099,STEP,LOO,C,-0.1555774211883545
B,B_0099,STEP,LOO,D,-0.1555774211883545
B,B_0100,STEP,harsanyi,A,-0.052816152572631836
B,B_0100,STEP,harsanyi,B,0.04904627799987793
B,B_0100,STEP,harsanyi,C,0.04904627799987793
B,B_0100,STEP,harsanyi,D,-0.052816152572631836
B,B_0100,STEP,harsanyi,AB,0.0037698745727539062
B,B_0100,STEP,harsanyi,AC,0.0037698745727539062
B,B_0100,STEP,harsanyi,AD,0.052816152572631836
B,B_0100,STEP,harsanyi,BC,-0.09809255599975586
B,B_0100,STEP,harsanyi,BD,0.0037698745727539062
B,B_0100,STEP,harsanyi,CD,0.052816152572631836
B,B_0100,STEP,harsanyi,ABC,0.04527640342712402
B,B_0100,STEP,harsanyi,ABD,0.04527640342712402
B,B_0100,STEP,harsanyi,ACD,-0.052816152572631836
B,B_0100,STEP,harsanyi,BCD,0.09065273404121399
B,B_0100,STEP,harsanyi,ABCD,-0.09065273404121399
B,B_0100,STEP,LOO,A,-0.045376330614089966
B,B_0100,STEP,LOO,B,0.04904627799987793
B,B_0100,STEP,LOO,C,0.0
B,B_0100,STEP,LOO,D,0.04904627799987793
B,B_0101,STEP,harsanyi,A,-0.052816152572631836
B,B_0101,STEP,harsanyi,B,0.04904627799987793
B,B_0101,STEP,harsanyi,C,-0.052816152572631836
B,B_0101,STEP,harsanyi,D,0.04904627799987793
B,B_0101,STEP,harsanyi,AB,0.0037698745727539062
B,B_0101,STEP,harsanyi,AC,0.10563230514526367
B,B_0101,STEP,harsanyi,AD,-0.04904627799987793
B,B_0101,STEP,harsanyi,BC,0.0037698745727539062
B,B_0101,STEP,harsanyi,BD,-0.09809255599975586
B,B_0101,STEP,harsanyi,CD,-0.04904627799987793
B,B_0101,STEP,harsanyi,ABC,-0.10940217971801758
B,B_0101,STEP,harsanyi,ABD,0.1471388339996338
B,B_0101,STEP,harsanyi,ACD,0.04904627799987793
B,B_0101,STEP,harsanyi,BCD,0.09809255599975586
B,B_0101,STEP,harsanyi,ABCD,-0.04527640342712402
B,B_0101,STEP,LOO,A,0.04904627799987793
B,B_0101,STEP,LOO,B,0.04904627799987793
B,B_0101,STEP,LOO,C,0.0
B,B_0101,STEP,LOO,D,0.10186243057250977
B,B_0102,STEP,harsanyi,A,-0.10947573184967041
B,B_0102,STEP,harsanyi,B,0.04904627799987793
B,B_0102,STEP,harsanyi,C,0.04904627799987793
B,B_0102,STEP,harsanyi,D,-0.052816152572631836
B,B_0102,STEP,harsanyi,AB,0.06042945384979248
B,B_0102,STEP,harsanyi,AC,0.06042945384979248
B,B_0102,STEP,harsanyi,AD,0.10947573184967041
B,B_0102,STEP,harsanyi,BC,-0.04904627799987793
B,B_0102,STEP,harsanyi,BD,0.0037698745727539062
B,B_0102,STEP,harsanyi,CD,0.052816152572631836
B,B_0102,STEP,harsanyi,ABC,-0.06042945384979248
B,B_0102,STEP,harsanyi,ABD,-0.06042945384979248
B,B_0102,STEP,harsanyi,ACD,-0.10947573184967041
B,B_0102,STEP,harsanyi,BCD,-0.0037698745727539062
B,B_0102,STEP,harsanyi,ABCD,0.10947573184967041
B,B_0102,STEP,LOO,A,0.0
B,B_0102,STEP,LOO,B,0.04904627799987793
B,B_0102,STEP,LOO,C,0.04904627799987793
B,B_0102,STEP,LOO,D,0.04904627799987793
B,B_0103,STEP,harsanyi,A,-0.10947573184967041
B,B_0103,STEP,harsanyi,B,0.04904627799987793
B,B_0103,STEP,harsanyi,C,-0.052816152572631836
B,B_0103,STEP,harsanyi,D,0.04904627799987793
B,B_0103,STEP,harsanyi,AB,0.06042945384979248
B,B_0103,STEP,harsanyi,AC,0.16229188442230225
B,B_0103,STEP,harsanyi,AD,0.0076133012771606445
B,B_0103,STEP,harsanyi,BC,0.052816152572631836
B,B_0103,STEP,harsanyi,BD,-0.09809255599975586
B,B_0103,STEP,harsanyi,CD,-0.04904627799987793
B,B_0103,STEP,harsanyi,ABC,-0.16229188442230225
B,B_0103,STEP,harsanyi,ABD,0.09047925472259521
B,B_0103,STEP,harsanyi,ACD,-0.0076133012771606445
B,B_0103,STEP,harsanyi,BCD,0.09809255599975586
B,B_0103,STEP,harsanyi,ABCD,-0.041432976722717285
B,B_0103,STEP,LOO,A,0.0
B,B_0103,STEP,LOO,B,0.04904627799987793
B,B_0103,STEP,LOO,C,0.0
B,B_0103,STEP,LOO,D,0.04904627799987793
B,B_0104,STEP,harsanyi,A,-0.10186243057250977
B,B_0104,STEP,harsanyi,B,0.0
B,B_0104,STEP,harsanyi,C,-0.04904627799987793
B,B_0104,STEP,harsanyi,D,0.0
B,B_0104,STEP,harsanyi,AB,0.052816152572631836
B,B_0104,STEP,harsanyi,AC,0.10186243057250977
B,B_0104,STEP,harsanyi,AD,-0.056659579277038574
B,B_0104,STEP,harsanyi,BC,0.0
B,B_0104,STEP,harsanyi,BD,-0.04904627799987793
B,B_0104,STEP,harsanyi,CD,-0.17002391815185547
B,B_0104,STEP,harsanyi,ABC,-0.10563230514526367
B,B_0104,STEP,harsanyi,ABD,0.05288970470428467
B,B_0104,STEP,harsanyi,ACD,0.1738673448562622
B,B_0104,STEP,harsanyi,BCD,0.2190701961517334
B,B_0104,STEP,harsanyi,ABCD,-0.1700974702835083
B,B_0104,STEP,LOO,A,-0.052816152572631836
B,B_0104,STEP,LOO,B,0.0
B,B_0104,STEP,LOO,C,0.0
B,B_0104,STEP,LOO,D,0.0
B,B_0105,STEP,harsanyi,A,-0.10186243057250977
B,B_0105,STEP,harsanyi,B,0.0
B,B_0105,STEP,harsanyi,C,0.08720597624778748
B,B_0105,STEP,harsanyi,D,-0.04904627799987793
B,B_0105,STEP,harsanyi,AB,0.052816152572631836
B,B_0105,STEP,harsanyi,AC,-0.03438982367515564
B,B_0105,STEP,harsanyi,AD,0.04904627799987793
B,B_0105,STEP,harsanyi,BC,-0.04182964563369751
B,B_0105,STEP,harsanyi,BD,0.0
B,B_0105,STEP,harsanyi,CD,0.04904627799987793
B,B_0105,STEP,harsanyi,ABC,-0.06380265951156616
B,B_0105,STEP,harsanyi,ABD,-0.052816152572631836
B,B_0105,STEP,harsanyi,ACD,0.0
B,B_0105,STEP,harsanyi,BCD,-0.045376330614089966
B,B_0105,STEP,harsanyi,ABCD,0.15100863575935364
B,B_0105,STEP,LOO,A,0.0
B,B_0105,STEP,LOO,B,0.0
B,B_0105,STEP,LOO,C,0.10186243057250977
B,B_0105,STEP,LOO,D,0.10186243057250977
B,B_0106,STEP,harsanyi,A,-0.04904627799987793
B,B_0106,STEP,harsanyi,B,0.045376330614089966
B,B_0106,STEP,harsanyi,C,-0.04904627799987793
B,B_0106,STEP,harsanyi,D,0.0
B,B_0106,STEP,harsanyi,AB,-0.0981924831867218
B,B_0106,STEP,harsanyi,AC,-0.0037698745727539062
B,B_0106,STEP,harsanyi,AD,-0.052816152572631836
B,B_0106,STEP,harsanyi,BC,-0.045376330614089966
B,B_0106,STEP,harsanyi,BD,-0.0944226086139679
B,B_0106,STEP,harsanyi,CD,-0.17002391815185547
B,B_0106,STEP,harsanyi,ABC,0.04153290390968323
B,B_0106,STEP,harsanyi,ABD,0.14723876118659973
B,B_0106,STEP,harsanyi,ACD,0.2228400707244873
B,B_0106,STEP,harsanyi,BCD,0.26444652676582336
B,B_0106,STEP,harsanyi,ABCD,-0.2606031000614166
B,B_0106,STEP,LOO,A,-0.052816152572631836
B,B_0106,STEP,LOO,B,0.0
B,B_0106,STEP,LOO,C,0.0
B,B_0106,STEP,LOO,D,0.056659579277038574
B,B_0107,STEP,harsanyi,A,0.07595372200012207
B,B_0107,STEP,harsanyi,B,0.0
B,B_0107,STEP,harsanyi,C,-0.16279399394989014
B,B_0107,STEP,harsanyi,D,0.0
B,B_0107,STEP,harsanyi,AB,-0.07595372200012207
B,B_0107,STEP,harsanyi,AC,0.08684027194976807
B,B_0107,STEP,harsanyi,AD,0.07218384742736816
B,B_0107,STEP,harsanyi,BC,0.08317029476165771
B,B_0107,STEP,harsanyi,BD,0.07595372200012207
B,B_0107,STEP,harsanyi,CD,0.08317041397094727
B,B_0107,STEP,harsanyi,ABC,0.06873714923858643
B,B_0107,STEP,harsanyi,ABD,-0.07218384742736816
B,B_0107,STEP,harsanyi,ACD,-0.23497796058654785
B,B_0107,STEP,harsanyi,BCD,-0.07950043678283691
B,B_0107,STEP,harsanyi,ABCD,-0.08339345455169678
B,B_0107,STEP,LOO,A,-0.16279399394989014
B,B_0107,STEP,LOO,B,-0.08317029476165771
B,B_0107,STEP,LOO,C,-0.2387477159500122
B,B_0107,STEP,LOO,D,-0.2387477159500122
B,B_0108,STEP,harsanyi,A,0.07595372200012207
B,B_0108,STEP,harsanyi,B,0.0
B,B_0108,STEP,harsanyi,C,0.07595372200012207
B,B_0108,STEP,harsanyi,D,0.07595372200012207
B,B_0108,STEP,harsanyi,AB,-0.07595372200012207
B,B_0108,STEP,harsanyi,AC,-0.0037698745727539062
B,B_0108,STEP,harsanyi,AD,-0.0037698745727539062
B,B_0108,STEP,harsanyi,BC,0.0
B,B_0108,STEP,harsanyi,BD,0.0
B,B_0108,STEP,harsanyi,CD,0.06457054615020752
B,B_0108,STEP,harsanyi,ABC,0.07595372200012207
B,B_0108,STEP,harsanyi,ABD,0.0037698745727539062
B,B_0108,STEP,harsanyi,ACD,-0.13675439357757568
B,B_0108,STEP,harsanyi,BCD,-0.1405242681503296
B,B_0108,STEP,harsanyi,ABCD,0.06457054615020752
B,B_0108,STEP,LOO,A,0.0
B,B_0108,STEP,LOO,B,-0.07218384742736816
B,B_0108,STEP,LOO,C,0.0
B,B_0108,STEP,LOO,D,-0.07218384742736816
B,B_0109,STEP,harsanyi,A,-0.04904627799987793
B,B_0109,STEP,harsanyi,B,0.045376330614089966
B,B_0109,STEP,harsanyi,C,0.08720597624778748
B,B_0109,STEP,harsanyi,D,-0.04904627799987793
B,B_0109,STEP,harsanyi,AB,-0.0981924831867218
B,B_0109,STEP,harsanyi,AC,-0.038159698247909546
B,B_0109,STEP,harsanyi,AD,-0.0037698745727539062
B,B_0109,STEP,harsanyi,BC,-0.13258230686187744
B,B_0109,STEP,harsanyi,BD,-0.045376330614089966
B,B_0109,STEP,harsanyi,CD,0.04904627799987793
B,B_0109,STEP,harsanyi,ABC,0.08353602886199951
B,B_0109,STEP,harsanyi,ABD,0.15100863575935364
B,B_0109,STEP,harsanyi,ACD,0.04914620518684387
B,B_0109,STEP,harsanyi,BCD,0.045376330614089966
B,B_0109,STEP,harsanyi,ABCD,-0.09452253580093384
B,B_0109,STEP,LOO,A,0.0
B,B_0109,STEP,LOO,B,-0.045376330614089966
B,B_0109,STEP,LOO,C,0.04904627799987793
B,B_0109,STEP,LOO,D,0.10186243057250977
B,B_0110,STEP,harsanyi,A,0.14813756942749023
B,B_0110,STEP,harsanyi,B,-0.07962369918823242
B,B_0110,STEP,harsanyi,C,-0.16279399394989014
B,B_0110,STEP,harsanyi,D,0.0
B,B_0110,STEP,harsanyi,AB,0.14796411991119385
B,B_0110,STEP,harsanyi,AC,0.09061014652252197
B,B_0110,STEP,harsanyi,AD,0.06834042072296143
B,B_0110,STEP,harsanyi,BC,0.24241769313812256
B,B_0110,STEP,harsanyi,BD,0.1555774211883545
B,B_0110,STEP,harsanyi,CD,0.08317041397094727
B,B_0110,STEP,harsanyi,ABC,-0.23857426643371582
B,B_0110,STEP,harsanyi,ABD,-0.29225826263427734
B,B_0110,STEP,harsanyi,ACD,-0.22746455669403076
B,B_0110,STEP,harsanyi,BCD,-0.3183715343475342
B,B_0110,STEP,harsanyi,ABCD,0.45882225036621094
B,B_0110,STEP,LOO,A,0.1555774211883545
B,B_0110,STEP,LOO,B,0.07595372200012207
B,B_0110,STEP,LOO,C,-0.07218384742736816
B,B_0110,STEP,LOO,D,-0.07218384742736816
B,B_0111,STEP,harsanyi,A,0.14813756942749023
B,B_0111,STEP,harsanyi,B,-0.07962369918823242
B,B_0111,STEP,harsanyi,C,0.07595372200012207
B,B_0111,STEP,harsanyi,D,0.07595372200012207
B,B_0111,STEP,harsanyi,AB,0.14796411991119385
B,B_0111,STEP,harsanyi,AC,-0.14813756942749023
B,B_0111,STEP,harsanyi,AD,-0.07595372200012207
B,B_0111,STEP,harsanyi,BC,0.07962369918823242
B,B_0111,STEP,harsanyi,BD,0.07962369918823242
B,B_0111,STEP,harsanyi,CD,0.06457054615020752
B,B_0111,STEP,harsanyi,ABC,-0.007439851760864258
B,B_0111,STEP,harsanyi,ABD,-0.14796411991119385
B,B_0111,STEP,harsanyi,ACD,-0.06457054615020752
B,B_0111,STEP,harsanyi,BCD,-0.220147967338562
B,B_0111,STEP,harsanyi,ABCD,0.220147967338562
B,B_0111,STEP,LOO,A,0.07218384742736816
B,B_0111,STEP,LOO,B,0.07218384742736816
B,B_0111,STEP,LOO,C,0.0
B,B_0111,STEP,LOO,D,-0.06834042072296143
B,B_0112,STEP,harsanyi,A,0.13279223442077637
B,B_0112,STEP,harsanyi,B,0.06834042072296143
B,B_0112,STEP,harsanyi,C,0.06834042072296143
B,B_0112,STEP,harsanyi,D,0.06834042072296143
B,B_0112,STEP,harsanyi,AB,-0.06834042072296143
B,B_0112,STEP,harsanyi,AC,-0.2011326551437378
B,B_0112,STEP,harsanyi,AD,-0.13279223442077637
B,B_0112,STEP,harsanyi,BC,-0.06834042072296143
B,B_0112,STEP,harsanyi,BD,-0.13668084144592285
B,B_0112,STEP,harsanyi,CD,-0.06834042072296143
B,B_0112,STEP,harsanyi,ABC,0.13668084144592285
B,B_0112,STEP,harsanyi,ABD,0.13668084144592285
B,B_0112,STEP,harsanyi,ACD,0.13279223442077637
B,B_0112,STEP,harsanyi,BCD,0.06834042072296143
B,B_0112,STEP,harsanyi,ABCD,-0.06834042072296143
B,B_0112,STEP,LOO,A,0.06834042072296143
B,B_0112,STEP,LOO,B,0.06834042072296143
B,B_0112,STEP,LOO,C,0.0
B,B_0112,STEP,LOO,D,0.0
B,B_0113,STEP,harsanyi,A,0.052816152572631836
B,B_0113,STEP,harsanyi,B,-0.056659579277038574
B,B_0113,STEP,harsanyi,C,0.0
B,B_0113,STEP,harsanyi,D,-0.056659579277038574
B,B_0113,STEP,harsanyi,AB,-0.1133643388748169
B,B_0113,STEP,harsanyi,AC,0.0
B,B_0113,STEP,harsanyi,AD,0.0038434267044067383
B,B_0113,STEP,harsanyi,BC,0.0
B,B_0113,STEP,harsanyi,BD,0.11331915855407715
B,B_0113,STEP,harsanyi,CD,0.056659579277038574
B,B_0113,STEP,harsanyi,ABC,0.11720776557922363
B,B_0113,STEP,harsanyi,ABD,-0.06050300598144531
B,B_0113,STEP,harsanyi,ACD,-0.056659579277038574
B,B_0113,STEP,harsanyi,BCD,-0.11331915855407715
B,B_0113,STEP,harsanyi,ABCD,0.11331915855407715
B,B_0113,STEP,LOO,A,0.056659579277038574
B,B_0113,STEP,LOO,B,0.0
B,B_0113,STEP,LOO,C,0.11720776557922363
B,B_0113,STEP,LOO,D,0.0
B,B_0114,STEP,harsanyi,A,0.052816152572631836
B,B_0114,STEP,harsanyi,B,-0.056659579277038574
B,B_0114,STEP,harsanyi,C,-0.056659579277038574
B,B_0114,STEP,harsanyi,D,0.0
B,B_0114,STEP,harsanyi,AB,-0.1133643388748169
B,B_0114,STEP,harsanyi,AC,0.056659579277038574
B,B_0114,STEP,harsanyi,AD,0.0
B,B_0114,STEP,harsanyi,BC,0.056659579277038574
B,B_0114,STEP,harsanyi,BD,0.056659579277038574
B,B_0114,STEP,harsanyi,CD,0.0
B,B_0114,STEP,harsanyi,ABC,0.0038886070251464844
B,B_0114,STEP,harsanyi,ABD,-0.056659579277038574
B,B_0114,STEP,harsanyi,ACD,0.0
B,B_0114,STEP,harsanyi,BCD,0.0
B,B_0114,STEP,harsanyi,ABCD,0.056659579277038574
B,B_0114,STEP,LOO,A,0.0
B,B_0114,STEP,LOO,B,-0.052816152572631836
B,B_0114,STEP,LOO,C,0.11720776557922363
B,B_0114,STEP,LOO,D,0.056659579277038574
B,B_0115,STEP,harsanyi,A,0.13279223442077637
B,B_0115,STEP,harsanyi,B,0.06834042072296143
B,B_0115,STEP,harsanyi,C,0.0
B,B_0115,STEP,harsanyi,D,0.0
B,B_0115,STEP,harsanyi,AB,-0.06834042072296143
B,B_0115,STEP,harsanyi,AC,-0.13279223442077637
B,B_0115,STEP,harsanyi,AD,-0.13279223442077637
B,B_0115,STEP,harsanyi,BC,0.0
B,B_0115,STEP,harsanyi,BD,-0.06834042072296143
B,B_0115,STEP,harsanyi,CD,0.0
B,B_0115,STEP,harsanyi,ABC,0.06834042072296143
B,B_0115,STEP,harsanyi,ABD,0.2011326551437378
B,B_0115,STEP,harsanyi,ACD,0.13279223442077637
B,B_0115,STEP,harsanyi,BCD,0.06834042072296143
B,B_0115,STEP,harsanyi,ABCD,-0.2011326551437378
B,B_0115,STEP,LOO,A,0.0
B,B_0115,STEP,LOO,B,0.06834042072296143
B,B_0115,STEP,LOO,C,-0.06445181369781494
B,B_0115,STEP,LOO,D,0.0
B,B_0116,STEP,harsanyi,A,-0.07218384742736816
B,B_0116,STEP,harsanyi,B,-0.22776126861572266
B,B_0116,STEP,harsanyi,C,0.06834042072296143
B,B_0116,STEP,harsanyi,D,0.06834042072296143
B,B_0116,STEP,harsanyi,AB,0.2999451160430908
B,B_0116,STEP,harsanyi,AC,-0.06834042072296143
B,B_0116,STEP,harsanyi,AD,0.0038434267044067383
B,B_0116,STEP,harsanyi,BC,-0.15151071548461914
B,B_0116,STEP,harsanyi,BD,-0.06834042072296143
B,B_0116,STEP,harsanyi,CD,-0.06834042072296143
B,B_0116,STEP,harsanyi,ABC,0.07932686805725098
B,B_0116,STEP,harsanyi,ABD,0.06449699401855469
B,B_0116,STEP,harsanyi,ACD,0.13668084144592285
B,B_0116,STEP,harsanyi,BCD,0.15151071548461914
B,B_0116,STEP,harsanyi,ABCD,-0.1476672887802124
B,B_0116,STEP,LOO,A,0.2961016893386841
B,B_0116,STEP,LOO,B,0.0
B,B_0116,STEP,LOO,C,0.0
B,B_0116,STEP,LOO,D,0.1405242681503296
B,B_0117,STEP,harsanyi,A,-0.11720776557922363
B,B_0117,STEP,harsanyi,B,0.14723876118659973
B,B_0117,STEP,harsanyi,C,0.0
B,B_0117,STEP,harsanyi,D,-0.056659579277038574
B,B_0117,STEP,harsanyi,AB,-0.0300309956073761
B,B_0117,STEP,harsanyi,AC,0.11720776557922363
B,B_0117,STEP,harsanyi,AD,0.11720776557922363
B,B_0117,STEP,harsanyi,BC,0.0
B,B_0117,STEP,harsanyi,BD,0.056659579277038574
B,B_0117,STEP,harsanyi,CD,0.056659579277038574
B,B_0117,STEP,harsanyi,ABC,-0.1738673448562622
B,B_0117,STEP,harsanyi,ABD,-0.1738673448562622
B,B_0117,STEP,harsanyi,ACD,-0.0643916130065918
B,B_0117,STEP,harsanyi,BCD,-0.056659579277038574
B,B_0117,STEP,harsanyi,ABCD,0.17771077156066895
B,B_0117,STEP,LOO,A,-0.14723876118659973
B,B_0117,STEP,LOO,B,-0.052816152572631836
B,B_0117,STEP,LOO,C,0.056659579277038574
B,B_0117,STEP,LOO,D,0.056659579277038574
B,B_0118,STEP,harsanyi,A,-0.11720776557922363
B,B_0118,STEP,harsanyi,B,0.14723876118659973
B,B_0118,STEP,harsanyi,C,-0.056659579277038574
B,B_0118,STEP,harsanyi,D,0.0
B,B_0118,STEP,harsanyi,AB,-0.0300309956073761
B,B_0118,STEP,harsanyi,AC,0.1738673448562622
B,B_0118,STEP,harsanyi,AD,0.11720776557922363
B,B_0118,STEP,harsanyi,BC,0.09848922491073608
B,B_0118,STEP,harsanyi,BD,0.0
B,B_0118,STEP,harsanyi,CD,0.0
B,B_0118,STEP,harsanyi,ABC,-0.21569699048995972
B,B_0118,STEP,harsanyi,ABD,-0.1738673448562622
B,B_0118,STEP,harsanyi,ACD,-0.11720776557922363
B,B_0118,STEP,harsanyi,BCD,0.0
B,B_0118,STEP,harsanyi,ABCD,0.11720776557922363
B,B_0118,STEP,LOO,A,-0.24572798609733582
B,B_0118,STEP,LOO,B,-0.056659579277038574
B,B_0118,STEP,LOO,C,0.0
B,B_0118,STEP,LOO,D,-0.056659579277038574
B,B_0119,STEP,harsanyi,A,-0.07218384742736816
B,B_0119,STEP,harsanyi,B,-0.22776126861572266
B,B_0119,STEP,harsanyi,C,0.0
B,B_0119,STEP,harsanyi,D,0.0
B,B_0119,STEP,harsanyi,AB,0.2999451160430908
B,B_0119,STEP,harsanyi,AC,0.0
B,B_0119,STEP,harsanyi,AD,0.0
B,B_0119,STEP,harsanyi,BC,1.1920928955078125e-07
B,B_0119,STEP,harsanyi,BD,1.1920928955078125e-07
B,B_0119,STEP,harsanyi,CD,0.0
B,B_0119,STEP,harsanyi,ABC,-1.1920928955078125e-07
B,B_0119,STEP,harsanyi,ABD,-1.1920928955078125e-07
B,B_0119,STEP,harsanyi,ACD,0.0
B,B_0119,STEP,harsanyi,BCD,0.07962346076965332
B,B_0119,STEP,harsanyi,ABCD,-0.07962346076965332
B,B_0119,STEP,LOO,A,0.14813756942749023
B,B_0119,STEP,LOO,B,0.07218384742736816
B,B_0119,STEP,LOO,C,0.0
B,B_0119,STEP,LOO,D,0.0
B,B_0120,STEP,harsanyi,A,-0.17002391815185547
B,B_0120,STEP,harsanyi,B,-0.052816152572631836
B,B_0120,STEP,harsanyi,C,-0.052816152572631836
B,B_0120,STEP,harsanyi,D,0.0
B,B_0120,STEP,harsanyi,AB,0.17002391815185547
B,B_0120,STEP,harsanyi,AC,0.1133643388748169
B,B_0120,STEP,harsanyi,AD,0.06054818630218506
B,B_0120,STEP,harsanyi,BC,0.10563230514526367
B,B_0120,STEP,harsanyi,BD,0.052816152572631836
B,B_0120,STEP,harsanyi,CD,0.052816152572631836
B,B_0120,STEP,harsanyi,ABC,-0.2228400707244873
B,B_0120,STEP,harsanyi,ABD,-0.1133643388748169
B,B_0120,STEP,harsanyi,ACD,-0.0038886070251464844
B,B_0120,STEP,harsanyi,BCD,-0.10563230514526367
B,B_0120,STEP,harsanyi,ABCD,0.1133643388748169
B,B_0120,STEP,LOO,A,-0.052816152572631836
B,B_0120,STEP,LOO,B,-0.052816152572631836
B,B_0120,STEP,LOO,C,0.0
B,B_0120,STEP,LOO,D,0.056659579277038574
B,B_0121,STEP,harsanyi,A,-0.052816152572631836
B,B_0121,STEP,harsanyi,B,0.0
B,B_0121,STEP,harsanyi,C,0.0
B,B_0121,STEP,harsanyi,D,0.0
B,B_0121,STEP,harsanyi,AB,0.052816152572631836
B,B_0121,STEP,harsanyi,AC,0.10186243057250977
B,B_0121,STEP,harsanyi,AD,0.052816152572631836
B,B_0121,STEP,harsanyi,BC,0.0
B,B_0121,STEP,harsanyi,BD,-0.10947573184967041
B,B_0121,STEP,harsanyi,CD,-0.052816152572631836
B,B_0121,STEP,harsanyi,ABC,-0.10186243057250977
B,B_0121,STEP,harsanyi,ABD,0.1057058572769165
B,B_0121,STEP,harsanyi,ACD,0.0
B,B_0121,STEP,harsanyi,BCD,0.10947573184967041
B,B_0121,STEP,harsanyi,ABCD,-0.056659579277038574
B,B_0121,STEP,LOO,A,0.10186243057250977
B,B_0121,STEP,LOO,B,0.0
B,B_0121,STEP,LOO,C,0.0
B,B_0121,STEP,LOO,D,0.04904627799987793
B,B_0122,STEP,harsanyi,A,0.20497608184814453
B,B_0122,STEP,harsanyi,B,0.0
B,B_0122,STEP,harsanyi,C,0.07218384742736816
B,B_0122,STEP,harsanyi,D,0.0
B,B_0122,STEP,harsanyi,AB,-0.13279223442077637
B,B_0122,STEP,harsanyi,AC,-0.1366356611251831
B,B_0122,STEP,harsanyi,AD,-0.06445181369781494
B,B_0122,STEP,harsanyi,BC,0.0
B,B_0122,STEP,harsanyi,BD,0.1405242681503296
B,B_0122,STEP,harsanyi,CD,0.0
B,B_0122,STEP,harsanyi,ABC,0.06445181369781494
B,B_0122,STEP,harsanyi,ABD,-0.07607245445251465
B,B_0122,STEP,harsanyi,ACD,-0.07607245445251465
B,B_0122,STEP,harsanyi,BCD,-0.1405242681503296
B,B_0122,STEP,harsanyi,ABCD,0.14441287517547607
B,B_0122,STEP,LOO,A,-0.07218384742736816
B,B_0122,STEP,LOO,B,0.0
B,B_0122,STEP,LOO,C,-0.07218384742736816
B,B_0122,STEP,LOO,D,-0.07218384742736816
B,B_0123,STEP,harsanyi,A,0.07218384742736816
B,B_0123,STEP,harsanyi,B,0.07218384742736816
B,B_0123,STEP,harsanyi,C,0.07218384742736816
B,B_0123,STEP,harsanyi,D,0.0
B,B_0123,STEP,harsanyi,AB,-0.14436769485473633
B,B_0123,STEP,harsanyi,AC,-0.2203214168548584
B,B_0123,STEP,harsanyi,AD,-0.07218384742736816
B,B_0123,STEP,harsanyi,BC,-0.14436769485473633
B,B_0123,STEP,harsanyi,BD,0.06834042072296143
B,B_0123,STEP,harsanyi,CD,0.0
B,B_0123,STEP,harsanyi,ABC,0.2165515422821045
B,B_0123,STEP,harsanyi,ABD,0.0038434267044067383
B,B_0123,STEP,harsanyi,ACD,0.07218384742736816
B,B_0123,STEP,harsanyi,BCD,0.0038434267044067383
B,B_0123,STEP,harsanyi,ABCD,-0.15565097332000732
B,B_0123,STEP,LOO,A,-0.22776126861572266
B,B_0123,STEP,LOO,B,-0.07962369918823242
B,B_0123,STEP,LOO,C,-0.1555774211883545
B,B_0123,STEP,LOO,D,-0.07962369918823242
B,B_0124,STEP,harsanyi,A,0.20497608184814453
B,B_0124,STEP,harsanyi,B,0.0
B,B_0124,STEP,harsanyi,C,0.0
B,B_0124,STEP,harsanyi,D,0.0
B,B_0124,STEP,harsanyi,AB,-0.13279223442077637
B,B_0124,STEP,harsanyi,AC,-0.13279223442077637
B,B_0124,STEP,harsanyi,AD,-0.06445181369781494
B,B_0124,STEP,harsanyi,BC,0.0
B,B_0124,STEP,harsanyi,BD,0.1405242681503296
B,B_0124,STEP,harsanyi,CD,0.0
B,B_0124,STEP,harsanyi,ABC,0.13279223442077637
B,B_0124,STEP,harsanyi,ABD,-0.07607245445251465
B,B_0124,STEP,harsanyi,ACD,0.13279223442077637
B,B_0124,STEP,harsanyi,BCD,-0.1405242681503296
B,B_0124,STEP,harsanyi,ABCD,-0.06445181369781494
B,B_0124,STEP,LOO,A,0.0
B,B_0124,STEP,LOO,B,-0.1405242681503296
B,B_0124,STEP,LOO,C,-0.07218384742736816
B,B_0124,STEP,LOO,D,-0.07218384742736816
B,B_0125,STEP,harsanyi,A,0.07218384742736816
B,B_0125,STEP,harsanyi,B,0.07218384742736816
B,B_0125,STEP,harsanyi,C,0.0
B,B_0125,STEP,harsanyi,D,0.0
B,B_0125,STEP,harsanyi,AB,-0.14436769485473633
B,B_0125,STEP,harsanyi,AC,-0.14813756942749023
B,B_0125,STEP,harsanyi,AD,-0.07218384742736816
B,B_0125,STEP,harsanyi,BC,-0.07218384742736816
B,B_0125,STEP,harsanyi,BD,-0.07218384742736816
B,B_0125,STEP,harsanyi,CD,0.0
B,B_0125,STEP,harsanyi,ABC,0.2203214168548584
B,B_0125,STEP,harsanyi,ABD,0.14436769485473633
B,B_0125,STEP,harsanyi,ACD,0.14813756942749023
B,B_0125,STEP,harsanyi,BCD,0.07218384742736816
B,B_0125,STEP,harsanyi,ABCD,-0.29627513885498047
B,B_0125,STEP,LOO,A,-0.07595372200012207
B,B_0125,STEP,LOO,B,-0.07595372200012207
B,B_0125,STEP,LOO,C,-0.07595372200012207
B,B_0125,STEP,LOO,D,-0.07595372200012207
B,B_0126,STEP,harsanyi,A,-0.17002391815185547
B,B_0126,STEP,harsanyi,B,-0.052816152572631836
B,B_0126,STEP,harsanyi,C,0.0
B,B_0126,STEP,harsanyi,D,0.0
B,B_0126,STEP,harsanyi,AB,0.17002391815185547
B,B_0126,STEP,harsanyi,AC,0.11720776557922363
B,B_0126,STEP,harsanyi,AD,0.06054818630218506
B,B_0126,STEP,harsanyi,BC,0.052816152572631836
B,B_0126,STEP,harsanyi,BD,-0.056659579277038574
B,B_0126,STEP,harsanyi,CD,-0.052816152572631836
B,B_0126,STEP,harsanyi,ABC,-0.17002391815185547
B,B_0126,STEP,harsanyi,ABD,-0.06054818630218506
B,B_0126,STEP,harsanyi,ACD,0.04508411884307861
B,B_0126,STEP,harsanyi,BCD,0.056659579277038574
B,B_0126,STEP,harsanyi,ABCD,0.06054818630218506
B,B_0126,STEP,LOO,A,0.052816152572631836
B,B_0126,STEP,LOO,B,0.0
B,B_0126,STEP,LOO,C,0.10947573184967041
B,B_0126,STEP,LOO,D,0.052816152572631836
B,B_0127,STEP,harsanyi,A,-0.052816152572631836
B,B_0127,STEP,harsanyi,B,0.0
B,B_0127,STEP,harsanyi,C,-0.052816152572631836
B,B_0127,STEP,harsanyi,D,0.0
B,B_0127,STEP,harsanyi,AB,0.052816152572631836
B,B_0127,STEP,harsanyi,AC,0.1546785831451416
B,B_0127,STEP,harsanyi,AD,0.052816152572631836
B,B_0127,STEP,harsanyi,BC,0.0
B,B_0127,STEP,harsanyi,BD,-0.10947573184967041
B,B_0127,STEP,harsanyi,CD,0.052816152572631836
B,B_0127,STEP,harsanyi,ABC,-0.052816152572631836
B,B_0127,STEP,harsanyi,ABD,0.1057058572769165
B,B_0127,STEP,harsanyi,ACD,-0.10563230514526367
B,B_0127,STEP,harsanyi,BCD,0.10947573184967041
B,B_0127,STEP,harsanyi,ABCD,-0.1057058572769165
B,B_0127,STEP,LOO,A,0.04904627799987793
B,B_0127,STEP,LOO,B,0.0
B,B_0127,STEP,LOO,C,0.0
B,B_0127,STEP,LOO,D,0.0
